292 292
0.999911 0.00145695 -0.00106066 0.000409273 0.00115425 0.000304543 -1.10782e-05 -7.81965e-05 9.53478e-05 0.000611234 7.32922e-05 1.19311e-05 -1.17491e-05 -5.9878e-05 1.53477e-05 3.93784e-06 -0.00030813 -1.15391e-05 -3.8631e-05 -8.53779e-05 -2.07173e-05 0.000109673 -0.000128992 -1.71338e-05 0.000219161 7.56545e-05 -0.000164977 -1.1012e-05 0.000462422 0.000152427 -0.0001121 0.000402885 0.000382836 -0.000344858 8.30058e-05 0.000214439 -0.000319521 0.000181688 -0.000434488 -2.83188e-05 7.71969e-05 -5.11821e-06 8.79082e-05 5.19695e-05 -0.00011503 -8.30732e-05 -0.000596 -0.000904082 -0.000285382 0.00026134 -1.18732e-05 0.00045128 -0.000250358 0.000165095 0.000505241 -0.000124242 0.000227397 0.000484989 -0.000794855 0.000783265 -0.000167156 5.86318e-05 -0.000113059 0.00012542 -0.000216544 -0.000378596 -4.31967e-05 0.00072282 -0.00112497 -0.00198789 -0.000161283 0.000788634 0.000287578 -0.000317657 -0.00109442 -0.000440674 0.00154752 -0.000692456 0.000344646 0.00025962 0.00103644 0.00144004 0.000544678 -0.00101974 -0.000142403 0.000356994 0.00020823 8.59203e-05 0.000714275 0.00100716 0.000643184 -0.00138972 0.00201837 -0.00108555 0.00166167 -0.0021525 -0.00228386 -0.000885745 0.0016524 -0.000988431 0.00112808 -0.000562199 0.00196734 -0.000774332 -0.000597777 -0.00216693 -0.000372806 -0.00117134 -0.000924951 -0.00152454 -0.000643968 -0.000361725 0.00133485 -0.00041455 6.55755e-05 -0.00109904 -0.000319353 0.00148558 0.000772623 -0.0004626 -0.000548622 -0.00084098 -0.00137659 0.000578328 -0.000399892 0.00132358 0.00120905 0.000749965 0.000240234 -0.00114981 -0.000681081 0.000385174 -0.000455439 -0.00124114 0.000384967 2.80151e-05 -0.000120837 0.000297434 0.000248765 -0.00068459 -0.00102883 -0.00128068 -5.92424e-05 0.000254454 6.78147e-05 -0.00105859 0.00146913 -0.00122464 0.00194629 -0.000416548 -0.00146343 -8.84078e-05 -0.000919195 -0.000451144 0.000901478 -0.000205848 0.000223148 -9.56043e-05 0.00275325 0.00134606 -0.000219767 0.00128941 0.000970482 -0.000255742 0.00108847 -9.11698e-05 -0.000646043 0.000329754 0.000782054 0.0010172 0.0003589 0.000628442 -7.22144e-05 -0.00182847 -4.9305e-06 0.000994391 0.00107501 0.00270264 0.00230673 -0.00191641 0.00168032 -0.00135166 0.000929003 -0.002265 0.000725143 0.00124227 -0.000211069 -0.00180688 -5.13064e-05 -0.000327763 0.000120389 0.0012373 0.0012004 0.000207838 2.17637e-05 -0.000201212 0.0003621 -0.00276614 -0.00110983 -8.55901e-05 0.000933128 -0.00200395 -0.00122405 0.000164644 -0.00120116 7.52815e-06 9.40073e-07 0.000120249 0.000187646 -0.000334571 -0.000248712 -0.00224871 0.000306671 0.000711387 0.000435415 -0.00154505 -0.00079057 -0.00059388 -6.2634e-05 0.000116769 0.000737744 0.000558928 0.00116298 0.00119584 0.00111379 0.000617943 -0.000555789 0.000483107 -3.99441e-05 0.00066578 -4.7065e-05 -0.000273146 -0.000867645 0.000739371 -8.73502e-05 0.000422351 0.000404877 2.95585e-06 0.000277006 -0.000134968 -0.000616977 8.69968e-05 -0.000600347 0.000400234 0.000344907 0.000952328 0.000304145 0.00131249 -0.000368331 -0.000677894 -0.000150184 0.000191349 -0.000665887 -0.00097149 -0.000658047 -0.000396852 -0.000273485 -0.000545969 0.000575581 -0.00048559 -0.000490683 -0.000403646 -4.7818e-05 0.000772847 -0.000265794 0.000398315 -0.000255472 -0.00103537 0.000598221 0.000531434 -2.97818e-05 -0.000173369 9.3203e-05 0.000320862 -0.000384838 5.94982e-05 0.000216848 0.000606104 -4.63829e-05 -0.0012836 -0.000143749 0.000625327 0.000307003 3.28201e-05 -0.00111847 -0.000499376 0.00184694 0.000136953 0.00135471 9.62736e-05 -0.00123783 0.000148045
-0.00177008 0.892489 -0.450593 -0.000940543 -0.00596333 -0.000386144 -8.11753e-05 -0.000339516 -0.000582681 -0.000799746 0.00021869 -0.00050077 -0.000197832 -0.0014427 -0.000751852 -4.38065e-07 9.96803e-05 -3.45608e-06 -0.000154566 -0.00020703 0.000214295 0.000121793 -0.000448818 -8.26798e-05 0.00044367 0.0001357 -0.00017815 0.000483801 -6.53399e-05 0.000770594 0.000437169 -0.000400251 0.000668924 0.000613738 -0.000221918 0.000198311 -0.000421694 -0.000422388 0.000851852 -9.95845e-05 -0.000819643 -0.000256973 0.000675555 -0.000493865 0.000201028 -0.000189114 0.000372525 0.000182523 -0.000892498 0.000176585 0.0002214 -0.000571837 0.000488823 0.000384985 -0.000568932 -0.000635712 5.35435e-05 0.000421339 -4.71271e-05 -8.47288e-05 -9.28278e-05 -0.000245652 8.42966e-05 0.000241806 -0.000202145 -7.23289e-05 0.000181638 0.000187506 -6.89146e-06 7.8222e-05 0.000481974 0.000210213 0.000634084 -0.000350688 0.00031622 8.03994e-05 -6.60177e-05 0.000143128 0.0001926 0.000403996 -4.91442e-05 -0.000311517 0.000600234 -0.000348556 -0.000291924 -0.00039842 -0.000536644 0.000509411 0.000202698 -0.000985061 -1.93907e-06 0.000788344 -0.00110898 0.000714507 -9.50175e-05 0.000391486 0.00030768 0.00012756 0.00132359 0.0015446 0.000173306 0.000391772 0.00264128 -0.000768744 -2.82129e-05 -0.0017304 -0.000789227 -0.00112885 -0.000400614 -0.00273248 -0.000377735 -0.00242437 -0.0030759 -0.00294564 -0.00309184 -0.00265578 -0.00154434 0.00219249 -0.000429163 -0.00123673 -0.000779809 -0.00254407 -0.00233649 0.002535 -0.000606667 0.00270216 0.00356544 -3.61114e-05 0.000174642 -0.00122913 0.000246991 0.000622793 0.00120882 0.00111523 0.00198794 -0.000948172 0.000934103 0.00102214 0.000768007 -0.000950369 0.00111041 -0.00106291 0.00163111 -0.00100924 -0.000392366 -0.000194742 0.000265012 -0.000514835 -0.000878885 0.0016001 0.0027877 -0.00210975 0.000904457 -7.23762e-05 0.000211435 0.00175897 -7.2205e-06 -0.000986457 0.00125712 -0.00162895 0.00069179 -0.00174176 0.00224661 -0.00218975 0.0004746 -0.000521418 -0.000704492 0.00144941 0.000992899 0.000871014 -0.000368978 0.00458535 -0.00434678 -0.00324191 0.00290872 0.000650217 0.000618531 0.00376295 0.00126383 -0.005064 0.000570988 0.00252529 0.0029692 -0.00041391 -0.00241094 0.000636096 0.00112185 0.00130371 0.00570374 -0.00247139 -0.00127702 0.000412249 -0.00318362 0.00269473 4.10557e-05 -0.00191966 0.00491558 -0.00796157 -0.00167231 -0.00241557 -0.00284458 -0.00473178 -0.0030922 0.000264531 -0.000514448 -0.000404916 0.000342687 0.000334478 0.000984982 -0.00282065 0.000814014 -0.0041482 -0.000271609 -0.00137078 0.000875493 -0.00659965 -0.000883349 -0.000750636 -0.00159955 0.00223268 -0.00021158 0.000707549 0.00121869 0.000650921 0.00261295 0.0010211 -0.000468531 0.00296909 -0.00286316 0.00100403 0.000228289 -0.000208801 -0.00125989 0.00176345 0.00130798 0.00128664 2.917e-05 0.000807488 0.00140491 -0.000707817 0.000291475 0.000388512 -0.00074887 -0.000397022 -0.00120085 -0.00279414 7.11462e-05 0.00151738 0.000313954 2.473e-05 -0.00186043 0.00105929 -0.00114218 0.000751953 1.84664e-05 0.000823972 0.000975357 -0.00120534 0.00147164 -0.00105754 -0.00130262 -0.00198524 -0.00149762 0.000643496 -0.000305558 -0.000111021 3.50707e-06 0.000291239 2.7878e-06 0.00089633 0.00148841 -0.00275812 -8.77047e-05 0.000653265 0.00422645 -0.00193965 -0.0010089 -0.00303367 -0.000406475 0.00245526 0.00267157 -0.000981011 -0.00297763 0.000850051 -0.0003805 -0.000103918 -9.65011e-05 0.000136918 0.00329044 -3.3099e-05 -0.00393332 0.000965146
2.596e-05 -0.00121263 0.000315669 0.93525 -0.353461 0.00392081 0.00488503 0.000677072 0.00197262 1.19349e-05 -4.1212e-05 -0.000185174 0.000101831 7.07033e-06 0.000235839 -2.83936e-05 -0.000277146 5.13721e-05 -0.000118144 0.000145727 3.67555e-05 0.000268936 -5.34177e-05 -1.991e-05 -0.000165856 -0.000420242 9.86462e-05 0.000157459 0.000533021 0.000257827 0.000395144 -0.000343987 -0.000407816 -0.000123944 1.8328e-05 -0.000267714 0.000435499 0.000331 -0.000270475 -0.000201158 -4.97506e-05 -0.000129856 0.00037588 -0.000556401 0.000252208 0.000989153 -0.000122176 -0.000218838 -0.00040247 0.000716004 0.000666847 -0.000153179 -0.000831264 -0.000790309 -0.000687214 -0.000131027 -0.000328579 -0.00108156 -0.000121631 0.000487481 -0.000171732 4.1809e-06 -0.000188957 0.000123774 -3.3041e-05 -0.000223179 -0.000244989 -0.000418196 -0.00082484 0.000552609 -0.000537038 0.00100279 0.000690177 0.000158669 -3.86521e-05 0.00083379 0.00100959 0.000483988 -0.000745013 -0.00077317 -0.00133883 -0.000329074 0.000700959 0.00142004 6.76702e-05 -0.000558023 0.00110801 0.00175065 0.00244932 -0.00157691 -3.41728e-05 -0.000592354 0.000461651 -1.00571e-06 -0.000522423 -0.00125262 0.000961065 0.00135894 0.0015127 -0.000853621 0.00137258 -0.000458474 -0.000240956 0.000954655 0.00135599 0.0004114 0.000594299 0.000791437 0.00066402 0.000167772 -0.000605874 0.00160861 -0.000323885 -0.000326072 0.000159609 3.94253e-05 0.000691042 0.000275332 -0.000547179 -0.000742237 -0.000274641 -0.00118592 -0.000717636 -0.000318976 -0.00260693 0.00013784 -0.00019495 -0.000193799 -0.00178379 0.000250959 -0.000320979 0.00016115 0.000368379 0.000221774 -0.000555627 -2.72467e-05 -0.000596126 0.00032274 -0.000501688 -0.000809502 -0.000388127 -3.79869e-05 -0.000165792 0.000778287 0.00112893 -0.000294615 0.000702758 0.00066218 -0.00171873 -0.00047719 -0.000235255 -0.000417595 -0.000499148 -0.00124568 0.000196559 0.00105194 -8.20586e-05 -0.000855738 -0.000467575 0.000657989 0.000243265 0.000616804 0.000332987 0.000320213 0.000272394 -0.000333017 -0.000802954 -0.00134646 -0.000230909 -0.000906739 -0.000259386 0.000399605 0.0011861 0.000618089 -0.000617225 0.00147633 0.000815279 -0.000410078 0.00122946 -0.00233373 -0.00224713 -0.00161238 -0.00247554 0.00193866 0.00097187 -0.00041585 0.00180386 -0.00120173 -1.52626e-05 -0.00158162 -0.00146092 0.00152613 -0.00302744 0.000124502 -0.00112947 -0.00268526 -0.00087193 -0.00140476 -0.000260569 -0.00040104 0.00065542 -0.000254054 0.00242668 0.00228475 -0.000396588 -0.00133688 1.98364e-05 -0.000826072 -0.000843885 -0.000752857 0.000967981 -0.000324155 0.000366632 -0.000258566 0.0010549 0.000607329 0.0020517 5.05634e-05 0.000762405 -0.000168207 0.000690701 -0.000164014 0.000283142 -0.00192531 0.00119781 -0.000886639 -0.000149068 0.000131823 2.3213e-05 0.000455942 0.000231708 -0.00067925 -0.000301017 0.000138747 0.000107159 0.00155689 0.000592159 -0.000403936 4.9688e-05 -0.000152528 -0.000508919 -0.000504522 -0.000819354 -1.69387e-05 0.00117235 -0.00145926 -0.00113234 0.000694203 0.000322042 0.000879254 0.000891461 0.000114398 -0.000264936 0.000499699 -0.000359454 -0.00033784 -0.000270924 9.23512e-05 0.000469799 -0.000173161 0.000232824 0.000438671 -0.000179359 0.000429095 -0.000772897 -0.000137119 0.000243581 -0.000257117 -0.000376033 0.000851506 -0.00129901 -0.00029198 0.000772275 -0.00231497 0.00209885 -0.000328523 -0.000882525 0.000970135 0.00139333 -0.000537886 -0.000318342 0.000893833 -0.000322634 -0.000576663 9.99069e-05 -0.00044385 -3.76264e-05 0.00116728 -0.000255865 0.00100509 -4.84344e-05 0.000409418
-0.000995514 -0.348584 -0.698946 0.220028 0.58289 -0.000216284 -8.31929e-05 3.43154e-06 0.0222981 -0.000336256 -0.000427442 0.000502958 -5.33144e-05 -0.000192155 0.00493142 -7.18249e-05 0.000996799 -1.10161e-05 -0.000299754 -0.000329972 -0.000196368 0.000578742 -0.000281415 -0.000753879 -0.000612531 0.000490341 -0.000225197 0.000257125 -0.00169471 0.00080266 0.0012169 -0.000893223 -0.000372285 0.000599226 0.000720129 0.000351177 -0.000324636 -0.000896157 0.0018539 0.000433051 -0.00110581 0.00068611 0.00151505 -0.000232888 0.00110259 0.000225985 0.000398273 -0.000198481 -0.00118797 -5.30644e-05 0.000383538 -0.00222076 0.000330749 0.00066568 0.000539249 -0.00225251 -0.00108978 0.000239049 -0.00104153 -0.000579321 0.000159619 -0.000764047 0.000476534 -0.000880882 -0.000262223 -0.000244416 -0.000586157 -0.00164795 -0.000320685 -0.00141152 -0.000522506 -0.00103676 -7.39037e-05 0.000662135 0.00189908 -0.000154018 -0.000235955 0.000929579 -0.0014866 -0.00100988 -0.00141587 0.00020646 0.000605142 -0.00084252 0.00158108 -0.000715955 -0.00293729 0.000922961 -0.000821411 -0.000360369 -0.000761624 -0.00093182 0.00177549 -0.000621395 0.00134082 -0.00180528 -0.000494155 -0.00286462 0.000175376 -0.00066841 -0.00386275 0.00232734 -0.00298721 0.00430009 0.00356677 -0.00211213 -0.000723976 -0.00101329 -0.00051943 0.0017783 -0.000261354 0.00100398 -0.000491232 0.000373889 8.30052e-05 0.00113283 0.000210768 -0.00521587 -0.00237765 -0.000872469 -0.00143156 0.00181896 0.00106338 -0.00574587 0.00160887 -0.00652587 -0.00497355 -0.00264472 0.000329285 0.000326546 -0.00174544 -0.0004473 0.000737573 0.000816402 -0.00153892 0.000458817 0.000120946 -0.000497218 0.000499642 0.000382417 -0.00342797 -0.000826941 -0.00304368 -0.00059115 0.00160339 0.00319577 0.00189937 -0.000872382 0.000333332 -0.00165841 -0.00182351 0.000996163 -0.00277782 0.00185053 -0.004179 -0.000238558 0.000589511 -0.000178302 -0.000414124 0.00139903 0.00134249 0.00154792 -0.00346992 0.00062372 3.96489e-05 0.00132823 0.00162821 -0.00201531 0.000810432 -0.00145699 2.22671e-05 -0.00184478 0.00202287 0.00109252 -9.57284e-05 -0.00248551 0.00048205 -0.000813143 -0.00211449 0.00226029 -0.00231879 -0.00657429 0.00368021 0.00123849 -0.0027403 -0.00238628 -0.00179486 0.00237228 -0.00858097 0.00702832 -0.00158302 -0.00294905 -0.00121466 -0.00649323 0.000194677 0.00364532 -0.00188902 0.0066645 0.00166445 0.00222157 -0.00142843 -0.00265087 -0.00293597 -0.00753211 -0.000345237 0.00120778 -0.0020745 -0.000552794 -0.00160402 0.000963503 -0.00369342 0.000549504 -0.00150098 0.000688328 -0.00130607 0.00451421 -0.000567174 -0.00161037 0.00228176 0.00089903 -0.000941769 0.00113749 -0.00189092 -0.00103063 -0.00347124 -0.000696366 0.00161258 -0.00151325 0.00151194 -0.00253682 0.000700144 0.000449538 -0.000146915 -0.00104596 -0.000858847 -0.00191957 -0.00151067 -0.00102196 -0.00110721 0.000996557 -3.01846e-05 0.00112569 0.000122899 0.000537454 0.000406336 0.00477865 -0.000624996 -0.00173106 -0.00157865 -0.00145894 0.00319193 0.000477755 0.00023272 -0.00322174 -0.000342605 -0.00222423 -0.000596428 -0.00132419 -0.000415441 -0.00266708 0.00301895 0.0020131 0.00061062 -0.0006198 0.000913661 -0.00308953 -0.000247996 -0.00157524 -0.00203666 -0.00635427 0.000353513 0.00471167 -0.00021722 -0.00135554 -0.00474026 0.00244265 -0.000138701 -0.00049284 0.00109544 0.00158905 -0.00751405 -0.0064132 0.00592698 0.000285505 -0.000721912 0.00224034 -0.00480376 -0.0009209 -0.00622478 0.000976245 0.00155311 -0.003604
-0.000784591 0.284772 0.554034 0.276424 0.730979 7.68574e-06 -0.000291226 -0.000141973 0.00867104 -0.00120204 0.00108788 0.000661955 0.000134585 8.51091e-05 0.00533454 -5.83278e-05 0.000245849 5.93917e-05 0.000170799 0.000459748 -0.000296574 -2.32654e-05 4.4349e-06 0.000487588 0.000693368 -0.000808927 -0.000670013 -0.000841434 0.000859641 -0.00134594 -0.00107653 0.000111212 -9.47746e-05 0.000498748 0.000497522 0.000921462 6.13519e-05 0.000944267 -0.00201401 -0.00046747 9.2127e-05 0.000393384 -0.000709155 0.000304011 -0.00087702 0.000863685 -0.00111193 -0.00106073 0.00123085 -0.000490851 -0.000284169 0.00139638 -0.000539237 -0.00212261 0.000649961 0.00055256 0.000500589 -6.4138e-06 0.000190708 -0.00104059 0.000925274 -0.000552011 0.000251993 -0.000806403 -0.000434291 -0.0012571 -0.0003267 -0.0011754 -0.000808212 -0.00224829 -5.681e-05 -0.000532474 -0.000216121 0.0010369 0.00239858 -0.000342062 -0.000285233 0.00154509 -0.000848545 -0.00143246 0.000130986 0.000984512 0.000432805 -0.00110435 -0.000282698 -0.00130625 0.00100092 0.0014808 -0.000259821 0.000329497 -0.00246568 0.0019148 0.00022218 0.000903338 -0.00125541 -0.00020891 0.000548281 -0.00405215 0.00285635 0.00235308 0.00247996 -0.001798 0.000123134 0.0011782 -0.00593203 0.000650267 0.000467872 -0.000255429 -0.00149857 -0.00247323 -0.00208063 -0.00202394 0.00297094 0.00101404 0.000360576 -0.00294628 -0.00416603 0.0020462 0.0021706 0.0014696 -0.000374177 0.00181394 -0.00434228 -0.00158979 -0.00429277 0.00308971 0.00329119 0.00120549 -0.00244166 -0.000651603 -0.00229806 0.00255874 -0.000331026 0.00123883 -0.00171082 -0.00179623 -0.000168464 2.72099e-05 0.00110304 -0.00119324 -0.00160783 -0.00420251 -0.000159593 -0.000361073 -0.000512464 0.00217424 0.00186902 -0.00114507 -0.00135623 -0.00111707 0.00341907 -0.00090516 0.000363645 0.00245738 -0.00221681 0.00218736 0.000859717 -0.000560407 0.00188857 -0.000424852 0.000610827 7.52617e-05 0.00153781 0.000858349 -0.000139418 0.000118054 0.00114152 -0.000501377 -0.000645552 -0.00137167 -0.00153051 0.0022007 -0.00181198 -0.00127814 0.00299046 -0.000910468 0.00123881 0.00107775 0.00234445 0.000116661 -0.000980781 -0.00478734 0.00625974 -0.00384343 -0.00270506 0.000338264 0.000738066 0.0019518 -0.00771821 0.00257887 -0.00120867 0.000713636 0.000800073 -0.00204485 0.00466113 0.000714145 0.000751465 0.00287089 -0.00220672 0.00131365 -0.00145569 -0.0047051 -0.00227919 -0.00806969 -0.00273158 0.000801724 -0.00190812 0.000767266 -0.00230568 0.00188923 -0.0034586 -0.00382005 -0.000998343 0.0013742 -0.000492215 -0.00129024 -0.00198874 -0.00175563 -0.000287425 0.00214661 -0.000476726 -0.000485061 0.00135209 -0.000574291 -0.00120195 0.00135761 0.000797987 0.000110382 -0.00188762 -0.00162002 0.000212259 0.000520499 -0.00230949 -0.000633006 0.000475436 0.00083422 -0.000817327 0.00250949 0.000118147 0.00064279 -0.000578805 0.000317652 0.000865753 0.000496977 -0.000685121 0.000223311 0.00355231 0.000553212 -4.91148e-05 -0.00146395 -0.00145472 0.00189926 0.000204602 0.00209179 0.00118493 -0.000761373 0.00197037 0.00155659 0.000704592 -0.00181914 -0.000853213 0.000693166 0.00437553 -0.000387408 0.00240765 0.00108439 -0.00073045 -0.0043378 -0.00276005 -0.00327591 0.00415708 0.00135579 0.00135857 0.00159731 -0.00183918 -0.000219948 -0.00249011 -0.00514473 0.00145644 0.000278363 -0.00412003 0.00312266 -0.00289168 0.00174903 0.00101666 -0.00162336 0.0042709 0.000206615 0.0057415 0.0010974 -0.000592513 -0.00351696
6.45157e-06 0.000222082 0.00021334 -0.00466011 0.00174071 0.011797 0.999299 0.00631915 0.0144606 3.42523e-06 0.000188735 0.00010109 0.000103586 -0.000184804 -3.427e-05 6.80403e-05 -1.01718e-05 -7.30171e-05 -6.64833e-05 -2.98881e-05 -7.11197e-05 -0.000140153 0.000112103 2.12477e-05 8.87952e-05 0.000110821 -0.000239039 0.000233819 -0.000491605 1.99023e-06 -0.000199861 0.000961062 8.5579e-05 0.000232684 -0.00065319 0.000597283 0.00139995 0.000735729 0.000184538 -9.59989e-05 -0.000112345 -0.000317984 0.000838361 0.000358883 0.000691523 0.00135376 0.00071968 -0.000315243 -0.00083073 0.000487163 6.40314e-05 0.00102357 -0.000815159 -0.00047379 -0.000791084 0.000105946 -0.00162137 -0.000388237 -0.0001773 0.000331817 0.000101667 0.000382391 -0.000156266 0.000240085 -0.000516502 -0.000924868 -7.93948e-05 -0.000386693 -0.00034482 0.000714988 0.000825643 0.00112368 -0.00122204 -0.00103494 0.000975798 0.00114571 0.00475026 0.00210931 -0.00236981 0.00104708 -0.00170346 -0.00140285 0.00277648 0.00470532 0.000236757 0.00124316 0.00140549 0.00118666 5.22181e-05 2.24606e-05 0.00202118 0.00261127 0.00315911 0.00180397 -0.000908929 0.000481013 -0.00220852 -0.00194936 -0.00277879 -4.2012e-05 -0.000358035 -0.000298826 0.000556588 -0.000551374 -0.00110104 -0.00018343 -0.00111505 -0.00180919 -0.000248185 0.00086855 -0.000186152 0.00134179 -0.00148195 0.000929737 -0.00035892 0.000746625 0.000282987 0.000194175 -0.000274869 0.000795656 0.0010051 -1.07992e-05 -0.000348997 -0.000440168 -0.000795691 -0.0014687 -0.000277328 -0.000600325 -0.000587353 -0.000442058 0.00049536 2.57234e-05 0.00105155 0.000580438 0.000561068 0.000456216 0.000559795 0.000529585 0.00104378 -3.16162e-05 -0.00151416 0.000324548 -0.0010816 0.00211636 -0.00350043 0.000733636 0.00110348 -0.00162072 0.000736644 -0.00259848 0.000750224 0.0030801 0.00174067 -0.000132432 0.000622421 -0.00157562 -0.00159347 0.00126017 0.00120649 -0.00108995 -0.000334473 -0.00282365 -0.00275281 -0.0004643 -0.00257601 0.000691988 0.00115314 0.00152966 -0.00109518 -0.00108616 -0.00111816 -0.000229115 0.00107073 -0.00280921 -0.00133947 -0.000600787 -0.0013042 0.00081749 -0.00245516 -0.000681156 0.00104233 0.00230835 0.00295335 -0.00338464 0.000889648 -0.000295565 0.00395528 -0.000511686 0.00303076 0.000827767 0.00157056 0.0027097 0.000443509 -0.000259745 0.000231479 0.000995299 0.00191276 -0.000808029 -0.00118038 -0.000758008 -0.000888043 0.00222635 -0.00204584 -0.000424452 0.000550831 0.000314266 -3.70042e-05 0.00144378 -0.00139646 -0.000524372 0.000156529 -0.000655286 -0.000632161 0.000286176 0.00132202 0.00110922 0.000207163 0.000621814 6.9557e-05 -0.000229509 0.000272859 0.000596936 -7.0506e-05 7.31402e-05 -0.000375056 -0.000243212 0.00131418 0.000695914 -0.00131576 0.000677264 0.000834043 -0.00178897 -0.000407966 -0.000682326 -3.80286e-05 0.0019615 0.00165451 -0.000961487 -0.000537992 -0.00103065 -0.00106552 -0.000538558 -0.00100712 0.000575906 -0.00100225 -0.00025951 -0.00248753 0.000692342 0.00107059 -2.66542e-05 0.00076629 0.00328949 -0.000335384 0.0017396 -0.000745621 -0.000568148 0.00116271 -0.000365067 -0.000787514 0.000162266 -0.000302534 3.27851e-05 -0.00104554 0.00123008 0.000949342 -4.04122e-05 0.000208342 0.000639827 0.000808919 0.000676487 0.000584094 0.000248037 -5.79223e-05 0.00128151 -0.00113938 6.48866e-05 0.00107191 -0.00116546 -0.00120728 0.000371405 0.00141763 -0.00047365 -0.000368906 -0.000138311 -0.00046354 -0.000338391 2.02975e-05 -0.000466065 0.000200507 0.000161612 -0.000230965 0.000379048
-6.89343e-05 0.00582608 0.0105247 -0.00911231 -0.018724 2.11592e-05 -0.014509 0.00345074 0.998334 -0.00147523 0.0111401 0.00180969 0.000954175 1.58918e-05 -0.000252833 -0.000272129 -0.000356616 -0.00131568 -0.000481221 0.000372497 0.000270605 0.000137693 0.000586053 -0.000234334 0.000370442 0.000480132 -6.2658e-07 -0.000356941 0.000891619 5.67955e-05 0.00100846 0.000755492 -0.00150799 0.00132043 0.000512491 0.00105034 0.000987982 -0.00124985 0.000336778 -0.000469224 -1.12209e-05 -0.000236848 -0.00191201 -0.00139174 0.000279633 -4.86892e-05 0.000379334 -0.00145131 -0.000495749 -0.000223539 6.89274e-05 0.00124927 -0.000510069 -3.95008e-07 0.00127376 -0.00230023 0.000198695 -0.000588077 -0.000271538 -0.00225599 -0.000110022 -0.000914526 -0.000115737 -0.00083872 -0.000972498 0.00107118 -0.000791795 -0.000659634 -0.00226772 -0.00117013 -0.00355607 -0.00373035 0.000119106 0.00147148 -2.61736e-05 0.000643166 0.0029158 0.00588016 0.00271395 -0.00146558 0.000486564 -0.00215008 0.00169921 -0.00127758 -0.000680704 -0.00117984 -0.000486207 0.00231611 -0.000649744 0.00336792 0.00224425 -0.00196362 -0.00188821 -0.0010495 -0.000357363 0.00145099 -0.000315924 0.006144 -0.00268679 -0.000626772 0.00147098 0.00912285 0.00173162 -1.45568e-05 -0.0028919 0.00212098 -0.00318988 -0.00481335 0.00283601 -0.000274276 0.00345019 -0.00196367 0.00163935 0.000276251 0.00189907 -0.000777038 0.00113272 0.00128547 0.000390801 0.000299493 -0.00175779 -0.000657123 -0.000723626 0.0017621 -0.0052733 -0.00106141 -0.0043229 -0.00178745 -0.0107811 -0.00311431 -0.00489269 0.00224238 0.00127644 0.00236108 -0.00144503 6.46647e-05 -0.00569404 -0.000477934 0.00387299 0.00084507 0.00317487 0.000470202 -0.00303878 0.00163748 0.00278077 0.00283651 0.00293392 0.00168509 -9.00233e-05 0.000832433 -0.000191753 0.000856703 -0.000112015 -0.00111794 0.000847599 0.000847275 0.00188291 0.000408114 0.00121856 -0.00119691 0.000152276 0.000317843 -0.00162809 -0.00146023 0.000732145 0.000767037 0.00161642 0.000756913 -0.0012473 -0.00238147 0.000146882 0.00249765 0.00200142 -0.00208239 0.00289278 -0.000889461 0.00393484 -0.00488961 0.00614475 -0.00346094 -0.00129804 -0.00325017 0.00197119 0.00669025 0.00397905 -0.00753022 0.00552276 0.000381156 0.00963955 0.000514576 0.00182302 0.002149 0.00578713 0.00617319 -0.00245517 0.00705379 0.00126059 0.00290819 -0.0027908 0.00128728 0.00315572 0.00118348 -0.00208312 0.000111384 -0.000468316 0.000692572 -0.000329729 0.000510859 0.00348075 -0.00475255 0.000295723 0.00305466 0.00599339 -0.00430224 -0.00155472 0.00196888 -0.000233033 0.00292226 0.00101044 -0.00175547 0.00370484 0.000231606 -6.57032e-05 0.00143413 0.0023404 0.000557344 -0.00102902 -0.00193823 0.000115122 -0.00239283 0.00353201 -0.00032766 -0.00503373 -0.00154283 -0.000624661 0.000989581 0.00320539 0.000803602 -0.0013668 0.00506021 0.0039731 -0.00102219 -0.00153487 0.00227072 -0.000772218 0.00222486 -0.00277033 -0.00299658 0.00187493 -0.00120398 -0.00296996 -0.00122552 -0.00339995 0.000696583 6.29766e-05 0.0021633 -6.57543e-05 0.000564222 -0.00135987 0.00109989 -0.00160703 0.00307923 -0.000574991 0.000481554 0.00134072 -0.000434851 -0.000632186 -0.000526757 0.000904626 2.35227e-05 -0.00344717 -0.00341884 -0.00589644 0.0016816 0.000430115 -0.000380918 0.00215785 0.000263963 0.00183042 0.00170486 0.00542746 0.00200057 0.00408135 0.00508212 0.00107412 0.00263283 0.00104763 -0.00275894 0.000924949 0.0100578 0.000195857 0.000196237
-0.000305118 0.000270032 -0.000332655 -0.00356803 0.00148346 0.999698 -0.011827 0.00175572 -0.000202816 -0.000150022 -0.00011635 0.0008291 0.000588145 8.12821e-05 3.59549e-05 -0.000191786 0.000119069 3.84909e-05 -4.28528e-05 -7.3514e-05 2.63663e-05 0.00016477 8.95233e-05 9.11714e-05 -0.000217669 -0.000216334 8.49453e-05 -0.000264389 0.000419277 0.000317962 4.12818e-05 -0.000380686 0.000375345 0.000129678 -0.000228441 0.000875518 -0.000133918 6.97478e-05 0.000669343 0.000639409 -0.00025005 0.000334031 -0.000134833 0.000398662 -0.000321192 -0.00124812 0.000623444 0.000507654 0.000493856 0.000312025 0.000210438 0.000360298 -0.000725143 -0.000756379 0.00101493 4.98124e-05 -0.000838384 -0.000930229 -0.000172809 0.000698596 0.000134598 9.64544e-05 -8.63413e-05 -8.50866e-05 -0.000212427 -0.000197344 6.13882e-05 0.000188087 -0.000373902 0.000298196 -0.000756071 -7.08691e-06 0.000711888 -0.000501774 0.000937713 4.2038e-05 0.000891033 -0.00136147 8.49839e-05 0.0002707 -0.00149919 -0.000872446 0.00131401 0.000778419 0.000426948 -0.000642073 0.000517511 0.000332548 -0.000763125 0.000516526 0.000805125 -0.000505097 0.00266395 -0.0013308 -0.00138927 0.00258882 0.00159789 -0.00147268 -0.00156245 -0.000868457 0.000119113 -0.000256662 0.000676305 -0.000669196 -0.00102169 -0.001232 -0.000957704 5.10844e-05 0.00025557 -0.000120565 0.00041338 0.000168615 1.05688e-05 0.00102187 -0.00107886 0.000407446 0.000329011 -0.00018794 0.00140562 0.000828471 -0.000734825 -0.000564209 -0.000199649 -0.00032883 0.000360105 -0.000742264 0.000218736 -0.000434763 0.000435936 -0.000688346 -0.000317887 1.23618e-05 0.000434653 -0.000649035 -0.0009415 0.000102653 -0.000262977 -0.00188024 -6.67009e-05 -0.0011944 0.000175521 0.000790625 0.000505443 -0.00173323 -0.00100818 0.000442536 0.000148987 0.000484521 -0.00170112 0.000800505 -0.00110599 -0.000394047 -0.00124861 -0.000372622 -0.00055086 -0.000400842 0.000273249 0.000333665 -0.000429764 0.00121102 -0.000258847 0.000448313 -0.000246372 -0.000171113 0.000715598 -0.000267497 -0.000352443 -0.000587128 0.000660119 0.000264934 3.9411e-05 4.03965e-05 0.000855944 -5.0891e-05 0.000416314 -0.000249918 -0.000886658 -2.44351e-05 -0.00227544 -0.000133996 -0.000381107 0.000419512 -0.000361406 -0.00158806 0.000904872 -0.00134061 0.00173512 -7.33749e-05 5.94049e-05 0.00302489 0.001662 2.81812e-05 -0.000512413 0.00159324 0.00279758 0.000837136 0.00023944 -0.00207284 -0.00289584 -0.000115558 -0.0022877 0.00225034 0.000341709 0.000359354 -0.00119019 0.00010439 0.000398025 0.00018642 8.71632e-05 0.000157999 0.000400714 -0.00162245 -0.000152784 0.000109803 0.00134427 0.00254927 -0.0013946 0.00136789 0.000601976 0.00107368 0.000682685 0.000421491 0.000126543 -0.000171772 0.00112976 -0.00124512 0.0023817 0.000407663 0.000152214 0.000817155 0.000345552 -0.000120942 -0.000371351 -0.000369693 0.000482176 -0.00055424 -0.000422643 0.000378868 0.000304056 -0.000709711 0.000231334 0.00067983 0.000792432 -0.000254799 -7.7655e-05 0.000139491 -0.00100025 0.000807632 0.000153486 -0.000216399 -0.00137683 0.000220973 0.000211362 -0.000736797 0.000181973 0.000990597 0.000199904 0.000248053 0.000665328 -0.000221693 0.000148594 0.000176848 0.000189871 0.000863013 -0.000315019 -0.000127502 0.000665775 8.02159e-05 -0.000331478 0.000226407 -0.000738641 -0.000353499 0.000286287 -0.00039998 -4.92793e-05 2.89286e-05 -0.000167337 -0.00250814 -0.000574256 0.000827885 0.000945848 -0.0012896 -0.000659643 -0.000186598 -0.00237155 -0.000127198 0.000964311 -8.43193e-05 -0.000121521 -2.86321e-06 0.0010571 0.000142384
-0.00061397 0.000947562 9.12858e-05 0.000380977 0.00104161 0.000151749 -1.48502e-05 -0.00191969 0.00154575 0.999914 -0.00318032 -6.06461e-05 0.000396633 5.80176e-05 3.3592e-05 2.64282e-05 0.00488879 -3.2671e-06 -0.000136821 -2.85527e-05 0.000247413 -0.000132572 -8.77977e-05 -3.65611e-05 -4.61777e-05 -2.6162e-05 -0.000153628 -0.000165092 4.35923e-05 0.000250309 5.17698e-05 0.000130558 -4.38071e-05 -0.000219554 -0.00104658 -0.000284384 -0.000283557 -0.00092476 -0.000827695 0.000463894 0.000716177 0.000216727 0.000184802 0.000719623 0.000250347 0.000327672 0.000444996 2.72526e-05 0.000364718 0.000622753 -0.000402763 -0.000356796 -0.000128592 -0.00130299 0.000143235 -0.00137285 0.000135989 0.00115584 -0.000710509 0.000130246 -0.000385411 0.000130806 0.000117122 -4.80642e-05 0.000190343 0.000194405 2.14825e-06 -1.63183e-05 -0.00128874 -0.00261836 -0.000200635 0.00121276 -2.14208e-05 -0.0014509 0.00139255 0.00258754 0.000571598 -0.000439674 0.000693718 0.000911603 0.00206388 0.0010025 -0.000324897 -0.00186252 -0.000111316 0.00036253 0.00258272 0.000882892 0.00121006 0.00265726 0.00110479 -0.00126953 0.000872329 -0.000451244 1.65149e-05 -0.00168582 -0.0018161 -0.00251438 0.00155533 -0.000921582 0.000978071 0.000110563 0.000898172 0.000207918 -0.000301221 -0.00143192 0.000818554 -0.000594998 -0.00210552 -0.000599078 -0.00108295 -0.000864537 0.000180681 -0.00114264 -0.00104207 0.000201691 0.000115322 -0.000351185 0.000529684 8.99988e-05 -0.000178247 -0.00154757 -0.000464431 0.000564615 -0.00102945 0.000172306 0.00147558 0.000107928 0.000249938 0.000658758 -0.000824846 0.000453266 -0.00141059 -0.000267354 0.000448059 0.000233892 -0.000875855 -0.000237351 0.000287405 -0.00118658 -0.00178504 -0.00148856 0.00011101 -0.000690725 -0.000464959 -0.00161391 0.0015898 7.85029e-05 0.00297473 -0.000886502 -0.00140032 -0.000798438 -0.000923935 -0.00080735 0.000228982 -0.00035374 -0.000355013 0.00118142 0.00443246 0.00075731 -0.000302459 0.0020856 0.000237199 0.000398533 0.000620955 4.32528e-06 -0.00129255 -0.000345021 0.000595266 0.000532072 -0.000811014 4.34048e-05 0.000123579 -0.00116757 0.000183265 0.000512756 0.000269795 0.00437648 0.00170623 -0.000899695 0.00115936 -0.00124896 -0.000596267 -0.00155247 -0.00167888 -0.00123766 -0.000594023 -0.00151625 -0.000380671 0.00149235 -0.000294735 -0.000585248 -0.00139458 -0.00317569 -0.00128118 0.00164474 0.00065969 0.000740182 -0.00163571 -0.000107732 -0.00127461 0.000408866 0.000938713 -0.000388609 -1.94657e-06 -0.000766219 2.07623e-05 -0.000915569 0.000468019 -0.000457759 -0.00215996 -3.72203e-05 0.000576506 0.00331575 0.00221787 -0.000476248 -0.000616983 -0.000747415 -0.000890684 0.000100054 0.000653973 -0.000605202 -0.000316692 0.000587631 0.000426737 0.0011629 -0.000311967 -0.000493029 0.0023208 0.00192658 0.0015304 -0.00070697 -0.000361314 0.000320692 -0.000393366 -0.00067849 0.00100957 -0.000605576 -1.647e-06 9.78227e-05 -0.000155416 -0.000549057 8.7188e-05 -0.00026229 5.32226e-05 3.29561e-05 3.24389e-05 -0.000515076 -0.000844074 0.000864741 -0.000402974 0.000346104 3.13353e-05 0.000262482 0.000319852 0.000821641 -0.000152125 -0.00072354 0.000417448 -0.00159283 5.49687e-05 0.00025455 -0.000479979 0.000188289 0.00031956 8.30149e-05 -0.000301205 -0.000281144 -0.000324312 -0.000332949 0.00021909 0.000234897 -7.37181e-06 0.000105691 -0.000128783 0.000315659 0.000191336 -0.000207991 -8.38508e-05 -0.000513793 -0.000552917 0.000243678 -0.000143058 0.000103541 -0.000174471 6.3012e-05 6.97474e-05 -0.000323223 -0.000133142 0.000123171 -1.21996e-05 5.3964e-05
7.72175e-05 0.000320151 -0.000123777 -0.000532244 0.000397088 -0.00185044 -0.006251 0.998492 -0.00362676 0.00191884 0.00518818 -0.00989724 0.0505132 -0.000838039 3.4612e-05 -0.00228395 -9.86307e-05 -0.000157891 0.000142598 0.000302747 1.67652e-05 -0.000239256 -0.000105226 -4.81445e-05 0.000196988 6.35582e-05 -0.000451739 0.000624451 0.000194912 0.000152685 8.06605e-05 -0.000303698 -0.000400734 -0.000295378 -0.000120404 0.000705548 0.000117532 0.000294946 7.80008e-05 0.00017098 -0.000270069 -3.71053e-05 -4.46549e-05 0.000300979 -4.00361e-05 -0.00060734 0.000724846 0.000626285 -4.29181e-05 0.000132329 0.000470709 -9.04949e-05 -0.000461629 -0.000587048 0.0011396 0.000157852 0.000195768 -0.00056405 -4.86765e-05 0.000341587 -0.000179396 0.000387745 6.63548e-05 -0.000275856 -0.000155152 -0.000702967 -3.22447e-05 0.000465187 -0.000236629 0.000297848 -0.000822509 -0.000551201 0.000586728 -0.0003861 0.000729641 -0.000297425 -1.07767e-05 -0.000826208 -0.000410358 0.000774258 0.00125276 -0.000588114 0.000544527 -0.000347497 -0.000849072 9.99832e-05 -0.000446841 0.000397943 0.000140352 -0.00140717 0.000336134 0.0011332 -0.00291686 0.000421713 0.00230533 -0.00214052 -0.00283902 0.000428119 0.00059497 0.00153022 0.000414381 -0.000542981 -0.000693411 0.000339914 -0.000815156 0.00253223 0.0010321 0.000490631 0.000783801 0.000761986 0.000365354 0.000150298 0.000151553 -0.00031318 9.11878e-06 -0.000544612 0.000515028 -0.000479922 -0.000299864 -4.0861e-05 -0.000307105 -0.000100264 0.000272329 9.9928e-05 6.77472e-07 -0.000702515 -0.000514643 -9.70019e-05 -0.00074929 0.000643178 -3.7608e-05 -0.000108141 0.000752032 -0.000368875 0.000408429 0.000352901 -0.000274849 -0.000213156 0.000751453 -0.000427802 -0.000716464 -0.0001185 -0.000226807 -0.000422486 -0.00145457 0.000753664 0.00016101 -0.000544305 -0.000299011 0.000728242 -8.04869e-05 0.000644775 3.00378e-05 -3.91378e-05 0.00137669 -0.00197917 0.000685122 -0.000995266 0.000577912 -0.00081202 0.000131103 -0.000186875 0.000319471 0.00092521 -0.000282004 0.000755093 -0.000213882 -0.00103094 -0.000178344 -0.00246447 -0.000865659 -0.00103704 -0.000682495 -5.59139e-05 -0.00262025 0.000977918 0.00101523 -0.00199188 0.000150153 5.59334e-05 0.00205751 -0.00102503 0.000470659 0.000300445 -0.000925124 -6.92987e-05 -0.000925424 -0.000934841 -0.00147868 -0.000729315 -0.000116336 0.000494982 0.00145925 -0.000555072 -0.00192841 0.000834067 -0.00122602 0.00168784 0.00147146 -0.000153789 0.00108824 0.00203126 0.00225797 -4.12283e-06 0.000915979 0.000538692 4.03897e-05 0.000468478 -0.000645874 -0.00019959 0.000504987 0.00161511 0.000140465 0.000105631 1.93852e-05 -0.000414694 0.000666306 -0.00012718 0.000294804 -3.98018e-05 7.70662e-05 -0.000312381 -0.000410889 0.000124038 0.000106315 0.000862009 -0.000470154 -0.000216261 -0.000494706 -0.000198473 0.000516779 -0.00034713 0.000750992 -0.000725328 -0.000628168 0.000287215 0.00101258 -0.000785318 0.000101387 -0.000484144 4.03454e-05 -0.000191584 -0.000668336 0.00126764 -0.000128211 -0.000234382 0.00129734 -0.00165703 -0.00104738 -2.39469e-05 0.00164485 -0.000796788 0.000298194 0.00124063 -0.000766717 -0.00198145 -0.000182904 0.000405536 -0.00175031 0.000132117 -0.000738073 9.75754e-05 -0.000314546 -0.000685191 5.47826e-05 7.25723e-05 -0.000619654 -0.000179673 0.000680832 -0.000260682 0.00017384 0.000534501 -8.01372e-06 0.000113304 -0.000949757 0.000447787 0.000422846 0.00174239 -0.000266963 -0.00160289 -0.000576784 0.00111954 0.000871667 0.000141025 0.0021094 0.000128171 -0.000732273 1.54603e-05 1.69841e-05 0.000173027 6.08163e-05 -4.96715e-05
-9.60117e-06 0.000458316 -0.000271011 -0.000132545 -0.000873972 -0.000854067 -0.000123704 0.00987502 -0.00182852 6.5128e-05 -0.00327613 0.998361 0.00123624 0.0141034 0.00893407 -0.00470421 0.000921 9.57731e-05 0.00011561 -4.95479e-05 0.000558744 0.000237316 0.00100024 -0.000532366 0.000684753 0.000571457 -0.000691643 -0.000974426 -0.00150381 -0.000241467 -0.00167812 -0.00101518 0.00159954 -0.000761883 0.00163359 0.00204513 0.000154425 -0.00277531 -6.35533e-06 -0.00037439 0.000508706 0.000184091 -0.00339721 0.00129903 0.00132442 0.00101353 -0.000698951 -0.000549589 -0.00182926 0.000682081 0.000367558 -0.00161233 0.00108218 -0.00134836 -0.00113996 0.0015933 -0.000995084 -0.000663126 0.000530841 0.00202407 -0.000219434 0.000358162 0.000190363 0.000182167 -0.000206111 -5.59095e-05 -0.000310551 -0.000738342 -0.00259744 -0.00062518 0.00234344 -0.00153211 -0.000759229 0.00467248 0.00156489 0.00180951 -0.00105589 -0.00290093 0.000467068 0.00169506 -0.000488948 0.001666 0.00115556 0.0012449 -0.00143274 0.00171703 -0.000264163 -3.99325e-05 0.00306644 -0.000869825 -0.00087222 -0.00269893 -0.000161506 0.00265534 0.000330408 0.00306742 -0.00127765 0.00467649 -0.00287975 -0.00193487 -0.0005951 0.0064571 0.0070636 -0.00106771 0.000838104 0.00397251 0.0023675 -0.000569946 -0.00502966 0.00164439 -0.00272497 0.000458533 0.00245326 0.000330128 -0.00153854 -0.00453811 -0.00749062 -0.00138586 0.00209333 0.00492309 -0.000866258 0.0035994 -0.0019931 -0.0121532 0.00510369 -0.0015283 0.00227913 0.00850042 0.00728642 0.00179205 -0.000937546 -0.000869223 -0.000989748 -8.73304e-05 -0.00170706 -0.000979055 5.68752e-05 -0.0022623 -0.00167928 -0.00121295 -0.0033773 -0.000577469 0.00103893 -0.00134644 -0.00196432 0.000347571 -0.000165378 -0.00407163 -0.000314739 -0.00284531 0.000762214 -0.000127134 -0.00101797 0.00583767 -0.0037375 -0.000609429 -0.00105635 -0.00575962 -0.00251336 0.000931999 0.00355147 -0.00256018 -0.000654053 7.35453e-05 -0.000928454 0.00328638 -0.00145238 -0.00328055 -0.00336876 0.00125895 -0.00178517 -0.00227742 0.00270322 -0.00128895 0.00527139 0.00286881 -0.00262888 -0.00165414 0.00114716 0.00556369 0.000856721 -0.00343834 0.00184898 -0.00285253 -0.00590901 2.39264e-05 -0.00942869 0.00730527 -0.00726763 0.00536883 0.00460455 -0.00692976 0.00105098 0.000161888 -0.00275994 0.00325051 -0.00178111 0.00648925 -0.00731898 0.000308717 0.00672215 0.00137936 -0.00481319 -0.0187659 -0.0111328 -0.003479 -0.00236913 0.000212648 -0.00533778 0.00648171 -0.0120949 -0.00685678 -0.00367212 -0.0034 -0.0100099 0.00327609 -0.00373451 -2.72448e-05 -0.00248295 0.00415126 0.00082389 -0.00166325 -0.00214167 0.000292742 -0.00245257 -0.00315287 0.000926944 -0.00260766 -0.00391598 -0.00360588 -0.000943659 0.000883439 -0.00226722 -0.00207405 -0.000980338 -0.00634496 -0.000434761 0.000283103 0.00261845 -0.00295877 -0.000546619 0.00458895 -6.06336e-05 0.00123515 0.00143283 0.00698078 0.00193207 -0.00253116 0.00447898 -0.00127154 -0.00167153 -0.000979342 0.00304594 0.00272964 0.000500081 -0.00243581 0.000243929 -0.00352247 0.000558977 -8.31915e-05 -0.000482389 0.00361801 0.00543174 -0.0043778 0.000159219 -0.000886457 -0.000438544 -0.000472565 -0.003104 1.08321e-05 0.000858266 0.000234042 0.00179821 -0.0042907 -0.00450103 0.0049172 -0.00312133 -0.00164005 0.00592944 0.0042148 -0.000312497 0.0037497 0.00808888 0.00342745 0.00074344 -0.00490468 0.000430923 -0.00159209 -0.000832125 -0.0108692 0.000861228 -0.00631769
-1.21034e-06 6.88114e-06 -0.000328091 -8.96027e-05 -8.11365e-05 -0.00047551 0.00023127 -0.0507649 -0.00225916 -6.5712e-05 0.13309 -0.000358002 0.989643 0.00487699 -0.000186455 0.000442507 0.000509293 -0.000412239 -0.000258783 -0.000532939 -0.000168243 2.90767e-05 0.000201888 0.000391569 0.000169193 -0.000240033 0.000182546 -0.000299302 -0.000339236 0.000441004 0.000309489 0.000132125 0.000419263 0.000215248 0.000142817 -0.000267818 1.0018e-05 8.17251e-05 -0.000424425 -0.0003436 6.82929e-05 -0.000184793 -0.000244775 -0.000145467 -0.000514396 0.00014325 -0.000180349 -0.000109336 0.000250845 8.14426e-05 -0.00062522 -0.000152645 0.000212222 5.86021e-05 -0.000660997 -0.000160102 -0.000236236 8.09266e-05 -0.000114582 -0.00010317 0.000705593 8.45387e-05 -0.000799541 3.6e-05 -0.00117743 -0.00060585 0.000840747 0.000670038 -0.00115065 0.000858012 -0.00114388 -0.00142018 0.000405494 -0.00159598 0.00137888 -0.0010328 -0.00110202 -0.00201408 -0.000329007 0.000817694 0.00324143 -0.000907956 0.00202034 0.000667736 -0.000424556 -0.00134069 -0.000799321 0.00210486 0.000196896 -0.00147397 0.00132215 0.000734975 -0.00019688 -0.000477091 0.000725968 -0.000643251 -0.00122202 9.42815e-05 -0.000559285 -0.000524695 -0.000235574 -0.000283043 -0.00143488 0.000708422 -2.81101e-05 0.00206102 0.000853133 -0.000131285 0.00118171 0.000710068 7.02058e-05 0.00147626 0.000355692 0.00115726 -0.000121545 -0.000371609 0.00074565 -0.00142507 0.00114634 0.000977617 -0.00109267 0.000761225 0.00220564 -0.000709757 -0.000651499 -0.000749449 0.00121274 -0.000249661 5.55174e-05 -0.00127419 -0.000441517 -0.000853741 -0.000370467 0.00047854 -0.000333146 -0.000804944 -0.000431841 -0.000136074 -0.00053763 -0.000502336 0.00072159 -0.000306098 -0.000144498 0.00082904 0.000138701 -0.000655471 -6.58662e-05 -0.000814816 -0.000513463 -0.000172623 0.000642058 0.000913922 0.000719281 -0.00024894 0.00053535 -0.000613334 0.000528429 -0.000222451 1.56122e-05 -0.000843774 -0.00178917 0.000943205 -0.000337796 0.00162756 0.00107752 0.000197466 1.66416e-05 -0.000587379 0.000160809 -0.000301658 -0.00127639 -0.00118425 -0.000627363 0.00149857 -0.00347437 0.00122006 0.0012591 -0.00476258 -0.000740435 0.000411215 0.00156748 -0.00145254 0.00197031 0.00045847 -0.00112601 0.000158431 -0.00190568 -0.000546923 -0.00271505 0.000271498 -0.000277946 0.000825224 0.00130774 -0.00123548 -0.0023181 0.000839349 0.00110784 0.00487277 0.000423874 0.000496002 0.0013369 0.00365951 0.0023801 -0.000908507 0.00192184 -0.000157421 0.000258857 0.000274344 -0.000334387 0.000808577 -0.000185936 0.00336457 0.000917605 -0.000168853 -4.96447e-05 -0.000528742 0.00143804 6.7856e-05 0.000250591 0.000548118 -5.53887e-05 -0.00044944 -0.000454436 -0.00019834 0.000789742 0.000281424 0.00101316 -0.000844763 0.00102149 -0.00161014 -0.000472897 -0.000883429 0.00121803 -0.000776294 -0.00101377 0.000323774 0.00104747 -0.000427613 0.000776201 -0.000449585 -0.000242917 0.000246708 -0.000415223 0.000438863 -0.000238382 0.00036214 -0.000934172 -0.00119067 -0.000764853 8.50936e-05 0.000984537 0.000389661 0.000657835 -0.00030554 0.000450356 -0.000323986 -0.00106235 0.000509689 -0.000832919 0.00122661 0.000801389 0.000984614 0.000709074 8.53924e-08 0.000477753 -0.00024123 -0.000271986 0.000677555 -7.89509e-05 -0.00208452 -0.00180536 0.000880076 0.000637216 -0.000908227 -0.00200154 0.000719645 0.000303966 0.000150765 -0.000348384 -0.000423221 -0.000864782 0.000563313 0.000902953 -3.44713e-05 0.000383988 0.000444238 -0.00172957 -0.000351997 0.00122697 4.50949e-06 0.000395339 -0.000180414
-6.97883e-05 -0.000258522 -0.000712382 -0.00130152 -0.00333051 0.000153273 -1.00518e-05 0.00134416 -0.00971505 0.00286456 0.884814 -0.000898688 -0.118875 -0.00613761 0.448851 0.000169803 0.000986936 -0.000220142 -0.000292266 0.000101081 0.000244608 0.000214027 -0.000262644 -0.000682926 -0.000213466 0.000368418 -0.000632086 0.000391652 0.00045276 0.000443851 0.000566444 -9.99729e-05 0.00142764 0.00181815 0.000703986 0.000268047 0.000390107 0.000550402 -0.00191059 -0.00130896 -0.00117315 -0.000639755 -0.00114397 0.000783284 -0.00113954 -0.000222844 -0.000229593 0.000775264 0.000339938 0.000598866 -0.000476472 0.000788491 5.07498e-05 -0.00227922 -0.00104324 0.00051647 0.00070203 0.000655499 0.00124839 -0.000412979 -0.000321054 -0.000456466 8.25076e-05 0.000305449 -0.000486338 0.000322349 -4.7124e-05 -0.000744478 -0.000839755 -0.00113878 0.000614075 -0.00125483 0.00053976 0.00110992 0.00297604 0.000279056 0.000370859 -0.00104485 -0.00108398 -0.000452139 0.00052749 0.00164261 -0.000681447 0.00185234 -0.000597579 -0.00239254 -0.00130313 -0.000605444 -0.000423668 -0.000819239 -4.94987e-05 -0.000515404 0.0020361 -0.00100165 -6.50207e-05 -0.000902753 0.000942095 -0.000820046 0.00117801 0.00485374 -0.00384777 0.000733921 -0.00457138 0.000178785 0.00172243 0.00348444 -0.0031314 -0.000628984 0.00130027 0.00457832 0.00266402 0.000389745 0.0015293 0.00447301 0.00358442 0.00285342 0.00338353 -0.0014874 -0.00223007 -0.000440678 -0.00062343 -0.000146141 0.00421058 -0.00200709 0.00483732 -0.00309799 -0.00337829 -0.00365589 -0.000615856 0.00193791 0.00114589 -0.00149419 0.000635512 -0.000797563 0.000604641 0.00229171 -0.000654628 0.000307548 0.00140296 0.00124523 -0.0011516 0.0020773 -0.000333701 0.00111563 0.00150602 0.00148735 -0.000640811 -0.00141781 -0.00193509 -0.000647432 -0.000271725 -0.00117202 0.00105995 -0.00107256 -0.000637418 -0.00158309 -0.000199991 0.00066295 0.000664635 0.00170242 -0.00134163 -0.00096557 -0.0035257 0.00172185 0.00234621 0.000463692 -0.00285521 -0.000960563 0.000852916 -0.000178092 -0.00155454 -0.00225728 0.00153658 0.00200654 -0.00126943 -0.00169638 0.000960761 -0.00377341 -0.003647 0.00304997 -0.00161141 -0.00137308 0.0024443 0.00270842 0.00103532 7.97028e-05 -0.00350981 0.00223599 -0.00387177 0.00312931 -0.000322677 0.000790824 0.00185777 -0.00110074 -9.9272e-05 0.00382954 -0.00139199 0.00653626 0.001884 0.00084819 -0.0075702 0.00188537 0.000445525 0.00843832 0.00495824 0.003093 1.28957e-05 -2.51239e-05 0.00190871 -0.00235383 0.00407511 0.00760978 0.00178713 0.00342491 0.00151916 0.00323457 0.000371456 0.000109073 0.00151006 -0.00336775 0.000442862 -0.00177519 -1.27135e-05 -4.07825e-05 -0.0023409 0.000282904 0.00238815 -0.00337717 0.00222622 0.00138147 4.29759e-05 0.000233562 0.00438467 -0.00124523 7.71486e-05 -0.0025361 0.0010392 -0.00215415 -0.00197691 -0.000874319 0.00258396 0.0023079 0.00243904 -0.0001635 -0.000144283 -0.00126901 -0.00188667 -0.00111938 -0.00140374 0.000360055 0.00330289 -4.98684e-05 -8.49991e-05 -0.000418294 0.00116552 0.00143118 -0.000602454 0.00120868 -0.00166526 0.00220883 0.00257048 -0.000180218 -0.000435353 0.00105252 -0.00130319 0.000402862 -0.000374808 -0.00020278 0.00127038 -0.0063041 -0.00470052 0.00391116 -0.000955057 0.00104427 -0.00277823 -0.000487631 0.00243665 0.00349724 -0.00356504 0.00396174 -0.00432463 -0.00240503 -0.00170635 0.00142989 -0.000862107 0.00422282 -0.00439487 0.000127603 -0.00631682 0.000323301 0.00317669 0.00307846
2.63128e-05 0.00109657 0.000540385 -0.00247415 -0.00585331 -0.00010826 4.09281e-05 -0.000832752 0.00501117 -0.00146459 -0.444878 -0.00939736 0.0600131 -0.0059568 0.892636 -0.000465189 -0.000834121 0.000111146 -0.000250913 0.000297986 -0.000177194 0.000208745 0.000287396 6.90373e-05 0.000255197 -0.0003788 -6.3489e-05 -0.000292493 -0.000359774 -0.000755438 0.000317859 0.000133848 -0.00107565 -0.0001115 0.000470083 0.000901765 -0.000556847 -0.000668891 0.000975582 0.000102047 0.000116596 0.00158925 0.000104827 0.000694558 0.000982693 0.000985214 -0.000961853 -2.44377e-05 -0.000284313 0.000403389 0.000335099 -0.000822986 0.000464954 0.000576667 0.000350596 -0.000247327 -0.000503654 -0.000422942 -0.000391707 0.000824163 -0.000234137 0.000102211 -0.000381226 -0.000324157 -0.000490697 -0.000485611 -0.00115543 -0.000914577 -0.00145177 -0.00278378 0.00253534 -0.00207232 0.000931367 0.00251681 0.00505811 0.000336768 0.000299237 -0.000454202 -0.00195735 -0.00139821 -0.00107934 0.00446 -0.00186035 0.0030032 -0.00218186 -0.00353639 -0.00260976 -0.00221241 -0.00201839 -0.00176431 -0.00199795 0.00109302 0.000440648 -0.000531873 -0.000566978 -0.00357261 0.00182217 -0.00222683 0.00240229 -2.50207e-05 0.00118455 -0.00138704 -0.00502167 -0.00210881 -0.00263394 -0.000329618 -0.00906599 -0.0021193 -0.000430483 -0.000131554 0.00198978 -0.00312769 -0.00232051 -0.000254764 -0.000670699 -0.00441922 -0.000359649 0.00551272 0.000282443 0.00091658 0.00188439 -0.002079 0.00235997 0.00624466 0.000618962 0.00204593 0.000583337 0.000538417 -0.000233334 -0.00160528 -0.00167912 0.000662007 -0.000360385 0.00157001 0.00105172 -0.00114006 0.0015185 -0.000106098 -0.000447593 0.000290276 -0.000525871 -0.000383956 0.000174055 -0.000648989 0.000827274 0.000268482 -0.000944733 0.00199377 0.000128677 0.00181835 0.000341558 0.000850298 0.00207457 -0.0014831 0.00144106 0.00181406 -0.000496873 0.00101845 0.000127913 -0.00146952 -0.00261112 -1.72349e-05 -0.0010373 -0.00156938 -0.000582633 -0.000830407 -0.000955805 -0.000587881 -0.00239295 -0.000889471 0.000768853 -0.00111763 -0.00292179 -0.000973069 0.00130086 -0.00208885 0.00184495 0.00256496 0.000515088 -0.00321577 0.000698984 0.00126146 0.00576841 -0.000985987 -0.00221142 0.00310635 0.000630649 0.00406131 0.00136424 0.00116681 -0.00123896 0.0023915 0.00265189 0.00812244 0.0017121 0.00158344 0.00250194 -0.00203346 0.000826169 -0.00305551 -0.016176 -0.0110252 -0.00558786 0.0174377 0.00597495 0.00606856 0.000656449 0.0017397 0.00460728 -0.00895194 0.00954221 0.00349225 0.00271479 0.00657247 0.00491706 -0.00429595 -0.00314817 -0.00118218 0.0012338 -0.00339084 0.000973418 0.000647442 0.00163694 0.00603406 0.00150664 0.00353521 0.00214463 -0.00283567 -0.00104029 0.00515214 -0.00418004 0.00112507 0.00201775 0.00255953 0.00115252 0.0006412 0.0028117 -0.00149545 0.00128447 -6.46761e-05 -0.000495248 -0.00296615 0.000603428 -0.00137415 2.7255e-05 -0.00510266 -0.000783505 0.00141558 -0.00199484 -0.00290012 -0.00200099 0.0011094 -0.00252945 0.000184937 -0.00115238 0.00258725 1.93939e-05 0.000878949 0.00171225 -0.000381972 -0.0016459 -0.00319332 -0.00356244 0.00252033 -0.00198893 0.00178742 0.00190429 -0.00435774 0.00287581 -0.00503467 0.00367515 -0.00291884 -0.00474911 0.0044169 0.00371103 -0.00435076 -0.000636805 -0.00193822 -0.00698364 -0.00339114 -0.000450385 -0.00435253 -0.00530431 0.0059874 -0.00263805 0.00552965 0.00129926 0.00263157 0.00358111 0.000365167 -0.00157024 0.00771399
0.000313835 0.000187544 0.000608039 -3.36029e-05 -0.00087325 -0.000116779 7.20591e-06 0.000137531 0.000341085 -0.00490011 -0.00128847 -0.000919966 -0.000344073 0.00146841 0.00029934 0.00512157 0.999632 -0.000324366 -0.00038807 0.00021842 0.000643254 -0.000341745 0.00064888 3.00201e-05 0.000119321 0.00047745 0.000852724 0.000564337 0.000731447 0.000717114 -4.32949e-05 0.000931515 0.000380873 -0.000943647 -0.000541365 -0.000871266 -0.000114525 -0.000223731 0.000520283 -6.90737e-05 0.000321736 -4.66248e-05 -0.000779415 0.000448634 0.000103126 -0.00014973 0.000432628 0.00112535 -0.000135084 -0.000315525 0.000208005 0.000314615 0.000311562 0.000115471 -0.00112889 0.000512615 0.00038357 -0.000118759 -0.000798716 0.000993686 -0.000122536 -0.000219064 0.000156924 -0.000527628 -0.000495704 -0.000886823 -0.000619687 -0.00145129 -0.00107977 -0.00483413 -0.00201307 0.00137694 -0.0029853 -0.000209339 0.00471185 0.00243894 -0.00282876 0.00167666 -0.00159308 -0.00156569 -0.000798476 0.00129923 0.00439386 -0.00458832 0.00115835 0.00090371 8.90038e-05 0.00120311 0.00108335 0.00118513 -0.000603472 0.000502763 -0.000196194 -0.000158968 -0.00230469 -0.000256898 -0.00253634 -0.00378992 0.00217447 -0.000588929 -0.000827767 -0.00340631 0.00112554 0.0015227 0.00108949 -0.00132276 0.00249184 -0.00126008 -0.00112052 0.00039569 0.00212555 -0.00207511 0.000645994 0.00218133 0.000603901 0.000243809 -0.00136748 -0.000755288 -1.83421e-05 -0.000803595 -0.00134821 -0.00199124 0.00109815 0.00120019 -0.00247095 0.000113236 -0.000451581 -0.000862475 -0.000208435 0.00124797 -0.000579651 1.29094e-05 -0.00140575 0.000257021 0.000664745 -0.000547331 -0.00119514 0.00054256 0.000937742 -0.000736266 -0.00395275 -0.00155431 0.00145703 -0.00164754 0.000185205 -0.00192103 0.00176075 0.000928965 0.000500995 -0.000903322 -0.000898199 -0.00139919 0.00135669 0.00251702 -0.00268177 -0.000982213 -0.0012752 0.00307895 0.001324 -0.0019475 -0.00185048 -6.29735e-07 0.00167706 6.13013e-05 0.00219351 -0.00256361 -0.00153459 0.00178282 0.000810122 -0.00183696 -0.00184479 -0.00604051 0.0033311 -0.00141873 0.00177734 0.00143755 0.00404153 0.00375321 -0.000524637 -0.000787647 -0.000947004 -0.00388076 0.000382586 -0.00172322 -0.00194797 0.00331201 0.000495101 0.00693665 -0.0029675 0.0063686 -0.000371708 0.00133652 0.000261507 0.00107099 0.000800184 -8.04173e-05 0.001498 -0.000280658 0.00487673 0.000210031 0.00186076 -0.000978845 0.000928933 -0.00428537 -0.00142768 0.00119713 0.00135307 0.000329385 -0.00073518 -0.000415937 -0.00159673 0.000179202 -0.00232497 -0.000591257 -0.00113843 0.000405185 -0.000141654 -0.00126676 0.000806281 0.000706442 -0.00185166 0.00177789 0.000263801 -0.000153162 -0.00130835 -0.00178713 -0.00038413 0.00129306 0.00122076 0.000879454 9.06378e-05 -0.000161357 -0.000327434 -0.000592727 -0.000217965 -0.000150326 0.000846813 0.0014577 0.00102708 0.0011483 -0.00136729 0.00236132 0.000140041 0.000200283 -0.000176976 -0.000420078 0.00122504 0.00109539 0.000998941 -0.00166604 0.00065606 -0.000178243 -0.000821765 -0.00112441 -0.000230449 -0.00158999 0.000635297 0.000690878 -0.000248673 0.00118343 0.000651212 -0.000124958 -0.000154148 -0.000380836 0.0005562 -0.00108596 0.00046506 -0.00183319 -0.00213279 -0.00114675 0.000470126 0.000539033 0.000687975 0.000692349 -0.00104301 0.000601132 -0.000688532 0.000145371 -0.000435534 -0.00033212 -0.00150311 -0.000560841 -0.000549328 0.000747971 -0.000626352 -0.000976791 -0.000279653 0.00215487 6.06025e-05 -0.00163635 -7.72123e-06 -0.00184457
5.67708e-05 0.00119615 -0.000827846 -1.16779e-05 1.69109e-06 -7.08738e-05 0.000183828 0.000894421 -1.32271e-05 -4.221e-05 0.00218473 -0.0143241 -0.00516722 0.999457 0.00794266 -0.0235902 -0.00136112 -2.7837e-05 -3.81482e-05 -7.42673e-05 -4.60567e-05 -7.70031e-05 0.000231773 0.000233314 0.00021535 -0.000175684 -0.00011778 -0.000139251 0.000205165 0.000427502 6.70789e-06 -0.000293559 0.000870957 0.000886594 7.85847e-05 -0.000372918 -7.90616e-05 -0.00047303 0.00103518 0.000379496 0.00063065 0.000551085 0.000591807 -0.000421476 0.000855072 -0.000122437 -0.000355188 -0.00052323 -0.000349855 0.000110815 -0.000232948 0.000707812 0.000219171 -0.000871816 -0.000453142 0.000671278 0.000687932 0.000226447 0.000266977 -0.000363481 -0.000213999 -0.00027679 0.00029043 0.000338721 0.000483638 -0.000334021 -0.000497081 0.000162811 0.000502184 0.000121848 -0.000355301 0.000238332 0.000413966 0.000429957 0.000494303 0.000203685 0.00057697 5.88092e-05 -0.000329116 0.000309579 0.000347296 -0.000286867 -0.000271201 -0.000568776 -0.000685339 0.000375736 -0.00135688 -0.000364961 0.000520044 -0.000294771 -0.000616222 0.000690494 -0.000414586 1.95456e-05 -3.31123e-05 -3.54188e-05 -0.000703963 0.000143888 -0.000756432 -0.000938084 0.00297205 -0.000313183 -0.00120962 -0.00112104 -0.000441214 -0.000161876 0.000945755 -0.000300972 0.000563202 0.000870709 -0.000787834 0.000375574 0.000206107 -0.000192992 0.00010307 0.00115148 -0.000239729 -0.000185621 -0.000585625 0.000573564 -0.00134182 -0.000120861 0.000989337 -0.000543755 0.00154847 -0.00279998 -0.00141247 0.000166191 -0.00115457 0.00126891 -0.000491611 -0.00050176 -0.00103829 -0.000866574 -0.000640218 -6.489e-05 -9.40045e-05 -0.000814984 0.000192848 0.000173073 -0.000245244 0.000137243 -0.000412284 -0.000866026 -0.00100294 -0.000210449 0.000167086 9.75425e-05 -0.000392816 0.000205391 -8.84907e-05 -9.9176e-05 -0.000372442 0.000178956 9.73678e-05 -0.000636086 -6.54322e-05 -0.000749042 0.000322079 0.000870717 0.000892911 0.000231356 -6.86914e-05 -0.00142136 0.000443432 0.000422971 0.000409716 0.000176577 0.000332457 -0.000279785 -0.00203414 -0.00022344 -0.0007325 -0.000354955 0.000185816 0.000291429 0.00126473 -0.000581364 2.14486e-05 7.04976e-05 0.0012971 9.03222e-05 8.99665e-05 0.00117832 0.000315686 -0.000466676 0.000119748 -0.000612177 -0.00275317 0.000917996 0.000865275 -0.000731497 0.00290601 -0.00101219 -0.00109591 0.000806262 -0.00245523 -0.000577156 0.000527397 -0.000506467 -0.00137203 0.00397631 0.00308319 0.000514759 -0.00119832 0.00109483 0.0002558 0.000556936 -0.000229329 -0.000112767 0.00058947 -0.000451759 -0.00013738 0.000175081 -0.000196058 0.000919046 0.000943326 5.18416e-05 0.000152679 -0.00043745 4.58117e-05 0.000288022 -0.000719877 0.00118707 -0.000471284 6.41592e-05 -0.000701449 -0.00085774 0.000463039 -0.000498217 0.000680507 0.000540694 0.00132647 -0.000704019 -0.000414657 -0.000790858 0.000407728 -0.00105525 -0.00028871 -0.000643244 -0.000634998 -0.00166795 0.000393204 0.0009017 0.00115596 0.000342487 0.00109246 -0.000258346 0.00046698 -0.000224738 0.000380014 -0.000530185 -0.0007713 0.000178144 -1.69022e-05 -0.00100641 -0.00134255 -6.58499e-05 -0.000300103 0.000641525 -0.00137896 0.000518185 -5.66223e-05 0.000489905 0.000373689 0.000389645 3.27443e-05 -0.000422177 0.000236179 -4.89208e-05 -0.000218515 0.000705439 -7.90249e-05 0.000534858 -0.000765945 0.000301439 -0.000116765 -4.91435e-05 -0.000531027 -0.00276082 0.000457226 0.00181583 0.000542052 0.000210753 0.0012282 -0.000456489 0.0012628 0.000418384 -0.00315544 0.000165119 0.00148648 -7.60096e-05
-4.2205e-06 2.39935e-05 -3.89916e-05 5.13405e-05 6.88432e-05 0.000182538 -8.43391e-05 0.00237916 0.000261381 6.32004e-07 -0.000358176 0.00442021 -0.000384511 0.0236629 0.00056573 0.999094 -0.00514968 0.003087 -0.000201843 0.000253886 1.4705e-05 0.000328431 9.45833e-05 -0.000813665 2.95747e-05 -0.00133575 -0.000270728 0.000913632 0.000248281 -0.0011669 0.00155979 0.0006945 0.00011996 7.64077e-05 -0.000800992 -0.000894041 -0.000599959 0.00110603 0.000131695 -0.00088608 -0.000306148 0.00142472 0.00150351 0.000108168 -0.000487576 -0.000233573 0.000383312 0.00155657 0.001108 0.00137162 8.78411e-05 0.00191783 -0.00124358 0.00202678 0.000508099 -0.000974891 0.000805622 0.000679174 -0.000133961 -0.00136701 0.000678592 -0.00118446 0.000404302 -0.00126907 0.000251096 0.00111395 -0.000110253 0.00132809 -0.00106008 0.000523741 0.00044578 -4.97566e-06 -0.00109668 0.00191316 -0.00050914 0.000550165 -0.000267427 -0.000591414 7.32067e-05 0.00103671 -0.000699173 -0.000607579 0.000442188 -0.00065343 5.84729e-06 9.76574e-05 0.000270248 -0.000371444 0.00193986 -5.06284e-05 0.00167034 0.00123234 -0.000676176 -0.000456321 0.000455995 0.00065459 -0.000771908 0.00171476 -0.00055096 -0.00146959 -0.00341996 0.00126437 0.000821839 -0.00241661 -0.00225808 9.77733e-05 0.00355511 -0.000869248 -0.00273951 0.00102521 -0.00343631 -0.00123548 0.000802974 0.00121694 -0.000786191 -0.00181335 -0.00420873 -0.0009324 0.00090211 0.000742564 -0.00118766 0.00146061 -0.000848682 -0.00585188 -0.000266239 -0.000852189 0.00020135 0.00135968 0.00611079 0.00202418 -4.77028e-05 -0.000649112 -5.39721e-05 -0.00104326 0.00126547 -0.00203269 0.000824286 -0.000479564 -0.002066 0.00117327 -0.00202437 -0.000886222 0.00146185 -0.000989523 -0.00224828 -0.00245873 -0.00320455 -0.00182119 0.000272737 -0.000658124 -0.000663291 -0.000235927 -0.000326469 -0.000118436 -0.00155527 0.000116994 0.000986258 -0.00326832 -0.00104186 -0.000146616 0.00140954 0.00112354 0.00174427 -0.00179007 0.00056024 0.00276624 -0.00325302 0.000606182 -0.00100228 0.00194743 3.54719e-05 -0.00171605 0.00137945 0.000234635 0.00341311 0.00447041 -0.00233866 -0.00183912 -0.000471116 0.00371108 -0.000334919 -0.00108206 -0.00185488 -0.00120509 -0.00164219 -0.000569765 -0.00172692 0.00170255 -0.000877462 -0.000485295 0.00222567 -0.00290938 -0.000466128 -0.000800947 -0.00282178 0.0015383 -0.00279388 0.00160009 -0.00428472 0.000761942 0.00809161 0.00360279 -0.000701333 -0.00817479 -0.00490157 -0.00257199 0.000464778 0.000117956 -0.00215675 0.00338244 -0.00582727 -0.00312712 -0.00208398 -0.00301334 -0.00343489 0.00149833 -0.00062289 0.00112803 -0.00113103 0.000588162 -0.00165725 0.000198685 -0.00037348 -0.00111608 -0.000328471 -0.00132414 -0.00025027 0.000757901 -0.000547143 -0.00179049 -0.000182418 0.000732055 -0.000540007 -0.000892928 -0.000549207 -0.00268273 -0.000896301 0.00106468 0.00132658 -0.000627073 -0.00130558 0.00217878 0.000251393 0.000571245 -0.000387663 0.00366461 0.00107065 -0.00143077 0.00242521 -0.000264903 0.000280663 -0.000992998 0.000371484 0.00155912 2.88063e-06 -0.00137848 -0.000237434 -0.000852627 0.000157656 0.000381783 0.000105614 0.00169599 0.00171528 -0.00182693 -0.000204162 0.000776426 -0.00163984 -0.000137005 -0.00196634 0.00193403 -0.00154679 -0.00121191 -0.00185402 -0.00109969 -0.00133389 0.00123942 -0.00324084 -0.000677133 0.00249214 0.000296993 -0.00426372 0.00076719 0.000951216 0.000808628 0.000668563 -0.000835162 0.00117576 -0.00386017 -0.000689159 -0.00563692 0.000465337 -0.0035162
1.17308e-05 -9.70085e-06 -2.83674e-05 -7.56807e-05 -4.43881e-05 -3.96743e-05 5.64596e-05 0.000137305 0.00129079 1.51461e-06 0.000319341 -0.000112038 0.000400127 -4.48042e-05 4.36553e-06 -0.00317718 0.000337188 0.997917 0.000620421 -0.000520904 7.04091e-05 -0.000624781 -0.00011333 -0.000381839 0.000132062 -0.000184708 0.000802946 -0.000192799 -0.000360088 0.00199057 -0.00274222 -0.000157081 0.000852762 -0.00195584 -0.00132963 -0.000837754 0.00393084 -0.00175275 0.000554022 -0.00223481 -0.00314132 0.00451385 -0.00131491 -0.00214046 -0.000578589 0.000242912 -0.0039362 0.00239732 5.30301e-05 0.00178382 -0.000320786 0.00165048 -6.86562e-05 0.000533639 0.00255318 -0.00271248 0.000740199 -7.88721e-05 -0.000265347 -0.0026805 0.000480282 -0.000219947 -0.000228279 -0.000298836 -0.000328297 0.000146617 0.000544094 0.000556 0.0011377 -0.0012553 0.000873418 -0.00153535 -0.00117172 -0.000598058 0.00124095 0.000261735 0.00163133 0.000296011 0.00017631 -0.000949448 0.000171179 -0.000308886 0.000144369 0.000978131 -0.00108735 -0.0016798 -0.000374798 1.53767e-05 -0.00131269 0.00147574 0.000116814 0.00224724 -0.000827517 -0.0020505 0.00161365 0.00323096 -0.00170601 0.00360683 0.000489255 -0.00270774 -0.00258892 -0.00321422 0.00243125 -0.00354025 0.00134947 -0.00158131 0.00583084 0.00205816 0.00139341 4.61505e-06 0.00610572 0.00274326 -0.00124873 -0.00323803 -0.000111886 0.00362848 0.00919314 0.00481945 -0.00245251 -0.00106561 0.00069991 -0.00490309 0.00457177 0.0121266 0.00233118 0.00364806 0.00146582 0.00165576 0.00164583 0.00132836 0.00281364 -0.00191891 -0.00130667 -0.000481411 0.00348692 -0.00124819 0.00308986 0.000691 0.000126421 -2.24519e-06 -0.003835 0.0017041 0.000964927 0.000202413 -0.00360575 -0.000817614 -6.37134e-06 7.9754e-05 -0.0016186 -0.00168455 0.00201631 -0.000985317 0.00199082 -0.000775552 0.000843258 0.00348456 -0.00594645 -0.000339226 -0.00344669 0.00020457 -0.00509002 0.000474687 0.00350434 0.00107062 -0.00282546 0.00101104 -0.00412816 -0.00627699 0.00216072 0.00620142 0.000526587 -0.00443553 -0.00156727 -0.000780549 -0.000921376 -0.000720584 -0.000144333 -0.00108427 -0.000404742 -0.0028498 0.00457126 0.00980786 -0.00809346 -0.00238813 0.00918572 0.00296588 0.00177063 -0.000504408 0.0113274 -0.00762565 -0.00776067 0.000556075 0.00145216 0.00778774 0.00104978 0.00116598 0.00461988 -0.0103177 0.00445389 -0.0013063 -0.000687894 0.00518681 0.00608355 0.0200723 0.00904746 0.0035878 0.00492675 0.00111034 0.00436575 -0.00862226 0.0110713 0.00686165 0.00218308 0.00202412 0.00428436 -0.00463398 0.000975052 -0.000459061 -0.00152192 -0.00436237 0.00121365 -0.000312676 0.0005732 0.00468967 0.00461352 -0.000395273 -0.000753172 -0.000506734 0.00079294 0.00592212 -0.00148162 -3.13661e-05 0.00428159 0.000704623 0.000277755 0.00407084 -0.00028798 -0.00336712 0.000807662 -0.00170839 0.00257188 -0.00184438 -0.00125432 -0.00149086 -0.00162785 -0.00237457 -0.00351121 0.000853828 0.00181969 0.00281736 -0.0015583 -0.00212943 -0.00380857 0.0010372 0.00212559 -0.00062662 -0.00189755 0.00350904 0.00177606 0.000501177 -0.00242926 -0.00243057 -0.00292644 0.00390115 -0.00206855 0.000588292 -0.000902605 0.00830902 0.00325371 0.00942241 -0.000658301 -0.000634992 0.00700853 -0.00259995 0.00732538 -0.00257805 0.00413956 0.00565253 -0.00532918 -0.00537503 0.00654045 -0.000832192 -0.00859768 -0.00903072 -0.000328396 -0.00122945 -8.62376e-05 0.00143203 -0.000150178 -0.00320578 -0.000816842 0.00716648
4.43832e-05 7.48164e-05 -0.000259 0.000170114 6.09703e-05 6.11803e-05 9.02322e-05 -0.00012679 0.000693317 0.000127002 0.000260539 0.000156719 0.000216 5.56053e-05 0.000500788 0.000337518 0.000406583 -0.000288178 0.999299 -0.0262802 -0.0011181 -0.0102578 -0.00767249 0.00760215 -0.00676493 0.00126127 0.00585777 0.00207188 -0.00423551 0.00167832 -0.00116449 2.41016e-05 0.00481943 -0.00676609 -0.00144848 -0.00441242 -0.000895542 0.00148207 0.00139357 -0.00014306 0.000823227 -0.00181911 0.000912918 -0.00254271 0.000889762 -0.000763996 0.000707483 0.000313837 0.00105074 -0.00113656 0.00124112 0.00154418 -0.000218982 -0.00379105 0.00245353 -0.0015711 3.50663e-06 0.00357963 -0.00336607 -0.00197822 0.000371752 -0.000760578 0.000223307 -0.00122494 -0.00201923 -0.00256163 -0.00215167 -0.00478799 -0.0135071 -0.0121626 -0.00344787 -0.00623766 -0.000688593 0.00989301 0.0178088 0.00727554 0.00214073 0.00393 -0.00358913 0.00237439 0.00354215 0.00421729 0.0108609 -0.00389988 -0.00571895 -0.00275467 0.000245975 0.00860059 0.0028277 -0.00198351 -0.00117049 -0.000158852 0.0027656 0.00380232 0.00182598 -0.00150373 -0.00709932 -0.00152129 0.00191254 -6.01096e-05 -0.00157118 0.011761 0.00322438 -0.00554623 -0.0137143 0.00503999 -0.00222996 -0.00968479 -0.00595469 0.0024532 -0.00888077 -0.00743562 0.00587189 0.00171759 -0.00280328 -0.0125757 -0.0177159 -0.000170011 0.00663157 0.00746805 -0.00198482 0.000597282 -0.0026136 -0.0144983 -0.00277922 -0.00317504 0.00139596 0.00321905 0.00444983 0.00265648 -0.00757302 0.00462141 -0.00171462 0.00364946 0.00240766 -0.0071337 -0.00326128 0.00404486 0.00338357 -0.00178365 -0.0232495 -0.00859124 0.00270617 -0.00693646 0.000383036 0.00238368 0.0127376 0.0018523 -0.0086162 -0.00483051 -0.0033339 -0.00171297 -0.00435997 0.000344754 -0.0111845 -0.00100207 -0.00272317 -0.00379562 0.00580741 -0.00417218 0.00868343 0.00699635 0.00619893 0.00874966 -0.00381077 0.00802525 0.00302668 -0.00399843 0.0106936 -0.00045996 -0.012281 -0.000366091 0.00820244 -0.00974787 0.0144022 -0.00486767 0.00598866 -0.00476204 0.0173033 0.00782715 0.0129515 -0.0154041 0.0202223 -0.0147059 -0.00923733 -0.00366526 -0.0170382 0.0231126 -0.0171084 0.0200577 0.0100658 -0.00435788 0.0143932 0.0161099 -0.00524782 0.0205646 0.0025441 0.0160825 -0.0181304 0.00157027 0.00723884 -0.000161627 -0.0118395 -0.027445 -0.0183544 0.00131449 -0.00251003 0.00471399 -0.00763136 0.000197897 -0.01798 -0.0087797 0.00435475 0.000251316 -0.0135688 0.00245536 -0.00791086 0.00160598 -0.000204182 0.00409634 -0.00183954 -0.000294802 0.0011811 0.011329 -0.00233387 -0.000578342 0.00397048 -0.00607271 -0.00606385 -0.00363649 -0.000746188 0.00143684 -0.00381896 -0.00661999 -0.00201143 -0.00975674 0.00467964 0.00535234 0.00794186 -0.00346882 -0.00599032 0.00730073 0.00283318 0.00536885 -0.00260964 0.0068428 0.00326936 -0.0038429 0.00189718 -0.00790489 0.0011053 0.00107554 0.00292271 0.00217462 -8.35538e-05 -0.00641486 0.00314189 -0.00388025 0.000380721 -0.00105288 -0.000578178 0.0059559 0.0075542 -0.00450478 0.00444575 0.00188792 -0.00246431 -0.0114626 -0.00814201 -0.0102703 0.00254038 -0.00179545 -0.00690449 0.00159317 -0.00944315 0.00543157 -0.00613415 -0.00725686 0.00816122 0.00604871 -0.00789287 0.00335397 0.00841738 0.0113607 0.000608572 0.00348597 0.00583291 -0.00552505 0.00166977 -0.00433425 0.00123953 -0.00999042
9.37513e-05 7.61069e-05 -0.000441191 -0.000202056 -0.000113412 9.31404e-05 4.66118e-05 -0.0003006 -0.000504238 3.18256e-05 0.00022843 -0.000165753 0.00052188 8.92822e-05 -0.000409236 -0.000340451 -0.000212447 0.000248587 0.0266652 0.999367 0.00446849 0.0083849 0.00922298 -0.00799953 0.000356078 -0.000767864 -0.000237258 -0.00393919 -0.00406758 0.00149638 0.00531443 0.00213318 -0.00453912 0.0032122 0.00193675 0.00198596 -0.000633308 -0.00182958 -0.00037953 -0.000661887 -0.000703915 0.000871109 0.000400726 0.0019019 0.00286712 -0.00115688 -0.00182251 -0.0002335 -0.000487791 0.00113022 -0.000421364 0.000679073 -0.000883842 -0.00199374 -0.00147446 0.000821673 0.00298256 -0.000841043 0.00185701 0.00231894 -0.000559409 0.000409543 -0.000370132 0.00126469 0.000291188 -0.000795287 0.00249585 0.00431452 0.00548859 0.00610452 -0.00229388 0.00665681 0.00618351 -0.0125708 -0.00352342 -0.00493593 -0.000904223 -0.00681014 0.000463759 0.00603585 0.00938823 -0.00542033 0.00351752 0.000150551 -0.00319426 -0.00124839 0.00152495 0.00377847 0.000208655 -0.00232463 0.00539896 0.00755852 -0.00593728 0.000616054 0.00147539 -0.00267039 -0.0039157 -0.00419657 0.00366327 0.00578382 0.0111632 -0.0104031 0.000656347 -0.00135537 0.00312472 -0.00418526 0.0065092 0.00328198 0.00578407 -0.0018904 0.00649404 0.00475961 -0.00370237 -0.00687072 -0.00210723 0.00658765 0.011912 0.00266089 -0.0048979 -0.0030777 0.00171315 -0.00172788 0.00176018 0.0165939 -0.000286385 0.00640384 0.00540728 -0.000939489 -0.00529237 -0.00146837 0.00368783 -0.00196412 0.00145261 -0.000734138 0.00491199 -0.00137765 0.0012033 0.00131432 -7.11393e-05 -0.00229569 0.0148378 -0.000322475 -0.00489742 -0.000766374 -0.00955953 -0.00256982 -0.000788122 -0.00601315 0.00492917 0.00584972 -0.00739576 -0.00361339 0.00654437 -0.00472667 0.0102363 -0.00322703 0.006121 0.00422845 0.00231636 0.00279936 -0.00350025 -0.000628241 0.00134954 0.00228591 0.00441107 -0.00699522 -0.00862167 0.00106503 -0.0041605 -0.00653166 -0.000406798 0.00242076 -0.0102392 0.00944045 -0.0139269 0.0129879 0.00408861 0.0070024 -0.000631922 -0.0173755 0.006092 0.00928985 -0.00350154 -0.00158324 0.0071555 0.00492875 0.0186924 -0.0184536 0.00889789 -0.0171259 1.09552e-05 0.0139385 0.00181961 -0.00683883 0.00532403 -0.0143586 0.00224085 -0.0158073 0.00649339 -0.00156788 -0.00546097 0.0109996 0.0167379 0.0224179 0.0110746 0.00138798 0.00477948 0.000296058 0.00302869 8.38976e-05 0.0159101 0.00236763 0.00145253 0.0029315 0.0164012 -0.0106018 0.0108474 -0.000897868 -0.00450344 0.000878252 0.00142044 0.000515449 0.000860113 0.00148428 0.0098051 0.00653477 -0.00518129 0.00404313 0.000855959 0.00399124 0.00186385 -0.00317962 0.00302727 0.00221346 0.000778871 0.0119183 0.00284402 -0.00271621 0.00055946 0.000257289 0.0035296 -0.00639603 -0.00255325 -0.000979852 0.000272434 -0.00858692 -0.00186411 0.000167231 -0.00223841 0.00560189 -0.000746227 0.000298715 -0.0032263 0.00101051 -0.00151658 0.00200293 -0.00179764 0.00489332 0.000688149 0.0018358 -0.00317699 -0.00633077 -0.00638286 0.00415232 0.000496258 0.00214579 0.00123882 0.00648932 0.00498026 0.0112658 0.00438904 0.000436607 0.00329016 0.000228264 0.00818727 -0.0046128 0.00518695 0.00616232 -0.00503344 -0.00597767 0.00968043 0.0034006 -0.0114077 -0.00782204 -0.00104566 -0.00498625 0.00115099 0.00468143 0.00218376 0.004261 -0.0022866 0.00877974
3.12568e-06 -0.000249152 4.63972e-05 9.59923e-05 0.000302299 7.27988e-06 0.000145137 -1.02091e-05 -0.000272527 -0.00023837 -0.000304782 -0.000468049 0.000213536 4.90457e-05 1.16033e-05 7.60083e-05 -0.000658332 0.000132392 0.00129742 -0.00459534 0.999426 0.0199557 -0.0137101 -0.00110979 0.0093356 0.00572704 -0.00317218 -0.00379899 -0.00155416 -0.00227257 0.000917402 -0.00011593 -0.00178866 0.00338317 -0.00224092 0.000157864 0.00254585 -0.0010707 -0.00263369 -0.00298851 -0.00109236 0.00260396 0.00118493 -0.00427612 -0.000872685 -0.00398698 -0.000973371 -0.000251677 -0.00165509 0.000262695 0.000341522 -0.000496535 -3.81499e-05 0.00396908 0.000832825 0.005333 -2.53149e-05 -0.00576116 0.00608947 -0.00250737 -9.29743e-06 0.00169785 -0.000833967 0.00121897 -5.64042e-05 0.00103254 0.000339124 0.000807979 0.00215831 0.018126 0.0024229 -0.003941 0.0056685 0.00501135 -0.0081771 -0.00868055 0.00476548 -0.000943122 -0.00253304 0.00609596 -0.0063611 -0.0104888 -0.00110885 0.0182744 -0.000695906 -0.00191293 -0.0051118 -0.00443471 -0.00178899 -0.0128937 0.00368626 0.00335183 -0.00160081 0.00128138 -0.00196098 0.0102532 0.00137887 0.0166216 -0.0167825 -0.00353045 -0.00303347 0.00596978 0.00376572 -0.00456993 0.00290298 0.00969459 0.00506293 0.00523309 0.00758788 0.00581269 0.00111428 0.0115238 -0.00499406 -0.00445125 0.00333869 0.00865919 0.00777086 -0.00287005 -0.00102641 0.00235673 0.000582202 0.0042787 0.00444513 -0.0028722 0.00662415 -0.00427341 -0.0061994 0.00178772 0.00307173 0.00126411 0.00875857 -0.00848612 0.00302876 -0.00395357 -0.00296294 0.00160672 0.00402075 -0.00210826 -0.00354383 0.00740897 0.00905559 0.0122969 0.00856012 0.00866549 -0.00329539 0.00183027 -0.011037 -0.00309354 -0.0112744 0.0108714 -0.00230159 0.00581497 0.00811761 -0.00906044 0.000568422 0.00212256 0.00469854 -0.0120035 -0.0191651 0.00093763 0.0013669 -0.0127065 0.0050519 -0.00131103 -0.00499441 0.0059169 0.00495931 -0.00397824 -0.0044521 5.20634e-05 0.0026516 0.00680373 0.0126309 0.00197476 -0.0104031 0.00582655 -0.00636571 -0.0276285 -0.0105703 0.00900077 0.00192808 0.0283984 -0.0200496 0.0103958 0.0102311 -0.00612732 0.00722683 -0.00682283 0.0199783 -0.0206992 0.00124622 -0.00117062 -0.00220937 0.00698792 -0.0137104 -0.00505345 -0.00296852 -0.00754556 -0.00835283 -0.00205473 0.0157135 0.0280783 0.00971202 0.00733964 -0.00300078 -0.00851941 0.00400186 0.00119494 -0.00152349 -0.000801637 0.00247991 0.00175487 -0.00205012 -0.0196329 -0.00326614 0.00487848 0.0079548 0.00970503 -0.000783533 -0.0039852 0.00278979 -0.000638371 -0.00232343 -0.0065943 0.00515356 -0.00641487 9.17866e-05 0.00147289 -0.00530441 -0.00287624 -0.00128297 -0.0022691 0.00493 -0.00410808 -0.000611138 0.00194959 -0.00280933 -0.00304906 0.000277976 -0.00594842 -0.000650498 0.00100003 -0.00351462 0.00049192 0.00189574 -0.00362486 -0.00638861 -0.00206932 0.00756129 0.00624719 0.00136647 -0.00218915 0.00177795 0.00269462 -0.00383779 0.000406059 -0.00213555 0.00174027 -0.0041755 0.0053699 -0.00127882 0.00204497 0.000775554 0.00027127 -4.47253e-05 0.000572488 -0.000344756 0.0148265 0.00368256 0.0190423 -0.00870344 -0.00421377 0.00470071 -0.00624433 0.00391743 0.00087056 0.00395811 0.00848625 0.00111625 -0.0021686 0.0116895 0.00429032 4.95591e-05 -0.0103973 0.00252709 -0.00676931 -0.00197264 -0.00157886 -0.00334467 -0.000329384 0.00136959 -0.000325403
-0.000108532 3.1308e-05 0.00040015 -0.000345553 -0.000262572 -0.000114083 0.000255566 0.000246793 -0.000225172 0.000137186 -0.000167463 -0.000371065 -7.33725e-06 5.92879e-05 -0.000355232 -0.000343117 0.000382622 0.000486934 0.0101753 -0.00871831 -0.0200128 0.999308 0.00045734 -0.0124541 0.0144186 -1.03208e-05 0.00660448 0.000804653 0.000502411 -0.00423783 -0.000585319 0.00669343 0.000831293 0.00169754 0.00218643 0.000111933 -0.00329768 -0.000559326 0.000972097 -0.00270208 0.00210681 0.00107124 -0.000160797 0.00150401 -0.00134693 0.00266355 -0.00167773 0.00212551 0.000574164 0.00023493 0.00103218 -0.00233695 -0.00016446 -0.00566289 4.36987e-05 -0.00565432 0.00353006 0.00103606 -0.00404744 0.00430747 -0.00110803 -7.65361e-05 0.000739602 -0.000895992 -1.42932e-06 -0.00265978 -0.000961433 -0.000233896 -0.00219135 -0.00452706 -0.00677182 0.0104433 -0.00267343 -0.0106777 0.00189233 0.00805622 0.00661419 0.00146597 -0.00535001 0.00315996 -0.00336147 0.00191274 0.00549452 0.000257123 0.00703671 0.00473581 0.0122219 0.0063633 0.00256913 0.00923132 0.00430956 -0.00090893 0.0141747 -0.000848801 -0.00154012 -0.00230717 -0.00725423 -0.0147168 0.00014952 -0.00746813 0.00931146 -0.0161278 0.0042399 0.00673999 0.00662301 -0.00760787 0.00363939 0.00120578 -0.00132337 -0.00339552 0.00547146 0.00454831 -0.00328605 -0.00553014 0.00170723 0.0120038 0.0110369 0.00114204 -0.00111105 -0.006637 -0.000435049 -0.00342574 -0.0036284 0.0128092 -0.008147 0.00126601 0.00300373 -0.00399265 -0.00487236 -0.000652031 0.000586735 -0.00305248 -0.00644945 -0.000607705 0.00172655 0.00568749 0.000803226 -0.00347094 -0.00195445 -0.00702017 0.00274473 -0.00653926 -0.00289341 -0.00367439 0.00157169 -0.00218179 0.00801251 0.000991461 0.00938838 -0.0105643 -0.0104635 -0.00352759 0.00088269 -0.0074698 0.000169055 0.000406993 5.94762e-05 0.00976965 0.0172618 -0.00212413 -0.0076694 -0.00033741 0.00750706 -0.00322838 -0.00262352 -0.00253988 -0.0157698 0.00290419 -0.000129637 -0.00557777 -0.00445346 -0.00713324 0.00744013 -0.00332571 -0.0111275 0.00735134 -0.000777321 0.0172718 -0.0146171 -0.0189416 -0.00697068 -0.00278023 -0.0134241 -0.00673682 0.00944125 0.00460842 0.0219819 -0.0150903 0.00687778 -0.00252646 -0.010826 0.0186932 -0.0137894 -0.0122567 -0.000570969 -0.0156433 0.0123114 -0.0112831 0.00409347 -0.00282077 -0.00564019 0.00532684 0.00973542 0.00971175 0.00595511 -0.00321165 0.0025049 -0.00372157 -0.00247161 -0.00158617 0.00513463 -0.000740136 -0.00141674 0.0039694 0.0223401 -0.000338543 0.00398761 -0.00318246 0.000786913 0.00179235 0.00164629 0.00280044 0.00122286 -0.00914578 0.00394751 -0.00080209 -6.08523e-05 0.00770817 0.00675593 0.00889896 0.00420957 -0.00904879 -0.00263228 0.00318537 0.00110131 0.00804414 0.00203462 -0.00445484 -0.00483668 0.00107124 -0.00308661 -0.00189396 -0.00523586 -0.00265674 0.00406708 -0.00503638 -0.00729492 0.0080223 -0.00115991 0.00533005 -0.000348617 0.00546782 -0.00121101 -0.00209108 -0.0027237 0.00262298 -0.000249212 0.00233023 -0.000251009 -0.00153362 0.00155698 -0.00186528 -0.00678752 0.00868018 -0.00132598 -0.00384199 0.00285799 0.00444051 0.00291248 0.00937678 -0.000878081 0.00737788 0.0112014 -0.00194936 0.00314067 -0.00258919 0.00534931 -0.000422824 -0.005749 -0.00716261 0.00543365 0.000285875 -0.00788614 -0.00900442 -0.00287097 -0.0011764 -0.00197805 0.0075724 0.000456686 0.00444315 -0.00245467 0.00456455
0.000143011 0.000426236 -0.000225507 0.000120921 9.90108e-05 -0.000122106 -8.43495e-05 7.40107e-05 -0.00063057 8.05532e-05 0.000383743 -0.000973034 -0.000249129 -0.000255965 -0.000259147 2.8518e-05 -0.000645718 0.000356387 0.00755793 -0.00966019 0.0135542 -8.41762e-05 0.999414 -0.00461383 -0.0150279 0.00550189 -0.0132629 -0.00677521 -0.00053272 -0.000386574 0.00366709 -4.01621e-05 -0.00407164 0.00319107 -0.0016954 -0.000198475 0.00206528 -0.00399419 0.000335756 -0.00226242 -0.00157685 0.00532962 -0.000525844 0.00101372 -0.00262614 -0.000432575 -0.00107987 0.000421508 -0.00196711 0.00180959 -0.000955289 -0.00197577 -0.00205837 0.00120136 0.0011286 -0.000883617 0.000379376 0.00171431 0.000336586 0.00145715 -0.00104694 0.000113984 -0.000474053 0.00143665 0.000900455 0.00150936 0.00141154 0.00302503 -0.000991284 0.00576272 0.00407705 0.00460073 0.00214425 -0.00214098 -0.010797 -8.49132e-05 0.00691213 7.56116e-05 0.00649545 0.00517346 0.00095322 -0.00161501 -0.00306024 0.000237699 -0.0006815 0.00157008 0.0103249 -0.0031514 0.00747538 0.000140339 0.00647392 -0.00310769 0.00134531 0.000986888 -0.00119964 0.00501564 -0.00197344 0.00877649 -0.00484356 -0.00572296 -0.00109962 -0.00203835 0.018736 -0.00630344 0.00518327 -0.00186072 0.0137552 0.00635988 -0.000742885 -0.00501772 -0.00181196 0.00532945 -0.00344229 -0.0111385 -0.00333017 0.00786228 0.00661997 0.00657376 0.00294617 -0.00383362 -0.000838573 -0.00370429 -0.00801963 0.00993714 -0.00199705 0.0112254 0.00959194 0.00758306 0.00581716 -0.00152417 0.0105375 -0.00593243 -0.000751158 -0.000719459 0.00179719 -0.00133274 0.00762176 -0.00231886 -0.00175 -0.000956824 0.0055289 0.00106648 0.0116246 0.00541775 -0.00230165 -0.0130476 -0.0066066 -0.00085557 0.00849026 0.00297161 -0.00606791 0.000186545 0.00343749 -0.00796999 0.00679972 -0.000553597 0.00232195 -0.00106857 -0.00149488 0.00336351 0.0040306 0.00235715 0.0123478 -0.0104346 0.00436368 0.00418505 -0.00839714 0.00784796 0.000521208 0.00378189 0.0101441 0.00697592 0.00405656 0.0026566 -0.00266574 0.0131676 -0.00145135 0.00334278 0.0145265 -0.00766979 0.00590836 0.0282666 -0.0309952 -0.00949123 0.0157957 0.00336522 0.0104551 -0.0125933 0.0355771 -0.0336493 -0.00221951 0.00378564 -0.0138966 0.0098624 -0.00474032 -0.014732 0.00209004 -0.0242502 -0.0115416 -0.00265488 0.0282936 0.0169005 0.0129205 0.0128866 -0.00677161 -0.0156913 0.0073543 -0.0040768 0.0010282 0.000858789 -0.00206722 -0.00686586 -0.000236512 -0.010465 0.00576819 -0.0055726 0.00651462 0.00655905 -0.0103383 -0.000905673 0.00460245 -0.000258819 0.00265137 -0.00235824 0.0152077 0.000557544 -0.00895242 0.00501066 -0.0017842 0.00548957 -0.00121622 -0.00414376 -0.00222468 0.00392281 0.000683594 0.00836209 -0.00087492 0.00104264 0.00385306 -0.00301308 -0.000684671 0.000788498 -0.0050563 -0.00319571 0.00284754 -0.00800948 -0.00377008 0.00264059 0.00733442 0.010427 -0.00362195 -0.00246515 -0.00227206 0.00111178 -0.00342729 0.00349801 -0.00145413 -0.00062692 -0.000415255 0.00068726 -0.00565342 -0.00264533 -0.00359177 0.00329425 -0.0030359 0.00260286 -0.00173447 0.0147642 0.00275381 0.0323669 -0.00580046 -0.00631792 0.00814183 -0.00632288 0.0144058 -0.00264283 0.00301908 0.00620254 0.00361597 -0.00389639 0.0181445 0.00868736 -0.0113754 -0.0157737 -3.54957e-05 -0.0114641 0.00222545 0.000285872 0.00222246 -0.000449967 -0.00593812 0.00167703
2.66797e-05 -0.000215434 -0.000738124 6.72917e-05 0.000100082 -0.000100641 3.07656e-05 7.75381e-05 -2.80474e-05 4.00766e-05 0.000527157 0.000830578 -0.000475686 -0.000193408 0.000415086 0.000787416 -5.91083e-05 -0.000114762 -0.00757083 0.00812259 0.00127257 0.0131238 0.00439024 0.998757 -0.0361958 0.0081647 0.0124634 0.00117015 0.00162533 0.00472999 -0.00204264 0.000794186 -0.0016639 0.00422827 -0.000724465 -0.00339646 0.00207568 4.8951e-05 0.00111367 0.00118682 0.00526806 -0.00397329 -0.000545233 -0.00680112 -0.00153335 -0.00151561 0.00777738 -0.00640469 0.000175919 -0.00419844 0.00146543 -9.04034e-05 -0.00106869 0.00255824 0.00219496 -0.00127848 -3.86936e-05 -0.00266097 0.00126892 -0.000916582 -0.000513353 -0.00031396 0.000719958 0.000387879 0.00144159 -0.00237951 -0.000692788 -0.00279568 -9.53949e-05 0.00184257 0.0110326 0.00399002 0.000570803 0.00773992 0.00440238 0.00140434 0.00160279 -0.00770676 -0.00629603 -0.000769016 -0.00906108 0.0056162 -0.00303191 0.00895335 -0.00340631 -0.00152137 -0.002997 -0.00509563 0.00216202 -0.00676742 -0.00850809 0.000409638 0.000846594 0.00623045 -0.00665184 -0.00519976 0.0089194 -0.00998481 0.00154126 0.00568468 0.00514998 -0.00115735 -0.00319526 -0.00184545 -0.00113329 -0.000529798 -0.0194987 -0.00310508 -0.0121495 -0.00713834 -0.0134174 -0.0079439 -0.000120928 0.00285341 -0.00535915 -0.0168381 -0.0310259 -0.00181718 0.00224582 0.00186467 -0.00456321 0.00133977 -0.0103476 -0.0209826 -0.00496977 -0.0026874 -0.000207728 0.0031913 0.0107199 -9.9947e-05 -0.00916873 0.00570065 0.00310044 0.0013719 -0.00269803 -0.00201677 -0.00464902 0.00302267 0.00249596 -0.00219345 0.00649709 0.00102496 -0.00432322 0.000139276 0.0017588 0.011108 0.00718647 -0.00505596 -0.000303834 -0.000740857 0.00677881 0.00462541 -0.00508755 0.00752051 -0.00381961 0.0161401 -0.00504388 -0.0120072 -0.00200182 0.00158975 0.01346 -0.00675152 -0.0061598 -0.00820627 -0.00803108 0.00657349 0.00103428 -0.0128691 0.00830527 0.00104536 -0.00729267 0.00533825 -0.00854626 -0.00108723 0.0200868 0.00220249 -0.0135144 0.0140007 0.00279504 0.00144876 -0.00116427 -0.0195013 0.0380407 -0.0140932 -0.0343401 0.0112727 -0.0140519 0.0272145 -0.0362799 0.0164617 0.00985267 -0.0128844 -0.0117631 -0.0035984 0.0162789 -0.00135743 -0.00562647 0.00715703 -0.0182543 -0.00750991 -0.0386137 -0.0451393 -0.0338369 -0.0389619 -0.028069 0.00534838 -0.0173253 0.00252539 -0.0146154 0.00473989 -0.0188603 -0.0338317 -0.0138175 0.00755965 -0.00645412 -0.00133552 -0.0146141 -0.00251969 0.000669377 0.0135404 -0.00677791 0.00136598 0.00270427 -0.00272041 -0.00851707 -0.00395351 0.00634596 -0.00186232 -0.0128162 -0.00538701 -0.00458338 0.00165166 -0.00449536 0.00110725 0.00201515 -0.00579417 -0.00608541 0.0056576 0.00672239 -0.00247416 -0.00265348 -0.00125336 0.00446499 -0.00209431 -0.00282692 0.00349911 0.00887238 0.00359279 -0.0040881 -0.0100055 -0.00283911 0.00980399 0.00671748 0.00310178 0.00142126 -0.00727097 0.00765268 -0.0107075 0.00710419 -0.00658884 -0.000738715 0.000894122 0.00355537 -0.00710743 3.88456e-05 -0.000624601 0.00686068 -0.0179832 -0.00841367 -0.0212828 0.01047 -0.00803231 -0.0133989 0.00730716 -0.0042596 0.000382778 -0.0166752 -0.0200155 0.00464184 0.00850177 -0.0143069 -0.00715802 0.00328412 0.0133889 -0.00376158 0.00850755 0.00144684 0.00235095 0.00152219 -0.00436658 -0.00360165 -0.00734505
-0.000221466 -0.000820637 -0.000719901 0.000112667 -0.000216732 0.000216375 -0.000151747 -0.000197442 -0.000397993 5.12401e-05 9.03316e-05 -0.000665786 -0.000219665 -0.000205314 -0.000197623 0.000146787 -0.000142824 7.85298e-05 0.00645146 -9.13287e-05 -0.00906791 -0.0141935 0.0148558 0.035964 0.997255 0.0571622 -0.00425739 0.00816023 0.00680384 8.60828e-05 -0.000995634 -0.00107222 0.00127444 0.00333026 0.00227688 0.000208957 0.00429607 0.00102535 0.000370345 0.00177483 0.00246397 0.00711646 -0.00249927 0.0024159 0.00246256 0.000836682 -0.000656369 0.000273482 0.000289129 0.00118801 -0.000345072 0.000422251 -0.000348142 -0.000389858 0.00018203 -0.00115956 -0.000944208 0.00330706 -0.00299133 0.000540817 -0.000518645 -0.000142422 0.000282734 6.56578e-05 0.00195463 0.00145838 -0.00020321 0.000502184 0.00253691 -0.00147124 -0.00233974 0.000450706 -0.00261996 0.0011845 -0.00574412 0.00591226 0.0021934 -0.000925283 0.00202396 0.00289725 0.00117197 0.000904725 -0.00823944 -0.0103508 -0.00150256 0.0033661 0.0026355 -0.00368906 0.00185767 -0.000937307 0.00270575 -6.03397e-05 -0.00982667 0.00164231 0.00292668 0.00147059 -0.00364362 0.00346446 7.42257e-07 -0.0107316 0.00718396 0.000746879 0.0141833 -0.0109729 0.000494127 -0.00929587 0.0119983 -0.000825445 -0.00639835 -0.00668808 -0.00181844 -0.00136225 -0.00412623 -0.0141251 -0.00861501 -0.00636055 -0.0106646 0.00645601 0.000777879 -0.00330787 -0.00217851 -0.00621376 -0.00905806 0.011679 0.00275902 0.00317019 0.00697642 0.00635359 0.00830773 0.00109738 0.00373737 -0.00230415 -0.00420945 -0.00340288 0.0032484 -0.00255154 0.00596402 0.00265813 0.0017304 -0.000635145 -0.00181212 -0.00339684 0.00718351 -0.00970692 -0.00251257 -0.0138846 -0.00376754 0.00219949 0.0061004 0.00242763 -3.03772e-05 -0.00257282 -0.00204575 -0.00315336 0.00334651 -0.000708023 -0.00256986 -0.00783373 -0.00246563 0.00132401 0.00191775 -0.000271242 0.00523869 -0.0136158 0.00745859 -0.00301574 -0.0103623 0.0116707 0.00482306 0.00508104 0.00445455 0.0180963 -0.00671182 -0.00975081 0.0134774 0.00953429 0.00511111 0.0136923 0.0094843 -0.0103614 0.0165414 0.016195 -0.0166961 -0.00671427 -0.00389428 0.00306043 -0.00220317 -0.000903096 0.0245458 -0.0165746 -0.00288011 -0.0105337 -0.00677501 0.00508265 -0.00999711 -0.00496199 0.00157881 -0.0349964 -0.00346371 -0.00730767 0.0121936 0.00207707 0.00364909 0.000803469 -0.0106447 -0.00460197 0.00578537 -0.000322036 0.0042685 -0.00613739 -0.00372096 -0.0164621 -0.00418153 -0.00729289 -0.00404044 -0.0169731 -1.97192e-05 -0.000400015 -0.0124277 0.0037894 0.00137882 0.000206445 0.00235302 0.00245343 0.0105986 0.000990499 -0.00738752 0.00787096 -0.00142973 0.00257304 0.000574207 0.000875673 0.000996651 0.00463974 -0.000467427 -6.96074e-05 -0.000116016 -0.00374477 0.00582702 -0.00459778 -0.00134135 -0.00188882 -0.00463773 -0.00079399 0.00140425 -0.00543057 0.00523664 -0.000130886 0.00555923 0.00346219 -0.00376569 -0.00330347 -0.00509343 -0.000882509 -0.00327743 -0.00027142 -0.000661287 -0.00516574 0.00400702 -0.00188657 -0.00878076 -0.00438444 -0.00528472 0.000149352 -0.00129789 0.00137988 -0.00130178 0.00335532 9.23211e-05 0.0225934 0.00550228 -0.00888704 -0.00203303 -0.00197625 0.0133847 -0.00338789 -0.00392448 -0.00282494 0.00236122 -0.00939878 0.0135737 0.00643529 -0.00492145 -0.00548764 0.00131902 -0.00648021 0.00194047 -3.787e-05 -0.00122613 -0.00463987 -0.00598641 -0.000695726
-6.23237e-05 0.000251021 0.000829812 0.0004702 0.000143563 0.000198607 -0.000158403 -4.71874e-05 -0.000773291 2.15771e-05 -0.000466177 -0.000119649 0.000325042 0.000225064 0.000230699 0.00140396 -0.000487298 -3.11564e-05 -0.0016661 0.000810741 -0.00522962 0.000613246 -0.00613578 -0.0108067 -0.0566678 0.997658 0.0196905 -0.00766667 0.00958128 0.00857511 0.00149592 0.00245528 -0.00852325 -0.000846056 -0.00230204 0.000321547 0.00382424 -0.00222535 -0.00157855 -0.00115297 -0.00317805 -0.000917136 -0.00474463 -0.00323673 0.00156022 -0.00255941 0.0084605 -0.00732273 0.000171106 -0.0011965 -0.00177914 0.0025411 -0.00294601 -0.00167964 0.000535732 -0.00121967 -0.000855524 0.00565842 -0.00172513 -0.00166922 0.000352796 -0.000123405 -0.000558514 0.000801314 0.000976935 -0.000490242 0.0016664 -4.99538e-05 -0.00169584 0.00154057 0.00914043 0.000119981 -0.00107352 0.00563135 -0.00419931 0.00163064 -0.00637906 -0.0187932 -0.000174038 0.0100791 0.00917748 0.00593303 -0.00414299 -0.000377375 -0.00384874 -0.00112595 -0.00133171 -0.00485817 0.00385708 -0.00593722 0.00617802 -0.00814454 -0.00230999 -0.000296494 0.00203343 -0.00523038 -0.00631097 0.00317516 -0.00101717 -0.00311943 -0.00679605 0.000588408 0.006095 -0.0060383 0.00470501 0.00935526 0.00693538 0.00674972 -0.0102666 0.00645427 -0.0180896 0.00169111 0.0107037 0.0128029 -0.00136338 -0.00631638 -0.0167621 -0.0148008 0.00413625 0.00870901 -0.00800957 0.00647549 0.00186408 -0.0359314 0.00834698 -0.00350738 -0.00230526 0.0148505 0.0263444 0.00843104 -0.00123086 -0.000219252 0.00127358 -0.00421272 -0.00464924 -0.00424066 -0.00340166 -0.00554952 -0.00210575 0.00430704 -0.00222569 0.00284582 0.00176688 0.00645114 -0.012859 -0.00942124 -0.00432852 -0.00442276 0.00643408 0.000283335 -0.00570233 0.00501048 -0.00458908 -0.00226845 -0.00122245 -0.00159355 0.00101071 -0.0168848 -0.0040217 0.00156231 0.00597852 0.00909106 -0.0026219 0.000835494 0.00655339 0.000164931 -0.00768779 -0.00599853 0.000320547 0.0039614 -0.00426049 -0.00749846 0.00977139 -0.00354418 0.00450584 8.92104e-05 -0.0185994 -0.0132105 -0.00786623 0.0325746 0.0121445 -0.0128501 -0.000202428 -0.010359 -0.0275276 0.0131343 -0.041211 0.0217065 -0.0484761 0.00859322 0.0101734 -0.0304464 -0.000717332 -0.0197456 -0.0139379 0.0116459 -0.0257751 0.0374905 -0.0162886 0.0022706 0.0129164 0.00869228 -0.00538468 -0.0456349 -0.0268386 -0.0051228 -0.00887914 -0.000629192 -0.0130853 0.0219982 -0.0344663 -0.00956513 -0.0121244 0.00255378 -0.0220595 0.0139741 -0.00556757 -0.000810388 -0.00358845 0.00477358 -0.00374859 -0.0065841 -0.00726139 -0.00384254 -0.0102863 -0.00567914 0.000405555 -0.0101564 8.70299e-05 -0.00356336 -0.000534616 0.00289608 0.00485616 -0.00498383 -0.00582972 -0.0171146 -0.00799255 0.0017141 0.00390301 -0.0104903 -0.00309858 0.00654954 0.00418665 0.00180348 0.00208358 0.015002 0.0138542 -0.0067915 0.000205322 -0.00341111 0.00675011 -0.0016016 0.0118832 -0.000499136 0.00156835 -0.00707434 -0.000193531 -0.00742867 -0.00235477 0.00299018 0.00729406 0.0104757 0.0129309 -0.0138912 0.000912612 0.000525121 -0.00234977 -0.00181846 -0.00847246 -0.0100789 -0.00539288 -0.00133253 -0.00679254 -0.0024653 -0.0191306 0.0128443 -0.00926925 0.00422518 0.0115066 0.00287035 -0.0218256 0.000786629 0.0150104 -0.000492069 0.00426343 0.000928302 0.00045607 -0.00318026 -0.00327977 -0.0150187 0.00792605 -0.0152259
0.000189587 0.00030998 0.000163851 0.000111271 0.000665896 -3.09001e-05 0.00024442 0.000495008 9.90085e-05 0.000144031 0.000474645 0.000725797 -0.000252147 0.000113544 0.000400464 0.000200829 -0.000866884 -0.000709019 -0.00560738 0.000105419 0.00327831 -0.00654918 0.0131118 -0.0121566 0.0058391 -0.0195796 0.999021 -0.024279 -0.00607927 -0.00490377 -0.000723599 -0.00439265 -0.00319164 0.00198957 -0.00440125 -0.00602527 0.00489464 0.000197244 -0.00327532 0.00366056 0.00258772 -0.000919057 0.00153403 -0.00266961 -0.00120288 -0.00167649 0.00218571 -0.00107654 -0.00470736 0.00159735 -0.00341882 -0.00222025 -0.00229312 0.00260452 0.00104979 -0.000297472 -0.00107298 0.00366531 0.00243045 0.000961051 -0.000806769 0.000776124 -0.000942779 0.00186974 -0.000154239 0.00111604 3.03244e-05 0.00191358 -0.00145548 -0.000102486 0.00344037 -0.00669331 0.00476704 0.00363044 -0.00420911 -0.00193358 0.00793206 -0.0019756 0.00366973 0.00127439 0.000484506 0.00511736 -0.00364712 0.00430111 -0.00354992 -0.000309905 -4.02222e-05 -0.0065286 -0.00285039 0.0080636 0.000874053 -0.00453079 0.00295463 -0.00203786 0.00108306 0.000434583 0.00369729 0.00337073 -0.00471955 -0.00156873 -0.000969493 0.010097 0.000875732 -0.00732852 -0.012423 -0.00300004 -0.00629518 -0.00789596 -0.00416603 -0.00451637 -0.00192711 -0.00493567 0.00267143 -0.00109332 -0.00374736 -0.00793911 -0.0107051 0.00927088 0.000906055 0.00397905 0.00311348 -0.00454355 -0.00122359 0.000234561 0.00330111 0.0030864 0.00254109 0.00387742 0.00405073 -0.00274331 -0.00193623 0.00234008 0.00183508 0.000746479 -0.00231839 -0.00185852 -0.00121997 0.000643917 -0.0032283 -0.000398492 -0.000912317 -0.00236145 0.00445512 0.00511068 0.00255915 0.00417875 0.00216719 -3.04935e-05 0.000431948 0.00813229 -0.000254385 0.00307087 -0.00300221 -0.00138845 0.00238742 0.00177122 -0.00665724 -0.00807562 0.00417917 0.00494116 0.00493475 -0.0027856 0.00080796 -0.00416149 -0.00100621 0.00316044 0.00992158 -0.00161773 0.000237836 0.0078769 0.00994097 0.0140651 -0.0016436 -0.0105157 0.00503544 -0.0054733 -0.00503459 0.0036258 0.0124888 0.00187012 0.00947008 0.0075492 0.0147211 -0.0122797 0.00272382 -0.00672503 -0.00569579 -0.00355725 0.0185334 -0.00096527 0.0100049 -0.00582818 0.00962586 0.0192674 0.00592803 0.00567556 0.0109671 -0.00109719 -0.0144721 -0.00465703 -0.0103217 -0.00776751 -0.014204 0.0040278 0.000254832 0.00240175 0.000286783 0.00192479 0.00546404 -0.00499117 -0.000232027 -0.00101121 0.00482089 0.00439836 -0.000635147 -0.00703379 -0.00875688 0.00584873 -0.00303551 -0.000267361 0.00231957 -0.00215596 0.00444875 0.0150849 0.00346701 0.00397184 0.00628621 -0.00413994 -0.00272062 0.00326747 0.000278859 0.00188804 -0.00408375 0.00205864 0.000624854 -0.00288069 0.00165805 0.00254337 0.00186278 -0.00165173 0.00226725 -0.00234503 0.000424659 -0.00206444 -0.00605006 0.00129989 -0.00119077 0.00056673 -0.00165836 -0.00223412 -0.00847521 0.0013901 -0.00277568 -4.02696e-05 -0.00166359 0.00525224 -0.000882679 -0.00354122 0.00346274 -0.00378684 -0.00537526 -0.000532229 -0.000333483 0.00132149 -0.00297094 0.00377457 -0.00115722 -0.00509994 0.00432649 -0.00208362 -0.00151122 -0.00561569 -0.0068557 0.0038621 0.00394137 -0.00369998 -0.000829544 -0.00755135 -0.00240387 0.000588405 0.00671167 -0.000771384 -0.000957135 0.00820415 -0.00211235 8.59903e-05 0.00256772 -0.00846927 0.00328037 -0.000748288 -0.00346152 0.00318973
3.86844e-05 -0.000149541 0.000776001 7.59364e-05 0.000556945 0.000208729 -0.000228478 -0.000617121 0.000466736 0.00015851 -0.000474642 0.000839563 0.000353924 0.000152136 0.000196938 -0.000960556 -0.000603193 0.000104861 -0.00208349 0.00392095 0.00390155 -0.000654253 0.00688485 -0.00186246 -0.00836856 0.00700097 0.0239008 0.999133 -0.00900812 -0.0109903 -0.00927644 -0.00930577 -0.00365041 -0.000796297 -0.003917 -0.00262289 0.00321001 0.000426214 -0.00340986 0.00321376 0.00466149 -0.00404856 0.00483652 0.00121434 -0.00161274 -0.00937693 -0.000400701 0.00136343 -0.00104924 0.00426428 -0.00276664 -0.000851345 -0.00504226 -0.00134976 0.000176435 -0.0025507 0.00313357 0.000285873 0.00267042 0.00225843 -0.00103285 0.000592652 -0.00150198 0.00173172 -0.000322533 0.000243839 -0.000932969 0.00163539 -0.00144767 0.000864921 -0.00221469 -0.00215087 0.00503011 -0.00176358 -0.00183055 -0.00156847 0.00786657 0.00136487 -0.00222739 -0.00192385 0.00222268 0.00526208 -0.00273699 0.00423354 -0.00199237 -0.00250105 -0.000761722 0.00510074 0.00121625 -0.000916843 -0.000747799 -0.000861965 0.00170071 -0.000610593 0.00810084 -0.0149204 -0.00197648 -0.0021217 0.00511917 0.00239931 0.00673598 -0.000381541 -0.0110446 0.00382615 -0.00146016 -0.00110742 -0.0103847 -0.00242941 0.00692289 -0.000991374 0.00583198 0.000808353 0.000383204 -0.00341538 0.00368085 0.00478914 0.0116664 0.00572958 -0.00110277 -0.00118578 0.00414239 -0.00220326 0.0039711 0.0125977 -0.00356359 -0.00264847 -0.00424575 -0.0055419 -0.019005 -0.00510644 -0.00318214 0.000306782 -0.000431509 0.000145177 -0.00408541 -0.00258433 -0.00548001 -0.00620451 0.00240263 -0.00145867 0.00273452 1.69328e-05 -0.00687263 0.0047281 0.00155774 0.00726798 0.00578582 0.000670675 0.00335449 0.0033116 -0.00157024 0.00214087 -0.00188052 0.00201147 0.00581908 0.000990158 0.00111608 0.00281427 0.0038487 0.00274163 -0.00324906 -0.0041386 -0.00499921 0.00727029 -0.000683819 0.000468267 0.00443679 -0.00986242 -0.00165421 0.00588703 0.000743204 0.00928742 -0.00315117 -0.00303988 -0.0151903 -0.00063722 0.00994102 -0.00223196 0.00126951 -0.0149015 -0.00134526 -0.010949 0.00599323 0.0178956 0.00728304 -0.00421537 0.00948445 -0.0247901 0.000670951 -0.00463061 -0.00251691 0.0111287 0.00618003 -0.00425893 -0.0084403 -0.00393163 -0.00404954 0.00585457 0.0122478 -0.00337089 -0.0168853 -0.00625627 0.00752349 0.0292629 0.0170332 0.00496655 -0.0010794 0.000310374 0.00654892 -0.0109357 0.0183272 0.0153083 0.00950662 0.0111826 0.012012 -0.00238742 0.00535837 -8.5879e-05 0.00583533 -0.0069693 0.00297627 -0.00067698 0.00349651 -0.0013003 0.00337761 0.00897255 -0.00195399 -0.00556375 0.00652966 0.00430211 0.00381927 -0.00413058 0.00267054 0.000319475 -0.00189615 0.00641755 0.00695267 -0.00641658 -0.00638835 0.00362473 0.00271801 -0.0101392 -0.00215524 0.000994854 0.00121698 -0.00331128 -0.00539607 0.0010251 -0.00822561 0.00328256 0.00364473 0.00179132 -0.00576166 0.00156025 -0.00116808 0.00154191 -0.0043971 0.00190265 0.000122699 -0.0026031 -0.000370943 -0.00141705 -0.00645402 0.00585933 -0.00033699 0.00146544 -0.00183127 -0.00205937 0.00827906 -0.00711798 0.00101933 0.00375285 -0.00180497 -0.000161728 0.000948243 -0.00288484 0.00665974 0.00764425 -0.00624454 -0.00709282 0.00331024 -0.000754738 0.000374043 0.00371378 0.000845486 0.00385017 -0.00107755 0.00134674 -0.000179858 0.0111921 0.00193363 0.00938658
-0.00046852 -0.000782881 -0.00179724 -0.000377578 0.000552946 -0.000428058 0.000592158 -0.000221926 -0.000867095 -4.8747e-05 -0.00055057 0.00158797 0.000436429 -0.00017673 0.000244145 -0.000312576 -0.000726897 0.000519317 0.00418925 0.00405562 0.00161284 -0.000435533 0.00066303 -0.00196892 -0.00605087 -0.0100595 0.00583752 0.00826768 0.999277 -0.00970885 -0.0140013 -0.00581646 -0.00978059 -0.00600709 -0.0102 0.00117489 -0.00410534 -0.00266894 -0.00603408 -0.00258886 0.00218325 -0.00724494 0.00298857 -0.0107889 -0.00116164 -0.00849233 0.00109769 -0.00167783 -0.000356232 0.000532675 -0.00109295 0.000885297 -0.00135511 -0.0014215 0.00194733 -0.0045449 0.00263217 0.00099846 -0.000762443 0.00135486 -0.0014119 0.00158061 -0.000327193 -0.000553621 -0.00123984 -2.34565e-05 0.00069766 0.00027959 -7.7646e-05 0.00356459 0.00208708 -0.00517863 0.00102164 -0.00220066 0.00463447 0.00149981 0.00460339 -0.00389328 0.0039345 0.00761676 0.000896286 0.00571183 -0.0064636 0.0146441 0.00233752 -0.000684646 -0.00198701 0.00351489 -0.00470568 0.00244657 0.00289352 0.00588633 0.000641321 0.00343999 -0.00180882 0.000756025 0.000287094 0.00204589 -0.00302812 -0.00596349 -0.00118988 -9.10615e-05 -0.000318982 -0.00801344 -0.00274921 -0.00544092 -0.00485671 -0.00483648 -0.000744154 -0.00344687 0.00982982 -0.00228516 -0.00958635 -0.00396326 -0.00606503 -0.00595432 0.00791613 0.0147405 -0.00117809 -0.00145233 0.00954897 -0.0128166 0.00403897 0.0277331 0.00862505 0.0110688 0.00974498 0.00085805 0.00833309 -0.00156438 0.00224198 -0.00554189 -0.000832511 -0.00116466 0.0121707 -0.00291375 0.00550078 0.00671152 0.000776222 -0.00218087 0.00646299 -0.00120868 0.00917338 0.00445053 0.000293729 0.00162401 0.00279816 0.00625046 -0.00364116 0.0068914 -0.00141531 0.0012435 0.00775602 -0.00343783 0.00646477 0.000893465 -0.00386675 0.00157708 -0.00261966 0.00250034 -0.00732718 -0.0171445 0.00535485 -0.00251016 0.00433401 -0.00258417 -0.00116205 0.00080498 0.00162148 0.00413633 -0.0022864 0.00559482 -0.0144997 -0.00324963 -0.0172447 -0.000894528 -0.00265624 0.0137169 -0.00497256 -0.0115222 0.00769185 0.0313013 0.0106614 -0.0118022 0.00118116 0.0147464 0.00483767 -0.00508919 0.0439589 -0.0159366 -0.00420654 0.0100613 -0.00299841 0.0247237 -0.000885433 -0.00277558 0.0181068 -0.0227827 -0.0100153 -0.0161974 -0.0365423 -0.000630105 -0.0058599 0.0537332 0.0194864 0.00470834 0.00645862 0.00391544 0.0130734 -0.022242 0.02676 0.00847628 0.00782801 0.0101926 0.0169726 -0.021544 -0.00362577 0.00110005 -0.00770671 -0.00416391 0.00382991 -0.00231088 0.00462972 0.0149041 0.0118579 0.00453015 0.00304307 0.00343828 -0.000706097 0.014549 -0.000596631 -0.00329773 0.00589658 0.00566216 0.00515597 0.0071114 0.00437625 -0.00213936 0.0053702 -0.00881241 0.00615777 -0.0086012 -0.00720869 -0.00969863 -0.00467299 -0.0188766 -0.0139128 0.00250024 -0.000449195 0.00518244 -0.00792357 0.0033135 -0.0075918 0.000483848 -0.00119505 0.00744001 -0.00115614 0.00285602 0.00370156 -0.000351554 -0.00440402 -0.0112159 -0.0140491 0.00904147 -0.00554165 0.00125758 0.00303066 0.00720274 0.01064 0.00626405 0.00376501 -0.00695801 -0.00226912 0.00211351 0.0203758 -0.013554 0.00407623 -0.0020834 -0.017057 -0.0055864 0.0185307 -0.00295032 -0.0172845 0.00467839 -0.00580872 0.00245804 -0.00327981 -0.0043769 0.00486999 -0.00335202 -0.00770855 0.017554
-0.00015413 -6.19337e-05 0.00176742 -0.00010681 0.000639551 -0.00033146 0.000100382 -0.000139926 -3.52128e-06 -0.000257156 -0.000750376 0.000704279 -0.000388764 -0.000392924 0.00040951 0.000850077 -0.000731684 -0.00167853 -0.00164949 -0.00201335 0.00209468 0.00420861 6.47299e-05 -0.00454646 0.000632248 -0.00868551 0.00493921 0.0121146 0.0113657 0.990173 0.135305 0.000177586 0.0147364 0.000362248 -0.00268535 -0.0118032 0.00329155 -0.000289576 -0.00355562 0.00144702 0.0057362 0.00148383 0.00657492 -0.00241551 -0.00435486 -0.000933139 -0.000278602 -0.00286215 0.0016606 -0.00324674 0.000224067 -0.00355947 -8.54392e-05 -0.00382343 0.00493136 0.00478242 -0.000205173 0.00219573 -7.72342e-05 0.00370516 -0.00175831 0.000571067 0.000324634 0.000588486 0.000389077 0.000428913 -0.000579958 -0.000831822 -0.000769568 0.00155657 0.000853382 -0.000727859 -0.000116917 0.00282786 0.000277044 0.000998461 0.00688517 -0.000920541 0.0036753 0.000913501 -0.0029465 0.000216215 -0.000855343 0.00514826 -0.00204849 0.000662222 -0.00411137 -0.00242679 0.00344505 0.00489033 0.00541212 -0.00870333 0.00341171 -0.00215276 -0.0022179 0.00247786 -0.00242077 0.00857908 -0.00634862 0.00235399 -0.00483839 0.01389 -0.00108999 -0.00221184 -0.000648865 0.00682369 -0.00163894 -0.00310644 -0.000359924 0.0108045 -0.00506471 0.0024021 0.00791994 0.0113465 0.00657815 0.00743572 -0.00379157 -0.0128777 -0.00184662 0.00715483 -0.00268195 0.0080844 0.00853468 -0.0266754 0.00455052 -0.0194881 -0.0161786 -0.00484254 0.00276857 0.00358822 -0.00328599 -0.00138475 0.00132568 -0.000351978 -0.0101259 0.00560558 -0.00636157 -0.005099 -0.00382508 0.00457963 -0.00455079 0.00201403 -0.00248875 0.0079378 0.000596741 0.00288089 -0.00568613 0.000319689 -0.00169576 -0.0037769 -0.00717967 0.00646435 -0.00326217 -0.00116665 -0.00405061 -0.00672043 -0.00224589 -0.0028124 0.00259138 -0.00172609 0.00928421 0.00303097 -0.00172424 0.00425642 -0.00586165 0.0108759 0.0161391 -0.00973385 0.000261065 -8.13532e-05 -0.0018217 -0.00602284 0.0162409 -0.00931782 0.00449994 -0.00900484 -0.000711865 -0.0194142 -0.0112351 0.0184646 0.0044741 -0.00774646 -0.00252824 0.0199103 0.0026003 -0.0203552 -0.0117484 0.00340865 -0.0143061 0.0189273 0.0118696 -0.0205581 0.00874973 -0.00717671 -0.0161018 0.0259437 -0.0188517 0.023041 -0.00735832 0.00407819 0.0120267 0.0193419 -0.00406675 -0.0223588 -0.0120943 -2.82545e-05 -0.00565178 0.00172397 -0.00544975 0.00619108 -0.0155882 0.00103594 0.00503469 -0.00272902 -0.0140583 0.0265101 -0.00272731 0.00576103 0.00845408 -0.00586941 0.00304806 -0.00273011 -0.00546352 -0.00291306 -0.0124577 -0.00447332 0.00384028 -0.0094462 0.00603513 -0.00224976 0.00658187 -0.000212784 0.00395577 -0.00854257 -0.00546095 -0.0136006 -0.000612102 -0.000823656 -0.00499324 -0.00234144 0.00120457 0.000924695 0.00409134 0.00600884 0.00116071 0.0120891 -0.000898776 -0.00703452 0.000777863 -0.00241915 0.00543556 -0.00288707 -9.1883e-05 0.00251496 -0.00218685 -0.00342667 -0.00329195 -0.00439178 -0.00447026 0.00404198 0.0054145 0.0124218 0.00581951 -0.00549766 0.00178487 0.00109201 -0.0045428 -0.000538884 -0.00187366 -0.0113732 -0.00806456 6.16092e-05 -0.00866677 -0.00139561 -0.0135804 0.0095075 0.0016647 0.00621715 0.00936005 0.00675107 -0.0118188 -0.00342829 0.0164574 0.000252018 0.00522146 -0.000317195 0.00230576 -0.00720506 -0.0103322 -0.00277239 0.010171 -0.00724542
0.000130668 0.000304027 0.00137792 -0.000330581 0.000157689 8.58407e-06 0.000214307 -3.86282e-05 -0.00131524 -8.81205e-06 -0.000246136 0.00151539 -0.000220207 3.76045e-05 -0.000442829 -0.00170098 0.000137263 0.003347 0.0013166 -0.00500966 -0.00124303 -0.000108948 -0.00360383 0.00241425 0.000861142 -0.000396596 0.000304533 0.00779275 0.0123681 -0.135301 0.990038 0.00547086 -0.00548248 0.011568 0.00489908 -0.00580867 0.00424156 -0.00580911 0.000174815 0.00536691 0.0063292 -0.00758544 -0.00536064 -0.00593413 -0.000212334 0.00185685 0.00158314 0.000637405 -0.000879859 0.000582377 -0.000665922 0.00926852 -0.00361921 0.00512359 0.00383941 -0.0078871 0.00422945 -0.0055301 0.00105447 -0.00487944 0.000332758 -0.00159947 0.000324855 -0.000123325 0.000223966 0.000842016 0.00017125 0.00156255 0.00402643 0.000337635 0.00352175 0.000806151 0.00248773 -0.00102439 0.00377937 -0.00566541 -0.000601432 -0.00106967 0.000324185 0.00119622 -0.00160655 0.00222843 -0.00571962 0.00694952 0.00186593 0.00150236 -0.000642283 -0.00523282 -0.0015536 -0.00260266 -0.00526323 0.00751301 0.00939783 -0.00367799 0.00337608 0.000893293 -0.00251146 -0.00666565 0.00397585 0.00316101 -0.00425653 -0.0194035 -0.0135319 -0.00450594 0.00592458 -0.00458236 0.00057629 0.00560506 0.00925374 0.00919915 0.0209775 0.00581444 -0.0088049 0.0010029 0.00391651 0.0165332 0.0367927 0.0139525 -0.013847 -0.00639899 0.0120021 -0.0125294 0.0223874 0.0434748 0.0207793 0.00320983 0.0011278 -0.00027176 0.0119377 0.0047023 0.00891907 -0.012536 -0.00974745 -0.00668293 0.0156348 0.00134005 0.00928491 -0.0044264 0.00184412 -0.00286923 0.00703188 0.00956027 0.00352126 0.00850284 0.0019704 -0.00100749 0.00315929 0.0101869 -0.000944721 0.0067137 5.90831e-05 -0.00313093 0.0101655 0.00125976 0.00122245 -0.00270689 -0.00214328 0.0114857 -0.00301177 -0.0022868 -0.0122034 -0.00810999 -0.00418754 0.00201147 0.00650985 -0.0184432 -0.0106888 0.00416436 -0.00800191 -0.000121961 0.00364089 -0.0235728 -0.00465407 0.0167028 -0.0322133 -0.00357453 0.0010912 0.0232504 -0.0370427 -0.00621365 0.00130157 0.0403196 -0.0217293 0.000762842 0.0142666 0.0224702 0.00455802 -0.0173592 0.0150301 -0.017474 -0.020701 0.0150744 0.00213464 0.0171219 -0.00275143 -0.0175777 0.00105254 -0.0248532 0.0225185 -0.0120061 -0.0481539 0.00464 0.0144194 0.106132 0.0456167 0.0129719 0.0150068 0.00261641 0.0212101 -0.0255221 0.0569454 0.0338998 0.00314874 0.0237124 0.0309426 -0.00887004 0.00637611 -0.0105137 -0.00034697 -0.0171655 0.00485251 -0.00145649 0.0022734 0.0138914 0.00796647 0.000532361 -0.00144528 -0.00125342 0.0106621 0.021313 -0.0040977 -0.00141422 0.0158365 0.00462587 0.00177257 0.011066 0.00236701 -0.0113525 -0.00219076 -0.00848171 0.00653684 -0.0135696 -0.0052311 -0.00970671 0.00629877 -0.0228312 -0.0107269 0.00689184 -0.00207907 0.00787118 0.00120036 -0.00169781 -0.0083482 -0.00341181 0.00269162 0.00637945 -0.00576642 0.0148067 -0.000125893 0.00136441 -0.00114749 -0.0166268 -0.0184446 0.0170577 -0.00947915 -0.00154783 0.00300875 0.0134165 0.0182283 0.00893375 -0.00028484 0.00935137 0.0123119 0.000201147 0.0179572 -0.0145316 0.0143991 0.0196022 -0.0324786 -0.0105398 0.0158068 -0.00791094 -0.0249419 0.0010621 -0.00842162 0.00606578 -0.0032812 0.00339612 -0.0049886 -0.00280667 -0.00028549 0.0273809
-0.000454661 -3.22083e-05 -0.000886574 0.000562642 0.000383556 0.000372095 -0.00110326 0.000331959 -0.000500169 -0.00016288 6.12695e-05 0.000911308 -0.00014942 0.000235806 9.22999e-05 -0.000783469 -0.000996827 2.54843e-05 -0.000593742 -0.0015078 0.00037948 -0.00647801 0.000506339 -0.000600577 0.001005 -0.00191994 0.004357 0.0089987 0.00576991 -0.000922496 -0.00524907 0.99579 0.0743408 -0.0139435 -0.037056 0.00367215 0.016342 0.00377322 -0.00882971 0.00958051 0.00307067 -0.00917108 0.00808138 0.00147473 0.000885783 0.00192967 -0.00175676 -0.00409706 0.000894648 0.00460992 -0.00397754 0.00246057 -0.00199983 0.0070835 -0.00119064 -0.00145295 0.000420824 0.00356657 -0.00277849 6.39766e-05 -0.0013497 0.000465058 -0.00067738 0.000540961 0.000392144 0.00349144 0.000260405 -0.00043803 0.00159813 0.00363579 -4.71675e-05 -0.00262905 0.00322633 -0.000129851 -0.00383611 0.00343306 -0.00124068 -0.00221777 0.00273308 -0.00351384 0.00319883 5.97551e-05 -0.00841772 0.000780998 -0.00354375 -0.0100418 0.00192117 0.00356957 0.000264186 -0.00424127 0.00306218 -0.00203489 -0.0061965 -0.00577901 -0.00110152 -0.00411456 0.00759186 0.00347408 0.0050615 0.00188653 0.00408551 -0.00058614 -0.00732194 -0.00219621 0.000141422 0.00162056 -0.00802695 0.00166449 0.00687652 -0.00106078 0.00687914 -0.00194877 -0.00420772 -0.00568361 0.00238351 0.000839434 0.0132011 0.0055929 -0.00285149 -0.00350199 0.00388979 -0.00754319 0.00598524 0.0177102 0.000936527 0.00378951 -0.000309798 -0.00438629 -0.0138071 -0.00250594 4.20328e-05 -0.000783267 0.000478339 0.00213148 0.00287728 -0.00232772 0.00361665 -0.000600418 0.00569203 0.00163962 0.00977285 0.0070302 -0.000882873 0.000376665 0.00491697 -0.000795721 0.00277742 -0.000325643 0.00101048 0.00611928 0.00188028 -0.00422644 0.00184608 0.00266474 0.00820602 -0.00301262 -0.005068 0.000505915 -0.00282219 0.00379895 -0.0054802 0.000299176 0.00060158 0.00369646 0.00739346 -0.00412802 0.0118948 -0.00133324 -0.00307186 0.00826591 0.00791974 0.00975646 -0.0072289 0.0136018 -0.00267032 0.00198798 0.00429356 0.00231906 0.0062203 -0.0146862 -0.0103158 0.000977039 -0.0129588 0.0163368 0.00605452 -0.00487282 0.00297465 -0.00858127 0.019202 -0.0153277 -0.00323376 0.00291337 -0.00684768 0.0114273 0.00165673 -0.00559608 -0.000231804 -0.00856453 -0.00121221 -0.00166221 -0.0184981 -0.00550071 0.00823243 0.048653 0.0182133 0.000341541 0.00435513 -0.00591019 0.0131013 -0.0127784 0.0236366 0.0147646 0.014377 0.0086232 0.0135907 -0.0064574 0.00499127 0.00137141 0.00195678 -0.00940161 0.00630451 -0.00294351 0.00150242 0.00355044 0.00956965 0.00550604 -0.00260983 -0.00263808 0.00476148 0.00884427 0.00127649 0.000401937 0.00449798 0.00415102 0.00135104 0.00481177 0.00187874 -0.00201759 -0.00145593 0.00425622 0.00996789 -0.00992621 0.00103231 -0.00288581 0.00148813 -0.0137492 -0.00663134 -0.000814345 -0.00549637 0.00472294 -0.00395438 -0.00407617 -0.00703467 -0.00163239 0.00284735 0.00732806 -0.00377409 0.00399047 0.00151949 6.29933e-05 -0.000510004 -0.00544387 -0.00858209 0.00389606 -0.0044868 0.00252487 0.000882916 0.00254954 0.0073994 0.00257859 -0.00303847 -0.00468416 -0.0022543 -0.000686587 0.0127574 -0.00628541 0.00397256 0.00224984 -0.00735048 -0.00123776 0.00833196 -0.00414316 -0.0104267 -0.00136731 -0.00114506 0.00181564 -0.00190546 -8.73411e-05 -0.000545729 0.00720425 -0.00108985 0.0139047
-0.000344192 -0.000786701 1.80313e-05 0.00044025 7.36402e-05 -0.000383861 -5.23722e-05 0.00037477 0.00141896 4.78075e-05 -0.00186188 -0.00185658 -0.000125075 -0.000958012 0.000177656 2.21171e-05 -0.000278007 -0.000819386 -0.00400466 0.00440646 0.00155907 -0.000432336 0.00374716 0.00153189 -0.00228705 0.00854916 0.00300479 0.00276119 0.00970476 -0.0150534 0.00326578 -0.0732201 0.994614 0.0610393 0.00240999 0.00945559 -0.00767831 -0.00759395 -0.0125638 -0.00595425 -0.0022163 0.0083911 -0.00780395 0.0106161 0.00633129 -0.001291 -0.00232141 0.000803245 -0.00638125 0.00691692 -0.00279414 0.00496672 -0.00110728 -0.00116064 -0.00350889 0.000659433 0.0030077 0.00171167 0.00154603 0.00254022 -0.00123708 0.000222456 0.000170889 0.00175404 0.000163273 0.00121941 0.00185621 0.00110109 0.00239801 0.00397738 -0.00047405 0.00421582 0.000767552 -0.00301061 -0.00312312 0.00105877 -0.00213358 -0.000938532 0.00163158 0.000983417 0.00233053 0.000468811 0.000564743 -0.00687546 0.003454 -0.000911552 -0.00131407 0.004428 -0.00102028 0.000237379 0.00327756 -0.00465508 0.00609421 -0.00111273 -0.00127509 -0.00225032 0.00263187 -0.00497862 -0.00301864 -0.00193098 -0.00320863 0.00684669 -0.00285631 0.0100252 0.00230821 -0.000977154 5.34601e-05 -0.00113961 -0.0042337 0.00105361 -0.00786071 0.00351552 0.00272508 0.00133475 -0.0022363 0.000239444 -0.0115003 -0.0173173 0.00146334 0.00166558 -0.00707191 0.00873287 -0.00409456 -0.0288535 -0.00232726 -0.0117133 -0.00919421 -0.000576343 -0.000672577 0.00024868 -0.00174955 0.00260547 0.00458274 0.00229315 -0.0109638 0.00371042 -0.00330252 -0.00146421 -0.00320647 0.00109896 0.0018103 -0.00119765 -0.00425714 0.000174464 -0.0021598 0.00387772 -0.004803 -0.00922138 0.00464315 -0.00459809 0.0016297 -0.00165852 -0.00349593 -0.00304202 -0.0048203 0.0035105 0.0031211 -0.00481239 0.00233373 0.00451195 0.00326736 0.00813089 -0.00453097 -0.000280761 -0.00401463 0.00532036 0.00281524 -0.00462712 0.00202878 -0.000895217 0.00105303 0.00270385 0.00250549 -0.00880332 0.00829106 -0.0072689 -0.00792997 -0.013732 -0.00725687 0.013258 -0.0105469 -0.0223204 0.0116779 0.0113514 -0.0194533 -0.0138541 -0.0153275 -0.00257439 -0.0317729 0.0262208 0.00307021 -0.0152214 -0.0123658 -0.0350038 0.0122493 0.00756508 -0.00335003 0.0119876 -0.00494138 0.012903 0.00981993 0.00350939 -0.00215798 -0.0543009 -0.0124757 -0.00688205 -0.00904752 -0.00583811 -0.0125366 0.0186822 -0.0248738 -0.0120628 -0.012089 -0.00536416 -0.0115894 0.00968076 -0.00361347 0.000156113 0.00192206 0.00733925 -0.00331785 -0.00221759 -0.00600238 -0.0152635 -0.0125049 -0.00303818 0.00695047 -0.00192297 0.0027588 -0.0124532 0.0088092 0.00248029 -0.00553754 -0.0031069 -0.001042 -0.0135477 -0.00491494 -0.00203474 -0.00533643 0.00322213 -0.00364398 0.00867462 0.00929924 0.00353335 -0.00029081 0.0170375 0.00652229 -0.00460518 -0.00259804 -0.00232697 0.00273328 0.00296205 0.00646209 -0.00267185 0.00432909 -0.00238252 0.00250833 -0.00520275 0.000158184 -0.00368846 0.00801456 0.00958149 0.00833174 -0.00732977 0.00319465 -0.0035755 -0.00171154 -0.00212855 -0.0114634 -0.0169807 0.00072725 0.00610114 -0.00176848 -0.00239828 -0.0170343 0.00974046 -0.00659069 -0.008694 0.0114076 0.0082055 -0.0145039 -0.00278913 0.017943 0.00499178 0.00167115 0.00244709 -0.00356046 -0.000312988 -0.00399238 0.0028877 0.00385232 -0.0162773
0.000379435 -0.000477961 0.000292573 -0.000171053 -0.000760057 -8.85417e-05 -0.000277833 0.000268435 -0.00138422 0.00026019 -0.00166373 0.00104714 5.72684e-05 -0.000806344 -0.000685347 -7.79508e-05 0.000974257 0.00208517 0.00671424 -0.00350585 -0.00336552 -0.00185933 -0.00323849 -0.00439245 -0.0031341 2.54308e-05 -0.00192358 0.000765179 0.00551234 0.0021019 -0.0122041 0.0186582 -0.058917 0.996907 0.0206393 -0.00663723 0.016618 0.0160366 0.00932036 0.000171796 -0.00808258 -0.0160576 0.00628132 -0.00417981 0.00177811 -0.00370264 0.000595011 -0.000643775 0.00518494 -0.00233044 0.000456261 0.00219171 0.00132238 -0.00570257 -0.000528481 0.00208364 -3.14953e-05 0.000790944 0.00183668 -0.00787164 0.00303948 -0.0019754 -0.000524898 -0.00130635 -0.00244788 -0.000855182 -0.000667476 -0.000225608 0.00038666 -0.00294575 0.00115032 0.000345051 -0.000188954 0.00276131 0.00335948 -0.0019509 -0.00331323 -5.3371e-05 -0.00296196 -0.00263691 -7.08737e-05 0.0009582 0.00235432 -0.00170867 0.000318887 -0.00143831 -0.00518317 -0.00323888 -0.00293766 -0.00385373 -0.00204247 0.00243243 0.00306503 -0.00725507 0.00289182 0.00320622 0.00132878 0.00251998 0.00218117 -0.00709905 -0.00615672 -0.0129694 -0.00243644 -0.000438519 0.0130648 -0.000466489 -3.09014e-05 0.00290624 0.0078172 0.00276849 0.0140558 0.00515146 -0.00840684 -0.00511691 0.000352739 0.00766835 0.0205983 0.00872415 -0.00734987 -0.00799589 0.00563921 -0.0127774 0.0144578 0.0326114 0.00948163 0.00251267 0.000664464 -0.00477104 0.00166256 0.00179157 0.00375378 -0.00434584 -0.00713102 -0.00390552 0.0122111 -0.00023045 0.00230021 -0.00320581 0.00467364 -0.000771928 -0.000324366 0.00647393 0.0072017 0.00192859 0.00348704 -0.00833712 0.00537025 0.00978644 -0.00348748 0.00094117 0.00590154 -0.00880763 0.0062767 0.00140733 -0.00214675 -0.0023398 0.000754115 0.00738311 -0.00468033 -0.00939945 -0.01282 -0.00450386 0.000401731 0.000698249 0.00700058 -0.0124596 -0.00416977 0.0121913 -0.00755632 0.00422001 0.00336713 -0.00847144 -0.000110179 0.012179 -0.0150976 0.00309812 0.0023347 -0.000323523 -0.0179205 -0.0134621 -0.00997465 0.0199049 -0.0214976 0.0126567 0.0162119 0.0219426 0.0104551 -0.000857619 0.028261 -0.0154708 -0.0151067 0.0115589 -0.00942164 0.0199336 -0.0145585 -0.00547438 0.00904061 -0.0214465 0.0104551 -0.0145885 -0.0220794 0.00452835 0.0100043 0.0639742 0.0221486 0.00395636 0.011727 -0.000571022 0.0193893 -0.0255987 0.0311655 0.0213615 0.00910349 -0.000279376 0.0156142 -0.0102473 0.00672167 -0.00557124 0.000930645 -0.00791898 0.00307923 0.0023036 0.00453962 0.00103374 0.00814639 -0.00415829 -0.00132627 0.00725877 0.00793056 0.0142421 -0.00504365 -0.000551982 0.0134017 0.00446779 0.00220504 0.00833232 0.000748893 -0.00672901 -0.00131437 -0.00226773 0.00677073 -0.00516041 -0.00771804 -0.00584695 0.00466693 -0.0184206 -0.0108389 0.00597813 0.00051475 0.00658212 -0.000699754 -0.00343796 -0.00561526 -0.00571546 0.000252713 0.00717736 -0.00528603 0.0051882 -0.000455549 0.00442504 -0.000919434 -0.0112226 -0.0132133 0.00980641 -0.00600965 -0.00439201 0.00220939 0.0136158 0.012978 0.00952448 -0.00505232 -0.00221018 0.00774458 -0.00189926 0.0157467 -0.00946235 0.00773988 0.00803736 -0.0153681 -0.0109042 0.0121079 -0.00581684 -0.0163994 -0.0100106 -0.00453216 0.00219816 -0.00732502 0.00486023 -0.00189638 -0.0019793 -0.00348112 0.0195944
-0.000131505 0.00031335 2.0552e-05 -0.000278057 -0.000682002 0.000271206 0.00071203 0.000148033 -0.000456918 0.000998473 -0.00042063 -0.00155022 -9.57473e-05 -4.90352e-05 -0.00079032 0.000800482 0.000431447 0.0012946 0.00109294 -0.00190049 0.00249398 -0.00254236 0.00176365 0.000737773 -0.00249129 0.00206046 0.00482549 0.00419025 0.010037 0.00289098 -0.004592 0.0370752 0.00110913 -0.0208596 0.997525 -0.0249527 -0.0246787 0.00640976 -0.00874536 -0.0155684 0.0152848 0.00106242 -0.018193 0.00775997 0.00465321 -0.00102047 -0.0110391 -0.00462992 0.000927032 0.00725664 0.00123248 -0.00102153 0.00525944 -0.00613674 0.0037131 0.00143049 -0.00233896 0.00330817 -0.00490235 0.00222937 -0.00253432 0.00190598 0.000443422 -0.000996767 0.00129515 0.000970797 0.000971702 -0.00132402 0.000937074 0.00376056 -1.60093e-05 0.00115568 -0.0028303 -0.00213733 0.00413379 0.00516211 -0.00168588 0.00451103 -0.0012455 0.00462832 0.00197638 -0.000646426 0.00349443 -0.00495984 -0.002302 0.00317082 0.00801524 -0.00413183 -0.00407602 0.00364423 -0.00212557 0.0052244 0.000428118 -0.00301203 -0.00175196 0.00110907 -0.000794243 -0.00381958 -0.00418831 -0.000271517 0.000386405 -0.00441455 0.00279588 0.00385005 0.00364609 0.00401504 0.00657894 0.00480746 -0.00107992 0.00194249 -0.000112884 0.00188163 -0.00332416 -0.0027824 0.00335739 0.00329324 0.007259 -0.000186267 0.000886 0.00118701 0.00115538 -0.00598723 0.00294251 0.00714851 0.00439188 0.000274977 0.00258186 -0.000927615 0.00249716 0.0043415 0.00174731 -0.0051648 0.00123127 0.00134241 0.00315523 -0.00015639 0.00293476 0.00253964 0.00145953 -0.00029604 0.000887238 0.00308527 0.00189819 -0.00132648 -7.68795e-05 -0.00109615 0.00113625 0.000127394 -0.00166816 -0.00146548 0.000957077 -0.000674105 -0.0025852 -0.00133403 -0.000517254 0.00656953 0.00552695 0.00399293 -0.000140732 -0.00278045 -0.000119302 0.00277564 -0.00351306 -0.000510823 -0.00302033 -0.00219398 -0.00384304 0.00358298 -0.00687337 -0.00183175 -0.00337421 -0.00245914 0.00458141 0.00441887 -0.00715066 0.00303899 -0.00116999 0.00378548 -0.00451221 -0.00259848 0.00289162 0.010005 -0.0121786 -0.000780659 0.00418992 -0.00275447 0.00954511 -0.000463385 0.0115104 -0.0067654 -0.00734278 0.0109765 -0.000720304 -0.00130947 -0.00381593 -0.00507294 0.00452729 0.00485791 0.00540307 -0.000277489 0.000607206 0.0111027 0.00764931 0.00512018 0.00570946 -0.000722811 0.00264957 -0.00126099 0.00207529 -0.00199139 3.90799e-05 0.00786674 0.00101147 0.000737077 0.00847915 -0.00278686 0.00266207 0.00026158 -0.00204748 -0.000957944 0.000451762 -0.000350752 -0.00163149 -0.000424415 0.000896573 0.00288744 -0.002243 0.00250973 0.00349513 0.00268571 0.00186213 -0.00203352 0.00166818 0.00161744 0.00226316 0.00267949 0.00314976 -0.00383398 -0.00341668 0.00186013 0.000652039 -0.000532591 0.000254419 -0.000112775 0.00149079 -0.00303923 -0.00291739 -0.00106284 0.00227183 0.00662138 -0.00148023 0.00184275 0.00348887 0.00204475 0.00323412 0.000332847 -0.000432206 0.000877307 -0.00391372 0.000287196 -0.00133917 -0.00213736 -0.00178293 -0.000580932 0.00241945 -0.00211963 0.00275546 0.00786393 0.00287119 0.00698286 -0.00231711 0.00235606 0.0080279 0.00119711 0.00230597 -0.000730557 0.00277298 0.0028488 -0.002357 -0.00440348 0.00421347 0.000988791 -0.00697114 -0.00632592 0.00138792 -0.00230573 -0.00408128 0.00298695 -0.00241059 -0.000105528 -2.49759e-05 0.0044864
-0.000188971 -0.000328869 -0.000250605 -0.00011351 -0.000921706 -0.000851868 -0.00063088 -0.000761778 -0.00121401 0.000343525 0.000142237 -0.00207553 0.000195557 0.000391134 -0.000978848 0.000996953 0.000864014 0.000793449 0.00438278 -0.00211178 -0.000131247 -0.000154838 0.000154296 0.00314043 -0.000710144 -0.000590968 0.00601159 0.00260562 -0.000476579 0.0110912 0.00678612 -0.002699 -0.00930374 0.0044458 0.0253763 0.996707 0.0571876 0.024296 0.0121507 -0.0171991 0.0192374 -0.00478628 -0.0162644 0.00747855 -0.000192419 0.00497742 -0.00432893 -0.0010791 -0.0123512 0.00532876 0.00246185 -0.00256622 0.00492136 -0.00267208 0.00464769 -0.00721012 -0.00171865 -0.00294623 0.000552515 -0.000830742 0.000203485 -6.35126e-05 0.000185124 -0.00219616 0.000420034 0.000350855 6.70601e-05 0.00171999 0.00153482 -0.000207323 -0.00227983 0.00102127 -0.00226581 -0.00263379 -0.000821971 0.000856141 0.000416445 -0.00400307 0.00450501 -0.00473011 0.000624114 -0.000137733 1.38808e-05 -0.0106071 -0.00073855 -0.0011765 0.00176521 0.00193999 -0.00122243 -0.00277119 0.00305227 0.00312174 0.00114675 -0.00450314 0.000988808 -0.00104223 0.00233206 -0.00192161 0.00706993 -0.00441075 0.000250411 -0.00818441 0.00700565 -0.0111273 0.00257797 -0.00420487 0.0037076 0.0040062 -0.00083029 0.000191739 -0.0024243 0.00171625 0.000505043 -0.0005322 0.00278203 0.0034487 0.00491626 0.00401967 0.00146371 0.00101745 0.00188116 -0.00105078 0.00337401 0.0081228 0.00161873 0.00264391 0.00226529 0.00177285 0.00676299 0.0029844 0.00158472 -0.00373501 -0.00582309 -0.00264529 0.00440745 -4.73088e-05 0.00457241 -0.00166977 -0.00119973 0.000452202 0.000253699 0.000896054 0.000225041 -0.00233098 0.00127202 -0.00612846 0.000519852 0.0004142 0.00761909 0.00135115 0.00402849 -0.00596046 0.00399729 0.00065879 -0.00079383 -0.00703337 0.00223872 -0.00228694 0.00316267 -0.000914468 0.000326849 -0.000294811 0.000215937 -0.000477657 0.00614185 -7.02618e-05 -0.00491206 0.00626566 -0.00116765 -0.00288897 0.00430972 -0.00547518 -0.00152536 0.00342343 -0.00282247 0.0105024 -0.000416931 0.00249556 -0.00122184 -0.00825707 0.0045477 0.00753751 -0.0174801 -0.00803981 0.00376761 0.0100996 -0.00294441 0.00230411 -0.000319474 -0.00258441 0.000581978 -0.00209392 0.00379884 0.000706368 0.00717845 -0.00290147 -0.0115955 -0.0153854 0.00182013 0.005099 0.0082657 0.00450062 0.00717391 0.0204527 0.000882873 -0.000142077 0.00533712 -0.000225716 0.00281805 -0.00226989 0.00896485 -0.000332186 -0.00159372 0.00254669 0.00417254 0.00563015 0.00334231 0.000287508 -0.00345847 -0.00299429 0.00403716 0.000852126 0.000215691 0.00258459 0.00460392 -0.00113403 -0.00413411 0.00156075 0.00176961 0.00551221 -0.00322009 0.000797917 0.00105597 0.00167888 -0.00101113 0.00207877 0.0015374 -0.00200508 0.000971143 -0.00207879 0.00133486 0.00168632 0.00302739 0.00210039 0.00350701 -0.000586589 0.00305132 0.000934963 0.00365601 0.00211744 -0.00278443 -0.00309176 0.00263154 -0.0017592 0.00152934 -0.00122431 -0.0015597 0.000305314 0.00280085 0.000821544 -0.000369416 -0.00385448 -0.000401579 -0.00154435 0.00012525 0.00118261 0.00131685 0.00517021 0.000836577 0.0111528 0.000478812 -0.00414691 0.000421103 -0.000822777 0.00286621 0.000425002 -0.00147166 0.00625362 -0.000351607 -0.00383362 -0.00241198 -0.000576404 -0.00838503 -0.00663281 -0.00138552 -0.00444064 0.00537864 0.00296064 0.000376331 -0.00578543 0.00135698 0.00354078
0.000349489 0.000279421 -0.000396558 -0.000348774 0.000352627 0.000138927 -0.00129734 -9.65846e-05 -0.00102138 0.000331063 -0.000655407 -0.00021448 5.9041e-05 5.01375e-05 0.000366709 0.000553998 4.66484e-05 -0.00393739 0.000511854 0.00078154 -0.00244611 0.00314178 -0.00199986 -0.00230641 -0.00387787 -0.00387435 -0.00483243 -0.00306754 0.00418115 -0.00309146 -0.00489031 -0.0152563 0.00816924 -0.0171162 0.0228699 -0.0588995 0.995974 0.00205364 0.0324022 -0.0368714 0.00440765 -0.0060309 -0.014559 -0.00221302 0.00259228 -0.00529477 0.00132782 0.00544733 0.00140335 -0.00302902 0.00138587 0.00610843 0.00106881 -0.00564532 -0.00273536 -0.00504216 0.00744988 -0.0106781 0.00227435 0.00117325 0.00100773 -0.000913175 0.000639905 -0.000992902 -0.000426053 0.00102135 0.00071744 0.00144154 0.00351964 0.00141266 0.00102083 0.000503907 0.00223867 -0.00170805 -0.00261931 0.000341229 -0.00201894 -0.00245595 0.00708592 -0.00672549 -0.000873599 -0.00400124 0.000535022 0.00188251 -0.00321268 -0.00180785 0.00176345 0.00118102 0.00747496 -0.000598344 0.00290301 -0.00104581 -0.0105162 -0.00209099 -0.00431193 -0.00545602 0.00114892 0.00732789 0.000429615 -0.00428911 -0.00420258 0.00424285 -0.00242036 -0.00279785 -0.0062031 0.00518494 0.00177041 -0.0027001 -0.0021267 0.00190425 -0.00756798 -0.00513135 -0.00065153 0.00556018 -0.00265268 -0.00717726 -0.0126606 -0.00677783 0.00248254 0.00269884 -0.0046147 0.00346353 -0.00329534 -0.0141669 0.0027377 -0.00299737 0.00105106 0.00108035 0.00935053 0.00111031 -0.000263416 -0.00226013 -0.00371984 -0.000690914 0.000437003 -0.00324822 0.000463755 8.35497e-05 -0.00453279 0.00132695 0.00306939 -0.00193631 -0.000812453 -0.0029355 -0.000933522 -0.00118053 -0.00749383 -0.00822938 0.00122028 0.00125446 0.000257749 -0.0014426 -0.000774045 0.0067712 0.000193757 -0.00388934 -0.00103603 -0.0021533 -0.00268131 -0.00108735 0.000670345 -0.000414339 -0.00219064 0.00281859 -0.00148565 0.000540152 0.00119505 -0.00155553 0.000961294 0.000835719 0.00169939 0.00145387 -0.000478189 -0.00603846 0.0102626 -0.00291503 -0.00652146 -0.0111719 0.00819646 0.0105844 0.00720725 -0.00228889 0.00879481 -0.0125999 -0.021623 -0.00432505 -0.024685 0.0165218 -0.0111131 0.00735405 0.00445559 -0.0198677 -0.00213051 0.000506279 -0.00189033 0.0036979 -0.00563743 0.00688383 -0.0013849 0.00154027 0.0118758 0.00216862 0.00331488 -0.0126215 -0.00248251 -0.00271096 -0.000963866 0.000817362 -0.00617316 0.00334715 -0.00735891 0.00404868 -0.00714447 7.41802e-05 -0.0131171 0.00215111 -0.000923058 -5.30437e-05 -0.00500873 -0.000153736 -0.00144575 -0.00428537 -0.00442381 0.00215931 -0.00081403 -0.000642194 0.000438733 -0.00330338 -0.00427756 -0.00485647 0.000515092 0.00138779 0.001258 -0.00451331 -0.00245729 -0.00771625 -0.000829631 0.0013154 0.00766032 -0.00800198 -0.00171737 0.00346813 0.000585704 0.00187638 -0.000464093 0.00186213 0.00460005 -0.00256806 0.00330595 -0.00159043 0.0015531 -0.00318987 0.00342809 0.00596044 0.000442414 -0.00474734 -0.000505243 -0.00335948 0.00275184 0.00132658 0.00148716 0.00503048 0.00340202 -0.00815264 0.00020466 0.000611957 -0.00476689 -0.00493816 -0.00403965 -0.00665791 -0.0039778 -0.00619381 -0.00866627 -0.00438268 -0.00369713 0.00306414 -0.0104432 -0.0043566 0.00303762 0.00187092 -0.00993362 0.000397695 0.00646294 0.0100066 0.00226579 -0.000145386 0.000334105 -0.00995556 -0.00253865 -0.0116504 0.00187051 -0.00975911
-0.000209154 -0.000229433 -0.00142267 -0.00041247 -8.58284e-05 -2.14117e-05 -0.000729501 -0.000249917 0.00129962 0.000860973 -0.000880887 0.00301054 6.07078e-06 0.000521511 0.000439058 -0.00126539 0.000264149 0.00166177 -0.00171615 0.00202325 0.000911605 0.000659797 0.00394616 -0.000310244 -0.00102564 0.0019143 -0.00055204 -0.00058835 0.0019126 -0.00144354 0.00602993 -0.00498323 0.00814584 -0.0150051 -0.00677679 -0.0223032 -0.00197081 0.996731 -0.0497665 -0.0145738 -0.00963168 0.0151899 0.0248197 -0.0324007 -0.00927063 0.00158569 0.0123538 -0.0011182 0.00967645 -0.0103002 -0.00243205 0.000868614 -0.00399016 -0.00260104 0.00407673 -0.00116184 0.00434027 0.0116266 -0.00810058 0.00399828 -0.00234057 0.00165794 -7.69267e-05 -0.000574428 0.000911968 -0.000326853 -3.07469e-05 -0.00173704 -0.00191429 -0.00611172 -0.000756151 -0.00379879 -0.00229625 0.00106088 0.00869133 0.00296749 -0.00235116 -0.00163978 0.00121582 -0.0043906 -0.000469352 0.00669163 -0.000610191 0.000289037 0.000666746 0.00104857 0.0012353 0.00978549 0.00312374 -0.00271075 -0.00579101 0.000484188 0.000528308 0.00444071 0.00203168 0.000120237 -0.00204979 -0.00341283 0.000756429 -0.00149624 0.00214218 -0.0013111 0.00178129 -0.000284452 -0.0045179 -0.00199375 0.000735202 -0.00192741 -0.00115331 -0.000568172 0.00209185 -0.00171653 0.0030727 0.00170143 -0.000876856 -0.00161824 0.00154743 0.00237931 0.000334346 0.0011174 0.000206277 -0.00135313 0.00185748 0.00219471 -0.00178116 0.00104068 0.00221015 0.000158855 -0.000989173 -0.0002819 -0.000261894 -0.000847845 -0.00160672 0.000355828 0.00458285 -0.00339435 0.00107673 0.00299898 0.00217279 0.000924185 -0.00478832 -0.00246937 -0.00120694 -0.00107076 0.000853181 -0.0025197 0.0035657 0.00331941 -7.25079e-05 -5.11908e-05 0.00140855 0.00211948 -0.000775808 -0.000323164 -0.00440009 -0.00435748 -0.000879707 0.00151662 0.00531316 0.00127613 -0.00196088 0.00334516 0.00268896 0.00194161 -0.00207775 0.00101302 -0.00291457 -0.00194976 0.00494 -0.000227178 -0.00646028 -0.00184211 0.000151932 0.00177134 -0.000858255 0.00152523 0.00428732 0.00397065 -0.00192583 -0.00338522 0.00117 -0.00957885 0.00216959 -0.00922102 -0.000701337 0.00256482 -0.00771571 0.00275891 -0.00336009 0.00339283 -0.00141846 -0.000492174 -9.80238e-05 0.00558512 -0.00124032 0.00399296 -0.00342724 0.00597662 -0.00197263 -0.00309028 -0.00566645 -0.00214393 0.000438995 0.00128903 -0.00381325 0.00126501 0.000227283 0.000311709 -0.00190149 -0.00135507 -0.00113222 -0.000978074 0.00361022 0.00558885 0.00253758 0.000896223 -5.77043e-05 -0.000159834 0.00225493 0.00209636 -0.00168286 0.000212187 0.00221225 0.00106236 -0.000520964 -0.00161312 -0.0010041 -0.00263631 0.000900026 0.00449296 0.00183698 -0.00159143 0.00108361 -0.00110642 0.00152933 -0.000622271 -0.00134378 0.00124235 0.00182053 -0.00414164 -0.00046427 0.00140302 0.000832252 -0.00073341 0.0017473 -0.00357016 0.000336456 -0.00067348 -0.0020478 -0.00134012 0.00313639 -0.000469949 -0.00402994 0.00216433 2.78912e-05 -0.000996461 0.000999799 0.0034367 0.00317 -0.00256348 0.000536185 0.000852627 -0.000683028 0.00276004 -0.00046214 0.00112835 -0.00127077 -0.00409816 -0.00086634 -0.00533649 0.00351179 5.26686e-05 0.000750852 -0.00160661 -0.00111275 0.00047556 0.000999014 -0.000193713 -0.00202168 0.00029776 0.00305618 0.000404576 0.000484629 0.00408755 0.000775732 0.00310303 0.00250545 0.000781284 0.000352996 0.00203102 0.000452807 -0.000367074
0.000387988 0.000460025 0.00277336 0.000410481 0.000335538 -0.000669461 -0.00016132 -9.60447e-05 -0.00028962 0.000862296 0.00218774 0.000223471 0.000132523 -0.00105998 5.99933e-05 -0.000208116 -0.000527346 -0.000305397 -0.00171302 0.000583027 0.00286776 -0.000987716 0.000154802 -0.00133384 -0.000423911 0.00175016 0.00343863 0.0033803 0.00591425 0.00305409 0.000301048 0.00780335 0.0142434 -0.00907338 0.0071637 -0.0107542 -0.0327429 0.0484195 0.99697 0.0193441 0.0115956 0.00332975 0.00989549 -0.0251787 0.0134272 -0.00213481 -0.0032517 -0.000833873 0.0129119 -0.00226582 -0.00429259 0.00719562 -0.00551206 0.0048051 -0.0011646 -0.00214792 0.00150852 0.00212315 -0.00524378 0.00697766 -0.00142555 0.0033032 -0.00166015 -0.000984445 0.000836195 -0.00107869 -0.000130204 0.000262892 -0.000237027 -0.00340021 -0.003316 0.00119058 -0.00104563 -5.75526e-06 0.00173153 0.0020288 -0.00138938 5.38792e-05 -0.00151695 -0.00453468 0.000797705 0.000407616 -0.000546572 -0.00308505 -0.00149898 -0.000327092 0.0017407 -0.00411515 0.00162937 0.00283916 -0.00175473 -0.000265455 0.00456556 -0.00408922 -0.000835407 -0.00231263 0.00212447 0.000462605 0.00326317 -1.61537e-05 0.0021932 -0.00263578 8.89244e-05 -0.00198457 -0.00346684 -0.000160541 0.00083341 -0.000792736 0.000490774 -0.00206172 0.000596544 -0.00200447 0.00375486 0.00147506 0.000155068 -0.0022188 -0.00117807 0.00590892 0.00239878 0.000948697 0.000842103 -0.00131188 -0.000452271 0.00566249 -0.00208354 0.00533422 0.00414306 0.00411732 0.0016263 -0.00056408 -0.00101717 0.000834329 -0.000439677 0.00182129 0.00220572 0.000395414 0.00383866 -0.00153465 -0.00175932 0.000306502 0.00222563 -0.0015503 0.00198952 -0.00128752 4.55212e-05 -0.0030344 0.00323546 0.00121815 0.00330858 -0.00342679 2.61348e-05 -0.00097226 0.000563588 0.00222333 -0.000927192 0.000528308 -0.000227718 -0.000304255 0.00290913 0.00129311 -0.000112295 0.00356433 0.000732368 -0.000575288 -0.000135437 -0.00169684 0.000453199 0.00340066 -1.60346e-05 0.00255911 0.0034364 0.00144929 -0.00334516 0.000916871 0.00117874 -0.000939029 -0.0023958 0.00922784 0.0104166 -0.00236454 0.005544 -0.00328051 -0.00397278 -0.012201 0.00169496 0.00189039 0.00528206 -0.00256203 -0.00520882 0.000636442 0.00343559 0.00238714 0.00737553 0.00851419 0.00124725 -0.0040866 -0.000598404 -0.00434169 0.000848411 -0.00148705 0.00065307 -0.00669095 0.00183246 0.0112655 0.00131792 0.00239279 0.00352317 0.00131369 0.00277779 0.000106912 0.00585446 -0.00107497 0.002366 0.00739141 0.00267092 -0.0012704 -0.00307072 -0.00235921 -0.0006679 -0.00125875 0.00156902 0.00166325 0.0027782 0.00754864 0.00473508 0.00145654 0.000275211 -0.0027122 0.0023485 0.00217386 -0.00321821 0.000947025 -0.00147589 0.00219298 -0.00311897 0.00307096 0.00184251 0.00219183 0.00195087 0.000958921 -0.000789587 -0.0039552 -0.00168662 -0.00310449 0.000399348 0.000271798 -0.000454296 0.000527076 -0.0032029 -0.00103682 -0.00109537 -0.000897824 -0.00168522 -0.00221976 -0.00153042 0.00275978 -0.00156011 0.000153524 0.00127377 -0.000883771 -0.00380529 -0.00117299 0.00063671 0.0027179 -0.00222943 0.0029614 0.000220667 -0.00427899 0.0019777 0.000963011 -0.00156259 8.02591e-05 0.000166181 0.00116075 0.00209072 -0.00127105 -0.000224087 0.00202356 -0.000149183 -0.00208152 0.00112452 0.00208768 -0.00394411 0.00234741 -0.0036771 -0.000803704 0.00360524 -0.000675072 0.00332584 -0.00127085 -0.00108852 0.00212147
1.47189e-05 0.000467105 0.000379544 0.00019957 -5.76771e-05 -0.000663879 0.000111101 -0.00018902 0.000443832 -0.000508532 0.00134138 0.000220264 0.000176892 -0.000446633 0.000352796 0.000871299 8.14018e-05 0.00201112 0.000486973 0.000456121 0.00255594 0.00264114 0.00164389 -0.00123966 -0.0030414 0.00116697 -0.00377836 -0.00326506 0.00342617 -0.00142817 -0.00484152 -0.00901268 0.00399402 0.00174001 0.0146378 0.0131761 0.0374424 0.0141186 -0.0193569 0.988178 0.0793587 0.11129 -0.016664 0.0162026 0.0109388 -0.0218191 -0.00777252 -0.018153 0.00221395 -0.00402159 0.0105641 -0.0122984 0.000896796 -0.0106643 -0.00269348 0.00792332 0.000899739 -0.00291888 0.00125657 -5.23903e-06 0.000872193 0.00196993 -0.000144009 -0.00103397 0.000562051 -0.00065901 1.58486e-05 0.000590717 0.000295698 -0.0010529 0.002347 -0.00238601 0.00184545 -0.00026238 -0.000485303 0.00105992 -0.000800874 0.00322156 0.00429213 -9.85196e-05 0.0028869 0.00283071 -0.00167181 0.00456677 0.000144003 0.000347511 0.000206091 0.00286116 0.00234119 0.000880972 -0.0021217 0.00124734 -0.000502343 0.00285587 -0.00155448 0.000901735 -0.000892966 0.00136589 -0.00214862 -0.00377055 0.00704965 -0.00170328 0.00272915 -0.00137144 -0.000477338 -0.00175718 0.00403817 0.00458956 -0.00186066 -0.00229646 -0.00646329 0.00335852 0.00109712 -0.00151935 0.000949391 9.89197e-05 0.000389167 0.000659265 0.00636883 0.00434154 0.000716283 0.00267209 -0.00589249 -0.0029325 -0.00760703 0.0069259 0.00594818 0.00303539 -0.00098161 -0.00245388 8.20522e-05 0.00063483 0.00118623 0.000211259 -0.000349323 -0.0017143 -2.01476e-05 0.00162573 0.000694766 -0.00251334 0.000410178 -0.00423404 0.000242836 0.002106 -0.000481539 0.00110232 -0.00167953 -0.00291501 0.00252023 0.00119713 0.00155313 0.00314707 -0.00182204 -0.00288942 0.00180905 -0.00123991 0.00208199 -0.00178473 -0.000879917 0.0015578 0.000559019 -0.0038534 0.00241197 -0.00384848 0.000341985 0.00233202 -0.0051986 -0.000708927 0.00307147 0.00293546 -0.00407866 0.00448017 0.00128391 0.00214946 -0.00191886 0.00759126 -0.000977357 -0.00296607 0.0102307 -0.000341287 0.00327639 -0.00696373 -0.0024401 -0.0118093 -0.00156882 -0.0010881 0.0112984 -0.000208601 -0.0050099 -0.00641065 0.00317668 0.0111922 -0.00119492 -0.00639792 0.00231907 -0.0045468 -0.0102798 0.00755578 -0.0050355 0.0018503 0.0106696 0.00426799 0.00606942 -0.0166672 -0.0137613 -0.00363368 -0.00369637 -0.000546352 -0.0061627 0.00837898 -0.0129084 -0.0096489 -0.00257757 -0.00132877 -0.00185281 0.00518165 0.00254291 0.0050448 -0.00126246 0.0060942 -0.00108479 0.0022365 0.000739647 -0.00573102 0.00273947 0.000462698 -0.00468632 -0.000269354 -0.00335842 -0.00427499 -0.00387271 -0.00160235 -0.00385614 0.000799242 0.000155845 0.00550324 0.000931243 0.00404474 0.001488 0.00192239 -0.00414532 0.00116343 -0.00153015 -0.000105089 0.00103491 0.00459018 0.00226163 0.00212094 0.00311631 0.00311482 0.00113327 0.000530941 0.00498778 0.00381538 0.000911343 -0.00497225 0.000985172 -0.000897621 0.000440209 0.000633533 -0.00134138 0.00235709 0.0054749 -0.00231944 0.00401927 0.000574172 0.000286007 0.000828988 -0.00507069 0.00561771 0.00201149 -0.000245188 0.00233363 -0.00124529 -0.00180601 0.00236837 -0.00168832 0.000401555 0.00700767 -0.00225407 -0.00116345 0.00781565 0.00106443 -0.00686606 0.00246708 -0.00553818 0.00303793 0.00252935 0.00354197 0.00172824 0.000253749 -0.00593317
7.48201e-05 -0.000389113 0.00107454 -0.000202255 -0.000421527 -0.000281714 -0.000136788 -0.000305 -6.21144e-05 0.000711721 -0.00119702 0.000502605 0.00018615 0.000752191 -0.000164002 8.55908e-05 0.000306495 -0.00199752 0.000471664 -0.000354829 -0.000122327 0.00236543 -0.000180161 0.00436819 0.00364924 -0.00294066 0.00235881 0.00369171 0.0012626 0.00522095 0.00481436 0.000687316 0.000944733 -0.0112083 0.0169305 0.018274 0.00679651 -0.00368071 0.0112447 0.100255 -0.973137 -0.199852 -0.014387 0.00935907 -0.0345851 0.000125948 0.00115709 0.00300236 0.00528103 -0.000286091 0.0105141 -0.00167981 -0.00285317 -0.00238123 0.00174435 -0.00662405 -0.000340593 -0.0017019 -0.002497 -0.00191925 -0.00313069 -0.0016729 0.00279427 4.11122e-05 -0.000352861 0.000569137 0.00196086 -0.000317533 0.00180589 0.000885845 5.78318e-05 -0.00283029 0.000886771 0.000592262 0.000290015 -0.000262495 -0.00283753 -0.000522439 0.00196251 -0.00251885 -0.000267342 -0.00262417 0.00816919 0.00218357 -0.00302027 0.00469678 -0.00436485 0.00225543 0.00923836 0.00390876 -0.00251657 0.000369565 -0.000628786 0.00109755 -0.0018692 -0.00344261 -0.00075465 0.000833714 0.00314064 0.00374101 -0.00926142 0.00733205 -0.00170931 0.000616826 0.00835443 0.000642477 -0.0029106 -0.00219754 -0.000926451 0.00589384 -0.000693415 0.00262639 -0.00164712 0.00492783 0.00399599 0.00421207 -0.000910424 -0.00877332 -0.00119483 0.000260056 8.72002e-06 0.00376385 0.00213464 -0.0115331 0.000312462 -0.00885004 -0.00916184 -0.00252751 0.0014078 0.00490504 0.000550193 -0.00256263 0.00112388 0.001149 -0.00234588 0.00361321 -0.00260206 -0.00411436 4.40996e-05 0.00280168 -0.00193397 0.00213964 -0.0036649 0.00018656 -0.0010911 0.00243666 -0.00253937 0.00020413 -0.00674427 0.00107836 0.00379053 -0.00299274 0.00024109 0.00217377 -0.00263484 -0.00348106 0.00615628 0.00720727 0.00224291 -0.00145381 0.00503375 0.000410429 -0.00366891 0.000834262 -0.00510089 0.00378519 0.0049061 -0.00545516 0.000961114 -0.00143298 0.00170234 -0.0122946 0.00198139 -0.0041275 0.000370334 -0.00713471 -0.00353153 -0.00491712 -0.00589693 0.00664141 -0.00557757 -6.97443e-05 0.00493103 0.0162886 -0.00127646 -0.0025332 -0.00351937 0.0089813 -0.00752474 0.00911058 0.00375817 -0.0132905 -0.00375768 -0.0114544 -0.0139344 0.0128533 -0.00746997 0.0023804 0.00264952 -0.00141628 0.00556824 0.00620507 -0.00220485 -0.00895263 -0.00353105 -0.00111111 -0.000667185 0.00125408 -0.000473846 -0.00143511 -0.00647473 0.000762541 -0.00103762 -0.00180836 -0.00892387 0.0092 0.00130194 -0.00383627 0.00429516 -0.00448956 0.000846765 0.000490013 -0.00346552 -0.00761121 -0.00641187 -0.00367523 0.000194539 -0.00107591 0.00516551 0.000407652 0.00325562 -0.00133341 0.00336581 -0.00318804 -0.00291009 -0.00743217 -0.000730604 -0.0021527 -0.00034133 -0.00459778 -0.00130005 0.0029928 -0.000300654 -0.000605236 -0.000181559 0.00375803 -0.00033353 -0.00362747 0.00188983 0.000216762 0.00538389 -0.000238932 0.00123254 0.000754135 -0.00128559 -0.0026515 -0.000596946 -0.00475235 0.00109023 -0.00022496 0.00476097 0.00279862 0.000353653 -0.00287265 0.00104705 -0.00137124 -0.00113436 0.00067488 -0.00208666 -0.00646759 -0.00222787 -0.00130012 -0.00721835 -0.000562597 -0.00551168 0.00388664 -0.0013694 0.00502772 0.00441777 0.00430397 -0.00801587 -0.00493025 0.00748054 0.00274897 0.000855061 0.00390777 -0.00388613 -0.0032664 -0.00546499 -0.00132782 0.0050332 -0.00519528
2.56887e-05 0.000275307 0.000616191 -0.000270141 -0.000888127 -0.000300532 0.000180835 -1.19061e-05 0.000308732 -3.0106e-05 0.00105974 0.000297913 6.15276e-05 -0.000483449 -0.00119077 -0.0017027 0.00022887 -0.00550032 0.0016777 -0.0011089 -0.00326575 -0.000739224 -0.00562724 0.0049163 -0.00613186 0.000253609 0.00191447 0.00468727 0.00660633 -0.00173243 0.00851659 0.010068 -0.00839487 0.0124404 0.00343396 0.00910497 0.00582068 -0.0207994 0.0001056 -0.088737 -0.209286 0.9646 0.118176 -0.0227202 0.0142457 -0.00168415 -0.013605 0.0201887 0.00503236 0.0059148 -0.00492511 0.0183113 -0.00896575 0.00898982 0.00645027 -0.0117222 0.000778155 -0.00201414 -0.00178134 -0.0126535 0.00307265 0.000946667 -0.000178684 -0.00167576 -0.000998739 0.000188991 -0.000472979 0.000413714 0.000814501 0.00398586 -0.00170298 -0.00293226 -0.00467955 0.00239382 -0.00616936 0.000616332 0.00172814 -0.000893241 0.00419993 0.000344129 -0.000718076 -0.005447 0.00375933 0.000142318 0.00133264 0.00149567 -0.00234465 0.0044448 0.00195431 0.00969133 0.00111067 0.000326936 -0.0040463 -0.000915482 -0.0046964 -0.00470716 0.00245613 -0.00193217 0.000543626 0.00211809 0.0052521 0.00520738 -0.00601011 -0.00176581 -0.00770491 0.00255233 -0.012193 -0.00556918 0.00112809 0.000648063 -0.000318593 -0.00522477 -2.37509e-05 0.00210128 0.00320384 -0.00517519 -0.004321 0.000387779 0.0041504 0.00384607 -0.00198169 -0.000240005 -0.00160542 -0.00280161 -0.00855509 -0.000268 -0.0012119 -0.00334864 -0.0128005 -0.00325491 -0.00333627 0.00332077 0.00205468 0.00414605 -0.00584519 1.02418e-05 -0.00437491 0.000977823 0.00200146 0.00289567 -0.000877572 -0.00236878 -0.00452319 -0.00333077 0.00820998 0.00650422 0.00098425 0.000481455 -0.00322342 -0.000295303 -0.000999204 -0.00307636 0.00128586 0.00135121 0.00634857 -0.000745643 -0.00214313 0.00166869 0.00568108 0.00125182 -0.00291529 -0.00498495 -0.00509498 0.00321647 -0.0011274 -0.00098733 0.011269 -0.00978498 -0.00423964 0.0010828 4.86591e-05 0.00413146 -0.00463997 -0.00213832 0.00192726 -0.00347867 0.00687718 0.000326402 0.0119327 -0.0100763 -0.000816768 -0.0121845 0.012162 0.00155628 0.00752838 -0.00926053 0.00403453 0.00152356 0.0135352 0.00409157 0.00964357 -0.0088775 0.0158253 0.0177218 0.00385125 0.0125263 0.00654155 0.00294228 -0.00248948 5.36447e-05 0.00372371 0.00067094 -0.00142915 0.00441153 0.00470818 0.0047876 0.00257 0.00335809 0.00272958 -0.00490213 0.00684704 0.00710096 0.0106142 0.00290837 -0.00354026 0.00214698 -0.00418639 0.00419127 0.000822227 -0.00537515 0.00168407 -0.000669578 4.56904e-05 0.0101393 0.00135639 0.0067318 0.00422397 -0.00491433 0.000191913 -0.000564238 3.67598e-05 0.00265771 -0.00268484 -0.000885137 -0.000868974 -0.000896671 0.00487361 0.000509498 0.00328702 0.00208496 0.00181635 -0.00174816 0.00229118 0.00256218 -0.00465215 -0.00390124 9.53211e-05 -0.00413592 -0.000336885 -0.00698302 -0.00168753 0.00119113 -0.0051342 -0.00209661 -0.00148178 0.00464331 0.000645303 0.000977634 -0.00126038 0.000185552 -0.00263404 0.00109643 0.000201755 0.00137526 0.0014308 0.00265891 -0.00044125 -0.00601409 0.00164572 -0.00665308 -0.001293 -0.00482095 -0.0121774 0.0070289 -0.00133586 -0.00239998 -0.000188348 -0.00292749 -0.001242 0.00204243 0.000592925 0.000268108 0.00150171 0.0111539 -0.00122389 0.00750662 0.00335356 -0.00276477 0.00270835 0.00886431 0.000202857 0.00205734
-9.19439e-05 0.000156065 0.00167529 -0.000437947 -0.000279916 8.73786e-05 -0.000961422 1.98846e-05 0.00183919 -0.000283639 0.000980294 0.00309925 0.000130495 -0.000476506 0.000422013 -0.00122032 0.000777847 0.00248885 -0.000774981 -0.000441259 -0.000255012 0.000246217 0.00107787 0.000511492 0.00253609 0.0046852 -0.00140068 -0.00523043 -0.00208843 -0.00670872 0.00416726 -0.00956081 0.0070852 -0.00695565 0.018409 0.0141184 0.0153213 -0.0188542 -0.00536492 0.0245941 0.0126395 -0.111528 0.983266 0.124291 0.00564214 0.0102754 0.0309086 -0.0357144 0.00577878 -0.0107232 0.0010039 -0.00376246 0.00789933 -0.00705897 0.00795048 0.000113579 -0.00785337 -0.000207077 0.000553889 -0.00224103 0.000713454 -0.00210112 0.000366164 -0.000137183 -0.000116756 0.00106113 0.000462105 -0.00175947 -0.000793517 0.000972799 -0.00201724 -0.00337207 0.00262815 0.0023177 0.0030089 0.00121945 -0.00120128 0.000550758 0.00340615 -0.00257423 -0.00132705 0.000925835 0.00162581 -0.00155588 -0.00409056 -0.00316886 0.0011594 0.000781632 8.75222e-05 -0.00347271 -0.00440231 -0.00242571 0.00226103 -0.00115434 0.00180744 0.00178554 -0.00127337 -5.02622e-05 -0.000513697 0.00222296 -0.000114313 0.000958093 -0.000847969 0.00407967 -0.00145589 -0.000659667 0.0034123 0.00634468 -0.000388922 0.000170209 -0.00105647 0.00193132 -0.000966173 -0.00142773 -0.000316544 -0.000596581 0.000605162 -0.00135938 -0.00134952 0.000953943 0.000663618 -0.00317933 0.00319306 0.000422873 0.0031588 -0.00154351 -4.19389e-05 0.000859578 0.00447509 0.00387351 0.000841388 -0.00250917 -0.000793965 -0.000820913 0.0028565 -0.00106813 0.00262072 0.000453558 0.000861263 -0.000357157 -0.00250848 0.00134037 -0.000777013 -0.00151518 -0.00159007 -0.00153902 -0.00107018 -0.00253868 0.000557622 0.00264309 0.00605274 -0.000626927 -0.000450791 -0.00324148 -0.00173608 0.0025641 -0.00155208 -0.000500053 -0.00405432 6.85029e-05 0.00183639 0.00308848 8.06208e-05 0.00119671 -0.00111997 0.00141188 -0.00051666 0.00345561 -0.000186558 0.00123388 -0.000731621 -0.00133038 0.00528203 0.00283906 0.00300541 0.00236746 8.06387e-05 -0.000999703 -0.00240769 0.00440486 -0.00153012 -0.000486745 -0.00469522 -0.00209238 -0.00415599 0.00121797 -0.00414035 0.00201971 -0.0101435 0.00388063 -0.00522253 -0.00238206 -0.00321869 -0.00166717 -0.00278554 -0.0020888 -0.00295316 0.00378822 -0.00147996 -0.000297547 -0.000974304 -0.00152817 0.000653699 -0.00741396 -0.00461536 -0.00190659 0.000126745 -0.000713698 -0.00108134 0.00219765 -0.00531365 -0.00373763 -0.00210171 -0.000223205 0.00116346 0.000195776 0.00117815 -0.00130585 0.00336222 0.00500848 -0.00302099 0.000436804 0.000427471 -0.00162913 -0.00252044 -0.00433017 -0.00029193 0.00015872 0.000998952 0.000260828 -0.00198738 0.00114447 -6.2774e-05 -0.000444266 -0.000498016 -0.00159632 -0.00298638 -0.00197082 0.00234261 1.17216e-05 -0.00352443 0.00299142 -0.00044655 -0.00151985 0.00274614 -5.57698e-05 0.00450374 -0.00116177 0.00164862 0.00102682 0.0017745 -0.000588794 0.00315208 -0.000680927 0.00126244 -0.00380794 0.00102063 0.00350646 0.000940308 -0.00293128 0.00044377 0.00109744 0.00264619 -0.000544256 -0.000128972 -0.00320623 0.00143696 -0.00137483 -0.00247235 -0.00187973 -0.000817172 0.00418063 0.00364455 -0.00427196 -0.000407183 0.00148938 -0.000872228 0.000793359 -0.00109497 0.0021271 0.000891194 0.000551034 0.00248002 9.07976e-05 -0.0013484 0.00105909 -0.000697662 0.000656982 -0.00132006 0.00184373 1.71205e-05 -0.00472261
-2.75258e-05 0.000270758 -0.000766986 0.000588464 -0.000216669 -0.000539107 -0.000179405 -0.000375048 0.00123512 -0.00063505 -0.000551981 -0.00144629 0.000167341 0.000491448 -0.000984815 -0.00010092 -0.000603859 0.00179048 0.00247458 -0.00178222 0.00408151 -0.00143435 -0.00150615 0.00651187 -0.00313744 0.0024519 0.00290182 -0.00102435 0.0108622 0.00221736 0.00570212 0.000839918 -0.0113208 0.00408194 -0.0101459 -0.0102458 -0.00145901 0.0346854 0.0250014 -0.0218005 0.00275636 0.0365279 -0.117346 0.988334 -0.0418472 -0.0413053 0.0048284 0.0274218 0.000137693 -0.00573628 -0.0116856 0.00825522 -0.015346 -0.00299631 0.00655929 -0.00107859 0.00117562 -0.00094531 0.00472637 0.00409298 -0.00103493 -0.000473995 0.000892723 0.000645023 -0.00129818 1.62313e-05 0.000619493 0.000736242 0.00193497 -0.000333327 8.88917e-05 -0.000280716 -4.41014e-05 0.00030759 -0.000771239 -0.000584495 -0.00224755 -0.0027358 0.0014485 -0.00554904 -0.00165603 -0.00450046 -0.00361355 -0.00774954 0.00436328 -0.000492445 -0.00109501 0.00098278 -0.00367801 -0.00204108 0.00254362 0.00346268 -0.00177862 0.000394091 0.00089886 -0.000697569 0.00297432 -0.000923871 0.00412711 -0.000857335 -0.000931172 -0.00833247 -0.0046605 -2.49273e-05 0.00509392 0.00258157 -0.00323686 0.00229735 -0.00115872 0.00100552 0.000573373 0.000742681 -2.74552e-05 -0.00266232 -0.0010138 0.00442319 0.00719228 0.00210128 -0.00120771 -0.0019976 -0.00117592 0.000417444 0.00217876 0.003479 -0.00269495 0.000322716 -0.00147039 -0.00410824 -0.00771327 -0.00290328 0.00122065 -0.000653096 0.000699435 0.000331983 0.000563088 -0.00148135 -0.000393425 0.0010531 0.00147773 -0.000405738 0.00155583 -0.00032464 -0.00125695 -0.000674708 0.00497107 -0.00206373 -0.00129946 -0.0020071 0.00119345 -0.00187886 -0.000627371 0.000815232 0.00205137 0.00424426 0.00121159 -0.0034588 0.000983971 0.00274526 0.000194939 -0.00113415 -0.00206277 -0.001626 -0.00436566 0.0023818 0.00133903 -0.000879528 0.00172312 6.80955e-05 -0.00614158 -0.00339518 -0.00278654 0.000328444 -0.00657337 0.00557512 -0.00317526 0.000886568 0.00027825 -8.1334e-05 -0.00503852 -0.00872274 -0.00645599 -0.00492114 -0.00302116 0.00393367 0.0035219 0.00229859 0.00380824 -0.00577559 0.000227172 -0.00629219 -0.00301932 0.00105883 -0.00343944 -0.0110949 -0.000141352 -0.0017978 0.00175536 -0.00139345 0.00878557 -0.000192178 -0.00359357 -0.000389915 0.00512001 0.00894891 0.00834203 0.000892302 0.000698252 -0.00135097 0.00103507 -0.000548474 0.007041 0.00638966 0.00108521 0.00200735 0.00438001 -0.00103048 0.00305803 -0.00231822 0.00242337 -5.93235e-05 0.0014466 -0.00114776 -0.000799805 -0.00549824 -0.00112341 0.00356603 -0.000675507 -0.000535958 0.000776923 -0.000751585 -7.36867e-05 0.000808035 0.00261036 0.00285082 0.00192757 0.00444351 0.00187365 -0.00446279 -0.0045507 0.0027274 0.00235993 -0.00198927 0.00257425 0.000398926 -0.000556826 -0.00267235 -0.000518746 -0.00112826 -0.00351213 -0.00182356 0.00258168 0.00154209 -0.00365269 0.000394436 -0.00201752 0.00418031 0.000292234 0.0014829 -0.000275251 0.000810432 0.00142686 -0.00158202 -0.00327201 0.00344072 -0.00220242 0.00125032 -0.00139268 0.00164035 0.00141225 -0.000737105 0.000779485 0.00029056 0.000925414 0.00110912 0.00034762 -0.00110614 0.00191141 0.000540297 -0.000604057 -0.00256993 -0.00104786 -0.00104457 -0.00138092 -0.00294638 0.00181732 0.00487465 -0.00335098 0.00594566 -0.000570333 0.00771857 0.0015305 0.0047252
0.00014859 0.000428823 0.0011513 -0.000621985 -1.10896e-05 0.000677554 -0.00117049 0.000145308 -0.000240075 -0.000336634 0.00158279 -0.00166205 0.000255734 -0.000675265 -0.000698729 0.000613673 -9.46031e-05 0.000514311 -0.000400389 -0.00229915 0.00231249 0.000551846 0.00245697 0.00223432 -0.00264345 -0.000641348 0.00174151 0.00470036 0.00449908 0.00471709 0.000444587 -0.00122744 -0.00624522 -0.000636728 -0.00439472 -0.00241528 -0.000203124 0.0101374 -0.00980711 0.000547461 -0.0293568 -0.0160514 -0.0162581 0.0521381 0.933827 0.348202 0.0104523 0.0169429 -0.0308751 0.0113099 0.000854403 -0.0123383 0.00468671 0.00573912 0.0116189 0.0041418 -0.00844059 -0.00991007 0.00349854 -0.00108609 -0.00223573 0.00201891 -0.000168675 -0.000879862 0.00093659 -0.000820345 0.000793061 0.0021012 0.00201025 -0.00172681 -0.00342236 -0.00357946 -0.00304126 -0.00153756 -0.00124857 -0.00341666 -0.00129932 -0.00325847 0.00160557 -0.00518332 0.000703544 0.000451288 0.00150715 4.4502e-05 -0.00142079 0.00150155 0.00101148 0.00248713 0.00339588 -0.00546356 0.000419297 0.000976601 -0.00175839 0.00115925 0.00251351 0.00013457 -0.0013861 0.000138378 0.000130882 0.00413204 -0.00359405 -0.00319811 0.00311169 0.000811704 0.00307436 0.00432676 0.000282165 8.29237e-05 0.000675408 0.00175549 0.00127416 0.00082814 -0.00172911 -0.00249902 -0.00255721 0.00108412 0.000697189 0.00101588 -0.00246435 -0.00269764 -0.000940206 0.00010459 0.00167088 0.00125959 0.00395878 -0.00450602 -0.00241551 -0.000727534 0.00133263 0.00144029 0.00162485 -0.00257772 0.000760333 -0.000878779 0.00320245 -0.0023088 0.000774995 -0.000769598 0.000188322 0.00198247 6.33002e-05 0.000538883 -0.00485378 -0.00154423 -0.000322632 -0.000556605 -0.00208286 -0.000146935 0.00143577 0.00350324 0.00277316 0.00320703 0.000619613 0.000366129 -0.00122865 -0.00209241 0.00110064 0.0016708 0.000609692 0.00100994 0.00182173 0.000848921 0.00334959 0.00270083 -0.00219546 -0.000244069 0.00109094 -0.00149995 -0.00236084 -0.00403248 -0.000981424 -0.000334585 1.22351e-05 0.00147953 0.00193467 0.00120686 -0.000834987 -0.00361065 -0.00761086 -0.00511077 0.00217343 0.00847188 0.00093433 0.00545433 0.00316967 0.00292718 -0.00328137 -0.00120605 -0.000716658 0.000370448 -0.00461746 -0.00394418 -0.00569575 0.00194891 -0.0047049 -0.00356947 0.000367329 0.00263551 0.00392351 -0.00062763 0.00455411 -0.000654358 -0.00138723 0.00142945 0.00485669 -0.00277386 -0.000341198 0.0015565 -0.00102856 -0.00068899 0.00203781 0.00254216 -0.000226305 -0.00464966 0.00210222 -0.00196047 0.00641834 -0.00207094 0.00331168 -0.00070266 0.000976392 0.000552373 -0.00383081 -0.00103776 0.00141974 0.00184764 -0.00172757 0.00112874 -0.0033419 -0.00116852 -0.000706073 -0.00113546 0.00174857 -0.00162478 -0.00289375 -0.00174965 -0.000564563 -0.00287678 0.000195822 -0.00222383 -0.00109077 -0.000799857 -0.00248324 0.000642141 0.00129262 -0.00196556 -0.00252937 -0.000305878 -0.00071872 0.000281554 0.00088885 -0.000332748 -0.000219799 0.00330039 -0.00197528 -0.00516205 -0.00139269 0.000572143 -0.000939077 0.000734323 0.000412067 0.000276991 -0.00261833 -0.00159986 -0.00115788 -0.000933815 4.1574e-06 0.00146435 0.00190835 0.00043205 -0.00187779 0.000121121 0.00180828 -0.00155685 0.000302723 0.00173346 0.000968417 0.00152944 -0.00126514 0.00251456 -0.000456852 -0.00445539 -0.000447163 -0.00107175 -0.00154827 0.00134998 -0.00165562 0.00129992 -0.00262679 -0.0016596 -0.00203881 0.001671
4.73039e-05 -0.000120917 -0.000779281 -0.00103732 -0.000384937 0.00100416 -0.00106574 0.000523586 9.32636e-05 -0.000258955 4.07961e-05 -0.000553387 -0.000276716 0.000384692 -0.000645283 8.39062e-05 0.000140065 -0.000321753 0.00109333 0.00213704 0.00360873 -0.00285154 -0.000607027 0.000782713 -0.000464176 0.00283794 0.00121965 0.00805793 0.00787918 -0.000542096 -0.0021901 -0.00160845 0.0026614 0.0044673 0.00250194 -0.00570056 0.0059876 -0.00304986 0.00757595 0.0213769 0.0123742 0.0136893 -0.0105403 0.0229493 -0.350492 0.934639 0.0230728 -0.00239439 -0.0220757 0.0121698 0.0115398 -0.00237032 0.0100346 -0.00752626 0.0037558 -0.00361132 0.00112561 0.00101743 0.00467373 -0.00384373 0.00295602 -0.00118178 -0.00264328 0.000769086 -0.000373632 5.44091e-05 0.00179301 0.000762583 0.00251897 -0.00394525 0.00157986 0.00244256 -0.000319895 0.000991228 -0.00164638 0.00157759 -0.000883325 0.00272259 0.00298891 -0.000629495 -0.00139035 0.00112205 0.00392362 -0.00126488 -0.0011842 0.00267526 -0.000863879 -0.000116508 0.00410462 0.00026768 -0.00221839 -0.00232131 0.000223681 -0.00273756 0.00359555 -0.000913081 -0.000974934 -0.0030771 0.000372457 -0.00219729 -0.00169287 -0.00128896 0.00369978 0.00049472 0.00107815 -0.00160906 -0.00085212 -0.000250461 -0.00142798 -0.00175729 -0.000856977 -0.000187849 0.00101515 -0.00299051 -0.00269869 -0.00225496 -0.00306582 0.00255008 0.0025655 -0.000428809 0.00110778 -0.00168896 -0.00119421 0.00170337 0.000104754 0.00265536 0.00256237 0.00293425 0.00513235 -0.00113163 -0.00016638 -0.000402654 -0.00206582 0.000759148 4.17373e-05 -0.0023943 -0.000469078 -0.00275809 5.33229e-05 0.000725977 0.000678555 -0.00192339 -0.000506537 0.000346388 -0.00164397 -0.00173701 -0.000850369 -0.00173959 6.34133e-05 4.31397e-05 0.00354301 -0.00135964 -0.0010117 -0.00231012 -0.00168204 0.00132933 0.000133109 0.00113975 0.00199962 -9.39966e-05 -8.3741e-05 0.00164177 -0.000690773 -0.00148284 0.00119823 -0.00119232 -0.00210722 0.00140722 -2.95431e-06 0.00165396 0.00163802 0.000832334 -5.3872e-05 -5.08338e-05 -0.00258424 0.000715094 -0.00192606 -0.000136286 0.00475457 -0.00231637 0.0025547 -0.000649495 0.00409084 -0.00706883 -0.000381407 0.00490403 -0.00304281 0.000371396 0.00264489 -0.000676545 -0.00265518 0.00118876 7.08362e-05 0.00183524 -0.00470113 -0.000385055 0.00430604 -0.00849509 -0.000262322 -0.00326753 0.00455847 -0.00578458 -0.00319476 -0.001985 -0.00259219 -0.000933329 0.00129475 -0.000120489 0.000338078 -0.00146987 -0.000796274 -0.00537515 0.000155779 -0.00211984 -0.0013271 -0.00505263 -0.00110831 -0.00352963 -0.00142769 0.00166493 9.01202e-05 0.00161575 0.0017956 -0.000620058 0.00324087 0.000980119 0.000106915 0.00116749 -0.000876569 -8.54504e-05 -0.00349367 -0.00170143 -0.000705935 -0.000326305 -0.00103033 0.000299498 0.00059651 -0.000775964 0.00345535 -0.00159508 -0.00220229 0.00136254 -0.00149385 -0.00060379 0.00147261 -0.000757698 0.000605601 0.00194442 0.000360092 0.000232836 -0.000449296 0.000185397 -0.000222161 0.000113595 -0.00114351 -0.00164989 -0.000749055 -0.000569199 0.00301836 -0.00121189 -0.000485255 -0.000719587 -0.000310738 0.000107747 -0.000287537 -0.000538559 -0.000609033 -0.00110506 0.00112204 0.00142797 -0.000506318 -0.00263311 0.000375255 -0.00127318 -0.000937079 0.000941375 -0.00157885 -0.00112714 -0.00201062 -0.00222776 0.000515766 0.00048846 -0.00152671 0.00233862 0.000948256 0.000354615 0.00172404 0.000402214 0.00464063 -0.00197271 -0.00220854 -0.000570141
0.000833892 0.000141195 0.00121142 0.000519843 0.000747989 -0.000788015 -0.000534368 -0.00090193 8.10706e-05 -0.000399733 -0.000440471 0.000650413 0.000230384 0.000447161 0.00085356 -0.000711755 -0.000715998 0.00283906 -0.000554 0.00173644 0.000709487 0.00118189 0.000835813 -0.00550775 0.00105827 -0.00600724 -0.00216669 1.40123e-05 -0.0006625 0.00117227 -0.00141921 0.00346869 0.00207319 -0.000241161 0.0115973 0.00443729 -0.00249808 -0.0107427 0.00388693 0.0107744 0.00127008 0.0108065 -0.016987 -0.0152057 -0.00631837 -0.0264829 0.957021 0.283114 -0.0224617 0.0159781 -0.00161904 -0.00793746 0.012284 -0.0053857 0.00827908 0.0203092 -0.0119392 0.00538367 0.00930475 -0.00661401 0.00172714 0.00495059 -0.00169937 0.00064158 0.000550297 -0.000172871 0.000335101 0.00241362 0.00105715 0.00160607 0.0029944 -1.70903e-05 0.00155674 -0.00034851 -0.00014165 -0.00270218 -0.00129 -0.00318246 0.00381446 -0.000949779 -0.00118127 -0.00234391 -0.00310591 0.00214139 -0.00695267 -0.000831726 0.000249848 -0.0103654 0.00440349 -0.00371498 -0.00433133 -0.00154062 0.00066574 0.000985801 -0.00258845 0.00120745 -0.000606309 -0.00166258 -0.00359403 0.002095 -6.82459e-05 -0.00018628 0.000140055 0.00306511 -0.00122243 -0.00325228 -0.000863127 0.00159837 0.00430955 -0.00118801 0.00332842 0.000493655 -0.000736122 0.00173467 7.85745e-06 0.00210651 0.00400648 -0.000741198 -0.00133899 0.00089847 0.00426486 0.000110365 0.00464118 0.00328121 0.00170117 -0.000874784 0.000978174 0.000210399 -0.00106318 -0.000110108 0.000414285 -0.000476589 0.000516161 -0.000594528 3.2475e-05 -0.000150366 -0.00050367 8.92362e-05 0.0026091 0.00143488 0.00421951 0.0025603 -0.00324382 0.00546093 0.00120024 0.000886191 0.000102864 0.000457778 -0.000787713 0.00309405 0.00209003 0.000788324 -3.12807e-05 -0.000427345 0.00340578 0.000288589 -0.00147741 0.00193325 -0.00244959 -0.00162183 0.0046903 0.00128769 0.00105835 -0.00316853 -0.00472442 -0.00192513 0.00194326 -0.00156949 0.000536781 -0.000614267 0.000373736 0.00238115 -0.00094569 0.00455727 -0.00519445 -4.31277e-05 0.000583779 -0.00675846 0.00158942 -0.000281945 -0.004199 0.00606346 -0.0058903 0.00196948 0.00125897 -0.00612653 0.00255067 -0.00868173 0.00605512 -0.000242261 0.00086849 -0.00400393 0.00579379 0.00547524 -0.00414616 -0.00090767 0.00177429 -0.000674182 0.0050084 -0.00613939 -0.0104596 -0.00312146 0.00377989 0.0120716 0.00485484 0.00241927 0.00168646 0.00215142 0.00454055 -0.00413665 0.0081398 0.00626992 0.00047569 0.00119633 0.00495012 0.000999433 9.04678e-05 0.000936434 0.00255192 -0.00165705 -0.00082873 0.00089436 0.00148058 -0.000242722 0.00114565 -0.001746 0.00300395 -0.00350391 0.00114892 0.000691348 0.000697712 0.00065671 0.00111174 -0.00166969 -0.000261035 0.0033298 -0.000809012 -0.00242659 -0.00014209 0.000861094 0.00602668 -0.00462568 -0.000750581 -0.000634827 -0.00354478 -0.00162065 -0.00133471 0.00197126 -0.00168619 0.00018205 -0.0029822 -0.00124844 -0.000738363 0.000268271 -0.000676991 0.00357958 -0.00103816 0.00291527 0.000967037 -0.00272805 -0.00190581 -0.00121051 -0.00193543 0.00303497 -0.000807431 -0.00145783 -0.00101998 0.00129335 0.00315073 -0.00145752 0.000853306 -0.0013125 0.00150078 -0.00198024 0.00130114 -0.000975293 0.00478966 0.00245764 -0.00395523 -0.00160664 0.00744668 -0.000841328 0.000229348 -0.00200968 -0.000375778 -0.000585872 -0.00195388 0.00124883 -0.00130123 0.0030748 0.0012695 0.0080376
0.000691381 1.38203e-05 0.000307128 0.000423905 0.000658833 -0.000219704 0.000453557 -0.000352475 0.00163985 0.000184336 -0.000542503 0.00042877 0.000118671 0.000333808 -0.000486073 -0.00133781 -0.000962823 -0.00292923 -0.000194389 -0.00012084 -0.000247751 -0.00216384 -0.000522318 0.00772064 -0.000881119 0.009477 0.00155211 -0.00161954 0.00176784 0.0023921 3.24608e-05 0.00306277 -0.000508035 0.00023662 0.00269774 0.000595379 -0.00369885 0.00362181 -0.00113984 0.0186398 0.00902711 -0.0250844 0.0427056 -0.0194316 -0.014916 0.00424868 -0.281992 0.955003 -0.0418517 -0.0394414 -0.000178074 0.00392268 0.00255198 0.012721 -0.0191742 0.0160619 0.0106303 -0.00380582 0.00444997 0.00175737 -0.00175251 -0.00443083 0.000116598 -0.000669458 9.38607e-05 -0.00193725 0.00138968 -0.00127952 -0.00330627 0.00125357 -0.00185517 0.000191882 2.29783e-05 0.00156469 -0.0022671 -0.00316659 0.00380398 0.00669362 0.00278866 0.00213277 0.00173738 -0.00639304 0.00260797 -0.000957087 -0.00350274 -0.003118 -0.002268 -0.00274026 -0.00406221 -0.00016604 0.00322606 -0.00249317 -0.000133135 -0.00181745 -0.000360554 -0.000476134 0.00252901 -0.000208905 -0.00418221 0.00156287 0.00411577 0.00938526 0.00226697 0.00503407 -0.000413605 -5.24043e-05 -0.00795676 0.00318337 0.00143149 0.00164985 -0.00216886 0.00293743 0.00159753 -0.000984171 -7.51012e-05 -0.00195787 -0.00216487 -0.00123087 0.000339995 0.00109318 -0.00126217 0.00441683 -0.000878722 -0.00478419 -0.0041754 -0.0017937 -0.0039729 -0.0028117 -0.00812455 -0.00255983 -0.00191092 0.00294032 0.00504809 0.00292424 -0.00849566 -0.00028545 -0.00238902 -0.000265472 0.00032075 0.00102382 -1.85067e-05 -0.000635019 -0.00123109 0.00253752 0.000671177 0.00411187 -0.00279849 -0.0037897 -0.00193796 -0.00193442 0.00049674 -0.00125656 -0.00215354 -0.00323937 0.00238255 0.00299357 -0.000793108 -0.00471845 -0.000956487 -0.00112125 0.00586801 0.00226164 0.00040373 0.000519939 -0.000133451 0.00614287 0.00401558 -0.00359691 0.000635546 0.000195417 -0.00216328 0.0078188 0.00244482 0.00142317 0.00175612 0.00260345 -0.000762537 -0.00727772 0.00510039 -0.000987073 -0.0066251 -0.010195 0.0032307 0.00874534 -0.000153656 -0.00944765 0.00618116 -0.00812187 -0.000720095 0.00408336 0.00852471 -0.00306898 0.00288869 -0.00581182 0.000160468 0.00549693 0.00282252 0.00553352 -0.000244025 0.000193015 0.00425167 -0.00140831 -0.000121059 -0.0226522 -0.00807503 -0.000597335 -0.00397689 -0.000672353 -0.00273649 0.0053103 -0.00906258 -0.00588483 0.0010754 -0.00705226 -0.00383648 0.00531739 -0.00109805 0.00288502 0.00247801 0.00463252 0.00127523 0.00029449 -0.000614742 -0.0049471 -0.00466702 0.000961036 0.0032636 -0.000169153 -0.00198165 -0.00460455 -2.50855e-05 0.000164302 -0.00198516 -0.000198268 0.00149254 -0.00237923 0.000387252 7.75228e-05 -0.00315205 0.00469118 -0.000907636 0.00160016 0.0031517 0.00307659 -0.00210554 0.00417197 0.00412709 -0.00101072 -0.00329571 -0.00430239 0.00195461 0.00184165 0.00273799 -0.000507785 -0.000650867 0.0044615 0.00320496 -0.00218152 2.00866e-05 3.99232e-05 0.000205589 0.00301878 0.000867223 0.000659321 0.0015573 -2.57682e-05 -0.000960187 -0.000677549 -0.00104454 -0.00315293 0.00129733 -0.00114384 -0.00328414 0.00212888 -0.00575325 0.00185222 0.000296947 -0.00218825 0.00456787 0.00162268 -0.000484276 0.000441237 0.00669901 0.00127049 0.000685328 0.0012941 -0.0002207 0.00180252 0.000464017 0.0127378 0.00034461 -0.00911941
0.000341993 4.36552e-05 -0.00181016 0.000247115 -0.000275605 -0.000474685 0.000772388 4.90482e-05 0.00056188 -0.000409724 -0.000465866 0.00162298 -0.000176201 0.000379361 4.41637e-06 -0.00120051 0.000113948 -0.000188767 -0.000914638 0.000474628 0.00167494 -0.000636068 0.00200771 0.000271998 -0.00035774 0.000362144 0.00478618 0.000973094 0.000626654 -0.00124924 0.000654236 -0.00149123 0.00576859 -0.0042366 -0.0011413 0.01183 -0.000621112 -0.00861708 -0.0119716 -0.0014128 0.00626272 -0.00454309 -0.00565763 0.00195583 0.019725 0.0293049 0.00843633 0.0487348 0.994938 0.0585865 0.033173 -0.0100934 0.0216662 0.0049143 -0.00438801 -0.00595815 -0.00662691 -0.00840075 0.0129356 -0.0105157 -0.00356649 0.000265895 -0.00289995 0.00182434 0.00105679 -0.00185901 0.00147985 0.00145501 -0.000549493 -0.00105581 -0.00228845 0.00270407 4.62865e-05 0.000426799 -0.00185147 -0.000274676 -0.000664786 0.00254906 0.00106884 -0.000436665 -0.000241293 0.00224035 0.00398218 0.00090394 -0.00339042 -0.00314953 -0.000968959 -0.00711453 -0.000128562 0.000249369 -0.00141289 0.00171284 0.0019612 -0.000506189 0.000894591 -0.00280035 0.00297698 0.00147656 0.000395842 0.00175309 -0.000305339 0.00235034 -0.00306062 0.00540653 0.00223575 -0.0020769 -0.000423249 -0.00211604 0.00144158 -0.000876462 0.00169734 -0.0012191 -0.000835006 0.00081208 -0.0010402 -0.00101254 0.000179467 0.00313803 -0.00337765 -0.00322871 0.00227496 -0.0032954 0.00253052 0.00576783 0.00549102 -0.000736639 -9.64775e-05 0.00177388 0.00422133 6.22284e-05 0.00109993 -0.000785844 0.000226018 -0.00123709 0.000968344 0.00173252 0.00121806 -0.00299008 -0.00249908 -0.00240976 0.000893917 0.00286764 0.00117847 0.00169065 -0.000429885 0.0013965 0.00127226 -0.000317154 0.00195958 -0.00113818 0.0016875 -0.000999444 -0.00116711 0.000330643 0.00139422 0.00288188 0.000557655 0.00167767 -0.00248948 -0.00164023 0.000851354 -4.23241e-05 -0.00270922 0.000106237 -0.00163752 -0.00123845 -0.000255332 0.000103743 -0.000298102 0.00105403 0.00224983 0.00263965 0.000433178 -0.00161737 -0.00134098 -0.00576452 0.000624112 0.000392699 -0.000258015 0.00519346 0.00154727 0.00351962 0.00372026 0.00551325 0.00280644 0.00501629 0.000993242 -0.00122034 0.0054847 -0.000164737 -0.000421393 0.00106867 -0.00353934 0.00438904 0.000670252 0.00017988 0.0039461 -0.00520336 0.00443601 -0.00321604 -0.00513543 -0.00428793 -0.00284127 0.0114738 0.00767156 0.00199452 0.00153254 0.000250606 0.00382696 -0.00389491 0.00934118 0.00504767 0.000737971 0.00260277 -0.000308409 -0.0044575 -0.00175465 -0.00272247 0.00119389 -0.00246271 -0.00156777 0.000921874 0.000530831 0.00141936 -0.00127591 0.000688008 0.00162487 0.000102334 0.000809496 0.00140813 -0.00101081 0.00171743 0.00141133 0.00154726 0.00190604 0.00168777 -5.44862e-05 -0.00173033 7.12528e-05 -0.00207474 0.00247597 -0.00154497 -0.00259576 -0.00160862 -0.000914867 -0.00337686 -0.00141133 0.00112045 0.00112966 -0.000991625 0.000800279 0.000773828 -0.00324162 -0.000636307 0.00119444 0.00161832 -0.000149175 0.000912484 0.000882258 -0.000673794 -0.00105481 -0.00196418 -0.00220924 0.00328574 0.000171493 -5.4829e-06 0.00132597 -0.000749969 0.00157958 -0.00251476 3.77143e-05 0.000832942 0.00112679 0.00128843 0.00444522 -0.00336264 -0.000231953 0.00259471 -0.00304384 -0.000280934 0.00480211 -0.000378273 -0.000602844 0.00584915 -0.00107378 0.0022217 -0.000100707 -0.000220743 0.000195755 0.000329144 -0.00116904 0.00251917
-0.000277219 -3.21416e-05 0.000442099 -0.000525332 0.000719934 -0.000328077 -0.000531592 -0.000181613 0.000214 -0.000578621 -0.000336311 -0.000614385 -3.1905e-06 -0.00014192 -0.00063403 -0.00143158 0.000295672 -0.00182074 0.00108924 -0.00120243 -0.000484331 -0.000168991 -0.00203341 0.0043421 -0.0012982 0.00153321 -0.00191005 -0.00469538 -0.0007257 0.00354434 -0.000374284 -0.00434228 -0.00739239 0.00206052 -0.00678274 -0.00625358 0.00281667 0.0111802 0.00249834 0.00503087 0.00178114 -0.00736371 0.0124459 0.00492149 -0.00809082 -0.0167094 -0.0258943 0.0298637 -0.0594074 0.99574 0.0307715 0.0124594 -0.0222276 0.00984338 0.00197963 -0.0110602 0.00510685 0.00250044 0.00982859 0.00820885 -0.00990914 -0.0033433 -0.00580175 -0.000954159 0.00183243 0.000713895 0.00102593 0.00105191 0.0022006 0.000911201 -0.00101503 -0.00126144 0.00178848 -0.00351808 0.000910433 -0.000469462 0.00154037 0.0036332 -0.00475654 -0.00199479 0.0035162 0.00017669 -0.00743129 -0.00272782 0.000925466 -0.00238228 0.00210174 2.28271e-05 -0.00196286 -0.00270789 0.00438142 0.000333292 0.00105599 2.76847e-05 0.00157594 0.00182301 0.00134637 0.000209785 -0.000616633 0.000552466 0.00516935 0.00312429 -0.000591604 0.00278606 -0.00294894 0.00089959 0.00101887 0.00162673 0.000846406 0.00122001 0.00331104 -0.00319507 0.000892476 0.000663388 -0.000684109 -0.00129401 0.0037109 0.00532296 -0.00246971 -0.000649597 0.00164455 -0.000251988 0.0028462 0.00689526 0.00415041 0.0031157 0.00355064 -9.58101e-06 3.00521e-05 -0.00047152 -0.00144032 -0.000783319 -0.000470979 -0.000554438 0.0021566 0.000525184 0.00244983 0.00251738 6.51474e-05 -0.000562572 0.00109079 0.0022448 0.00247792 0.000143099 -0.00101918 -0.000744968 0.000818564 -0.00118569 0.00316925 0.000215463 -0.00250081 0.00114848 0.00154317 0.00196077 0.000190361 0.0014636 -0.00505807 -0.00129487 -0.00305169 0.00308317 2.06856e-05 0.00396402 0.0026407 -0.000508648 0.0012256 0.000145252 -0.00176835 0.000923178 -0.000323059 -0.000851681 -0.00239525 0.00335153 0.00201513 0.000362118 -0.00179063 -0.00244413 0.00135744 0.00340639 -0.000376543 0.00282939 0.00458413 0.00197673 -0.000918907 5.68898e-05 -0.000761949 0.00116037 0.0011011 -0.000510898 0.00360893 0.00303037 -0.00228309 0.00617016 0.00200216 0.00595071 0.0043065 -0.00342147 0.00143195 -0.00237818 0.00495577 0.000541113 -0.00445745 -0.000740647 0.00254715 0.0107812 0.00746976 0.001641 0.00106466 4.05548e-05 0.00264627 -0.000873554 0.00960529 0.00537008 0.00157413 0.0034697 0.00279237 -0.00245374 -0.000470922 0.000469775 -0.00318353 -0.00289194 0.000729893 -0.000706341 0.000523911 0.00316815 0.0024667 0.00349325 -0.000458519 -0.000406565 -0.000536509 0.00103027 -0.00184852 -0.000551246 0.00192678 -0.000341951 5.6433e-05 0.000215403 0.00193099 -0.000849969 0.000180133 -5.15988e-05 0.000916366 -0.00100427 -0.000874855 -0.00043187 0.000567128 -0.00356898 -0.00184124 0.00110132 0.000147792 0.00181146 -0.000267513 -0.000235727 -0.00101425 -0.000137498 0.00055548 0.00157782 0.000241859 0.00334976 -0.000268389 0.000450553 -0.00182069 -0.00106219 -0.0021767 0.00293201 -0.000571577 0.00161478 0.000407986 -0.000299646 0.00215469 0.00040645 0.000689324 0.00322011 0.00212648 -0.000667927 0.00353413 -0.00322196 0.000413626 0.000833243 -0.00570605 0.000285137 0.00384911 0.00117213 -0.00204409 0.00436681 -0.00156178 0.00197944 -0.000995572 0.00141573 -0.000271282 3.37338e-05 0.000483051 0.00156621
-3.33531e-05 -2.89229e-05 0.000395837 -0.000564916 0.000247821 -0.000222991 -8.75458e-05 -0.000518211 -0.000118549 0.000449566 0.000644592 -0.000282872 0.000548811 0.000172184 -3.56528e-05 -0.000149189 -0.000247723 0.000349815 -0.00135733 0.000364879 -0.000328523 -0.000978145 0.00100808 -0.00162971 0.000206261 0.00148742 0.00340681 0.00264607 0.00102812 -0.000380722 0.000291246 0.0038314 0.00260628 -0.000203438 -0.00157339 -0.00255838 -0.00219739 0.0022981 0.00404782 -0.0115951 0.00807313 0.00560863 -0.00103089 0.00967802 0.00330029 -0.0112096 0.00235463 -0.00145077 -0.0296981 -0.0336944 0.997027 0.0484525 -0.0201655 0.0026777 0.00774927 0.0122049 0.00872007 0.0121982 -0.000118848 0.00529822 -0.00241029 -0.00199288 0.00146091 0.00165871 -0.00154338 0.000382484 0.000308831 -0.000228695 -0.000987548 0.000206949 0.00206998 0.000748215 -0.000535825 -0.00160287 0.00156294 -0.00163564 -0.00414569 0.00341763 -0.00287666 0.00290429 0.00172976 -0.00128964 0.0057168 -0.00163866 0.00111937 -0.0026795 -0.00223257 0.00609549 -0.00496239 -0.00393037 0.00159702 0.00406134 -0.00245103 7.61888e-05 0.000819279 0.0010471 -5.76176e-05 -9.11853e-05 -8.68298e-05 -0.00335773 0.00126825 -0.000122358 -0.00102972 -0.00360914 0.000229708 -0.000947378 0.00056446 0.00218963 0.000720603 0.00267114 0.00173565 -0.000526778 0.000443483 0.00264796 0.00116472 0.00216463 0.00438382 -0.00272798 0.000632798 0.000977844 0.00302896 0.00186185 0.00482864 -0.00043682 0.000692452 0.00127394 -0.00146863 0.000204735 0.000895819 -4.71968e-05 -0.00118095 -0.000174372 -0.00171258 0.000992443 -0.000140309 -0.000116713 0.000498725 0.00110205 0.00135439 -5.56798e-05 -0.000812026 0.00224106 0.00349732 -0.00148428 -0.00222442 -0.000135644 -0.00288033 -0.000299584 -0.00305243 -0.000930974 0.000653908 -0.00132706 0.00145599 -0.000962659 -0.00142264 -0.00361455 0.00378613 -0.00405137 0.000672906 -0.000627406 -0.002625 -0.00183493 -0.00240931 0.00436918 0.00258407 0.000332784 -0.0031332 -0.000266651 0.00388144 -0.00464845 -0.00178502 -0.000494871 -0.00243406 0.00214505 -0.00640185 -0.000872076 0.00079196 -0.00272671 -0.0028042 -2.39195e-05 0.000636351 -0.00399972 -0.00185342 0.00221724 0.000287008 0.00263425 -0.00223738 0.0017576 0.000314063 0.00521697 0.00390898 -0.000919184 0.0051803 -0.00408229 0.00169322 0.00488716 -0.000664326 -0.000627381 4.09293e-05 0.000517011 -0.00510017 0.00803032 0.00593099 0.00515555 0.000186459 0.00236287 0.00150206 0.000290816 0.000932175 -0.00041696 0.00402046 0.00354647 0.00172038 0.00179486 -0.000644697 0.0039341 -0.00160204 -0.000423466 0.000873128 -0.00144233 -0.00142576 -0.000195792 -0.00168665 0.000690744 -0.000610414 0.000735094 0.000648781 -0.000728383 0.00118266 0.0022828 0.000641223 -7.35401e-05 0.000505635 -0.000457079 -0.000743296 -0.00140545 -0.000597466 -0.00146039 0.00106054 -4.57791e-05 0.00158471 -0.00209557 0.00224477 0.00112337 -1.14337e-05 -0.000184558 -0.000282718 -0.00195296 -0.00123183 -0.000880481 -0.000454781 -0.00067284 -0.000970226 -0.0011526 0.000501591 0.00337668 -0.000610256 0.000991726 0.00128591 0.00103137 0.00217447 0.000130605 -0.000438268 0.00165038 0.000628266 0.000538296 0.000130711 0.00233271 0.000851043 -0.00176826 0.00431872 -0.000960428 -0.00287735 -0.000524759 -0.00228995 0.00173951 0.00133109 0.00368092 -0.000314661 -0.00113478 -0.00129135 -0.000451724 -0.000228308 -9.32099e-05 -0.00126669 0.000333279 -0.000313621 4.94702e-05 -0.000884453 -0.00143719 0.00207942 0.00247763
-0.000453999 -0.000667852 -0.00270581 0.000272547 0.000181059 -0.000415787 -0.00105373 7.88096e-05 -0.00114038 0.000272543 -0.00113874 0.0015395 0.000287856 -0.000750662 0.000419914 -0.00172645 -0.000251187 -0.00146037 -0.00177924 -0.000607343 0.000821273 0.00251374 0.00217816 5.68934e-05 -0.000242922 -0.00301812 0.00189453 0.000714569 -0.00119639 0.00422759 -0.00826263 -0.00235608 -0.0047101 -0.00290862 0.000832026 0.00347117 -0.004781 -0.00160753 -0.00783512 0.014291 0.00230382 -0.0169088 0.00117328 -0.00695256 0.0108646 0.00738366 0.00786522 -0.00150788 0.0121385 -0.00937539 -0.0483488 0.995877 -0.00384654 -0.038997 0.0161087 0.023162 -0.0357837 0.0263468 -0.00144855 0.002845 -0.0019606 -0.00372495 -0.00162475 0.00236082 0.000322151 -0.000178675 0.00151133 0.000660525 0.000726963 -0.00245859 0.00338849 -0.00115712 0.00406824 -0.00248109 0.00506542 0.000724155 -0.0020644 -0.00532097 0.00270332 -0.00399447 0.00154192 0.00239856 0.00107192 -1.89367e-05 -0.00267804 -0.00425464 0.00201109 -0.00167469 -0.000670486 -0.00561471 0.00208611 -0.00111323 0.000702166 0.0023477 -0.000673612 -0.00155286 -0.00274613 0.00137436 -0.00161198 -0.00104677 0.00124488 0.00319927 0.00100002 0.000633064 -0.00166815 0.000580451 0.0020128 -0.000985388 0.000159436 0.00115214 0.0017671 0.000262033 -0.000966215 -0.000374116 -0.00059653 -2.67897e-05 -0.000671449 0.00035529 -0.00327016 -0.00130487 4.57179e-05 -0.00200518 0.00155814 0.000919795 0.0047895 -0.00556243 -0.00195723 -0.00181593 -0.00180753 0.00082638 -0.0019213 -0.000921355 0.000225118 -0.00184631 0.0009955 -0.00082649 -0.00173544 -0.00120454 0.00218065 0.000326983 0.000895654 0.000968221 -0.000349909 0.0023256 -0.000193896 -0.0026623 0.000860338 0.000467971 0.000774457 0.000658046 -0.000988233 0.000653627 -0.00169994 0.000512438 -0.000945661 -0.0022837 -0.000337058 -0.00282722 7.81033e-07 -0.0020252 0.000820241 0.00473343 0.00309797 0.00272801 -0.000257784 0.00106084 0.000372992 -0.00311133 0.0023076 0.00230885 0.000628097 0.00198687 0.00664389 -0.00115803 0.00179859 0.00177328 0.00227429 -0.0062518 -0.00173283 0.000267768 -0.000495445 -0.000364248 -0.00080521 0.000844601 -0.00595838 -0.00356631 -0.00526007 -0.000224049 0.00441768 -0.00109109 0.00136729 0.00184593 -0.00094778 0.00495372 -0.0069052 0.00452868 1.33275e-05 -0.00282799 -0.00518342 -0.000952634 0.000965197 0.00488087 0.000280485 0.00492738 -0.000900354 -0.00185448 0.00123506 -0.000701354 0.000682483 -0.0039026 0.000987015 0.00172594 0.0023961 -0.00275206 0.000120028 -0.00169964 0.000837656 0.000614281 -0.000759187 -0.00133294 0.0024121 -0.0012157 0.00047338 0.0015782 0.00247777 -0.000875998 -0.000443628 -0.00121381 -0.000568053 0.00325661 0.00368659 -0.000937801 0.00157069 -0.00147378 0.000348442 -0.0011234 0.000377963 0.00165939 0.000990485 -0.00271872 0.00102341 -7.88091e-05 -0.00061374 0.000418761 -0.00072537 -0.00168866 -0.00191166 0.000331578 -0.00109291 0.00183867 0.000213892 -0.00140985 0.000248758 -0.00153623 0.0023939 -0.000906016 -9.47798e-05 0.000315422 -0.000327778 -0.000247993 0.00106044 0.000324247 -0.000888428 -6.58361e-05 -0.000194444 -0.000246276 -0.000653243 -0.000193581 0.000152051 -0.000626718 -0.00184239 -0.00149843 0.000836516 -0.00193975 0.00138915 0.00177834 0.000595179 -0.000194608 -0.000139399 -0.00142235 0.0035225 0.000758125 -8.52545e-05 -0.00107017 0.00246425 -0.000179501 0.000227058 -9.13615e-05 0.000456413 0.00149673 0.00156576 -0.00269403
0.000151305 -0.000131011 0.000900764 0.00097252 -1.92597e-05 0.000761082 0.000948428 0.000426774 0.000396547 0.000203016 0.000390338 -0.000871195 -0.000171597 -0.000134852 -0.000416565 0.000956126 -0.00027076 -0.00027452 0.000472917 0.000864016 -0.000259015 0.00028688 0.00168467 0.00078636 3.32256e-05 0.00313337 0.00210491 0.00459252 0.00115368 -0.000117727 0.00258401 0.00120126 0.000809259 -0.000237308 -0.00544821 -0.00544731 -0.00127867 0.00462251 0.0052612 -0.0005318 -0.00443554 0.00806378 -0.00706521 0.0131434 -0.0025498 -0.0124979 -0.010811 -0.00539055 -0.022033 0.0178128 0.0179873 0.0104838 0.99088 0.0883176 0.0631952 -0.0254689 0.0535737 0.00418889 0.00951026 0.0179161 -0.00731524 -0.00143764 -0.00528366 0.00585341 0.000845246 -0.000116507 0.00216728 -0.000579985 0.000652588 0.0033649 -0.000139245 0.00103273 0.000476563 0.000420292 0.00242226 -0.00195578 -0.000310959 0.00383499 7.25497e-05 -0.00345309 -0.0035676 -0.00169148 0.000535854 -0.00255753 0.00280344 0.00210219 -9.29338e-05 0.00198673 -0.00101667 0.0027586 -0.000280081 0.00304011 -0.000509438 -0.00219658 -0.000431958 0.000873513 0.00204749 0.000681323 -2.04346e-06 0.00100294 0.0016404 -0.00155765 -0.000552593 -0.0014595 0.00101618 0.00175685 -0.000386822 -0.000682464 -0.000258772 0.0008711 0.00199 -0.00102534 -0.00365515 0.000681327 -0.000739867 -0.000155074 0.00289017 0.000737237 0.000188559 -0.000878677 -0.000524252 -0.000817103 -0.000617683 0.00249355 -0.00120691 0.00222533 0.000690311 0.000191071 -0.00177956 -0.0022434 0.000715735 -0.000334183 -0.000255388 -0.00078631 0.0010251 -0.000117433 0.00267401 0.00243643 -0.00143336 -0.000867268 0.00224653 -0.000216955 0.00106482 -0.00178792 0.000814937 -0.000380319 -0.00149517 0.00110898 -0.000411757 4.17699e-05 -0.000400771 0.000728764 0.00330605 0.000525457 -0.0030269 9.91437e-05 0.000617558 0.00133604 0.00213643 0.00218013 -0.00115274 -0.0017783 -0.00154897 0.000554028 -0.00118151 -0.00156302 0.000211658 0.00111478 6.50662e-05 0.000128343 -0.000375353 0.000529768 -0.00352677 0.00331129 -0.00127589 -0.000340436 -0.00193333 0.00284023 -5.19886e-05 -0.00466109 0.000545653 3.49239e-05 0.000661342 -0.000624663 0.00234585 0.00355935 0.00294207 0.000432614 0.00362851 0.00135811 -0.00143383 0.00101511 -0.00157401 -0.00149564 0.00167101 -0.00139133 0.00437126 -0.00401694 0.005354 -0.00202174 -0.00272753 -0.00335654 0.000853746 0.00427032 0.00513043 0.00228336 0.00076766 0.000374513 0.00123738 -0.0015643 0.00453487 0.00182567 0.00126351 0.000664516 0.00288571 -0.00154111 0.00194565 -0.00219552 0.000432008 0.000263507 -0.000463162 6.39094e-05 0.000786394 0.00109106 -0.000683917 0.00171415 0.0015157 0.00116158 0.000464996 0.0012372 -0.000753736 0.000893377 -0.000522992 0.00239311 0.000964514 0.00212142 0.00172229 -0.000466924 0.000890509 0.00115485 0.0012263 -0.00246577 -0.00163282 -0.00236704 -0.00040827 -0.00217789 0.000133064 -0.000243159 -0.00212935 -0.00147498 -0.000358998 0.000734419 -0.000976016 0.00297998 -0.001575 0.00326385 9.47498e-05 -0.00030517 0.000144644 0.000673568 -0.000744102 -0.00036471 -0.00156774 0.000756865 -0.00123792 0.00139257 -0.000337201 0.000217886 0.00289559 -0.000841349 -0.00012798 -0.000469478 -0.000489051 0.00190688 0.00116844 -0.00106791 0.000311474 -0.00121862 -0.00133283 -0.000413252 0.000611665 -0.00113126 -0.00241212 0.00224477 -0.00166462 0.00162176 -0.00137436 0.000906745 0.000500727 -0.000778363 -0.00159816 0.00321495
-0.000268831 0.000514873 0.0016068 0.00110631 0.000804493 0.000579797 0.000342065 0.000484903 -0.000101731 0.00127992 0.00231799 0.0014556 -0.000292634 0.000872303 0.000634996 -0.00212223 -3.88453e-06 -0.000570397 0.0036127 0.00199751 -0.00380944 0.0056065 -0.00128045 -0.00294188 0.000272215 0.00107464 -0.00279182 0.00105826 0.00117782 0.00401315 -0.00522923 -0.0073636 0.000657836 0.00557248 0.0070387 0.00265781 0.0066137 0.00153486 -0.00555592 0.0118233 0.00125066 -0.00951087 0.00452865 0.00239468 -0.00823293 0.00572407 0.0094352 -0.0100487 -0.000538699 -0.0115537 -0.00686777 0.0349603 -0.0906315 0.991473 0.0647013 0.0108341 -0.0269884 0.0098343 -0.0249758 0.0163948 -0.00568817 0.0035234 -0.00339166 -0.00461702 -0.000405219 0.000321699 0.000482598 0.000318482 0.00437674 0.00236102 0.000972476 0.000293188 0.000415963 0.0017085 -0.00257932 0.000632582 0.00109636 -0.00114049 0.000197805 -0.00140036 -0.000206552 0.00319626 -0.00656626 -0.000876185 8.76965e-05 -0.00278138 -0.00167216 -0.00328969 -0.00417389 -0.00480122 0.00172646 -0.000649918 -0.000256401 -0.00158097 -0.000546389 -0.000929377 0.00147454 0.00285621 -0.00251424 0.00275296 -0.000390236 0.00304437 -0.000253458 0.00343591 -0.00141261 -0.00196524 -0.0020601 0.00105002 0.00279091 -0.000220549 0.00330837 -0.00199271 -0.000384963 0.00159437 0.00272359 -0.00319888 0.00184868 0.00124466 0.000170313 -0.000481542 0.00241001 -0.000818722 0.00128179 0.00466521 -0.000104947 0.00109129 0.00144922 -0.00117487 -0.00456015 -0.00142428 -0.00245321 -0.000434038 0.000895083 0.00197816 -0.0020151 0.00138572 -0.0017067 -0.000799759 0.000400254 0.00307303 0.00225674 0.00158004 0.000832614 0.00130947 -0.000834415 -0.00266488 6.55217e-05 0.00216171 0.000159151 -0.00213933 0.00291088 0.00177668 -0.00024592 -0.00101754 0.00106514 0.000862619 -0.000229332 -0.00230697 -0.00384747 -0.00062047 -0.000242637 -0.00101508 0.00100189 0.00156971 2.85133e-05 0.00189153 0.00367541 -0.00114859 0.00102058 0.000635069 0.000843568 0.00287619 0.000889711 -0.00354392 -0.000324221 0.000722256 0.00222069 0.00221208 0.00376461 -0.00217642 -0.000932463 0.00168168 0.00428036 0.00850071 0.000577513 -0.000831299 0.00239665 -0.00295234 0.0069935 -0.000906147 0.00118329 0.00196591 0.00455385 0.00324293 0.00188425 -0.00105933 0.00244498 0.00157243 0.000907145 0.00290309 -6.87433e-05 -0.00375735 -0.00318781 0.00510773 0.00566998 0.000533343 0.000819533 0.000546741 0.0024005 -0.00217833 0.00541238 0.00348847 0.00178601 0.00108502 0.000223292 -0.00189635 -0.00101643 0.00163772 0.00231045 -0.0026211 0.00119664 -0.00121071 -0.000160097 0.00397783 0.00152718 0.00190953 -0.00116106 -0.000678321 0.00103641 -9.78463e-05 0.00118395 -0.000440758 -0.00189531 0.00188144 -0.00174962 0.00282257 0.0023628 -0.000484971 -0.000874196 0.00401008 -0.000161453 -0.00523039 0.000449402 0.0017408 -0.00157192 -0.000127693 -0.00130499 -0.0024677 -0.000667091 -0.00061115 -0.000714146 0.00240653 -0.00108774 -0.00325926 0.000520089 -0.00132302 0.000483944 0.00192855 -0.000962844 -0.00163415 0.000191828 0.000227876 -0.00260528 0.00141242 0.00121448 -0.000431146 0.00249147 0.000278013 0.00243521 -0.00191876 0.000391268 0.000499334 -0.000279089 0.000786836 0.00102792 -0.000894449 0.00276436 0.00284579 -0.000798951 0.00204616 0.00421122 -0.000919058 0.00158748 -0.00014444 -0.000144322 0.000591139 0.000294283 0.00183417 0.000864298 0.00606557 -0.00264143 0.000275735
0.000502826 -0.000496517 9.38115e-05 -0.000199414 0.00118245 0.000998302 -0.000932966 0.00117705 0.00179917 0.000489799 -0.000949559 -0.0015097 -0.000447008 -0.000483916 -0.000191326 0.000711558 -0.00119012 0.00311607 0.00302106 -0.00139007 -0.000344878 0.00165836 0.00128719 0.00222643 0.000131347 0.00077339 0.00110818 0.00141911 0.00328939 0.00340932 0.00608248 -0.000892443 -0.00356803 -0.000599352 0.00324908 0.00526715 -0.000468265 0.00486088 -0.000690898 -0.00411057 -0.00535084 0.00723875 0.00608865 0.00901585 0.00704791 0.00671151 0.00947848 -0.0198474 -0.00498022 0.00520731 0.00629946 0.0118723 0.0641528 0.0645672 -0.975077 0.182162 -0.0755146 0.00459511 0.0057442 0.0242434 0.00176634 0.00254317 0.000352485 0.000506195 0.00153121 0.00112237 0.000284035 0.00110894 0.00381435 0.0015551 -0.00143334 -0.00126051 0.002182 0.000219366 -0.00514896 -0.00192118 -0.00258968 -0.00187355 0.00245921 0.000622066 0.00302774 -0.00512105 0.000631454 0.00152082 -0.00137301 0.000192404 0.00025169 0.000419393 0.00346989 -0.00092868 0.00112007 0.000416526 -0.000357879 -0.0002676 -0.00233945 -0.0021633 -0.00123454 -0.00135249 -0.000640122 0.000597703 0.00214509 -0.000859308 0.00148752 0.000612648 0.000245779 0.00175354 -0.00066882 0.00123292 -0.000819214 -0.00254497 -0.000643358 -0.000121251 -0.00148875 -0.0024919 0.00202374 0.00092935 -0.000286244 0.00199533 -0.00170858 0.000886649 -0.000533319 0.00172462 -0.00145837 -0.00122778 -0.0031238 0.00147363 0.000636496 0.000174311 -0.00352891 -0.000682893 0.000807591 0.000110597 0.00168042 0.000986767 -0.00281194 -0.00164825 0.000545693 -0.00106177 -0.000460903 0.00171584 0.00348554 -0.00214922 -0.00297847 -0.00101765 -0.000718914 0.000740258 -0.0010778 -0.00273574 -0.00156206 0.00159311 -0.00103619 0.00140665 -0.000643975 -0.00170759 0.00344446 -0.00269567 -8.87219e-05 0.000235236 0.00125932 0.00153704 0.000560599 0.000983749 -0.00106785 0.00102955 -0.000800449 -0.00112693 0.00119374 -0.00313146 -0.000552399 0.000657981 -0.000287981 0.00445507 -0.00198598 0.0024111 -0.00206221 -0.000584985 -0.00158673 0.000180142 0.00294526 -0.00388492 0.000126936 -0.000747327 -0.000303282 -0.000548273 0.00546183 -0.00388496 0.00825101 -0.00457624 -0.000755633 -0.00205385 0.00477748 0.00316077 -0.00437506 -0.00663624 -0.000215792 -0.00492656 0.00184736 -0.000122058 0.00153624 -0.00191947 -0.000424695 -0.00176789 0.00191551 -0.00471629 -0.00289779 -0.00216288 -0.000656812 -0.00112782 -0.00176352 0.00500726 -0.00208519 -0.0034489 5.38055e-05 -0.000500198 0.00172356 -0.00152798 0.00371049 0.000323909 -0.000783454 0.000664313 -0.000715214 0.00269373 0.00104697 -0.00560169 -0.000620548 0.00125178 -0.00097337 -0.00236962 -0.00167607 -0.00183356 -0.000223627 -0.000894993 -0.00135806 0.000388765 -0.000190546 0.00108866 -0.000254182 -0.00242904 -0.000953312 0.00312139 0.000744056 0.000341852 0.000890657 2.41758e-05 -0.00110871 0.000588067 -0.000604447 0.00234673 -0.00163249 0.00118046 -0.000131346 0.000136291 -0.00158962 0.00501428 -0.00079162 0.000946629 -0.00063519 0.000150255 0.00113868 -0.00083595 -0.00171708 -0.000213074 0.00132207 0.000877233 -0.000917569 0.00225868 -0.00194637 -0.00117677 -0.000785048 0.000359793 7.80967e-05 -0.000844759 0.000311511 -4.41572e-05 -0.000121241 0.000226608 0.000980305 0.000235007 0.00211319 -0.000415791 0.00276843 0.00231437 0.000103666 -0.00150217 0.000199239 0.00032179 0.000496218 0.00245947 0.00115463 0.00553958 -0.00116525 0.00350964
-3.81456e-05 -0.000329818 -0.00226956 0.000480337 0.000616689 -0.000160421 0.000198473 -0.000404217 0.00216883 0.00128178 -0.00039321 -0.00137646 0.000333043 -0.000649212 -5.69611e-05 0.000913705 -0.00033798 0.00210041 0.00129023 -0.00111627 -0.00535799 0.00456812 0.000544643 0.00106105 0.00104824 0.00141386 0.000499296 0.00210737 0.00380761 -0.00656849 0.00608823 0.00166942 -0.000505334 -0.00167019 -0.00208784 0.00609865 0.00458062 -0.000106826 0.00254478 -0.00849816 -0.00871379 0.00880668 0.000371552 -0.000311165 -0.0056701 0.00148796 -0.015462 -0.01741 0.00821012 0.0115018 -0.012476 -0.0215361 0.00863527 -0.0176289 0.173334 0.975471 0.118634 -0.0174543 -0.00834408 0.0351349 -0.00480153 -0.00610601 0.00261394 0.00294329 -0.00186486 0.00141027 5.91508e-05 0.00104803 0.000941989 0.00588521 -0.00237752 -0.0015798 -0.0024659 0.0019234 -0.00589669 -0.00500818 7.82987e-05 0.00406715 0.00424431 0.000356843 0.000870138 -0.00579086 0.0010056 -0.00218595 0.000931565 -0.00097829 0.000803331 -0.000129113 -0.000433264 0.00165815 -0.000738388 -7.85207e-05 -0.000726101 -0.00237002 0.000647525 -0.00144909 0.00027491 -0.00185284 -0.00206139 0.00318942 -0.00145958 0.0010347 -0.00119338 0.00210254 0.00350031 -0.000425831 -0.00344534 -0.000646309 0.00108073 -0.000938615 0.000475501 0.000610911 -0.00259098 -0.00227542 0.00032116 0.00134826 -0.00115468 -0.00261105 -0.00226748 -0.00225376 -0.00232939 -0.00184935 0.000127412 0.00206325 0.00171626 -0.0053746 -0.00552011 -0.00321394 -0.00420709 0.000944494 0.00119843 -0.00205231 0.00371544 0.000940153 -0.00248029 0.00166774 0.000147833 -0.00141488 4.02368e-05 0.00294767 5.1917e-05 -0.000160828 -0.00177654 0.00113205 0.00161422 0.00200813 -0.00280606 -0.00012922 0.000997652 -0.000892199 0.000608623 -0.00159625 -0.000972039 -0.00228784 0.00114142 0.000979579 -0.000360824 0.00466357 0.000495045 -0.000392781 -0.000816255 0.000244171 -0.00193886 0.00198697 -0.00198626 -0.00312402 0.00291459 -0.000156677 -0.00426746 -0.000697264 0.00138714 0.00081642 -0.00386657 0.00135888 -0.00354593 -0.000849698 0.00153414 0.00275207 -0.00306587 -0.00561731 0.000586315 -0.00121981 -0.000570452 0.00687181 0.00315837 -0.00257304 -9.74203e-05 -0.00736134 -0.000869195 0.00463742 -0.00445596 -0.00107835 -0.00402103 -0.00756578 0.00244317 -0.00162416 0.00722837 -0.00420266 0.00535443 -0.000913647 -0.00722019 -0.00618445 -0.00218954 -0.00541808 0.00314714 0.000892328 -0.00173465 -0.00152578 -0.000804234 0.000686175 0.00047646 -0.00288492 0.000572853 0.000901124 0.0030596 -0.00442043 -0.000533608 -0.00269512 0.00322477 0.00294065 -0.00169108 0.00167774 -0.000166689 -0.00342148 -0.00221844 0.00163986 0.00204713 0.00371848 0.000685465 -0.0012917 0.00277546 0.000562903 0.00107136 0.00173943 0.000384004 -0.000681294 0.000577643 -0.00468566 -0.00185525 0.00322261 0.00066143 0.00191533 0.00217613 0.00144629 0.000585398 -0.000225214 -0.000528907 -0.000399067 -0.00202195 -0.000683731 -0.000550597 0.00407169 -0.00239007 0.000591425 -0.000872095 0.00188167 0.00051919 -0.000954569 2.10933e-05 -0.000657095 -2.40008e-05 -0.0012193 -0.00148626 0.00225452 -0.00137028 -0.000255063 0.00121218 -0.000667281 0.00207219 -0.00195382 -3.22102e-05 0.00239227 0.000731517 0.00191076 -0.000180843 -0.000429731 0.000371236 -0.00246759 -0.00265845 0.00107298 0.000552124 -0.00284861 0.000868492 0.00211333 0.0007974 -5.22495e-06 -0.00175253 0.00138697 0.00101249 0.00398256 0.000736462 0.00619365
-0.000217176 -0.000575443 -0.000825544 0.000338814 0.000179128 0.000942382 0.00146251 -4.04227e-05 -0.000332089 -0.000262564 -0.000864285 0.00120884 0.000287891 -0.000673595 0.000214781 -0.00104059 -0.000409008 -0.000740993 -0.000118775 -0.00296171 0.000732029 -0.00375602 -0.000415267 -1.26707e-05 0.000783546 0.000271955 0.000840223 -0.00351578 -0.00299575 0.00211696 -0.00484529 -0.000841338 -0.00342675 -2.02045e-05 0.00346576 0.00269343 -0.00755377 -0.0048162 -0.0027036 0.00132962 0.000476169 -0.00346756 0.00783412 0.000274547 0.0104115 0.00363751 0.0185456 -0.00635994 0.00749487 -0.00638932 -0.009829 0.0383215 -0.0516792 0.0277073 -0.0960239 -0.0999551 0.986852 0.0252555 0.00170592 -0.00869047 0.00104895 -0.00235016 0.00103207 -0.000105907 0.00161885 -0.000412406 -0.000638267 -0.000888688 -0.00361347 0.00048692 0.00330358 0.00290012 -8.17627e-05 -0.00558589 -0.0001789 0.000406836 -0.000672732 -0.00196487 -0.00292272 0.0025322 0.00268406 0.00294231 -0.00146929 0.00211065 -0.00347983 0.000412136 0.00116911 -0.00657703 0.000536181 -0.00197287 0.00388856 -0.00176585 -0.00112648 -0.00164426 -0.000432253 -0.000555104 0.00147994 -0.00187244 0.00129434 0.00144444 0.00131623 0.00226038 -0.000768209 0.00331521 -0.00133276 -0.00152513 0.000266016 0.000195684 -0.000366302 -0.000768296 0.00132941 -0.000450353 0.00101085 0.000266715 0.000812499 0.000698025 -0.000263661 0.000944812 -0.00223632 -5.56709e-06 0.000458412 1.62849e-05 -0.000101152 -0.000900699 0.00123384 -0.00245192 -0.00141009 -0.00145644 -0.00294621 0.00064931 -0.00104284 0.00135209 -0.000207115 0.000329849 -0.00206764 0.000959803 -0.00253219 -3.34481e-05 0.000354233 -0.000353607 0.00229434 0.00123673 -0.00135437 0.00234827 -0.000643842 0.000327972 0.000607899 -0.000349917 0.00103328 -0.00230394 -0.00235875 0.000663043 -0.00453924 0.00222591 0.00211085 0.00121964 -5.66792e-05 -0.000742419 -6.07519e-05 -0.000854218 0.0020659 0.00184253 0.00110007 -0.000423863 -8.56265e-05 0.00153185 0.00131632 -0.00143374 -0.000807607 -2.31196e-05 0.00147547 0.00215129 0.00245227 -0.00223469 0.00202759 0.000930233 0.00123935 -0.000990724 0.00115175 0.00454027 -0.000615934 -0.00183339 0.00176523 0.00633495 -0.00206604 -0.00740031 0.00386878 -0.00391849 0.00115247 -0.00549532 0.00206197 0.00159404 0.00354921 0.00177768 0.00189502 0.00387377 0.00250744 0.00197944 0.00133329 0.00189159 0.000588501 0.000422103 -0.000499788 -0.00130819 0.000832114 0.00135179 0.000528849 -0.000518494 0.00159877 0.000148046 0.00056712 0.00221255 -0.000653294 -5.35721e-05 0.000171652 -0.00197576 0.000100268 0.00151225 -0.000179158 -0.000159013 0.00306989 0.000291582 0.000685438 0.000209695 -0.000380227 0.00114138 0.000691298 -0.00230084 -0.000558595 -0.00104985 0.00392199 0.00101585 -0.00173229 -0.0011522 -0.00056161 -0.000345837 0.00128837 -0.000738351 -0.00277428 0.00285416 0.00170868 -0.000749016 0.000853001 0.00313338 -0.00230134 0.000185992 -0.000214779 -0.000378769 -0.000725232 -0.000261316 0.00196665 0.00233816 -0.000747655 -0.000756516 0.000552877 -0.000121905 0.000941495 0.00133882 -0.00019249 -0.000307528 0.00032942 0.000430969 -0.00112726 0.00284486 0.00368082 0.000485937 -0.000813076 -6.63729e-05 -0.000404154 0.00112891 -0.000518461 0.000913257 -0.000160627 0.00145297 -0.000577822 0.000818482 0.00203685 0.000163085 0.0016884 0.000553278 0.00392623 0.00178785 0.00223081 -0.000200524 0.00109258 0.00180996 -0.00100111 -0.00024922 0.000850282 0.00445916 0.000961297 -0.00316128
-0.000414572 -0.000262101 0.00038135 0.000944797 -0.000554587 0.000929515 0.000373459 0.000579744 0.000637497 -0.00114473 -0.000767964 0.000535966 5.52484e-05 -0.000234335 4.1195e-05 -0.000562265 0.00018751 4.37296e-05 -0.00340714 0.000917975 0.00542432 -0.000440752 -0.00186869 0.00269888 -0.0029227 -0.00557813 -0.00389396 -0.000209432 -0.000836442 -0.00310931 0.00543946 -0.00342842 -0.00183094 -0.000803567 -0.00275745 0.0027266 0.0112554 -0.011116 -0.000730797 0.0020084 -0.00222325 0.00180973 -0.000515384 0.00166245 0.00910672 0.00239598 -0.00759553 0.00262642 0.00761949 -0.0012886 -0.0104443 -0.028621 -0.0015354 -0.00917515 0.0084052 0.0187162 -0.0217751 0.997867 0.0307676 -0.0153787 -0.00198963 -0.00143625 -0.000595376 -0.00022122 -0.000114947 0.00165218 0.000155725 -0.000116823 -0.00317339 -0.00434128 -0.0012653 -0.00347559 0.000300881 -0.00189598 -0.00166925 0.00260305 0.000354272 7.38123e-05 0.00814568 0.00279118 0.00334658 -0.0025164 -0.00118295 -0.00196144 -0.00382725 -0.00665066 -0.000930538 0.00423381 -0.000860675 0.00162637 0.00342645 0.000830102 -1.40684e-05 -0.000125253 0.00235387 -0.00389686 -0.00332284 -0.00108069 0.000185443 0.00171761 0.00192869 -0.000877119 -0.00214468 -0.00213393 -0.00401718 -0.00223805 -0.00257061 9.98078e-05 0.000112932 -0.000751204 -0.00328909 0.000778033 -5.25765e-05 -0.000628322 -0.0014438 0.00116939 0.00109548 0.000107439 0.000518229 -0.00130521 0.00218096 0.000604146 0.000329668 0.00496449 -0.000572391 0.00191772 0.00152065 0.00085648 -0.00307656 -0.00132561 6.00756e-05 -0.00037526 -0.00127848 -0.000251005 -0.000292563 -0.00302446 -0.00118622 0.000875531 0.00115981 -0.00402013 -0.000492756 -0.00126639 -0.000900728 0.000534913 0.00159661 0.000360866 0.00113911 -0.004382 0.00056407 0.00253555 -0.000777001 -0.000529908 1.81412e-05 -0.00262835 0.00349026 -0.00273836 -0.000719907 0.00212925 0.000192724 0.000310018 0.00143066 -0.00200147 0.000683693 0.00247328 0.00375966 -0.0022169 -0.00130297 -0.000333417 0.00164129 -0.000675625 -0.00311845 0.000926561 -0.00203274 -0.000392083 -0.00419711 -9.70225e-05 0.0029354 -3.58026e-06 0.0014037 -0.00438856 0.00141509 -0.00262422 0.000103268 -0.00248142 0.00131351 -0.00129502 -0.00101664 -0.0005635 0.00114562 -0.00263559 0.00100432 0.00194331 0.00630879 0.000121203 0.00150854 0.00183248 0.00371911 -0.00107225 -0.00204869 0.000323761 -0.00428404 0.00216643 0.00076825 0.00724619 0.00381409 0.00203997 0.000363242 -0.000186911 -0.000154276 -0.00124622 0.00509734 0.00288033 0.00434419 0.00472964 0.00244398 -0.00265538 0.00060286 -0.00037062 -0.00133132 -0.000572408 -0.00101331 -0.00117663 0.000976537 0.00299466 -0.000801263 0.00160668 0.000895314 0.000982362 -0.000779013 0.00276279 0.000269748 0.00115831 0.00205064 1.91481e-05 -0.000315877 0.00197704 0.00068615 -0.000734631 -0.000984143 -0.00058439 0.0017512 -0.000797588 0.000744177 0.00301918 4.9788e-05 -0.00275582 -0.000241238 -0.00105259 0.000281862 -0.00192555 -0.000287378 0.00203845 -0.000719729 -0.00143956 -3.90491e-05 0.00174352 0.000853143 0.00155244 -0.000669145 0.00126218 0.00013675 -0.000973093 -0.00133562 0.00218734 0.000989358 -0.000607505 3.71958e-05 6.31968e-05 0.00116482 0.000280407 0.0026543 0.00045566 -0.00175699 0.000357296 -0.000284908 -0.00114194 0.000258627 0.000414095 -0.00287268 -0.00154538 0.000258446 0.000596144 -0.00166526 0.000207757 -0.000544308 -0.0019578 -0.000680326 -0.000167838 0.000993496 0.0023679 -0.00028572 0.0046375
0.00077045 -0.00034702 -0.000826576 0.000277924 0.000466826 0.000164798 0.000173274 2.34389e-05 0.000271052 0.000802238 -0.00117502 -0.000477201 0.000300229 -0.000247635 -0.000194282 0.000145403 0.000800236 0.000294087 0.00353825 -0.0019591 -0.00649911 0.00393825 -0.000317998 -0.00137594 0.00300397 0.0020162 -0.00237015 -0.00251693 0.000833195 0.000335552 -0.00130382 0.00306297 -0.000945179 -0.00207246 0.00493803 -0.000712279 -0.00274627 0.00843584 0.00456174 -0.00107707 -0.00279379 0.00103593 0.000609974 -0.00543511 -0.00219138 -0.00506394 -0.00723057 -0.00833662 -0.0114924 -0.0112787 -0.00087897 0.00290697 -0.0122983 0.0231454 0.00794266 0.00677976 -0.000669618 -0.0302534 0.998185 0.00144085 -0.0276028 -0.000642941 -0.00554699 -0.000477384 0.000496942 0.000587647 0.00178059 0.00138971 0.00125055 0.00350035 -0.00242375 0.00151141 0.000786271 -0.00219475 -0.00292203 -0.00694759 0.000152852 -0.0015062 -0.00168054 -0.00160763 0.000521537 -0.00244984 0.00135934 0.0039766 0.00216746 -0.00122531 -0.000165025 0.00164459 -0.00192941 -0.00339858 0.00187876 0.00359687 0.000122168 0.000955851 0.0012066 -0.000539521 0.00140154 0.0010652 0.00105487 -0.00144108 0.00292899 0.000168252 0.00137004 0.000794669 0.000389538 -0.000677293 -0.000430656 -0.00139858 0.00182009 0.00154047 0.00268261 0.00169137 -0.000891568 0.00175598 0.000487498 7.82415e-05 0.00181086 0.000164393 -0.000276025 0.000910754 0.00236094 -0.000986071 0.00294664 0.00199939 0.00225748 -0.000333041 -0.000582049 0.000461534 0.0015302 0.0013093 0.000943695 -0.00128344 -0.000752116 0.00112979 -0.00030922 0.00163266 0.00231265 -0.00222372 -0.00160419 0.000695953 0.003358 0.00188063 -0.00264546 -0.00115989 -0.00160918 0.000739713 -0.00152869 0.00149501 -0.00161516 0.00223605 0.00104285 -0.000106719 0.00238455 -0.00026903 0.000246683 -0.00096204 0.00132939 -0.000692527 -0.00171704 -0.000811782 -0.00221917 0.000557548 0.00131395 0.00125194 0.000215965 0.000314688 -0.00236625 -0.00189802 0.00099747 -0.00059968 0.00164815 0.00160155 0.000473249 0.000991917 -0.00643134 0.00143552 -0.00172563 -0.00244056 -0.00103536 -0.00177718 0.00329375 -0.000480543 -0.000598704 4.30317e-05 -0.000913847 0.00150648 0.0016604 0.000500748 -0.000183104 0.00559954 0.00170091 0.00186241 -0.00025563 -0.00313096 0.00039402 1.59835e-05 -0.00102977 -0.00477544 0.00377252 -0.000850764 -0.00222403 0.00145778 0.00447394 0.00397352 0.00298331 0.000814113 0.000946679 0.000308542 0.000541769 -0.000838608 0.00519445 0.00186842 -0.000919257 -0.000565743 0.00216348 -8.6387e-05 0.00239583 0.000209619 -7.12551e-06 -0.000764121 0.000366343 0.00044221 -0.000176334 -0.00129792 0.000309424 -0.000868894 0.00163649 0.000368012 0.000723386 0.000891569 0.000414504 -3.43615e-05 -0.000761834 -1.95385e-05 0.000886275 -0.000622335 0.000737769 -0.00129691 1.08227e-05 -0.00150917 0.000864468 0.0011793 4.32387e-05 -0.000577574 0.00018265 0.000509726 0.000269819 0.000341441 0.000691151 0.0020488 -0.000516518 -0.000527028 -0.000238382 0.000155886 0.00145598 9.40234e-05 -0.00129313 -0.000106696 0.00271104 -0.000364784 0.000453421 -0.00029664 0.000368544 -4.94993e-05 0.000928716 0.000785925 -0.0005911 0.00133993 0.00104204 -0.00119353 0.00173597 -0.00134119 -0.00153187 -0.00136112 -8.12803e-05 -0.000312068 8.35239e-05 0.00241597 -0.0025991 -0.00125616 0.000822527 0.000870289 0.000924478 0.00180736 -0.000672196 0.00128879 0.000601486 0.00151142 0.00070434 -0.0016104 0.00102125 0.00132124
-0.000787957 0.000189035 0.000182191 -9.98874e-05 0.00113771 -0.000716353 -0.000343048 -0.000379043 0.00218173 -0.000246159 0.000757399 -0.00185672 -1.01167e-05 0.000390892 -0.00056717 0.00127442 -0.000931274 0.00251627 0.00171304 -0.0023598 0.0027734 -0.00459946 -0.00176883 0.000956004 -0.000789766 0.00137931 -0.00106421 -0.00240446 -0.00156691 -0.00421236 0.00407861 0.000249244 -0.00308315 0.0079588 -0.00187952 0.0012085 -0.000603882 -0.00531868 -0.00692422 -0.000453777 -0.0041802 0.0108538 0.00354814 -0.00426359 0.00056989 0.00444684 0.00752384 0.00187251 0.0112982 -0.00788208 -0.0050959 -0.00354239 -0.0179517 -0.0186349 0.014734 -0.0392257 0.00512334 0.0154356 -0.000521182 0.998039 -0.00798154 0.00110147 -0.00321565 0.000297639 0.00158394 0.000167312 0.0022037 0.00146006 -1.67554e-06 0.00328897 -0.00264611 0.00265901 0.00185246 -0.00536933 -0.00657075 0.00237814 0.00164691 0.000407046 0.0062759 0.00669488 -0.00248312 -0.00139425 -0.00255482 0.00482371 0.000588972 -0.000609905 0.000630838 -0.00013689 0.00390192 0.00360822 0.00238928 -0.00128503 0.000146287 0.000500296 -0.00261038 -0.0025394 0.000861937 -0.00195447 -0.00211277 0.00116374 0.00500211 0.00222313 -0.000259039 0.00367041 0.00192947 -0.00177219 -0.000469832 0.00159724 -0.000435127 -7.18377e-05 0.0033488 0.0040913 0.00189167 -0.00146693 -0.000765691 0.00223601 0.00227288 0.000782074 0.000187709 0.000453319 0.000862621 6.56184e-05 -0.00198394 -0.00265306 -0.00121225 0.000712222 -0.00100166 0.000450536 -0.0017776 -0.00164774 0.000805471 0.000945905 0.00136999 -0.000433658 -0.00296998 -0.000376317 0.000324079 -0.00103676 -0.000408748 -0.00158222 0.00308912 -0.000963202 -0.00223767 0.00224156 -0.00107629 0.00437005 -0.00118731 -0.0022464 0.00103614 0.000293138 0.000241585 0.00123408 0.000762262 -0.00204976 0.00638953 -0.000193241 0.000476764 0.00166327 0.00289013 0.00327035 -1.86287e-05 0.00113941 0.00325139 -0.00225748 -0.00205774 -0.00211192 0.00374845 -0.00265136 0.00168371 0.000540291 -0.00186187 0.00668088 -0.000386514 0.00154644 -0.00172904 0.000253616 0.00251684 -0.00164944 0.00106773 -0.0030553 -0.000946258 -0.00353759 0.000147728 0.00381515 0.00386429 -0.0028789 0.00543761 -0.00669678 0.00391634 -0.000850923 -0.00140942 0.00514025 -0.00369128 -0.00716353 0.00307175 -0.0061606 -0.00433128 0.000910282 0.0030256 -0.00018812 -0.00133152 0.00108727 0.00357046 -0.00304512 -0.000836956 0.000149101 -0.00184845 -0.00139168 -0.00114799 0.00639792 0.0014952 -0.00327822 0.00109016 5.95509e-05 0.00454709 0.00102973 0.00172779 0.00244579 0.00252387 0.000908244 0.000132972 -0.000895684 -0.00122396 -0.00591603 0.000647519 0.00322404 0.000272526 -0.00194716 -0.00028666 -0.00228684 0.000166915 -0.00123257 -0.00326914 0.00315136 0.00293099 3.44193e-05 0.000412838 -0.000753843 -0.0035958 0.00222121 -7.73409e-05 6.17258e-05 0.000292422 -0.00118639 0.000373095 0.00212669 -0.00239083 -0.000664688 0.00152634 0.00152891 -0.00128187 -0.0036778 -0.00332704 0.000912179 -0.00110184 -0.00113223 -0.002835 0.00109034 7.32682e-05 0.000402484 0.000130647 0.00128161 0.000972303 -0.000991707 -0.000658307 0.000350283 -0.000369922 -0.000760468 -0.00137337 0.00066628 2.44457e-05 0.00117608 0.000457265 -0.00135927 0.000916954 0.000392347 0.00110449 0.00153832 0.000264139 0.000146399 0.0032758 0.00182617 0.00137652 0.00168332 -0.000154076 0.00156929 0.000320033 0.00123746 -0.000527243 0.00413859 0.000474572 0.00371548
0.000176267 -0.000126635 -0.000445321 -0.000114393 -0.000823207 -0.00013386 -9.64945e-05 0.000217019 7.93017e-05 0.000424915 3.52117e-05 0.000182914 -0.000675109 0.000181438 0.00034 -0.000739664 0.000117234 -0.000481153 -0.000280229 0.00054121 -6.59376e-05 0.00121794 0.00112073 0.000483058 0.000571561 -0.000224801 0.000834563 0.00103052 0.00152557 0.00177725 -0.000104009 0.00133126 0.00142264 -0.0031057 0.00238833 -0.000291022 -0.00124205 0.00278525 0.00135046 -0.00027768 -0.00248658 -0.00345875 -0.00102164 0.000909426 0.00280638 -0.00217808 -0.00245547 0.00127589 0.00260783 0.00965333 0.00255053 0.00214819 0.00599123 0.00679145 0.00379008 0.00399074 -0.00016378 0.00137091 0.027617 0.00872693 0.998835 -0.0260459 0.0178719 0.00176703 -0.00414397 0.0046342 -0.0031444 0.000304678 -0.00111514 -0.00307057 0.00162058 -0.000238094 0.000611335 0.000457739 0.00105652 0.000704804 -0.00138195 -0.000360841 0.000247369 -0.00214607 -0.0054141 0.000699624 0.00129856 -0.00312549 0.00425358 0.00494519 -0.00247478 -0.00286958 0.00282105 -0.000759162 -0.00692411 -0.000863428 0.00105204 0.00297397 0.000852953 0.00408969 0.000496648 -0.00230257 -0.00182163 -0.00147962 -0.00171409 -0.000776991 -0.00117997 0.00295796 0.00272465 0.00141019 0.00331932 0.00215684 -0.00164011 -0.00214238 0.00163441 0.00158493 -0.00187212 -0.00192373 0.00216184 0.000418139 0.00152838 -0.000292374 -0.000800531 -0.00097452 -0.000115679 -0.000739168 -0.00242525 0.000966677 4.67286e-06 -0.00119801 -0.00133741 -0.00235831 -0.00259005 0.00237068 0.00139637 -4.67373e-05 0.00030892 0.000568561 -0.000907886 -5.41493e-05 -0.00154876 0.000688511 0.0022593 0.000812685 -0.00132262 -0.00102425 -0.00045651 8.78164e-05 -0.000527774 0.000217474 -0.00137667 0.00345044 -0.000675044 -0.00131127 0.00213976 0.000644998 0.000470579 0.00105082 -0.00154738 0.0016066 0.00266564 0.000383974 -0.000872516 -0.000764673 -0.000554424 -0.000207983 -0.000997695 -0.00454994 -0.0056241 -0.00279817 -0.0012867 0.00118754 0.000679577 -0.000246438 0.000612154 -0.00302018 0.00328683 0.00103152 0.00447113 -0.000170942 0.00215221 0.00478049 -0.00381492 0.00340536 -0.00713684 0.00326829 -0.00436976 0.000176182 0.0014533 0.00166397 0.00116348 -0.00199435 0.000131644 -0.00706433 -0.00772854 0.0037417 -0.00457532 -0.00291606 -0.00269692 -0.00527492 -0.000492675 0.00261975 0.00353593 -0.000975088 -0.00106726 -0.00125361 -3.01377e-05 -0.00321113 -0.00202393 -0.00212566 0.0022087 -0.000480957 0.00035296 0.000561615 -0.00165114 -0.000176685 -0.00539289 -0.00278016 -5.25892e-05 -7.39208e-05 0.000543348 -0.00208895 0.00118901 -3.67852e-05 -0.000902754 0.00132708 0.000346901 -0.00355876 -0.00241994 -0.00180875 -0.00230478 0.00246631 0.00216381 0.00216657 -0.000766285 -0.000963586 0.000158771 0.00154559 0.000490189 0.000788157 -6.09171e-05 0.00091957 -0.00211671 0.000757874 -0.00313208 0.000731756 -0.00416194 0.00230335 0.00115741 -0.00067143 -0.00110646 0.00223122 0.0011353 0.00398132 0.000562001 -0.00256696 0.00159068 -0.000957169 -0.00222959 0.00177067 -0.000787054 0.00168508 -0.00303163 -0.00292076 0.000635254 -0.000591924 -0.00102384 0.00104241 0.000156617 -0.00109377 0.00113777 1.9944e-05 0.000671128 0.00539899 -0.000494297 0.00576535 0.00641613 -0.00206426 0.00305059 -0.000433219 0.000453376 -0.000892367 -0.000845063 -0.00202696 0.00135596 0.00243826 -0.00188548 -0.00304906 -0.000148988 -0.0014966 -0.00181033 0.000284755 -0.00106106 0.000677662 -0.00123911 -0.0012831
-5.81199e-05 0.000104732 -0.000379186 0.000314002 0.0008127 -0.000101696 -0.000369772 -0.000374477 0.000928148 -0.000122048 0.000394764 -0.00035961 -0.000166781 0.000290174 0.000133299 0.00115509 0.000244288 0.000190298 0.000763547 -0.000447451 -0.00178939 8.62525e-05 -0.000132417 0.000409095 0.00014834 0.00016592 -0.00075837 -0.000564944 -0.00151297 -0.000752214 0.00151465 -0.000413275 -0.000420226 0.00193855 -0.00178919 0.000116005 0.00101244 -0.00166846 -0.00291651 -0.00166731 -0.00157772 -0.0019546 0.00209196 0.000788532 -0.0023755 0.000515726 -0.00609748 0.00281694 -0.000402178 0.00333076 0.00193534 0.00379795 0.00148957 -0.00336366 0.00324805 0.00525541 0.00336449 0.0014112 0.00153493 -0.000782331 0.0257704 0.999384 0.0109231 0.00910519 0.00458468 0.00186546 0.00220289 -0.000184471 -0.00389475 0.00155588 0.000510919 -0.00584192 -0.000690197 0.00196681 -0.00627845 0.00147261 0.000587907 -0.0045224 -0.00103424 0.000327267 -0.0014768 -0.00221738 -0.00119047 0.00224851 -0.000764024 0.00495787 0.00233752 -0.00413115 0.00470909 0.00357724 -0.00139 -0.00109036 -0.00158431 0.00201567 -0.00281399 -0.00182865 0.000676562 -0.00298871 -0.00147394 0.00218221 -0.00211592 -0.000739831 -0.000643313 -0.00187544 0.00407519 0.00299903 -0.000750554 0.0012683 -0.000368514 -0.00163361 -0.00293952 0.00208648 0.0015611 0.000497774 0.00103484 -0.000694921 0.000702259 -0.00138339 0.00127532 0.000921556 -0.00177223 0.00442319 -0.00186905 -0.00493711 -0.00382513 -0.00198372 -0.00276407 -0.00126512 -0.00167829 0.00123692 0.00139935 0.00152995 0.00252572 -0.00229951 -0.00236139 -0.000790923 -0.00224909 0.000163077 0.0015102 0.000466926 -0.00133779 0.00129261 -0.0031191 0.000129087 0.000873504 0.00135583 -8.59033e-05 1.1919e-05 0.0023048 0.00165809 -0.00263403 0.00355217 -0.00362299 0.00161641 0.00426834 -0.000556768 0.00217036 0.00113594 0.0030614 -0.00014565 0.00269593 -5.34042e-05 -0.000242665 -0.00260046 -0.00216365 -0.00173502 0.00152552 -0.00300687 -0.00393256 0.000318014 0.000224346 -0.00495305 -0.00170628 -0.00133316 0.000788451 0.00170025 -0.000898633 0.00182822 -0.00108075 0.000449461 -0.00350945 0.000802984 -0.00183744 0.00241677 0.00468435 -0.00185964 0.00175543 0.000382582 -0.00692787 -0.00567813 0.00156698 -0.00486919 -0.00197103 -0.00375172 -0.0024623 -0.00273821 -0.00493617 0.0118172 0.00134037 0.000744692 0.00308658 0.00137906 -0.00100293 -0.00982437 -0.0035395 -0.00309718 -0.00213241 -0.000435232 -0.0028831 0.00527657 -0.00666392 -0.000550053 -0.00093363 -0.0012165 -0.00216251 0.00485428 0.000671274 0.00159875 0.00287342 0.000762802 0.00149538 0.00048076 -0.00107688 -0.00300654 -0.00285218 -0.00126995 -0.000848591 -0.000443817 0.00139042 -0.00295826 -0.00152869 -0.00132153 0.000606574 -2.23475e-05 -0.00138895 -0.000305871 -0.000839193 0.000169532 -0.00244866 0.00123654 0.000212047 0.00105802 -0.000182086 -0.000871647 0.000204871 0.00296397 0.000920862 0.000875067 -0.00147935 -0.00196945 0.00196231 -0.000779094 0.00300005 -2.21327e-05 -0.000492829 -7.16185e-05 0.000983256 -0.00204619 -0.000808412 4.41043e-05 0.000328783 -0.000173902 -0.00040914 -0.00198763 0.000309133 0.00121519 0.00137974 -0.00121117 -0.000395067 0.00234154 -0.00253502 -0.000922699 -0.0023429 0.000793714 -0.00232362 0.0010611 0.00275691 -0.000248821 0.00399519 0.00126496 -0.00350484 -0.000122094 -0.00039627 -0.00226266 0.00257809 -0.00105854 -0.00121657 0.00125435 -0.00046563 0.00302662 0.00269481 -0.00248708
0.000112368 1.06402e-05 0.000253764 9.99435e-06 -0.000492285 9.78396e-05 0.000160086 -9.78756e-05 9.07328e-05 -0.000126796 -0.000125268 -0.000207179 0.000821588 -0.000310666 0.000278453 -0.000410453 -0.000157017 0.00025161 -0.000200581 0.000360032 0.000852168 -0.00073048 0.000419069 -0.000770718 -0.000330552 0.000543963 0.000914832 0.00140926 0.000298216 -0.000296378 -0.000423464 0.000620688 -0.000248562 0.000620606 -0.00053077 -0.000196412 -0.000618191 0.000162844 0.00158098 0.000154485 0.00274529 0.000858576 -0.000168124 -0.000965668 -0.000660506 0.00243425 0.0016584 0.000578683 0.00228625 0.00581153 -0.00129556 0.00162889 0.00456812 0.00388198 0.00055481 -0.00284854 -0.00121908 0.000572559 0.00518446 0.00313317 -0.0184895 -0.0105418 0.999535 0.0129794 -0.000735192 0.000353262 -0.00295172 0.0038272 7.56886e-05 0.0011471 -0.000407772 0.000529271 -0.000443104 0.00368033 0.00498463 -0.000802313 -0.00346441 -0.0023574 -0.000212479 0.00109775 0.00373023 0.00128324 0.00324877 0.00196796 -0.00217684 -0.000552489 0.00103354 0.0068942 0.00105957 -0.000421527 0.00188719 0.000615414 0.0016927 0.00128699 -8.31319e-05 -0.000970788 -0.00385551 -0.00126177 0.00314879 -0.000148107 0.000402583 0.000738056 0.00215882 -0.00047688 -0.0012785 -0.000799662 -0.00110251 0.00062632 0.0012925 0.0021294 -0.00124134 0.00125105 0.00170168 0.000665485 -0.00142361 0.00128954 -0.00023494 -0.00287583 -0.000768271 0.00387873 0.000481667 0.00153987 0.000125586 -0.00378739 -0.00239436 -0.000343305 0.000999157 -0.000462958 -0.00133391 -0.00146738 -0.00223835 0.00116501 0.000768305 0.000348207 -0.000653423 -0.00121462 -0.00143304 -6.60125e-05 0.000817546 0.000630824 0.000388655 -0.0012046 -0.00169571 0.000503351 -0.000439054 0.000638685 0.00234972 -0.000937569 -0.00124063 0.00113168 -0.000129537 -0.000134717 0.000701301 -0.00213053 4.53538e-05 -0.00131913 -0.000152632 0.000805366 0.00320455 0.000422815 -0.000294702 0.00123377 0.00062734 0.00309547 0.00385704 0.00153533 -0.00212327 -0.00292375 0.000939622 0.00103406 -0.00305649 -0.00246997 0.000982727 0.0026386 -0.00484575 -0.000296762 0.000817523 -0.00551459 0.000984067 -0.00280525 0.00184616 -0.0063918 0.00427498 -0.00292714 -0.00444898 -0.00149822 0.000691466 -0.000815054 -0.00968937 0.00458121 0.00213522 -9.1309e-05 0.000392606 -0.00360116 -0.000449646 0.00404821 -0.00248005 0.00193014 -0.00563007 -0.000138286 0.000280004 0.000921024 0.000762304 -0.00916018 -0.00721518 -0.00126169 0.00111536 0.000507314 -0.00389764 0.00196981 -0.00302158 -0.00363694 -0.000725475 -0.00079665 0.000221101 0.000972294 0.00158636 0.000866062 5.30851e-05 0.00402701 0.000384435 0.000340386 0.000296186 -8.40386e-05 0.000576159 -0.000296669 0.00123629 9.42652e-05 -0.00125486 -0.00183475 7.98687e-05 -0.000306577 0.000195187 -0.00192175 0.000557237 -0.00106701 0.00128972 0.00208888 0.00206217 0.000100556 0.000155856 0.000818563 0.000196641 0.00299585 -0.000752404 -0.000113884 0.000221065 -0.00103594 0.000873145 0.00334865 -0.000424868 0.00016264 0.000924335 -0.00159095 6.72331e-05 7.98337e-05 0.000195075 0.00100757 0.000899381 0.00141559 0.000253916 0.000249797 0.00184807 0.000793874 0.00256421 0.000594895 -0.00313218 0.000831449 -0.000260339 -0.00228964 0.00219241 0.000211882 0.000556002 -0.00269927 -0.00348003 0.000784216 0.000696069 0.00125136 0.00194992 0.000430048 -0.00281265 -0.000165675 0.00185604 -0.000310957 0.000786685 -0.000799149 0.00188267 0.000620699 0.000845452 0.00102003 0.000826332 -0.00235902
-0.000128883 -0.00029328 -3.62148e-05 0.000292376 0.00114114 8.16793e-05 -0.000255419 0.000281591 0.000856317 4.90305e-05 -0.000390558 -0.000191628 2.77798e-05 -0.000304934 0.000164386 0.00125292 0.000555903 0.000276344 0.00126386 -0.00131452 -0.00131188 0.000879857 -0.00153931 -0.000353313 -3.33308e-05 -0.000844613 -0.00194227 -0.0016848 0.00055646 -0.000499947 -1.27695e-05 -0.000398349 -0.00184143 0.00115722 0.00125113 0.00209133 0.00111815 0.000752109 0.00101033 0.000851826 -0.000169438 0.00149916 0.000456411 -0.000722361 0.00111549 -0.000371036 -0.000748223 0.000398426 -0.00177092 0.00055516 -0.00162004 -0.00225606 -0.00629272 0.00410648 -0.000143719 -0.00295121 -0.000569463 0.000126209 8.24397e-05 -0.00058097 -0.00168994 -0.00892265 -0.0130792 0.999705 0.00217667 -0.000669948 0.00530303 0.00193569 -0.000935633 0.00320791 0.00287709 0.00157718 0.000832531 0.00544085 -0.00343616 0.000228142 0.000638666 -0.00272841 0.00712478 0.00412467 0.00229167 -0.00139192 -0.000706407 0.00292878 0.00105348 -0.00020754 -0.0036068 0.0029902 0.000979286 0.000161332 0.00164247 -0.00115482 -0.0015247 -0.00107418 -0.00152745 -0.0013071 -0.000659695 0.000715754 -0.00225051 -0.000847703 0.000674543 -0.00178179 0.00238059 -0.00389708 0.000983869 0.00115117 -0.00387361 0.00174212 -0.00179897 -8.77882e-05 -0.00352341 0.0008609 -0.000806924 -0.0023683 -0.000904323 0.00123114 -0.00370905 -0.000950436 0.00050558 -0.000754317 -0.000557701 -0.000972396 -0.00271058 -0.00374405 -0.00118329 0.000215572 0.00057842 0.000476444 0.000391671 -0.00113272 -0.000895615 0.00065753 0.00194618 0.00123914 -0.000731006 -0.000987261 -0.00186984 -0.00019342 0.000680994 0.00144266 0.00196819 -0.0014618 -0.000186404 0.001823 0.000395558 -0.00136567 -0.00202492 -0.00217885 -0.000693892 -0.000212689 -3.50174e-05 -0.00129452 0.00112101 -0.00322462 0.00105183 0.000946498 0.000625622 -0.00235838 0.000300667 0.000165685 0.00201769 -0.0033359 -0.000617708 -0.00160367 0.00214347 -0.000736955 0.00150422 -0.000243242 0.000797751 0.00419737 0.00150817 0.000315181 -0.00142673 0.00182095 -0.000329418 0.00210146 -0.0021686 -0.00101827 -9.53981e-05 -0.00483183 -0.00184237 -0.00184805 0.00179177 -0.00325808 -0.000691739 -2.60496e-05 -0.000373805 0.00138806 0.00268126 -0.000720578 0.000493028 -0.00111294 -0.00191048 -0.00385261 -0.000392122 0.00218279 0.000472167 -0.00373548 -0.00627277 -0.00166999 0.000823771 0.000382672 -0.00100995 -0.00895726 -0.00776893 -0.00259982 -0.00072186 -0.000804624 -0.00136487 0.00283769 -0.00559172 -0.00648189 0.00217143 -0.00396352 -0.00296545 -0.000159096 5.28824e-05 0.000887957 -0.001516 0.00389071 -0.000187486 2.04848e-05 0.000306896 -0.00244984 -0.00100279 0.00151309 -0.000986058 0.000984865 -0.00245648 8.4437e-05 0.001066 -2.50584e-05 -0.00143978 -0.00015899 0.000972477 -0.000363373 6.75258e-05 0.00111805 -0.000311138 2.57037e-05 -0.000505444 0.000202794 0.00183827 -0.000718426 0.000972141 0.000374239 0.000881883 -0.000436342 -0.00020179 -0.000512072 -0.0014127 0.000959578 0.00148004 0.00046844 0.00191017 -0.00147587 -0.000151795 -0.00142442 -0.00106325 0.00108122 0.00043036 0.000646176 -0.000615156 -0.00183691 0.000391535 -0.000780656 -0.000301691 0.001879 0.000757701 -0.00085206 -0.00210149 -0.00400345 -0.0026456 0.0020683 0.000672336 0.000777768 0.00214753 -0.00367579 0.00379904 -0.00146693 -0.00121787 -0.000669533 0.000170948 -0.00174498 -0.00066 -0.000855101 0.00011456 0.00155167 0.000644181 0.00166255 -0.00193454 -0.00199464
0.000237083 0.000230037 -2.24732e-05 0.000227672 0.00047892 0.000214696 0.000524979 0.000122794 0.000954081 -0.000187456 0.000338314 0.000240384 0.0011428 -0.00047194 0.000711159 -0.000317713 0.000557299 0.000315205 0.00224929 -0.000431083 -4.29824e-05 5.57257e-05 -0.00102624 -0.00130033 -0.00190197 -0.00109544 0.000181361 0.000346929 0.00120292 -0.000307858 -0.000421779 -0.000506071 -0.000423814 0.002377 -0.00128894 -0.000457574 0.000401835 -0.000832973 -0.000626973 -0.00064132 -0.000625827 0.000784061 8.40837e-05 0.00120119 -0.00106451 -5.88049e-05 -0.000601494 -0.000180538 -0.000872492 -0.00199986 0.00139421 -0.000321916 -0.000847023 9.61358e-05 0.00196357 0.00169861 -0.00129341 -1.47772e-05 -0.000486861 -0.00165646 0.00395421 -0.00479461 0.000880418 -0.00216463 0.998948 0.0367901 0.00981964 0.0100166 0.00279062 0.00131304 0.00126645 -0.00090617 -0.00252121 -0.012288 -0.00482996 0.00424605 -0.00119462 -0.00262126 -0.00735076 0.00337677 -0.00406839 -0.00401239 0.000449876 -0.00491503 -0.00156229 -0.00617846 0.00155633 -0.00925144 0.006109 -0.0037166 0.00258089 0.00268528 0.00177148 -0.000400355 0.00250079 -0.00147429 0.00239556 -0.00235827 -0.00288915 0.00108566 -0.000823918 0.00168996 0.000187815 0.00248341 -0.00428235 -0.00110014 0.00336044 -0.00202322 -0.00108671 -0.00172326 -0.00113617 -7.64533e-05 0.000687285 0.000379275 -0.000929409 -0.00494437 -0.0024735 -0.00606881 0.000766056 0.00184843 -0.00132079 0.00470252 0.00331023 -0.0063412 0.000565688 -0.00555052 -0.00227324 0.00190026 0.00262014 0.00268194 9.17162e-05 0.000110216 -0.00180766 8.3545e-05 -0.00218561 0.000549228 -0.00031666 -0.000984627 -0.00180651 -0.000784418 0.00141001 0.00182465 0.000737229 -0.0022871 -0.00100096 4.28869e-05 -0.000250108 -0.00340725 0.00321881 -0.00171918 -0.00128942 0.00265042 -0.00101993 0.000929308 0.00198348 4.37684e-05 0.00180037 -0.00254906 -0.00101969 0.00229027 0.00516658 0.00507605 0.00093198 0.000237387 -0.00547075 -0.00195878 0.000348613 -0.000482648 0.0024801 -0.00623481 -0.000928036 0.0020849 0.00272965 -0.00517056 0.00356889 0.000509692 -0.00319619 -0.00150634 -0.00115072 0.00557025 0.00262346 -0.0033466 0.00154324 0.00136753 -0.00341663 -0.00803746 -0.00649424 0.000412782 -0.014775 0.00496046 0.00741253 -0.00888125 0.00333693 -0.00378685 0.00179557 0.00227733 -6.70102e-05 0.00697234 0.0022182 0.00321261 0.000749354 0.00192975 0.00178479 -0.00565731 0.00265834 0.000122901 -0.0011453 -0.000712972 -0.00429792 0.002859 -0.00376157 0.0027479 -0.00130687 0.00254214 -0.0026182 0.00263858 -0.00141386 -0.00288609 0.00255459 -0.00108697 0.000951232 0.000458118 -0.00275329 7.77807e-05 -0.000570819 -0.00146949 0.00359907 -0.00354413 0.00252651 -0.00183465 0.000764912 -0.00027652 0.00117025 -0.00267976 -0.00523948 -0.00419978 -0.00118422 -0.00235986 0.00021908 -0.000821584 -4.10395e-05 0.00106321 0.0025355 0.00534342 -0.00252949 0.00579761 0.00330402 -0.000631702 -0.00210015 -0.00351383 0.00352441 0.00149821 -0.000247784 0.000278759 -0.00212609 0.00070857 0.0022021 -0.00429139 0.00177374 -0.00184785 -0.000407981 0.00760368 0.00361393 -0.000333401 0.000809183 0.00152073 -0.00103832 -0.00139977 -0.00554809 -0.00509133 0.000779265 0.000795537 -0.00322721 0.000361913 -0.0047178 0.0053021 -0.00110306 -0.00155176 0.00213861 0.00226747 -0.00318306 -0.00210062 0.00558777 0.00417524 0.00203413 -0.00105713 0.000959524 -0.0026461 -0.00237924 -0.000798285 0.00294947 -0.00203478
0.000387791 0.000320962 0.000490568 0.000613963 0.00100782 0.000192121 0.000901838 0.000653424 -0.00108177 -0.000177277 -0.000420933 1.08515e-05 0.000658809 0.000319598 0.000298973 -0.00112575 0.000970413 -0.000180238 0.00262593 0.000708012 -0.00129125 0.00280575 -0.00157893 0.00236257 -0.00148026 0.000433896 -0.00113086 -0.000297064 -0.000153458 -0.00031126 -0.000902815 -0.00339153 -0.00151426 0.000748519 -0.000748292 -0.000309155 -0.00124705 0.000512987 0.00116214 0.000607832 0.000711424 -5.71659e-05 -0.000993581 -0.000318842 0.000859352 0.00029641 -0.000270958 0.00201149 0.00187706 -0.000780678 -0.000316896 0.000141854 0.000117922 -0.000481795 0.00069055 -0.00179289 0.000471509 -0.0016438 -0.000705087 -0.000294542 -0.00473902 -0.0015878 -0.000564 0.000620931 -0.0367597 0.998933 -0.00626792 0.00926984 0.00506412 0.00669792 0.00403763 -0.00874647 0.00553952 0.00205133 -0.00186498 0.00157057 0.00183498 0.00221156 0.0104283 0.00322428 -0.000699801 -0.00263111 -0.00626719 0.0018273 0.000212036 -0.00356036 -0.001609 0.0074835 -0.00191134 0.00339631 0.000859931 -0.00196855 -0.000302356 -0.00131945 -0.000144202 -0.000867294 -0.00173804 0.000995516 -0.00085001 -0.00162497 0.0043657 0.00463137 0.0038645 -0.00249734 -0.000393846 0.00164451 -0.00174573 0.0019148 -0.00185569 -0.000450505 -0.000638209 0.00124206 0.00179549 -0.00122919 -0.00239715 0.00117017 -6.09248e-05 0.00224981 0.000934539 -0.00144819 0.00195599 -0.00163187 -0.000916129 -0.000145559 -0.00149727 0.000746162 0.00177708 0.00154186 -0.00138656 -0.00243932 -0.00289994 0.00285856 0.00134484 0.000321528 -0.00142508 -0.00286739 -0.000444075 0.00119614 -0.000480262 -0.000797196 0.000616121 -0.00239219 -0.000279254 0.00206633 0.00133864 0.00174738 -0.00151599 -0.00157483 0.000365464 0.00142659 -0.0006332 0.000448104 0.00131985 -0.00401867 0.00261687 -0.000793284 -0.000383124 -0.00174591 0.00268746 0.00270108 0.00167348 -0.000178845 0.000290194 -0.0011057 0.00246672 0.00205865 0.00120881 -0.000566358 0.00111818 0.00528462 0.00085026 0.00604901 -0.00142766 0.00260611 -0.00156102 -0.0010177 0.000862459 -0.00224732 0.00506305 -0.00503063 -0.00153022 -0.00626108 -0.00112816 -0.000560363 -0.000842165 -0.0023959 -0.00126723 -0.00291401 0.00940124 0.000437989 -0.00155128 0.00196706 0.00297294 -0.00114549 -0.00411474 0.00259772 0.001444 -0.00337792 -0.00512674 0.000396036 -0.000242941 0.00359527 0.00103725 -0.00502102 -0.00335152 -0.000983727 0.000867804 -0.00375322 0.00133636 -0.000214383 -0.00150902 -0.003888 0.00446527 -0.00114355 7.40969e-05 -0.00239945 -0.000861773 0.00200502 -0.00139872 0.00109992 0.00119312 -0.00119736 -0.000261119 -0.00198664 0.0012689 0.00328215 4.92143e-05 0.000112254 -0.00347963 -0.000566456 0.00231252 0.000265213 -0.00256787 0.00123756 0.00203309 0.000388343 -0.000850481 0.00214469 -0.000947808 0.000636956 0.00169194 -0.00164838 0.000914905 -0.00119539 0.00149175 0.00207015 -0.000803749 -0.00191791 -0.000767363 0.00103464 -0.00225173 0.00183014 0.000726126 -0.00109499 0.000824886 0.000879551 -0.0019904 0.00219113 0.000435254 0.0010246 -0.00120523 -0.00160646 0.000652217 -0.000426342 -0.000767545 0.000718142 -0.00144738 2.71594e-05 -0.000724528 5.05172e-05 7.28168e-05 -0.00127473 0.000993323 -0.000379306 -0.00116558 -0.00222982 3.80981e-05 0.000788115 0.000648319 -0.00269454 0.0033304 0.000897486 -0.000218072 -0.000417462 -4.4678e-05 -0.000565193 0.000729749 5.72607e-05 0.00200117 0.00089342 -0.00112493 0.000451128
-4.96953e-05 -0.00034026 -0.000199701 0.000625302 0.000752548 -8.4672e-05 0.000147494 1.58793e-05 0.000954631 2.33565e-05 -0.000535111 0.000481604 -0.000854251 0.000455259 0.00131173 -0.000149371 0.00088297 -0.000662113 0.00313724 -0.00341046 -0.00060184 0.000883347 -0.00197242 0.00120843 0.000128341 -0.00158388 -0.000180784 0.000751457 -0.000784575 0.000846318 -0.000505182 -7.37574e-05 -0.00203499 0.000516767 -0.000811778 -0.000434786 -0.000989688 0.000479037 0.000113868 -0.000237776 0.00174303 0.000684387 0.000129816 -0.00092353 -0.000318084 -0.00208864 -0.000456901 -0.00136209 -0.00143058 -0.00129214 -0.000328949 -0.00157218 -0.00193409 -0.000797024 0.000146473 -0.000421572 0.000696388 -8.62292e-06 -0.00210623 -0.00253932 0.00313773 -0.00196532 0.00243008 -0.00554266 -0.0117993 0.00417105 0.984855 0.168874 0.0180875 0.0104135 -0.00424764 0.015447 -0.00524461 -0.00320979 -0.0017091 -0.00638049 -0.00727482 0.00179375 0.00115003 0.00595107 -0.00300352 0.00583621 -0.00480973 -0.00289829 -0.00355733 -0.00844083 0.00559316 -0.00487634 0.000215091 0.00097164 0.00216317 0.00270303 0.00328637 0.000781223 0.00185149 -0.000590083 -0.00115863 0.0011484 3.19031e-05 0.000636318 -0.000357418 0.002691 -0.00184264 0.000859185 -0.00354085 -0.00169489 0.000895541 0.00125174 -0.00158408 0.00190423 -0.000178847 -0.00307296 0.000968564 0.00403805 -0.000234135 0.00493767 -0.0020502 -0.000970329 -0.00142936 -0.0025885 -0.000368074 -0.000151332 -0.000457969 -0.000217899 0.00303141 0.00287238 0.00278814 0.00326999 0.00355395 -0.00119725 -0.00108862 0.00156599 -0.00128202 -1.98949e-05 0.000346813 0.000864056 0.00247974 -0.00110506 -0.0028094 0.000588341 0.00162941 0.0012465 0.00188336 0.00170087 -0.00176505 -0.000333029 -0.0013475 -0.00117826 0.00189577 -0.00081017 -0.00148601 -0.000429611 0.000846224 -0.000162903 -0.000302156 0.001617 8.59186e-05 0.000254552 -0.000525824 0.00145737 0.00151 0.000986016 -0.00117256 -0.000753826 0.00212175 -0.00289039 -0.00194442 -0.0001006 0.00253753 0.00138144 0.00235348 -0.00152984 0.000239105 -0.000205335 -0.00427591 -0.00427963 -0.00265377 0.00306481 0.000364652 0.00463991 0.00183407 -0.00205194 -0.00134675 -0.00271689 -0.00535279 0.000621839 -0.00514455 -0.00555546 0.00044226 0.00049572 0.00116281 -0.000346908 0.00104971 -0.00474553 0.00555174 7.84253e-05 0.00322144 -0.00877369 0.0036157 0.000591827 -0.00119282 -0.00435255 -0.000700965 0.0046189 0.00532662 0.00154442 0.000202341 -0.000996451 0.00037585 0.000349865 0.00168049 0.000532261 0.00055802 0.00382636 -0.000881121 -0.000144284 -0.00331961 -0.00398681 -0.00360369 -0.00155307 -0.00193608 -0.0015325 -9.65964e-05 0.00058049 -0.0013738 0.00280504 -0.000435219 -0.00153479 -0.000434535 0.00188189 0.00147057 0.00253378 -0.000694826 0.00112862 0.00269162 -0.00046541 -0.00191513 0.00145889 7.93484e-05 0.00151872 0.00116753 -0.00085451 0.00377349 0.000963837 -0.00206805 0.000151651 0.00169346 -0.0017267 -0.00129142 0.00123012 -0.000979051 0.00104018 -0.0025706 -0.00113176 -0.000532204 0.00178161 0.00400814 -0.00139329 0.00178328 0.000589348 -0.000519452 0.00572542 0.00390089 -7.39787e-05 -0.00316434 0.000955959 -0.000883957 -0.00262468 -0.00121281 -0.00171367 0.000938408 0.000859076 -0.000820166 0.000604849 -0.00348281 -0.00162945 0.000115372 0.0010097 7.2544e-05 -0.000886916 -0.000468919 0.000213241 0.000452706 0.00293921 -0.00126184 -0.00172781 -0.000245987 -0.00246683 0.00138568 -0.00145024 -0.000757808 0.000506747
-0.000754147 -0.000344682 -0.000379176 0.000983232 0.00154811 -0.000176565 0.000355849 -0.000435522 0.000571411 1.73873e-05 0.000257565 0.000710311 -0.000601791 -0.000269949 0.00106616 -0.00129577 0.0014298 -0.000532338 0.00444034 -0.00411222 -0.000876421 -6.63949e-05 -0.00292879 0.00278431 -0.000630788 0.000352819 -0.0018184 -0.00175113 -0.000137739 0.000939915 -0.00142864 0.000621982 -0.000609047 -3.84544e-05 0.00146529 -0.00171126 -0.00148456 0.001788 -0.000384901 -0.00037199 -0.000510563 -0.00097875 0.00202066 -0.000566682 -0.00175985 -0.00101037 -0.00251634 0.000411829 -0.00101622 -0.00117829 0.000390376 -0.000297384 0.000950587 -0.000298581 0.000847309 -0.00132612 0.000755936 0.00025315 -0.00139706 -0.00130503 -0.000624109 0.000651194 -0.00411761 -0.00110205 -0.00801931 -0.0106003 -0.169373 0.984883 0.0100997 -0.00361971 -0.0049241 0.00183878 0.00256281 -0.00870242 -0.011673 -0.0114459 0.00776802 -0.00488961 0.00129595 0.0068711 0.00214603 -0.00388285 -0.00233786 0.00024578 -0.00250514 -0.00288775 0.0038628 -0.00436356 0.0045789 0.00269141 -0.000820914 -0.00232433 -0.00022815 0.00226024 0.00275976 -0.00266085 0.0020668 -0.000305005 -0.00344777 0.000343102 -0.000196052 0.00520294 0.00153118 0.00138319 -0.000174951 0.00284304 0.000720754 0.00106396 -0.000259284 0.000143058 -0.000824599 -0.000554448 0.00164149 -0.000207692 0.000679192 -0.0030775 0.000716352 -0.0012514 -0.000713757 -0.000341961 -0.0019285 0.000479565 -1.74237e-05 0.000646443 -6.73027e-05 -0.00151837 -0.000882698 0.000596986 0.000994405 0.000506837 -0.00167438 0.00112613 0.00172087 -0.00032366 -0.00114334 -0.000729418 4.52843e-06 -0.000398419 -0.000309382 0.000651691 0.00197188 0.000251172 -0.000339677 0.000394578 -0.000557415 0.00134717 -0.00108261 -0.00092333 0.000499166 0.0005566 -0.00216267 0.00265123 -0.00113957 -0.000377108 0.00344239 0.000552678 0.00076399 -0.001167 0.00012177 0.00144179 0.00272678 0.0023497 0.00144268 -0.00208256 -0.00113356 -0.00281094 0.000613573 -0.000213328 -0.00158582 0.00258693 0.00142219 0.00290234 -0.000408931 -0.0013099 -0.000218266 0.000886669 -0.000331525 0.00073883 0.00149202 0.000949676 0.000599974 0.00254967 -0.000615201 0.00358753 0.00285104 -0.00285741 -0.0019161 -0.00627851 0.000307565 -0.00157777 0.00294539 -0.00426097 0.000507999 0.00186029 0.000492458 -0.00140617 0.000829442 0.00511604 -0.000630075 0.00217346 0.00240525 -0.000818431 0.00148973 -0.0044471 0.000332648 -0.00214765 -0.00126265 0.00190452 -0.00133241 0.00276907 -0.00110239 0.00208756 -0.00037415 -0.000809586 3.50927e-05 0.000826117 -0.00027033 -0.000400695 -0.000311263 0.000165635 -0.000462783 -0.000861487 -0.000353659 0.00155267 7.66678e-05 0.000728075 0.00154513 -0.00226388 0.00182506 -0.00224543 0.00138041 0.000166302 0.000404703 -0.000228184 -0.00194647 0.0003852 -0.00108936 -0.0013219 -0.000751377 0.00263804 0.00111211 8.76797e-06 -0.000441529 -1.87969e-05 0.000953124 0.00415528 0.00233918 -0.000750014 -0.00331123 -0.00172464 -0.000768035 0.00126886 0.00075365 0.00144537 0.000556681 0.0025263 -0.000774496 -0.00061241 -0.000950117 -0.00258119 0.00203482 0.000129615 -0.00169494 -5.31801e-05 -0.00208965 0.00114636 0.000245476 -0.000198645 -0.00304427 -0.000789537 -0.000588606 0.000626763 -0.000123806 9.73156e-05 0.000658712 0.00268265 0.000280829 0.00160972 -0.000602353 0.00122179 0.0022187 0.000502269 0.00127734 0.00205531 0.000590018 -0.00146165 -0.000834891 -0.00146827 -0.00093213 0.000322938 0.000605745 -4.25565e-05
0.00134022 0.000185743 0.000267421 0.00104786 0.000782888 0.000298635 0.000225311 0.000160688 0.00232151 0.0015872 0.000174189 0.00283383 0.000989713 -0.000458433 0.00238634 0.00104595 0.00149928 -0.00100721 0.0149076 -0.00683254 -0.00413866 0.00161426 0.00028438 0.000491305 -0.00269639 0.00177637 0.00218396 0.00126331 -0.000241854 0.00126628 -0.00364611 -0.00174384 -0.00295497 -0.000324712 -0.00164897 -0.00170777 -0.0036521 0.00265392 0.0002257 0.000205332 0.00203833 -0.00131204 0.00112998 -0.00219725 -0.00107617 -0.00221247 -0.00172473 0.00251323 0.000774628 -0.00259611 0.000862885 -0.00022988 -0.0010043 -0.00498272 0.00286796 -0.00280264 0.00340841 0.00415466 -0.00185384 -0.00104225 0.00168994 0.00358292 5.25073e-05 0.000932071 -0.00308055 -0.0055736 -0.0185008 -0.0137758 0.984967 0.144073 -0.0525612 0.0187158 -0.0336489 -0.0348908 -0.0273568 0.00069585 -0.0179558 -0.00393746 -0.00652567 -0.00705601 -0.0108293 0.00335527 0.000375625 -0.00660311 0.00373645 0.0053156 -0.00313313 -0.012406 -0.0117471 -0.00678314 -0.00582248 -0.0059295 -0.000865213 0.00536702 -0.000735482 0.00361701 0.00454141 -0.00155058 -0.000567898 0.00298163 0.0040847 -0.00280682 -0.000563579 0.00468715 -0.00120715 -0.000443047 -0.00285799 0.00317933 0.00482117 -0.000595031 -0.00131499 -0.00111702 0.00506754 0.00483421 -0.00167648 0.00265351 -0.00282028 -0.00231725 -0.00207888 -0.00807738 -0.00629444 0.00661972 -0.00276511 -0.000958548 -0.00119297 0.00345134 -0.00234195 0.000810544 0.00209077 -0.000482802 0.000123596 0.00341033 -0.000593853 -0.00266133 -0.00170688 0.00335408 0.00261033 0.00105148 -0.00387392 0.000985658 0.00469533 0.00474839 -0.00134197 -0.00200995 -0.00205027 -0.000828799 -0.00182276 -0.000528569 0.00247816 -0.00145448 0.0032235 0.00145166 -0.000128854 0.000748146 -0.000185657 0.00577451 0.00233995 -0.00157649 -0.00189935 0.00358908 -0.00393876 0.000283613 -0.00411658 -0.00562622 0.00351142 -0.0040821 4.13246e-05 0.000240165 -0.00245153 -0.000873512 0.00732667 0.000719532 -0.00466922 0.00536845 0.00151128 -0.000437693 -0.00402633 0.00348396 -0.00636888 0.00612915 -0.00783018 -0.00108387 -0.00691827 0.00338005 -0.00278239 -0.000172702 0.0016511 -0.00555536 -0.00717607 -0.00304741 0.000281085 -0.00522417 0.000409367 -0.0071876 0.0179407 -0.0134033 -0.00448697 -0.00165451 0.0128314 0.00674923 0.00397704 -0.0128973 -0.00325481 -0.0120862 -0.00020966 0.0012587 -0.00223152 -0.00214995 -0.00181744 0.0116221 -5.08325e-05 -0.00395497 -0.00996773 -0.00226524 -0.00309938 0.00155949 -0.002014 -0.000616952 -0.00210591 0.00170103 -0.0043702 0.000698852 -0.000398715 -0.00348957 -0.0046542 -0.00342166 -0.00148631 0.00589127 -0.000727071 -0.00605129 -0.000954205 0.00443111 -0.00387175 0.00190913 0.000513572 0.000728466 -0.00799851 0.00151435 -0.00466704 0.00448579 0.00108209 0.000507757 0.00398235 -0.000820598 0.00065887 0.00233021 0.00702941 0.000426474 -0.00128782 -0.00351064 -0.00118544 -0.00233726 0.00114463 -0.00486132 0.00180677 0.00413464 0.00112687 0.00120673 1.14745e-05 0.00110483 0.00102233 -0.00268888 0.0011807 -0.00147051 -0.00320223 -0.000989903 0.00243593 -0.000906538 0.000903971 0.00225819 0.00176819 0.00127249 0.000472695 0.00142925 -0.000715743 0.000264457 -0.0014737 -0.00190769 0.000478672 0.00168498 -0.00281086 -0.00100673 0.002145 0.000887779 -0.000393678 -0.00284422 -0.000153502 0.00104814 0.000903503 -0.000336661 2.30221e-05 -0.00550781
0.0017285 0.000128658 0.000280995 0.000229384 0.00248706 -0.000360174 -0.000713253 -0.000310467 0.000579843 0.00233793 -0.000425873 0.000374133 -0.00105071 -7.39057e-05 0.00297136 -0.000686965 0.00451093 0.00149595 0.00962014 -0.00529132 -0.0173088 0.00304865 -0.00546395 -0.000791972 0.00149189 -0.00139301 0.000203717 -0.00104274 -0.00339021 -0.00145521 0.0003038 -0.00307577 -0.00359929 0.00261748 -0.0031593 -1.12071e-05 -0.000838069 0.00606871 0.00307231 0.00173047 0.00145862 -0.00365132 -0.00162305 0.000544463 7.74519e-05 0.0048267 -0.000270879 -0.00182433 0.00108195 -0.000646051 -0.000187203 0.00269496 -0.00277255 -0.00239617 -5.88741e-05 -0.00580608 -0.00179265 0.00405175 -0.00353166 -0.00387778 0.00317161 -0.002435 -0.00086895 -0.00325195 -0.0010597 -0.00594676 -0.0086402 0.00276254 -0.150475 0.983849 -0.0677876 -0.0145589 -0.0232097 -0.0122581 -0.0339236 0.0111952 -0.00302732 -0.00748001 -0.000431474 0.00839125 -0.00489547 -0.00654784 -0.0031753 0.012759 0.00313054 0.00132405 -0.00536504 0.000271835 0.00265465 -0.00969849 0.00291 0.00271974 0.00107202 0.00266263 0.00235715 -7.76168e-05 0.00228076 0.00407183 -0.00316145 0.000286404 0.0011269 -0.00152168 -0.000735999 -0.0033923 -0.00155287 0.00336326 0.00205808 -0.00590125 0.00183727 0.00125332 -0.00446242 -0.000330959 0.00571048 0.00448722 -0.00694445 0.00205837 -0.00334147 0.00197133 -0.000890926 -0.00327084 0.00155312 0.00625276 -0.00251241 -0.00365598 0.00197987 -5.47954e-05 0.00241119 0.00861028 0.00768804 -0.00337435 0.00097731 0.00114313 0.00250028 -0.00189497 -0.000214077 -0.00325182 0.00079807 -0.00166624 -0.00250771 0.0025374 0.00353936 0.000871897 -0.00275057 -0.00103787 -0.000387605 0.00181734 -0.00629521 -0.00688795 0.00294105 0.00237449 -0.00344473 0.00466926 0.00319031 -0.00345212 0.00683006 0.00296119 0.0013136 -0.00440912 -0.00073836 0.00638207 0.00128784 -0.00411734 -0.00303162 -6.96702e-05 -0.00292384 0.00341619 0.00280613 -0.00816617 -0.00121513 -0.00449992 -0.00175505 0.00584262 -0.00885121 -0.00187072 -0.00606363 -0.00545488 -0.0067704 -0.0036085 -0.00212154 -0.00248172 0.00565821 0.00602652 0.00443237 -0.00763747 0.000129022 -0.00441856 -0.00264848 -0.00250467 -0.00686186 -0.00135441 0.00118065 -0.00548647 -0.00418858 -0.00504649 0.000669463 -0.0100118 -0.00138677 -0.00403168 -0.00377858 -0.000272463 0.00774227 0.00490052 0.00148802 -0.0116329 -0.00256206 -0.00477409 -0.00195226 0.0018903 -0.0097086 0.0102472 -0.00198652 -0.00792692 -0.00372828 -0.00104136 -0.00212825 -0.000887124 0.00158164 0.000362552 -0.00244867 0.00353496 -0.000523354 -0.00154766 -0.00231352 -0.00353492 0.000981622 -0.00086643 0.00274041 -2.58232e-05 -0.00614977 -0.00748002 -6.67902e-05 -0.000792622 -0.00128882 -0.00285537 -0.0015903 0.0013196 -0.00282935 -0.000485576 0.000941001 -0.00756255 -0.00119393 -0.00110221 -0.00231591 0.000765748 -0.000578313 0.00484682 -0.00252859 -0.00034552 0.00053495 0.00131611 0.00274519 0.00288934 -0.000168203 0.0047825 -0.000875736 -0.00392113 0.000216422 -0.000925145 0.00170052 0.00124601 0.000621621 0.00251694 -0.000181592 -1.33264e-05 -0.000559071 0.00257697 0.00137455 -0.00125101 -0.000447086 -0.00219362 0.00125992 -0.000655444 0.000147068 -0.00216226 0.000153035 0.00134733 -0.00258163 0.000138275 0.000146009 0.000823423 0.000221062 0.000274501 0.000411548 -0.000416292 0.000461348 -0.00403566 0.00044873 -0.00083537 0.000123819 -0.0013695 -0.000263024 -0.00323774
0.00030433 -0.000574011 -4.1015e-05 0.00062078 0.000354392 0.000659767 -0.000934775 0.000671311 0.00390412 0.000340945 0.000710666 -0.00214671 0.00105813 0.00025053 -0.00240038 -0.00039018 0.00253445 -0.000832403 0.00490558 0.000885162 -0.00412286 0.00654157 -0.00449035 -0.0111283 0.00337891 -0.00912818 -0.00365501 0.00205299 -0.00258779 -0.000625128 -0.00388773 -0.000207161 0.000242839 -0.00105436 -0.000113294 0.00238547 -0.00134107 0.00163562 0.00345953 -0.00227417 -0.000453717 0.00120776 0.0023497 0.000386262 0.00395688 0.000381691 -0.00397829 0.00139496 0.00235222 0.00102385 -0.00154266 -0.00372593 0.000286714 -0.00134637 -0.000598307 0.00229954 -0.00281162 0.00168688 0.00188863 0.00250208 -0.00140415 -0.000303331 0.000164285 -0.00329168 -0.00100008 -0.00483969 0.00185213 0.00475146 0.0445873 0.0774693 0.991572 0.0280961 0.0538197 0.0175323 0.0227943 -0.00554335 0.021409 -0.0336969 -0.0134 0.0107369 0.00276814 0.000395138 -0.0170659 0.00543093 0.000102584 0.0162171 0.00796586 -0.00489926 0.0120737 0.0157978 -0.0062185 -0.00289117 -0.00218366 -0.0011921 -0.00160527 -0.00243803 0.00384699 -0.00502482 0.000593862 0.00203176 -0.00182057 0.00629447 -0.000162856 0.00231674 -0.00214696 -0.0016822 -0.00336969 0.00290393 -0.00969545 0.00170323 -0.00552259 0.00611433 0.00127942 -0.0047864 0.00350927 0.00348707 0.00194148 -0.00145522 0.000921912 0.00721812 -0.00306053 -0.00273857 0.00358438 -0.00302489 0.000316226 0.00122072 -0.00205052 -6.27339e-05 0.00119548 0.00202105 0.00417658 -0.00375433 0.00100259 0.00357472 -0.00512313 0.000900678 -0.00184088 -0.00224422 -0.000579614 -0.0016825 0.00203132 -0.000389108 4.83083e-05 0.00430907 -0.0020845 0.0050275 0.00259999 0.00383203 -0.00138928 -0.00107263 -0.00457129 0.00209406 -0.00123642 0.00237009 0.00194916 -0.00106062 -0.00321412 -0.00171985 0.00226647 -0.000545428 0.00414338 0.00126424 -0.00106805 -0.00934784 -0.00226409 -0.00031823 -0.00462988 0.000848922 -0.000416665 0.00476652 0.00117053 -0.0025091 0.00439141 -0.00301637 -0.000181952 -0.000105131 -0.00537591 0.00868278 -0.00503858 0.0154527 -0.00706232 0.0185788 0.00547268 -0.00388125 -0.00763192 -0.0102069 -0.000984506 -0.00560522 -0.00676195 -0.011316 0.00211663 -0.00639062 0.00141814 -0.00121744 -0.00394624 0.00137138 -0.0131864 0.00772618 -0.0103798 -0.000190999 -0.00455127 0.00447193 -0.00262858 0.00128083 -0.00585031 -0.00188062 -0.0034632 0.00172236 0.00216127 0.00154068 -0.00830328 -0.00186999 -0.00974677 0.00334549 0.000149567 0.00605715 -0.000744287 0.00544089 -0.00081792 -0.00300541 0.00449372 -0.00142249 -0.00188314 0.00416349 -0.00174056 -0.00283859 -0.00246871 -0.00516767 0.00126051 0.00543123 -0.00209242 0.000296342 0.00560335 0.00025744 0.000556162 -0.00145144 -0.000810373 -0.000752522 -0.000352788 -0.00196198 -0.00364201 0.000567206 0.00143592 -0.00140963 0.00411317 0.00056225 0.00307517 -0.000511696 0.00102852 0.00211471 0.000378806 -0.00159427 0.00639391 0.000810452 0.000236976 -0.00197304 -0.000111362 0.0001055 -0.00065479 -0.0026382 -0.000889912 -4.89961e-05 -0.000488861 -0.00141369 0.000987046 -0.00295437 -0.00127652 0.00165983 -0.00235181 0.00254984 -0.00154321 0.000528636 -0.000307035 -0.00028213 0.000652141 0.000547429 -0.00097828 0.00214046 -0.00131145 0.000980576 -0.00123491 -0.000183013 5.15327e-05 0.000283531 -0.000144357 -0.000725035 -0.000452091 -0.0035541 -0.00198527 0.00378694 0.00218667 -0.00253499
-0.000877159 -0.000380827 -0.000265519 -0.000465074 0.0014952 -4.73992e-05 -0.00118799 0.000476913 0.00365701 -0.00139993 0.000339919 0.00217115 0.00118264 -0.000114573 0.00320588 0.000186868 -0.00133813 0.00152681 0.00746548 -0.00834977 0.00472369 -0.0120429 -0.00532146 -0.00189221 -0.000720368 0.000448253 0.00709016 0.00176827 0.00520323 0.00135586 -0.000398109 0.00241717 -0.00445282 -0.000297902 -0.00170789 -0.00151172 -0.000341908 0.00411638 -0.0016038 0.00257716 -0.00338901 0.00188446 0.00403678 0.000425716 0.00355787 -0.00125143 0.000103831 -0.000341999 -0.00264484 0.000616365 -0.0010132 0.000880526 -0.000465312 -1.67989e-05 -0.000245381 0.00236296 -0.00395789 0.00292912 -0.001773 -0.00387909 0.000363322 0.00552213 0.00040807 -0.000484775 -0.00180365 0.00945706 -0.0149397 -0.00634493 -0.0295706 0.00433363 -0.0218834 0.982036 -0.00495291 -0.162086 -0.0604315 0.00880327 -0.0208517 -0.00178196 -0.0163436 -0.00340907 -0.00526055 -0.000811328 0.0150092 -0.0199096 -0.00409234 0.00895593 0.0172464 -0.0190846 0.00821625 0.0023125 -0.00409455 -0.00343402 0.00509953 0.00306732 -0.00357444 9.00521e-05 0.00406661 -0.00600116 0.00126077 -5.79306e-05 -0.00378533 -0.0012634 -0.00523623 0.00427666 -0.00632424 -0.00576568 0.00129908 6.33146e-05 -0.00447848 0.00254791 -0.00229651 -0.00331769 -0.00566357 0.0070319 0.00271284 0.00136589 -0.00200341 -0.00722405 -0.00114088 -0.00289986 -0.00620801 0.00610795 -0.00468784 -0.0048755 -0.000904428 -0.000775991 0.000461442 0.00100403 0.00935409 0.00439976 0.00252717 -0.00418807 -0.00312385 -0.000528918 0.000378174 0.00413512 0.0013841 -0.00259617 -0.000429577 0.00220858 -0.000195473 0.00428601 0.0011067 -0.000578895 -0.00385096 -0.00265264 -0.00137765 -0.00120999 -0.00141565 -0.00786825 -0.000166324 -0.00326203 -0.00108964 0.00524244 -0.00118025 0.00261565 -0.000237747 0.000966239 0.000105249 -0.00300592 0.00278626 0.00133287 -0.00462162 -0.000234097 -0.00387874 -0.00358603 -0.00317622 -0.000373619 0.00276871 -0.0058001 0.00345351 -0.0112349 0.00363787 -0.00625732 -0.00151027 -0.00213523 -0.00609605 0.00807397 -0.00635127 0.0081456 -0.001686 0.00380068 0.00193514 -0.0082179 -0.00717162 0.00318326 -0.00212846 0.0008964 -0.0195322 0.0032567 0.00694807 -0.00886103 -0.00867815 -0.0151241 0.00827269 -0.0110787 -0.00419228 -0.000928354 0.00994071 0.000642136 -0.00224892 -0.0098226 -0.00192302 -0.00884298 -0.0010725 -0.000937233 -0.00238328 -0.000867296 -0.0065476 0.00737361 -0.00413365 -0.00194814 -0.0165989 0.00545596 -0.0011579 0.0066317 -0.00191312 -0.00750496 -0.00191061 -0.00114118 -0.00448463 0.00213944 -0.00144892 -0.00392234 -0.0046914 -0.00702474 -0.000771989 0.00243732 0.00182454 0.00166445 0.00234909 -0.000884261 -0.000480171 0.000772989 -0.00276418 -0.000159277 -0.00332297 -0.000416342 0.00325616 -0.00289631 -0.00532239 0.00186106 0.00183261 -0.00170979 -0.000442768 0.00365831 0.00533015 0.00221276 0.00019638 -0.00134278 0.00211234 0.00394371 0.00161114 0.00533758 -0.00247876 0.000427533 0.00226516 -0.00290245 0.00295885 -0.00102895 0.000621635 -0.000116902 -0.000600162 -0.00015284 -0.00305569 0.00155688 -0.00160544 -0.00376562 -0.00253345 -0.00142779 0.0013459 0.00221281 -0.000771328 -0.001109 -0.0031457 0.000734803 -0.00421859 0.000396896 -0.000853022 0.00221054 -0.00596569 -0.00288726 0.00222523 0.00274678 -0.0010152 -0.00326906 0.000388207 -0.00122389 -0.000364825 -0.00430697 0.00126003 -0.00356885
-0.000291037 -0.000496765 0.000348571 -0.0004655 0.000554756 -0.00077076 0.00116062 -0.000616198 -0.000240915 -0.000119996 -0.000226575 0.00160575 -0.000664006 -0.000337063 -0.000433178 0.00143003 0.00311552 0.00115605 0.00205132 -0.00790062 -0.00540737 0.00119153 -0.00245997 0.00151517 0.00223875 0.00261518 -0.00436941 -0.00531274 -0.00109739 0.000819997 -0.00231039 -0.00307892 -0.00145011 0.000634979 0.00260004 0.00155189 -0.00261166 0.00266499 0.000856308 -0.00240917 -0.000433715 0.00472479 -0.0019513 -0.00037624 0.00214718 0.00167536 -0.0013694 -0.000405069 0.000125611 -0.00250587 0.00077837 -0.00395091 -0.000454298 -0.000486746 0.00264922 0.00147333 0.000242375 -0.000653305 -0.00165702 -0.00266805 6.50923e-05 0.000938571 0.00102559 -0.000250738 0.00144468 -0.00569063 0.00487863 -0.00407953 0.0244625 0.0218852 -0.0549722 -0.0143254 0.988106 -0.11859 -0.00549985 -0.0203919 0.0283326 0.00773331 0.00878352 -0.0149778 0.0346608 -0.0120032 -0.0298487 -0.00874051 6.81137e-05 -0.00742076 0.016058 0.000379308 -0.00398062 0.00216487 0.00420255 -0.00245478 0.00470483 -0.0033614 0.000989888 -0.00792666 -0.00133281 -0.00143472 0.000701045 1.90684e-05 -0.00296472 0.00753924 -0.000171176 0.00286354 -0.00353509 8.36482e-06 -0.0011531 0.000163584 -0.000168689 -0.00351723 -0.00543616 -0.00228167 -0.00263753 -0.00739813 0.00153889 0.00173918 0.003523 -0.000244347 0.00553159 0.00267094 0.00532276 -0.00918272 0.000922554 -0.000525647 -0.000674184 -0.000432765 -0.00215614 0.000200783 -0.00578431 0.0021683 0.00228585 -0.00150028 0.00327611 0.00496324 -0.00334252 -0.00311717 0.000165127 -0.00212917 0.0012301 -0.000524206 0.00705672 -0.000979523 -0.00369793 0.00404597 0.00022791 0.00123151 0.00161741 -0.000711277 0.00548638 0.00116055 2.38525e-06 -0.000443464 -0.00493164 0.00309868 0.00409205 -0.0036647 -0.00564407 -0.0027712 -0.0033753 0.000178931 0.00420404 0.00628265 0.00522659 0.00358197 0.00143066 0.00182141 -0.0010972 -0.00199701 -0.000346162 0.00331006 0.00480967 0.0133939 -0.00358454 0.00158437 0.00344693 0.00360997 -0.00261113 -0.00608799 0.0101135 0.00156819 0.000235235 -0.00189013 -0.00702332 0.0104409 -0.00983965 -0.0103455 -0.00165392 -0.00815542 -0.000747325 -0.00402034 -0.00395404 0.0071738 -0.00415593 -0.0113293 -0.000881422 -0.000485988 -0.00131858 0.00626789 -0.00170646 0.00511407 -0.00885366 -0.00738697 0.00186519 0.0105057 0.00699275 -0.0011701 -0.00442576 -0.00481484 0.00482283 -0.00298377 0.00106355 0.00554214 0.00324496 0.00643189 0.00614205 -0.00462558 0.000761208 0.00293972 0.00255027 -0.00359156 0.00160882 -0.00119086 -0.000738591 -0.00255693 0.00207389 0.00638745 -0.00128402 -0.00253722 0.00384597 -0.000101584 0.0022336 6.19168e-06 -0.00281918 0.00347942 -0.000256601 -0.000210455 0.000181868 -0.00234891 -0.00137746 0.00407471 0.00122534 -0.00216628 0.0003241 -0.000241455 -0.00060818 0.000537218 -0.000773148 -0.000796294 -0.00047041 0.00417456 -0.00251491 -0.000995448 0.00145166 -0.000282075 0.00386129 0.00189342 -0.00149313 -0.00203929 -0.00215502 -0.00379087 0.00108236 -0.00017932 0.00236412 -0.00226816 0.00331091 -0.00211465 -0.00123363 0.00245895 -0.000942286 0.00275727 -0.00138727 0.000345361 0.000186404 -0.000447863 -5.17287e-05 0.000564232 -0.000790629 0.00121504 0.000142706 -0.000745115 -0.000133434 0.000283676 7.27785e-05 0.000546872 0.000253102 0.000698074 -0.00188813 -0.00250711 -0.00219504 0.0013085 -0.00023667 0.00411984
0.000165974 0.000111821 -0.000294729 -0.000711492 -0.000661952 0.000369234 0.000923692 0.000260102 -0.000819631 0.00140154 0.000353305 -0.00380272 0.00177682 -0.000615309 -0.00230549 -0.00162476 0.00056342 0.00106622 -0.00697564 0.00996132 -0.00572404 0.00886489 0.00113688 -0.00807616 -0.0002034 -0.00469563 -0.00317015 0.00121774 0.00263609 -0.00292748 -0.000130511 0.000133734 0.0019643 -0.00247974 0.00247998 0.00260755 0.000985857 0.000170161 -0.000105653 0.000312716 0.000569617 -0.00101502 -0.00213328 -5.8029e-05 0.00262623 -0.000476281 0.000242394 -0.00123616 -0.00113815 0.00325407 0.00154259 0.00255315 -0.00116673 -0.00218148 -0.000533025 -0.00244963 0.00507127 0.00294659 0.00127455 0.00440232 -0.000390846 -0.000599784 -0.00350374 -0.00575496 0.0127175 -0.00103791 -0.000793382 0.00750501 0.0315815 0.0203765 -0.0320909 0.164103 0.11588 0.975521 0.000166214 -0.0411237 0.0167803 0.0103779 0.0072932 -0.0103659 -0.0178492 0.0125035 -0.0115089 0.0193554 0.00712013 0.00202778 -0.0133043 0.000533884 0.00886441 0.00596176 -0.0030755 -0.000356585 -0.00299693 -0.00140734 -0.0037033 0.00281976 0.0049069 0.00452579 -0.00114166 0.000242644 0.00112427 0.000279374 0.00265185 -0.00491927 0.00473925 0.00146547 -0.00216413 0.00229977 -0.00226136 -0.0017057 0.00245447 0.00110681 0.00298248 0.000721452 0.000871285 0.00245787 0.00352323 0.00993993 -0.00248636 0.00369223 0.00815289 -0.00286876 0.00114989 -0.00146635 0.00440627 0.000296574 -0.00049225 0.00295195 -0.00250701 -0.00285521 0.00184591 -0.000288045 0.000936921 -0.00187185 -0.00179917 0.00181729 6.5723e-05 0.00110113 0.000793329 -0.0014956 -0.00148916 0.00373281 -0.00203508 0.00110357 0.00313183 0.00371113 -0.00120059 0.00217815 -0.00531439 0.00309604 0.00311675 0.000601912 0.000725678 0.00181565 0.00136723 -0.00322726 -0.0026474 -0.00167409 -3.84987e-05 0.000984708 -0.00159009 -0.00464982 -0.00260829 -0.00335394 -0.000145086 0.0028013 0.000551679 -0.00150759 -0.00151283 0.00463853 0.00141791 0.000379026 0.00333116 0.00138008 0.00167329 -0.00670963 0.00235838 -0.00306265 0.000445404 0.00668577 -0.00362715 0.0105188 -0.00547476 0.00158535 0.00895861 0.000901197 0.000780736 0.00601756 0.012769 -0.00616552 -0.00202602 -0.00182781 -0.00521588 0.0138195 -0.00776304 0.00330765 -0.0109961 0.00394028 -0.00451719 -0.0017395 0.00904629 -0.00177047 -0.00648558 0.00829293 -0.00321364 -0.00243773 -0.000895972 0.00214238 0.0026843 -0.00349076 -0.00111858 0.00117791 0.00383956 -0.00424695 -0.00640008 0.00711314 0.00277091 0.0056979 0.00241729 -0.00366592 0.00286788 -0.000189538 0.000494772 -0.00199801 -0.000763759 -0.00178885 -0.00234027 -0.00571883 -0.00406582 0.00161364 -0.00721459 0.00148076 0.00218612 -0.000192859 0.00254709 -0.000756191 -0.00168075 0.00274383 -0.000922055 -0.00156461 0.00111592 0.000266739 -0.00518176 -0.00362067 0.00156445 -0.000648761 -0.000933005 0.00263583 0.00471968 0.00307396 0.000329637 -0.00562383 0.000554803 0.0030697 0.00111024 -0.00349916 -0.000509215 0.00094703 0.000265293 0.000818509 -0.000442863 0.000664652 0.00178444 -0.00215772 0.000719399 0.000747498 0.00134336 -0.000256423 -0.00161673 0.00305357 -0.00197598 -0.00244983 0.00197342 -0.000816348 0.00436523 0.000845891 0.00145867 0.00428557 -0.000274052 0.000245093 0.00264515 -0.000748266 -0.000591019 -0.00356477 0.00106126 0.00136102 0.000671394 0.000534886 -0.000216449 0.00142687 0.0018243 0.00139957
0.00114113 -0.000337596 0.000126014 -0.00103906 -0.00251878 -0.000934313 -0.00106578 -0.000645349 0.000275837 -0.00137407 -0.000553047 -0.00119282 -0.00126677 -0.000503989 -0.00543007 0.000573138 -0.00474517 -0.00107524 -0.0160985 0.00273408 0.00802875 -0.00277907 0.0102992 -0.00429856 0.00529379 0.0048749 0.00456675 0.00143077 -0.00411884 0.000282163 -0.00333695 0.00317426 0.00259048 -0.00248559 -0.00466151 0.0010448 0.00293319 -0.00822594 -0.00151505 0.000149866 -0.00127075 0.0065793 -0.00224469 0.000832529 0.000814059 0.00190124 -0.000618681 0.00236643 0.00121762 -0.0006765 -0.00158765 -0.00491913 -0.00263477 0.0028592 -0.00403146 0.00649252 0.000219 0.00157946 0.00302658 0.00622691 -0.000682729 0.00667982 -0.00510201 0.00365382 0.00435251 0.0026726 -0.00174628 0.0121228 0.0201396 0.0376125 -0.0276406 0.0584585 0.00343818 -0.0116909 0.994203 0.0283295 -0.00833745 0.0151008 -0.0261681 -0.00507873 -0.00142884 0.00888115 0.0096185 -0.00358462 -0.00219268 -0.010936 0.00664587 -0.0067004 0.0020472 -0.00167607 0.00279473 0.00290542 0.000386765 -0.00717733 -0.00852986 -0.00265066 -0.00337441 -0.00395134 0.00377327 0.00143464 -0.00257254 -0.00239473 -0.00328695 0.00605818 0.000105729 -0.00444356 -0.00562477 0.00494167 -0.00372789 -0.000315545 0.00133613 0.00113961 -0.00352655 -0.00526957 0.00224293 -0.00114848 0.000360831 0.0012215 0.00165312 0.00456 0.000931384 -0.00275864 0.00314229 0.00680261 -0.00177574 -0.000949742 -0.000708572 -0.0105837 -0.00934358 0.00623629 0.00121532 -0.00379798 -0.00322064 0.00333645 0.00305762 0.00261664 -0.00559722 0.00230422 0.00372402 -0.00178438 -0.00365845 0.00185656 0.00380862 -0.00228252 -0.000316262 -0.00373 0.00752575 0.0073667 -0.00405789 -0.00131485 0.00566153 -0.00291064 -0.000167647 0.00750072 -0.00810173 0.00141519 -0.0014187 0.00422088 -0.00412427 -0.00829436 0.00155313 0.000559699 0.00393851 0.00358786 0.000304045 0.00197 -0.00265057 0.00619166 -0.00252863 -0.00265021 -0.00308979 -0.00744238 0.012696 -0.00206264 0.000215087 0.00584558 0.00403547 -0.00270829 -0.0014761 0.00542119 -0.000661805 -0.00181674 -0.00150469 0.00460712 -0.00731644 -0.00518755 0.00747674 0.0118865 0.00033013 -0.00262718 0.00193533 0.0128253 0.00884494 0.0136893 -0.00816437 0.0110379 0.00300248 0.0012837 0.00381023 -0.00111848 -0.0137832 -0.00960759 -0.005985 0.0206543 0.00448903 0.00596411 0.00290656 0.000270403 0.00794265 -0.0175885 0.006457 0.00957858 0.00177875 0.00340921 0.00468037 -0.00182992 -0.00301994 -0.000604876 0.00498853 -0.0053873 0.0032129 0.00432211 0.00234865 0.00448692 0.0015685 -0.00215936 -6.59612e-05 -0.00011284 0.00273032 0.00923029 -0.00382983 -0.00115335 0.00442443 -0.000409199 -0.00193061 0.00186356 0.00592856 -0.00124781 0.000614884 0.00272789 -0.00221682 0.00220428 0.00234274 0.00132684 0.000145802 -0.00653366 -0.001666 0.00186753 0.001253 -0.00347472 -0.000897506 0.00430991 -0.000651193 -0.0017503 -0.000294749 0.00123251 0.000111322 0.000253797 -0.00191127 0.000157304 0.000575751 -0.00265814 -0.000728773 0.00302454 0.00371135 -0.00220955 -0.00232094 0.000621532 -0.00189483 0.00391379 -0.00152703 -0.00103545 -0.000556082 0.00208411 0.000714875 -0.00190594 0.00098244 0.00114052 -0.00207366 -0.00065932 -0.000159809 0.000169039 -0.000406553 0.00234269 -0.000405304 0.00468376 0.00124038 0.000724159 -7.25886e-05 0.00132107 -0.000228067 0.00731484
0.000537049 -0.000100866 1.68161e-05 -0.000509491 0.000702095 5.96413e-05 -0.000673295 0.000252113 -0.00075385 -0.00238805 0.000117323 -0.00200214 0.00115256 -0.000228443 -0.00031614 -0.000628375 -0.00231794 -0.000154533 -0.00677762 0.00528901 0.0083332 -0.00615289 -0.00018328 -0.00134605 -0.00568274 -0.002262 0.00161686 0.00191566 -0.00122851 -0.00150626 0.0053423 -0.00362679 -0.00162408 0.00203895 -0.00496398 -0.000440647 -0.000624678 -0.00264737 -0.00160121 -0.00136907 -0.000168105 -0.0008654 -0.00153728 0.000558357 0.00374645 -0.000864402 0.00115871 0.00348521 -0.000692129 0.000765164 0.0014321 -0.000607641 0.00200874 0.000181658 -0.000605897 0.00502949 0.000477914 -0.00365614 0.00755984 -0.00259141 -0.000969393 -0.00152399 0.000527609 -0.000618301 -0.00373655 -0.00246304 0.00370991 0.0128751 0.00270472 -0.0094555 0.00800209 -0.00453801 0.0285456 0.0401392 -0.0279119 0.991801 -0.0731408 0.0408816 0.0473453 0.024939 -0.0101344 0.0106926 0.00794241 -0.00123646 -0.0283326 -0.00167512 0.00172591 -0.0108674 0.00610587 0.0112475 -0.011072 6.47188e-05 -0.00236609 -0.0013371 -0.00151208 0.00393131 0.00131385 -0.00119858 0.00506467 -0.00286661 -0.00113452 -0.00216059 0.00329644 0.00167744 0.00681674 -0.00197995 -0.000648128 0.000525836 -0.00584942 0.00115775 0.00762229 -0.00171117 -0.00068707 0.00181811 -7.15008e-05 0.00100427 0.00114016 0.0028601 -0.00376501 -0.00247202 0.000726826 -0.00169472 -0.00476238 0.000965622 0.000289569 0.000191175 0.0036429 -0.000206329 0.00213047 0.0029134 0.00180222 0.00196878 -0.0029979 0.00355524 0.00233787 0.0037094 0.0014815 0.000261441 3.10705e-05 -0.000234594 -0.00408657 0.00290231 0.00490059 -0.000133524 -0.0026285 -0.00400447 -0.00130464 0.00036653 -0.00286126 -0.00209113 0.00213219 -0.00186645 0.000314705 0.000405028 -0.00417285 0.00278064 0.00156323 0.00567516 0.00214515 0.00245818 0.00173401 0.00208416 -0.00150341 -0.00333586 0.00146832 -0.000150168 0.00316918 0.00554974 0.00556817 0.00135614 0.00266982 -0.00972973 0.00479471 0.000658519 0.00428295 -0.00731152 -0.000900599 0.0169078 0.00104716 0.00234511 -0.00111357 -0.00870624 -0.00702726 -0.00625344 0.00361978 0.00582326 0.00316449 0.00191838 0.00235244 0.00136935 0.00106386 -0.00187848 -0.00310667 -0.00573727 -0.0135192 0.00192009 -0.00128218 -0.00361701 0.00939475 -0.0116397 -0.00407199 -0.00658199 0.000187991 0.00582251 -0.000695306 0.00176546 0.00264765 -0.00178881 0.00370852 -0.00139228 -0.0014642 -0.000901928 0.00207847 0.00653573 0.000909889 0.00225736 -0.0031674 -0.0125566 0.000379723 -0.00317021 0.00131962 0.00164854 0.000396178 -0.00213082 -0.00336025 -1.08888e-05 -0.00246328 -0.00339182 0.00632934 0.00980311 0.0019618 -0.00010179 0.00157467 0.00287618 0.000976139 -0.00165728 0.000859133 0.00368256 -0.0031887 -0.000826852 -0.00111324 -0.00225178 -0.00284284 -0.0055474 0.00230909 -0.000748203 0.000523131 0.00250863 -0.00699113 0.00326322 0.00156092 -0.00359426 -0.00638121 0.00182542 -0.00444341 0.00588524 -0.00325689 -0.00118066 0.00152188 -0.00308348 -0.000390049 -0.000237161 -0.0019825 0.00199597 -0.00535023 0.0038365 -0.00393483 -0.00363887 0.00266693 -0.000137613 0.000951785 0.00160408 5.60452e-05 -0.000541532 0.00145375 -0.000539647 0.00111993 0.00211263 -0.000232846 -0.00227365 0.000109015 -0.000903315 -0.00155063 -0.00053835 -0.00114958 0.00337013 0.000631971 0.00173224 0.000625375 -0.000708875 -0.000476896 0.00153263
-0.00119819 -1.31225e-05 -0.000130649 -0.000986872 0.000467344 -0.000643185 -0.0051563 0.000118829 -0.00404888 -0.000609934 8.99998e-05 0.00174046 0.00156139 -0.00052936 -9.97732e-05 0.00042786 0.00221894 -0.00173301 -0.00269592 0.00246613 -0.00392836 -0.00752749 -0.00654049 7.86824e-05 -0.00289747 0.0101176 -0.00648582 -0.00749256 -0.0034889 -0.00620504 0.000395837 0.00116722 0.00186934 0.00330231 0.000402883 0.000373759 0.00246738 0.00274734 0.00123843 0.000526543 -0.00295927 -0.00214854 0.000219816 0.0029992 0.00199659 0.00103027 0.00392189 -0.0042056 0.000585205 -0.00251346 0.00306264 0.00355596 -0.00011871 -0.000947871 -0.00319873 7.84298e-05 0.000408646 -0.000285086 0.00043839 -0.0020156 0.0017515 0.000388054 0.00406384 0.000162158 0.00103898 -0.00205243 0.00713471 -0.00498093 0.0157247 0.00428068 -0.0126872 0.0183232 -0.0321037 -0.0164601 0.000886819 0.0653088 0.968056 0.226948 -0.0223631 0.0137111 -0.00475623 -0.0226255 -0.0277254 0.0163649 0.00501082 -0.0189482 0.00862878 0.01044 -0.0225375 0.00495891 0.0084845 -0.00682848 0.000366597 -0.0151393 0.00543263 0.00158924 0.0074917 0.00760284 0.00308487 -0.0012523 0.00502007 0.00549327 0.0024774 -0.00373251 -0.00468639 -0.00233987 0.000240643 -0.00274606 -0.00424158 -0.00443184 -0.00362864 -0.00500515 -0.00231082 0.000975323 0.00770626 0.00383919 -0.00206281 0.0024413 0.00258017 -0.0015939 0.00365931 -0.003092 -0.00151834 0.000247088 0.00118296 0.000955945 -0.00183595 0.00349091 -0.00375771 -0.00456313 -0.00581447 -7.42778e-05 0.00336023 0.00457488 -0.00522015 0.00164901 -0.000631288 -0.00292529 0.000987324 -0.00137057 0.00187899 0.0022687 0.00133715 0.00465811 -0.000455339 0.00870722 -0.000340735 -0.00485107 0.000606315 -0.00408473 -0.00705608 0.00416328 -0.00475242 -0.00440456 0.00386895 0.000923341 -0.00559303 -0.0052513 -0.00244391 0.000162119 0.00215266 -0.00623369 -0.00573955 0.00128734 0.000168732 0.0104891 0.00140665 0.00218454 0.0025566 -0.0030017 -0.00181907 0.0138763 0.00108518 -0.00544374 0.00125459 -0.00516949 -0.00312784 0.0047802 0.00445409 0.000613346 0.00453542 -0.000571402 -0.000415509 0.00967336 0.00841816 -0.00498512 0.0105646 -0.00602201 0.0234366 0.00220568 0.00261815 0.0114512 0.00270765 -0.00438508 0.00509999 0.00785977 0.0070034 -0.00333286 -0.00541455 0.00563504 -0.00136007 -0.000170368 -0.00798832 0.00942862 0.00782215 0.00145989 -0.00220194 -0.0028004 0.00293675 -0.00314928 0.00534585 0.00216023 0.00999657 0.00389736 0.000573688 0.0021781 -0.00524429 0.00577286 -0.000355571 -0.00631666 0.000684273 -0.00173718 0.00100249 -0.00027795 -0.00260196 0.00796818 0.0026361 -0.000628856 -0.00301631 0.00089775 0.0057698 0.00138784 -0.00585353 0.000858311 0.0019228 0.00224011 0.00219351 -0.00251075 -0.00502278 0.00427734 0.00532535 -0.00628342 0.00139271 0.00578488 -0.0030123 -0.000847934 -0.00532054 -0.000306247 0.00147808 -0.000169363 -0.00335736 0.00526499 -0.00180456 6.11896e-05 -0.000199964 0.00193552 0.000810981 0.00214787 -0.000185657 -0.00289803 -0.00112157 0.00101692 0.00099867 0.00134567 0.00297478 -0.000681178 0.00143648 0.000991568 0.00252406 0.00330614 -0.00111843 -0.00207883 -0.000668191 0.000886589 0.00127005 -0.000490715 5.88362e-05 -0.000569017 0.00315322 0.00016111 0.00242313 0.000150932 -0.000549537 0.00120224 -0.000580348 0.00151442 0.000708358 -0.000281761 0.00052253 0.00196987 -0.000353615 0.00298007
0.00097275 -0.000359844 -0.000224773 -0.00059548 -0.00133834 0.00147788 -0.000730309 0.000711527 -0.0050316 0.00074603 0.000877353 0.00253842 0.00154948 0.000158319 0.00130071 0.000457407 -0.00179764 0.00013473 -0.00192728 0.00558337 0.000963694 0.00146229 0.000607354 0.00769961 0.000498685 0.0159641 0.00360235 0.000590045 0.00472561 0.0023244 0.000745882 0.00159816 0.000157072 -0.000575278 -0.00443139 0.00353888 0.00154126 0.00158465 5.6992e-05 -0.00365952 -0.000248872 0.000566544 -0.00113583 0.00155486 0.00355674 -0.00201758 0.00418789 -0.00549445 -0.00224634 -0.0026688 -0.00489301 0.00438483 -0.0040075 0.0010298 -0.00165523 -0.00453557 0.000726081 -0.000174066 0.00104921 -0.00052763 0.000253666 0.00460849 0.001496 0.00218032 0.00263797 -0.00266343 -0.00469177 0.00493176 0.000482877 0.0094801 0.039416 -0.00292647 -0.00170248 -0.00670335 -0.0126132 -0.0605195 -0.221869 0.967483 0.0683888 0.0132631 -0.00488324 -0.0256157 0.0164099 -0.0104499 -0.013804 -0.0169944 0.00608013 -0.00739276 -0.00787477 -0.0021636 -0.000963745 0.00360933 0.000265808 -0.0045729 0.000169224 0.00886823 -0.0022188 0.00298155 0.00102558 -0.00342251 -0.00230611 -0.0031947 -0.00248287 0.00172489 0.000790598 0.000470467 0.00313628 -0.00925395 0.00598241 0.000818413 0.00336171 -0.00764955 -0.00100359 0.00202923 0.00156958 0.00300575 -0.00413088 -0.0052743 -0.00369628 -0.00543127 0.00365934 0.00282373 0.00021262 -0.000893079 -0.00222576 -0.00453085 0.00015702 -0.00364129 -0.00444685 0.00092661 -0.00285431 0.000141282 -0.000777409 0.00319267 -0.001869 0.00225262 -0.00400905 -0.00402477 0.00500007 -0.00168277 4.84748e-05 0.005145 0.000512721 0.000576727 0.00278502 0.00367049 0.00281467 -0.000922823 -0.00616196 -0.00042414 -0.000250396 -0.00154971 -0.000818644 -0.00215479 -0.00182469 -0.00227632 -0.00296532 0.00510592 -0.00103662 -0.00175117 0.00225573 -0.0010728 -0.00405057 0.00372994 -0.00300457 0.00734022 0.00400683 0.00033816 -0.000282603 -0.00553764 -0.00411362 0.000120818 0.00414442 -0.00138253 0.00449383 -0.00579244 -0.00113265 -0.00151511 0.00249792 -0.00575656 -0.000788629 -0.00360462 -0.00914893 0.0121692 0.0163077 -0.00303931 0.0163232 0.00570811 0.00760381 0.0175555 0.00293061 0.0030599 0.00708896 -0.000371381 -0.00200257 0.00786789 0.00859517 -0.000398795 0.0089053 0.000582155 -0.00218315 -0.00152861 0.000404765 0.00590888 0.00779439 0.00440411 0.00218943 0.00175599 0.0030496 -0.00514436 0.00751081 0.00740563 0.00985631 0.00178604 0.0018891 0.00804534 -0.00115198 -0.00277132 0.00617625 -0.00661735 -0.00210152 0.00357224 -0.00118709 -0.000241193 -0.00544209 0.000240666 0.00480297 0.000164228 0.00489574 -0.00269354 0.00426239 0.00105125 -0.0052079 -0.00516838 -0.000423644 -6.02705e-05 0.00349435 -0.00361218 -0.00333757 0.00655143 0.00584722 -0.00421648 2.04685e-05 0.00427658 -0.00385574 0.00130792 -0.00264801 -0.00115635 -0.000835641 -0.00317562 -0.00175667 0.00161546 -0.00265478 0.00107793 -0.00120613 0.00148385 0.000355249 0.000329665 -0.00158328 -0.00307437 -9.18624e-05 0.00242334 -0.000733413 0.00153571 0.000599872 -0.000830645 0.00102622 9.26143e-05 0.00284968 -0.00192513 -1.46789e-05 -0.00040777 -0.000555584 0.00169767 -0.000942301 0.00137112 0.00376345 -0.000742037 0.000648692 0.00266145 -0.000344694 -0.0016403 0.00198738 -0.00012121 0.000488325 0.00301701 -0.00189329 0.00163091 -0.00168589 -0.00184322 0.00347179 0.00508405
-0.000393916 -0.00048871 -0.000557435 0.00121035 0.00124518 -0.00017824 0.00224435 0.000319895 -0.00231218 -0.000630946 2.12268e-05 -0.000522902 0.000216216 0.000264814 0.00206012 -2.18694e-06 0.00164608 -0.000338035 0.00357517 -0.00102302 0.00206138 0.00540551 -0.00635202 0.0052353 -0.00152011 -8.03253e-06 -0.00342969 0.00219612 -0.00378848 -0.00372443 -0.00125535 -0.00190353 -0.00150403 0.00268055 0.00129523 -0.00461454 -0.00808996 -0.000924542 0.00127058 -0.00338355 0.00267813 -0.00366092 -0.00329298 -0.00204165 -0.000910251 -0.00327189 -0.00359887 -0.00356553 -0.00116195 0.00471708 0.00371975 -0.00252316 -0.000553165 0.000273566 0.00112268 -0.00469024 0.00265166 -0.00776056 0.000993905 -0.00567244 -0.000155276 0.00091025 0.000220192 -0.00688734 0.0076261 -0.00957599 -0.000704046 -0.00255555 0.00624864 0.00307631 0.00968374 0.0173455 -0.0116558 -0.0106821 0.0281337 -0.0402824 0.0409192 -0.0642604 0.99127 -0.0470814 0.000784554 -0.028274 0.0168097 0.00230667 -0.0407079 0.00415337 0.00197257 -0.018509 0.00757452 0.0148705 -0.0167121 -0.00327177 0.00356684 0.00578009 0.00171886 0.00556309 -0.00112757 -0.00127916 -0.00110746 -0.000379176 0.00109718 -0.0028524 0.00595195 -0.000630858 0.0119771 0.0061549 0.00329591 0.000561002 0.003112 -0.000475116 0.00793099 -0.00288949 0.00181747 -0.000711391 -0.00473468 -0.000151031 0.00459233 0.000384381 -0.00136133 -0.00234087 0.00300493 -0.00328452 -0.0018167 -0.00274568 0.00113149 -0.00336594 -0.00237974 -0.000701888 -0.000243318 -0.00183903 -0.0015549 0.00351575 0.00277986 -0.00132449 -0.00343978 0.000745322 0.00243364 -0.00012634 -0.00214802 -0.000134375 0.00775156 -0.00121169 -0.00370775 0.00127386 0.000320789 0.000822138 -0.00460816 -0.00256209 -0.00329862 0.00429737 0.00297354 0.00173765 0.00291969 -0.00513145 0.000636757 -0.000253227 0.00545624 0.00402887 0.00308028 0.00330206 0.00190957 0.00629943 0.00124666 -0.00480577 0.000105897 -0.00341619 0.0042882 -0.000509116 0.00116599 0.00325782 0.00521114 0.000212262 -0.00508516 0.0103478 0.00642221 -0.00487192 -0.0033476 0.00288443 0.00287814 -0.00510457 -0.00653448 -0.00748867 -0.0123125 0.00121755 0.00778891 0.0017616 0.00279208 -0.0128591 0.000388147 0.00555564 -0.000767067 -0.0151934 -0.00504966 -0.0117251 -0.00937761 0.00234416 0.00183693 0.000473621 0.00924948 -0.0106855 0.000929604 -0.000430837 0.00816892 -0.00824241 -0.00102609 -0.00105385 0.0015584 -0.001917 0.00274677 0.0065895 -0.00331939 -0.00246639 0.00379005 -0.00099911 0.00171886 0.00357275 0.00116236 -0.00932995 0.00408956 0.00327191 0.0016377 0.00112057 -0.00143157 -0.00540561 -0.00366411 0.00232285 0.00109319 -0.00339878 0.00634144 -0.00111591 0.00198174 -0.000408217 -0.00103102 0.00156105 0.000627599 -0.00280413 -0.00334394 0.00287301 -0.00291268 0.00266928 0.0057072 -0.00517994 -0.00399568 -0.00558774 -0.00118753 0.00335835 0.00297074 0.000467128 -0.00948956 0.00303703 0.00015463 -0.00662337 -0.00199766 -0.000857867 -0.0027969 0.0102306 -0.00360238 -0.00103493 0.00171331 -0.00354885 -0.00177763 0.00105095 0.000193408 0.00153351 -0.0051957 0.00338757 -0.0019546 0.00031837 0.00540467 -0.00318103 0.00134494 0.00204049 0.0018144 0.000993451 -6.53332e-05 -0.000356045 0.00371576 0.000499743 0.00242607 -0.00151365 0.00160805 -0.00179383 0.000153004 -0.00391959 0.000368269 0.00147898 -0.000711108 0.00307239 0.000217761 0.0027841 0.0009121 -0.00202602
-0.000262929 -0.000340827 0.000226678 0.00132376 0.00141506 -0.000399283 -0.00110497 -0.000792467 0.00139685 -0.000852259 -0.000405313 -0.00175938 -0.00099174 -0.000372244 0.00161524 -0.00101352 0.00162927 0.001027 -0.00275196 -0.006454 -0.00663547 -0.00298272 -0.00517559 0.00119678 -0.00174868 -0.00998048 -0.00132926 0.00233837 -0.00745054 -0.000731047 -0.00159977 0.00357267 -0.000374093 0.00222788 -0.00417747 0.00422076 0.00638337 0.00518267 0.00481757 0.000117477 -0.00166348 -0.00114709 0.00148615 0.00609855 0.00398433 0.00187604 0.0010805 -0.00177211 0.000155864 0.00265414 -0.00274154 0.00363752 0.00351406 0.00207353 0.00163996 -0.000504518 -0.00238728 -0.00314757 0.00132219 -0.00668133 0.00221932 -0.000440262 -0.00133291 -0.0044522 -0.00265254 -0.0031153 -0.00447146 -0.00844634 0.00910755 -0.00811591 -0.0122321 0.00481681 0.0153003 0.00717734 0.0074747 -0.0277293 -0.00561339 -0.0195893 0.0418426 0.993468 0.0189686 -0.030973 0.0502661 0.0339145 -0.023586 0.0264895 0.0185024 -0.0122957 0.0191448 -0.0111841 0.00264153 0.000475373 0.00974631 -0.000415819 -0.00117656 -0.00172726 0.00180815 -0.0025491 0.00154287 -0.00207731 -0.00266113 -0.00720026 0.00148217 -0.000751224 0.00541311 0.00238455 0.0014939 0.000393356 -0.0061349 -0.000630467 -0.00432394 -0.0031571 -0.000695592 0.000271483 -0.00187886 -0.000812062 -0.000579361 -0.000416267 -0.00239466 -0.000757205 0.00378111 0.00464061 0.00192067 0.0012323 0.00273839 -0.00122822 0.00167942 0.00202419 0.00448163 0.00103236 -0.00132366 -0.003971 0.00323458 0.00137012 0.000160559 0.00038055 0.00161792 -0.00299225 -1.71181e-06 0.00265179 0.000239163 0.00172328 0.0015515 0.00141832 -0.00189251 -0.00182705 -0.00668145 -0.0078562 0.000145416 -0.00380507 -0.00529416 0.000326541 -0.00107721 -0.00243255 0.000937059 0.00205928 0.00419115 0.000406103 -1.70273e-05 -0.00137446 0.00469647 -0.000444817 -0.00195777 0.00272267 -0.0034172 0.00234516 -0.0037937 -0.00503066 0.000913812 -0.00682853 -0.0025543 -0.00413027 -0.00189473 -0.0039839 -0.00830146 -0.00704773 -0.00604101 0.00842427 -0.00264994 6.44897e-05 0.00617818 0.00128492 0.0057253 -0.0097929 -0.000720421 -0.00262842 -0.00275541 -0.00412759 -0.00913917 -0.00302153 0.00110249 -0.0150433 -0.0107421 -0.0068531 -0.00784258 -0.0006572 0.00969823 9.02701e-05 -0.0017943 -0.00872709 0.000427211 3.9375e-05 0.000421763 -0.0155956 -0.00339572 -0.00436302 0.000753679 0.00116876 -0.0083373 0.00531886 -0.00587068 -0.00442628 -0.0067562 0.00338258 -0.00160485 -0.00323463 -0.00362176 -0.00805539 -0.00103843 0.00491665 0.00151416 0.000613696 -0.00130235 -0.0011479 -0.00178493 -0.000308065 0.00400541 -0.000268034 -0.00257447 0.00161051 0.00208623 -0.00583551 0.0018892 -0.00252799 -0.00471434 -0.000256096 0.000862879 -0.00393265 0.00155219 -0.00470938 -0.00122731 -0.00418128 -0.00251668 4.9102e-05 -0.00185417 0.000392713 -0.000965992 0.000730438 -0.00432442 -0.00268816 0.00542796 0.0101024 -0.000403727 0.00580913 -0.00181382 0.00347688 0.00238766 -0.00319068 0.00368279 -0.00244944 0.000796243 0.000552744 -0.00402081 0.00636485 -0.00199864 0.00410989 -0.000631039 -0.00154469 0.00422111 -0.00341818 0.0011731 0.00119215 0.000276112 -0.0024507 0.000579174 -0.00044093 0.000834558 -0.00105428 0.00167783 -0.000199795 -0.00095648 -0.00275709 0.000255923 -0.0018451 4.86422e-05 -0.00140182 -0.000411188 0.00138302 -0.00044335 0.000795162 -0.00194244 -0.00304796
-0.000570354 -0.000490131 -0.000953175 0.00142257 0.000401237 0.00122733 0.00130147 -0.00112633 -0.00111211 -0.00177271 -0.00144031 0.000869101 -0.00311614 -0.000404885 0.00211807 0.000410898 0.000793262 -0.000305828 -0.00298569 -0.00963976 0.00404333 0.00371009 -0.00114136 0.0100798 -0.001112 -0.00694584 0.00119972 -0.000205803 0.00152983 0.00248911 0.00293603 -0.00290812 -0.00219194 0.000281215 -0.00240602 -0.00117315 -0.000298217 0.00201358 -0.00102248 -0.00148695 0.000696344 -0.00125294 0.00126902 8.34861e-05 -0.00133682 0.00129473 0.00191216 -0.00310082 0.00111266 -0.00321321 -0.00180477 -0.000838512 0.00268449 0.00109181 0.0041471 -0.00336131 -0.00132772 -0.00388763 -0.000885351 0.00235231 0.00554982 0.000756453 -0.00314384 -0.00241161 0.00271363 0.000410843 0.00434497 -0.002147 0.0101418 0.0047852 -0.0017761 0.00778077 -0.0349884 0.0255496 0.0027231 0.013612 -0.00290916 -0.00208823 -0.0112013 -0.0264341 0.954353 -0.286522 0.00938132 -0.0284762 -0.0196981 -0.00172812 0.0216066 0.00626587 -0.00572226 0.0139001 0.00371211 -0.00245178 -0.000404676 -0.00183384 0.00545877 -0.00357163 -0.00695952 -0.00176087 0.00141142 -0.000681031 -0.00111836 0.00605738 0.000725651 -0.00186828 -0.00267047 0.000885269 0.00399205 -0.0011022 0.00418876 -0.000366213 0.00103727 -0.00220047 -0.0032077 -0.00410559 -0.00144557 -0.0046895 0.00229688 -0.00535325 0.00539268 0.00229814 0.00099595 -0.00130288 0.00119914 0.00057272 -0.00137618 -0.00088435 -0.00140712 0.00319451 -0.00126199 0.00204365 -0.00122517 -0.000272927 -0.000165586 0.00234748 -1.91352e-05 -0.00286443 0.00145869 -0.00222989 0.00119396 0.00265604 0.0041685 -0.00197281 -0.0032035 -0.00175171 0.000512085 0.0026938 -0.000836876 0.00163691 -0.00237996 0.00270722 0.00178912 -0.00126684 0.000843553 -0.00286733 0.00142581 0.00150674 0.00239857 -0.000869903 -0.00281356 0.00019381 -0.000345451 0.00138184 0.00271014 0.000452507 -0.00156139 -0.00176443 0.00195828 -0.00141236 -0.00181466 0.000828144 0.0025384 0.002234 -0.00410592 0.00175377 -0.00405094 0.00182367 -0.00136026 -0.00490514 0.00385175 -0.00562685 0.00482704 -0.00139277 0.000462065 0.000214296 2.39698e-05 -0.00668266 0.0010704 -0.00370538 0.000646205 0.00216496 -0.00129409 0.00136671 0.000391781 -0.00499704 -0.00771786 0.00233988 0.00855382 -0.00154763 -0.00282262 -0.00166551 0.00234671 0.00752178 0.00491824 -0.00477764 0.00168446 -0.0020006 0.001349 -0.00201607 0.00106977 0.000135247 -0.00314176 -0.000321258 0.00278988 -0.0026649 0.00312632 -0.00730986 0.00179141 -0.00179248 -2.17571e-05 0.00354448 0.00109287 8.27727e-05 -0.000654281 -0.000102741 0.00458712 0.000927612 0.00334181 0.00193782 0.00203748 -0.00242668 0.00364082 -0.00104945 -0.00271406 0.000203643 -0.00183459 -0.000719434 0.00171126 -0.00129617 0.00284152 0.000778479 -8.05376e-05 0.00147 -0.00160973 0.00136752 -0.000773303 0.00179943 -7.36551e-05 -0.000144999 -0.0017813 0.00500538 -0.00181022 -0.000386741 0.00224421 -0.000234128 0.00100399 0.00221975 -0.00215517 0.000764996 0.000877048 -0.000538158 -0.00151701 -0.000165843 0.001107 -0.00145955 0.00168105 -0.000407154 -0.00114103 0.000852046 0.000913476 -0.000122815 -0.000655473 -0.000605715 1.49999e-05 -0.00075899 -0.0026226 0.000170007 0.000176915 -0.000102341 -0.000658957 -0.000890628 0.00156269 0.00166037 -0.000822169 -0.00106602 0.0018324 -0.0017514 0.000723144 -0.0014276 0.00178037 0.000218675 -0.00226077 -0.000904958
-0.00160784 -9.58474e-05 -0.000846662 0.000487553 -0.000664367 0.00130449 0.00158221 0.000214328 0.00185544 -0.00138742 0.000259369 -0.00137751 -3.22383e-05 0.000180329 -0.00445809 0.000862275 -0.000515874 0.000216042 -0.00410503 0.00223568 0.0102711 -1.41231e-05 0.000511472 -0.00278394 -0.000295437 -0.00787066 -0.00597762 -0.0058434 -0.00635599 0.000509548 -0.00174603 -0.000932468 -0.000865874 -0.000480931 0.000150627 0.000403134 0.00390015 -0.00549379 0.000417716 -0.00437613 -0.00411007 0.0047023 -0.000519481 0.00509823 -0.000575257 -0.000962023 -3.58791e-05 0.00552314 -0.00272139 -0.00127196 0.000929009 -0.00263973 0.00353129 -0.00245977 -0.0025793 0.00611197 -0.00322573 0.00045665 0.00254046 0.00154541 0.00127551 0.00244369 -0.00196886 0.000456672 0.00486846 0.00254259 -0.00536039 0.00178221 -0.0007455 0.00777455 -0.00106257 0.00202319 -0.00041196 -0.00931195 -0.00896289 -0.0104676 0.0172478 0.0279484 0.027527 0.0219158 0.288771 0.951828 -0.0170603 0.0455781 -0.0385586 -0.0107651 -0.0117001 -0.0352097 -0.00864573 -0.0179373 0.00390835 0.00413618 0.0069857 -0.00278832 -8.24503e-05 -0.00753863 0.000406815 -0.0057321 -0.0011095 0.00386148 -0.000194949 -0.00495446 -0.00102486 -0.00123999 -0.000681145 -0.00189412 -0.004918 0.00480159 -0.00125142 -0.00135346 -0.000804927 0.00419274 -0.00191044 -0.00655559 0.0049271 -0.00127975 0.0013982 0.00262203 0.00143065 0.00342048 -0.0018824 -0.000247987 0.000968665 -0.00105091 0.000506968 0.00152601 -0.000969477 0.000335723 -0.00359318 -0.00243681 0.00038543 -0.00403211 -0.00121452 -0.00150656 0.000872039 0.000363642 0.00172829 0.00196227 -0.00125731 -0.00171018 0.0022065 0.00324541 0.00458295 0.000278738 -0.00222307 -0.00356974 0.00107111 -0.00228419 -0.000791939 0.00168461 -0.000661857 0.0017175 -0.00175188 0.00130239 -0.0027307 -0.00341444 -0.00204977 -0.00328731 -0.00416891 -0.00024154 -8.36156e-05 0.00179361 0.00609713 0.00125912 0.00275542 0.000989883 -0.00013059 0.000113417 0.00385476 -0.000657251 -0.00423438 0.0015631 0.00487234 0.00141379 0.003717 0.00354766 -0.00264615 -0.00212001 -0.00480576 0.00657519 0.000790407 -0.000448202 0.0013952 -0.00190341 -0.00990344 0.00277872 0.000621515 -0.00654052 -0.0114784 -0.00719714 0.00918843 0.00419964 0.000895797 0.00297568 0.00162516 0.000333929 -0.00134915 0.00170964 -0.00173636 -0.00425194 -0.0217912 -0.012134 -0.00468879 0.0225823 0.00384355 0.0047275 -0.00090102 0.000491243 0.00343794 -0.0050821 0.00940268 0.00337181 -0.00139467 0.00747519 0.00736332 -0.000780188 -0.00079849 -0.00217379 0.00244311 -0.00316739 0.00188828 9.39378e-05 0.0037927 0.00465918 0.00176812 0.0014736 0.00345042 -0.00596983 -0.000972885 0.00723553 -0.00378624 -0.00103987 0.00736985 0.00110759 0.000495179 0.000839628 -0.000185592 0.000438541 0.00056708 -0.000877065 0.00115214 -0.00306712 0.00123862 -0.00226999 -0.000372405 -0.00640284 4.91298e-05 0.0024779 -0.00719621 -0.0054719 0.000932702 0.000688079 -0.00462745 -0.000679824 -0.00533504 0.00564537 -0.00063833 -0.000526243 -0.00122587 -0.00173752 -0.000748495 -0.00282418 -0.00117004 0.0045693 -0.00178462 0.00188414 -0.0049 0.000112438 0.00257102 0.00347074 0.00125782 -1.87236e-05 -0.00094547 0.00235128 -0.000793671 -0.000709634 -0.000217368 0.000713725 -0.00351919 -0.00159441 -0.000295012 -0.00161855 -0.00347899 0.00372381 -0.000948361 0.00365806 0.00156113 -0.00112366 0.00205722 8.19002e-05 0.000167409 0.00729418
-0.00051317 -0.000504471 0.000325458 -0.00096882 -0.00011757 -0.0013455 -0.00303972 -0.000514286 -0.0016316 0.000648147 -0.000420713 -0.00137938 -0.0019815 0.000151387 0.00103907 -0.000347705 -0.00351714 -0.000531359 -0.0105458 -0.00322189 -0.00105437 -0.00397321 0.00296697 0.00125034 0.00842003 0.00417388 0.00208809 0.00142177 0.00592485 -0.000791865 0.0047404 0.00693427 0.000997846 -0.00209171 -0.003152 0.000556328 -0.00100696 0.00100304 0.000208945 0.000885909 0.00919175 -0.000757867 -0.00273986 0.00396736 -0.000605562 -0.00479286 0.00209358 -0.00224174 -0.0047044 0.00729549 -0.00511232 -0.00148327 -0.0010598 0.00640637 0.00107398 -0.000926288 0.000751403 0.00154095 -0.00171739 0.00293546 -0.000759587 0.000809625 -0.00347396 0.000807639 -0.000413475 0.00646172 0.00480234 0.00310745 0.00248157 0.00508682 0.0146101 -0.01262 0.0312736 0.00788405 -0.0099926 -0.00848851 0.0331932 -0.0094 -0.0264599 -0.0547752 -0.00676133 0.0113152 0.980864 0.080723 -0.143841 -0.00259697 -0.0121573 -0.0123776 0.0144122 -0.00883342 -0.0015187 0.00159915 0.00103154 -0.00150715 0.00182741 0.00789124 -5.02453e-05 0.00106271 0.000915967 -0.000624705 -0.000226213 -0.00719563 -0.00244563 0.00315524 0.00845606 0.00222634 0.0046908 0.00105552 0.00212659 0.0029429 0.00681118 -0.00146303 -0.00456486 0.00435631 -0.00550213 -0.00321801 0.00158237 -0.00318483 -0.00753749 -0.000769571 -0.00175636 0.00844351 -0.000522092 0.000710147 -0.00191253 -0.00231102 -3.12837e-05 -0.00545123 -0.000804217 -0.00177315 -0.000495175 0.00201587 -0.000248484 -0.00182044 0.00295672 -9.84028e-05 -0.00044788 0.0023413 -0.000353015 0.00164284 -0.00187166 -0.00198782 0.00535897 0.00220207 -0.00206782 -0.00366583 -0.00326995 0.000594662 0.00360195 -0.00129039 -0.00145439 0.000399657 0.00106897 0.00127913 -7.96704e-05 0.00184002 -0.0020062 0.00321212 -0.0011351 -0.00487048 -0.000406952 -0.00257822 0.000728007 0.00286446 -0.00105137 -0.00469373 -0.00115294 0.00317523 -0.000184159 -0.00509808 -0.00649248 -0.00723376 -0.0025317 0.00204683 -0.00088678 -7.42462e-05 0.0016653 0.000339667 -0.0033057 -0.00174509 0.00326401 -0.00445558 0.00470846 0.000430907 0.00114104 0.00621698 0.00301234 0.0019936 -0.00407476 0.00291002 0.00147208 -0.00441284 -0.00497619 0.00253038 -0.00578575 0.00174102 0.0109559 -0.000606866 0.00801449 -0.00931963 -0.00203475 0.00510441 0.00606012 -0.00398918 0.00276468 0.0011688 0.00327289 0.00106275 -0.00168477 -0.000138879 0.00147445 0.00348521 -0.000950521 -0.00217597 -0.000630869 -0.00412042 0.00107336 -0.00846573 -0.000775399 0.004293 -0.00128151 0.00212022 -0.000130982 -0.000375542 0.000404587 -0.00100917 0.00236863 0.00129546 -0.000665061 -0.0018974 -0.000212352 -0.0018781 0.00486526 -0.000841765 -0.00408377 0.0025561 0.00225003 9.71341e-05 0.0037082 -0.00050967 0.000631861 -0.00171125 -0.00318377 -7.40905e-05 -0.00203491 -0.00430643 -0.00242242 0.00149446 -0.00463564 -0.00097358 0.00536121 0.00304263 -0.00344752 0.00195892 -0.00393094 0.00418625 5.3251e-05 0.00140257 0.000368147 0.00274992 -0.000163167 -0.000586608 -0.00259902 0.00476586 -0.00169871 0.00193572 -0.00215061 -0.00152969 0.00209284 -0.00410275 0.000270749 0.00130911 0.000314671 -0.00150378 -5.24616e-05 -0.00145112 0.000182342 -0.00180193 -0.000209081 0.000812411 0.000526345 7.44421e-05 -0.00139627 -0.000426502 -0.000173411 0.00176509 -0.00204774 0.00320152 -0.00181656 0.00112231 -0.00149589 -0.000960877
-0.00111226 -0.000217924 0.000280679 0.000620256 -0.00180235 0.000592461 0.00405322 -0.000193391 -0.00128488 -0.00183436 0.000296472 0.000920486 0.000602978 -0.000408499 0.00404354 -0.000780386 -0.00502611 0.00128154 -0.00460322 0.00114257 0.017985 -0.00152603 -0.000115217 0.00857644 -0.00915676 -0.000336587 0.00446116 0.00407908 0.0130564 0.00384565 0.00714962 0.00290674 -0.00704402 -0.00165009 -0.00533423 -0.00955407 0.00285792 -0.00102931 -0.00270292 0.00466869 -0.00140058 -0.00103393 0.000138011 -0.00789863 0.000890393 -0.00152492 0.0042364 0.000678747 0.00151632 -0.00178342 -0.00215041 0.00050218 -0.00312859 0.000184058 -0.00267521 -0.0018482 0.00244625 -0.0011398 0.00390857 0.0043372 -0.00424521 0.00235711 0.00149014 0.00264502 -0.00362173 0.00183967 -0.00154408 0.00101485 -0.00709136 0.012995 0.00588674 -0.0177825 -0.00108359 0.0221033 -0.00295465 0.00160818 0.0222506 -0.00431021 0.0115635 0.0341939 -0.00839807 0.0600349 0.109983 -0.965063 0.205017 0.0357153 0.0244447 0.0281824 0.00880376 0.0199538 -0.0172611 -0.00409994 0.000704498 0.00854393 -0.00519216 1.75794e-05 -0.0109198 0.000856841 0.00346389 -0.00386971 -0.00339102 0.00631759 -0.0011608 -0.00182678 -0.0075181 -0.00721329 0.00277327 0.00202634 0.00337504 0.000556001 0.00672275 -0.00298854 -0.00609767 0.0013868 0.00372695 -0.00463357 -0.00100439 -0.00439981 0.00150699 0.000366795 -0.00209365 0.00201999 -0.00834743 -0.00194188 0.00308894 0.000465065 0.00182669 -0.00218127 0.0029142 0.00441364 0.0018026 -0.000766301 -0.00220781 -0.000337504 0.00124125 -0.00120305 0.00116214 -0.00135702 -0.00195708 -0.00210963 -0.00121049 -0.000633264 -0.000384421 -0.000344437 0.00206428 -0.000125162 0.00308074 0.00682405 -0.00404336 0.00384254 0.00216436 -0.00602305 0.000521954 0.000195848 0.00421723 -0.00346227 -0.0045405 0.000534916 -2.97082e-05 -0.00114947 -0.00242213 -0.00435241 0.00158438 0.0023044 0.00109781 -0.00579247 -0.00122694 -0.00167168 0.00152224 0.00612285 0.00246572 -0.0060602 -0.00403813 0.00243604 0.00131055 -0.000312791 0.00276003 0.00316337 0.00291975 -0.00383864 -0.00388205 0.00383017 -0.00469761 -0.00500082 0.00232753 0.00147082 -0.00624282 0.0107985 0.00433504 0.00549143 -0.008563 -0.00419792 -0.00206629 -0.00218053 0.000833803 -0.00195139 -0.00335552 -0.00280483 0.00114907 0.00395839 0.0112383 0.00289939 0.00202542 -0.00983314 -0.00416773 -0.00191674 0.000453259 -0.000369856 -0.00103157 0.0011872 -0.00528221 -0.00231022 -0.00245103 -0.00529301 -0.0045438 0.00176019 0.000681301 0.000665918 -0.0023108 0.0011767 -0.00187708 -0.000395211 -0.00170529 -0.00138562 -0.000143222 -0.00501887 -0.00479128 0.00548386 0.0010042 -0.00307058 0.0012863 0.00164347 -0.006079 0.00142447 0.00245978 -0.00363708 -0.00205351 0.0021415 0.00270905 0.00162155 -0.00252565 0.0055127 -0.000241133 -0.000850532 0.000137426 0.00441989 0.00314565 0.000681738 0.00821306 0.00176803 -0.00281361 -0.00632668 0.00476988 -0.000615901 0.00494759 -0.0059152 -3.98821e-06 1.53306e-05 0.000723336 0.00102569 -0.000161074 -0.000339357 0.00295709 -0.00535964 0.00102892 -0.00311906 0.00217655 -0.00184967 -0.00423395 -0.00174534 0.000519319 -0.000189749 0.000391265 5.06315e-05 0.00175364 -0.000508568 -1.73533e-05 -4.55896e-05 -0.000328701 0.000100212 -0.00277213 -0.000666599 0.00109977 -0.00343824 2.64655e-05 -0.00387294 -0.000190978 -0.000515918 -0.000148021 -0.00440537 -3.74369e-05 -0.00351492
0.000193281 0.000833839 0.00109674 -0.000513982 -0.000198284 -0.000616756 -0.00164382 0.000737454 0.000509085 0.00030222 -0.00050865 0.000716597 4.13951e-05 0.000739943 0.00210242 4.23799e-05 -0.000825037 0.000980357 0.00432282 0.0021716 -0.00199744 -0.00799534 0.000920637 0.00273346 0.0038913 0.00443127 0.00317122 0.00114193 -0.00520218 0.00121165 -0.00217996 0.00488551 -0.00172355 -6.6622e-05 0.0028256 0.00286927 0.00259259 -0.00145822 0.00250032 -0.000992265 9.86156e-05 -0.00306853 0.0040186 -0.00130941 0.000967377 0.000934678 0.00605209 0.0053593 0.00282072 0.00104769 -0.00163622 0.00259339 -0.00227052 0.00117898 -0.00112738 1.16083e-05 0.00248973 0.00437477 -0.00267066 -0.00183555 -0.0036318 0.000426349 0.000751123 -0.0021369 0.00394467 -8.96214e-05 0.00528319 0.00450058 -0.000769775 -0.00582704 0.00105534 0.00604678 0.00561494 -0.0111851 0.00318556 0.0249053 -0.00690147 0.0142659 0.0406277 0.00630051 0.0337776 0.0217037 0.124403 0.222718 0.955151 0.104812 -0.0372489 0.0584902 0.0148899 -0.00243138 0.00775266 0.00711285 -0.00766579 0.00726954 -0.00473708 -0.000344666 -0.00243288 0.00160394 -0.00467535 0.00160383 0.00476338 0.0018509 0.00110139 -0.00296072 -0.00717175 -0.00361064 0.000625502 0.00236378 0.00156621 -0.000334401 -0.0071078 0.00223486 -0.00019203 0.000237547 0.005861 0.00322805 -0.00303594 0.00386612 -0.00173517 -0.00355757 0.00257749 -0.000576889 -0.00531643 0.00160133 0.00072163 0.00497927 0.00440081 -0.000485978 0.00114876 -0.00418157 0.000752422 -0.00132781 -0.000435093 -0.00171328 0.00180855 6.77822e-05 -0.00150954 3.07146e-05 0.00195068 -0.00190483 -0.000263175 0.000682657 -0.000602015 -6.24851e-05 0.000784893 -0.00125533 0.00125251 -0.00321146 -0.000990919 -0.00136102 0.00290066 -0.00336006 -0.000287245 -0.00179848 0.00351502 -0.00306995 0.00155284 -0.00165546 0.000117416 0.0011493 -0.00145238 -0.00317694 -0.00236103 -0.00124384 0.000902308 -0.00197017 -0.00221961 -0.00272462 0.000595216 0.00215147 0.00175095 0.00104242 -0.00258061 -0.00106055 -0.00176599 0.00124321 0.00199887 -0.00372521 0.00184332 -0.00377035 -0.00404816 0.00959762 0.00422272 0.00196819 0.00596784 0.00296487 0.00156383 0.00570864 0.00204985 -0.00259657 -0.00712792 0.00607832 0.00559286 0.000233176 0.0105816 -0.00713485 -0.00944302 -0.00931453 -0.00201539 0.00778593 0.0108615 0.00932692 0.00383884 -0.00657958 -0.0070008 -0.000640043 -0.0010933 0.000483959 -0.00327018 0.00126089 -0.001002 -0.0078565 -0.00536025 -0.00598977 -0.00584885 0.000575052 0.00278512 0.00783906 -0.00373351 0.00108392 -0.00174546 -0.000318075 -0.000182595 -0.0011863 -0.00163335 -0.00177793 -0.00731732 0.00583594 -0.00561279 -0.00633619 -0.00091995 0.0022783 -0.0033442 -0.000276995 0.00365442 0.00297739 -0.00186362 0.000266179 1.48304e-05 0.00108247 -0.00287843 0.00285799 0.00194394 0.00364587 0.00361877 0.00336247 0.00210528 0.000129016 0.00999085 0.00287586 0.00178491 -0.000781039 0.0041752 -0.00128038 0.00393738 -0.0106852 0.00115433 0.00350816 -0.0017457 0.00426446 -0.00447489 -0.000176029 0.000627114 -0.00480078 0.00219171 -0.00462814 0.00349192 0.000684983 -0.00377819 0.00343186 0.00146099 -0.00095068 0.00256625 -0.00143124 0.00151138 -0.00109293 -0.00241711 0.00186533 0.000544708 -0.000142194 0.00145301 0.00305744 -0.00142253 -0.0042116 -0.00161286 -0.0060942 0.00223722 0.00222635 0.00276084 0.000660743 -0.00144246 -0.00297835
-0.000415204 0.000311878 -0.000402316 0.000747193 0.0012248 0.000656213 -0.00149622 -0.000197034 0.000812644 -0.000719444 0.000779482 -0.00172691 0.00126622 -0.000392986 0.0041187 -6.31324e-05 -0.000813161 0.00158044 0.00128099 0.00117404 0.00291739 -0.00543162 -0.0025309 0.00149077 -0.0036398 0.00180452 -6.63903e-05 0.00146542 0.000856143 -0.000506418 -0.00130963 0.00865938 0.002033 0.00234464 -0.00401902 0.00121219 0.00130432 -0.00175607 -0.000268434 -0.000912748 0.00510905 -0.00110359 0.00248677 0.0013188 -0.00064371 -0.00319337 -0.000614594 0.00309109 0.00272193 0.00182244 0.0028892 0.00410935 -0.00241898 0.0029741 0.000695967 0.00132893 -0.000773623 0.00607603 0.00163559 0.000346654 -0.00429521 -0.00521832 -0.000217058 0.000724126 0.00593805 0.00373849 0.00741426 0.00378909 -0.00322367 -0.00109581 -0.0172565 -0.0103596 0.0038391 -0.000998789 0.00977018 -0.000411631 0.0144006 0.0219159 -0.00858472 -0.0295646 8.44881e-05 0.00929377 -0.0160887 0.0161603 -0.109429 0.984405 0.0998334 0.0389692 0.0435676 0.0274373 -0.00226753 0.00435684 0.00299446 0.00472253 -0.00293131 -0.00589967 -0.000222078 -0.00971442 -0.00455124 -0.00222595 0.00364389 -0.00118645 -0.00269491 0.0012502 -0.004488 -0.00355009 -0.00265219 0.00270219 0.00185252 0.000698827 -0.000689653 0.00174322 -0.00216172 0.000257846 0.00307137 0.00330521 0.00536713 -0.000951777 -0.00236949 -0.00274768 0.00123144 0.00274634 -0.00063749 0.00564019 -0.00439838 -0.00115781 0.00234068 -0.00792331 -0.0072513 0.000426845 0.00279084 -0.00203647 -0.00216918 -0.000261629 0.000931887 0.00220083 0.000978014 -0.00232957 -0.00126454 0.000426383 8.89864e-05 0.0009391 -0.00185705 -0.00277439 0.000671078 -0.00378051 0.00146427 0.00278407 3.67135e-05 -0.00111771 -0.00237375 -0.00122565 -0.00102397 -0.00167242 0.00284127 -0.00265113 -0.000432275 0.00132516 0.00222877 0.000823696 -0.000504616 -0.00381773 -0.00164056 0.000515971 0.000775298 -0.00408797 0.00120854 -0.00284557 0.000790387 0.000426486 0.00204093 -0.00442486 0.0023082 -0.00348942 -0.00480738 0.000835653 -0.000221045 0.00398029 -0.003374 -0.00831743 -0.00212941 0.000689271 -0.00107243 -0.00341869 0.00460956 -0.00255793 0.00732746 0.0011067 0.000175515 -0.00244541 -0.00296401 0.00299592 -0.0033989 -0.00666046 0.0106951 -0.0060366 -0.00276558 -0.00163543 0.00263945 0.00492761 0.00664327 0.00313203 0.00233151 -0.00422108 -0.000954477 -0.00120139 -0.00118821 -0.000890949 -0.00159985 0.00325663 -0.00254973 -0.00134247 -0.00587116 0.0011691 0.00267455 0.00366315 0.00313323 0.0014421 -0.00110977 0.00357808 0.00138537 0.000924552 -0.000348764 -0.00383527 -0.000651421 -0.00292192 -0.00396756 0.0038606 0.00111158 0.00045224 0.00325448 -0.00381358 -0.00293781 1.36945e-05 0.000614958 0.00316102 -0.000470776 -0.000657499 -0.00170962 0.00294428 -0.00391411 0.002165 -6.01267e-05 0.00321351 0.00159918 0.00250382 0.00176917 0.000665795 0.00141417 0.00545895 4.84735e-06 0.00121682 0.00109212 0.00059807 0.0010785 -0.00105083 0.00268733 0.00331013 0.000923921 0.000506395 0.0023973 -0.00134434 -0.003069 0.000478096 0.00149422 -0.00116719 0.00310673 -0.000184717 -0.00193603 0.00196098 0.000485864 0.00248881 0.00271314 0.000384715 -0.000375604 0.00100661 -0.00102342 0.000673795 -0.0028161 -0.00056336 0.00042466 -0.00121027 -0.0015293 -0.00618004 0.000401044 -0.00309755 -0.00115314 0.00532103 -0.000322412 0.00929773 0.00157256 -0.00249309
-0.000180498 -0.000800468 -0.0027913 -0.0011142 0.00114991 -0.000613323 -0.00142522 0.00052591 0.000248118 -0.0025542 -2.10772e-05 1.97241e-05 0.000633606 0.00141352 0.00263325 -0.000418058 -0.0002023 0.00039539 -0.00127848 -0.000544945 0.00521267 -0.0120487 -0.00998959 0.00261065 -0.00162898 0.00133658 0.000274671 7.53235e-05 0.00165306 0.00339189 0.00149336 -0.00306561 0.000653765 0.00567597 -0.00640554 -0.000983077 -0.00234108 -0.00230037 -0.0014315 -0.000245889 -0.0038154 0.000650209 -0.00126247 0.00115952 -0.00171419 3.07829e-05 -0.000467074 0.00274594 0.000866567 -0.00185832 0.00239564 -0.00169243 -1.53813e-05 0.00239659 0.000376526 -0.000570104 -0.000567486 0.000215118 0.000433241 -0.00142568 0.0026155 -0.00240575 -0.00161116 0.00324316 -0.00172647 0.000867225 -0.00517674 -0.0051442 0.00435896 0.00522308 -0.00695901 -0.0146919 -0.0142242 0.0155304 -0.00700956 -0.00249227 -0.00780233 -0.00707546 -0.000677529 -0.0164367 -0.0168414 0.0204851 0.0130648 0.0360103 0.036121 -0.10489 0.983512 0.0567627 0.09738 0.0439404 -0.0160037 -0.0114006 0.00455142 -0.00205492 -0.00133116 -0.00291294 -0.00139791 -0.00813658 -0.000924997 -0.00319744 -0.0020673 0.0057839 -0.00581844 0.00252175 0.00284965 -0.00350741 0.00429331 -0.00259919 0.000718564 0.00243525 -0.00298589 0.00179239 -0.00587711 -0.000582961 0.00766492 0.00144616 0.00060183 -0.00280088 -0.000986984 0.00408913 -0.0014548 -0.000611241 0.000354302 -0.0017367 -0.00145475 -0.00229781 0.000618529 -0.00430569 -0.00151229 0.00328171 0.0020321 -0.00217991 0.00225433 0.0055438 -0.00192957 0.000325689 0.000851026 -0.000684809 0.00105354 0.0041555 0.00170693 0.000429102 -3.69195e-05 -0.000906174 0.00208157 0.00117993 -0.001151 0.00491665 -0.00111433 -0.00276691 0.000525159 0.00149041 0.0011021 -0.00128674 0.00374181 -0.000610046 0.00173334 1.9361e-05 -0.00350128 -0.000312067 0.00309025 -0.0034942 -0.00188014 -0.0034041 -0.00554199 -0.000132523 0.00554185 0.000869598 -0.00108107 2.91846e-05 -0.00042837 -0.00406347 -0.00123329 -0.00017377 -0.00155977 -0.00233718 -0.002998 0.0055072 0.000505923 0.00054621 -0.00442571 0.000525385 -0.00246479 0.00255208 0.0021524 -0.00591352 0.00531222 -0.00399278 -0.00776054 0.00382797 -0.00193722 -0.00449022 0.000870295 -0.0109282 -0.00399395 0.00332051 -0.00117731 0.000984662 0.00051736 -0.000676545 -0.00154843 0.00536759 0.00637298 -0.00645365 -0.00323964 -0.000356453 -0.000375207 0.00135843 -0.000293017 0.00231679 -0.00353668 -0.00173522 -0.00135023 0.00258174 -8.51125e-05 0.00496425 -0.000617495 -0.00291984 -0.000204157 -0.000956371 0.000822802 0.00106293 -0.00137531 -0.00172349 -0.00343593 -0.000639431 -0.00178254 -0.000971077 0.00747267 -0.00143501 0.00396552 -0.00109284 0.000131714 -0.00130736 -0.00161944 -0.000818852 0.00312288 -0.0031718 -0.000882731 0.00235536 -0.000111585 -0.000609894 0.000822163 0.00102387 0.00082124 0.00330006 0.000255731 -0.000400634 -0.000785295 0.000234957 0.00209979 0.00134077 0.00279777 0.00133107 0.00169761 -0.000220827 0.000379527 -0.00205069 0.000576146 -0.00344484 0.000403979 0.000989695 -0.00028315 0.0023822 0.000379144 -0.00046447 0.000477496 0.000598863 -0.000543026 -0.00314553 -0.00151885 0.00230974 0.000561453 -0.000788632 -0.000307527 0.000171418 0.00123631 0.000119666 0.000916249 -0.000132988 -0.00334333 0.00130781 5.28251e-05 -0.00111694 -0.000459138 -0.00161142 -0.000340047 0.00116875 -0.000133672 0.00259679 0.00187536 -0.0010723
-0.000225777 -0.000503064 8.41235e-05 -0.00195285 -0.000893872 -0.000341469 -0.00101778 -0.000238356 -0.00259592 -0.00104108 -0.000775957 0.000124057 -0.0020561 0.00026932 0.00183094 0.00032007 -0.00111669 -0.000298379 -0.0085844 -0.0038558 0.00517772 -0.00575302 0.00336365 0.00516321 0.00339167 0.00432812 0.00514976 -0.00551667 -0.00419627 0.000777282 0.00548657 -0.0033823 -0.00503173 0.00323591 0.00446889 -0.00153823 -0.00185565 -0.00906402 0.00425122 -0.002337 0.00369485 -0.00474471 -0.00144875 -0.000600371 -0.00142397 -0.00048262 0.00924412 0.00529206 0.0062748 0.000649703 -0.00581388 0.00169356 -0.00197977 0.00347905 -0.000222447 0.000110601 0.00557048 -0.00503838 -0.000857721 -0.000770035 0.00399981 0.00441812 -0.00696153 -0.00339936 0.00961249 -0.00768913 0.00314227 0.00484567 0.0135754 0.00357078 0.00458268 0.0212901 0.000493211 -0.00560413 0.00391077 0.00589262 -0.0126655 0.0032352 0.0165872 0.0135804 0.00170985 0.0319813 0.00264191 0.0154264 -0.0657646 -0.0419911 -0.0637658 0.986578 0.00695829 0.0882614 0.0343056 -0.00503017 -0.000921565 -0.0141866 0.00270812 -0.00436557 -0.00674352 0.000335161 -0.0041353 -0.003277 0.00530642 0.00740168 0.00320982 0.00583897 0.00119767 -0.00404045 0.00169464 -0.00241832 0.006553 -0.00132302 0.000347181 0.00205531 0.00264554 0.0029726 -0.000118596 -0.0129434 -0.000624942 -0.0025258 0.00322036 0.00450934 0.00560947 3.5754e-05 -0.00170748 0.00324176 -0.00163687 -0.00469666 -0.00331419 -0.00599602 -0.00584837 1.98276e-05 -0.00437104 -0.000726928 0.00253255 -0.000561989 0.0009184 0.00246128 -0.00637589 0.000871584 0.0042896 -0.00225751 0.00625738 -0.000727602 -0.00690786 0.00294791 0.00204178 0.00611514 -0.000472985 -0.000336966 -0.00033376 0.000315041 0.00755584 1.41682e-05 0.00129895 -0.00219334 0.00368591 0.00362697 -0.000695179 0.00304304 8.16021e-05 -0.00350406 -0.000764233 0.00139274 -0.000598406 -0.000800181 -0.00218161 0.000513367 0.00235216 -0.000257848 -0.00830059 -0.000599124 -0.000982415 0.00263223 -0.00119112 -0.000331452 -0.00616733 0.00505279 0.00227503 -0.00759975 0.00440441 -0.0103989 3.49451e-05 0.00375301 -0.00317715 0.00510448 0.00874087 -0.0104674 0.00601237 0.000711953 0.00786093 0.00613195 -0.00371242 -0.00139464 0.00628745 0.00811052 -0.00641328 0.00210281 0.0075454 0.0015255 0.00125593 0.00298862 0.0161214 0.00149173 0.000467428 -0.0144258 -0.000810173 -0.00305948 0.000468422 0.00380525 -8.1531e-05 -0.000538295 -0.00501976 0.000513802 0.00358954 -0.0108041 -0.00153715 -0.000886002 0.00249505 0.00194116 0.00522775 0.00322862 0.00240851 0.00301013 -0.00153204 -8.36215e-05 0.00232816 -0.00310042 0.00144745 0.00553961 0.000711812 -0.00778703 0.000139429 -0.00185741 -0.00564996 -0.00271697 -0.00331347 0.00135267 0.00373061 -0.00343237 0.000847388 0.00395146 8.6088e-05 0.00298216 -0.00338444 0.00607137 -0.00207962 0.00500834 -2.96761e-05 0.000429388 0.00401004 -0.000642913 -0.00371749 0.00175539 0.00514378 -0.000193264 0.00198214 -0.00411304 0.00152343 -0.000621042 0.00124303 -0.0016869 0.000989196 0.00183228 -0.000382532 -0.000737317 0.00457884 -0.00383295 0.00408251 7.85451e-05 -0.00110547 -0.00155971 -0.00165488 -0.00231546 -0.000267668 3.59166e-05 -0.00106521 0.00202754 0.00260874 -0.000205506 0.000467851 0.000939223 0.00281307 0.000909651 0.00499739 -0.000520278 0.00181734 -0.00231757 0.00140817 0.00244673 0.00181267 0.00428689 -0.00265393 -0.00390261
0.000766342 0.000226582 0.000222501 0.00166852 -0.00118877 -0.00078206 -1.42412e-05 3.37388e-05 -4.31016e-05 0.00119544 0.000480162 0.00245808 -3.19605e-05 0.000751621 -0.00150117 0.00178559 0.00107544 -0.000815421 0.00203327 -0.000138047 -0.00278219 0.00211633 0.00608564 0.00134623 0.001227 0.00252171 -0.00133211 0.00162446 -0.00380472 0.00447807 -0.000540185 -0.000182357 -0.00077558 -0.00284574 -0.0039585 -0.00170498 0.00704653 0.0018268 0.00220963 0.00292703 -0.0100276 0.00182303 -0.000122043 -0.00355108 0.000852849 0.0044734 0.00503124 -0.00229594 0.000896351 -0.00159898 -0.00498407 -0.00216873 9.31402e-05 -0.00431908 -0.00341595 2.02393e-05 0.000128129 -0.000306046 -0.00203347 0.00420798 0.00273706 0.00462493 0.00066285 0.00106835 0.00602061 -0.00107974 -0.000252078 0.00509325 -0.0120029 0.000544997 0.0134304 0.00801162 -0.000755357 0.0117941 0.00177082 0.00632771 -0.0193537 -0.0145891 0.0110054 0.0135168 -0.00797455 -0.00529695 0.0187331 -0.00169063 0.0106595 0.0399159 0.105704 0.0290877 -0.978341 -0.153005 -0.00664441 -0.0296592 -0.000564319 -0.00535433 0.000606097 0.00256086 0.00319972 0.00560386 -0.00526493 -0.000845888 -0.00415735 0.00519786 -0.00340584 0.00390246 -0.00173827 -0.0021938 0.00207116 -0.00771279 0.00720905 -0.00328424 -0.00401693 -0.0056024 0.00381115 -0.000528384 0.00146359 0.00178083 -0.00370106 -0.00296866 0.00479128 -0.0038807 -0.00563789 0.00611908 -0.00527304 0.000347897 -0.00286266 0.000327039 -0.00183408 0.00184146 -0.000227314 -0.000427001 -0.00245597 0.00026506 -0.00141133 -0.00270325 6.47041e-06 0.000135163 -0.00326496 0.00160019 0.0065872 -0.000458033 0.000365864 0.00228472 -0.000881004 0.00151115 0.00486972 0.000530937 0.00249881 7.65995e-05 -0.000939484 0.000988921 0.00081651 0.000123683 0.00259289 -0.00015505 -0.000310559 0.00182117 0.00244842 0.00357197 -0.00050011 0.00149499 -6.14651e-05 -6.39478e-05 0.000779536 -0.00112388 -0.000153304 0.0020999 0.00171142 0.000711135 -0.00277646 -0.00120885 -0.000155589 0.00222503 -0.00142271 -0.00281947 0.0018575 0.00227364 0.00165097 -0.0088419 0.00314182 0.00240755 0.00140729 -0.00273076 -0.000568116 0.0122648 0.00265787 -0.00226862 0.00402463 3.07528e-05 0.000109825 0.00333964 0.00348817 0.00595741 0.0101072 0.00785439 0.00177173 0.0035548 -0.0024339 0.00317895 0.0043842 0.00139576 -0.00169766 -0.00344603 -0.00182899 0.010258 0.00462309 0.00368579 -0.00135569 0.00147197 0.00588362 -0.00313814 0.00537918 0.00573458 0.00349961 0.000600477 0.000378045 0.000179762 -0.00147243 0.000580285 0.00326908 -0.00486845 -0.00167076 0.00263978 0.000339104 0.00193335 0.000157656 0.000981898 0.000708274 -0.00227372 0.00178112 -0.00448071 -0.00163386 0.00234961 -0.000247438 -0.000880167 -0.00206094 0.00124124 0.00192339 -0.00173506 -0.00156703 0.00279086 0.000137708 -0.000248279 -0.000777893 0.00298946 -0.00086853 0.000813749 -0.000890528 0.000357964 -0.0005032 0.000442458 -0.000682203 -0.000853782 -0.00504687 -0.00364563 -0.00143518 0.00330144 -0.000817746 -0.000101444 -0.00381444 0.00106871 0.000436699 -0.0013878 0.000138513 -7.40557e-05 0.00203693 -0.000715296 -0.000186407 0.000454957 -0.000766277 0.00160063 -0.00197213 -0.000519803 -0.00225221 0.00288272 -0.00118424 0.000878002 -0.00208368 0.00161426 -0.000315183 0.000685918 0.00145327 0.000634964 0.00222499 0.0029182 -0.00107667 0.00218977 0.00116951 -0.00204723 -0.000234657 0.000376055 0.00123194 0.00364092
0.00071567 -0.000679127 0.000769374 -0.00200323 0.000654355 0.000564961 -7.76064e-05 -0.00123243 0.00308373 0.00203932 -0.000298462 -0.0014078 -0.00157912 -0.000320764 -0.00119733 -0.000148471 0.000830201 0.00201581 -0.00340307 -0.00210745 -0.0107777 0.00717461 -0.000987161 -0.00620059 -0.000358008 -0.006262 0.0085342 -0.00159198 0.00345414 0.00414762 -0.00101533 -0.00420581 -0.000416813 -0.00261775 0.00442223 -0.00272056 -0.00239946 -0.00446348 0.00274681 -0.000464888 -0.00358532 0.00857821 -0.00244952 -0.00223148 -0.00534883 -0.00242483 -0.0042744 -8.52327e-05 0.00162361 -0.00200426 -0.00293568 -0.00563296 0.00301925 -0.00347117 0.00172648 0.000743582 -0.000477435 0.00119439 -0.00292103 0.00292806 -0.000965038 0.00297066 -0.00112029 -0.000291651 -0.00359791 0.00258511 0.00130421 0.00251668 -0.00151347 -0.00917497 0.0138066 0.00329733 0.00259518 0.00513697 -0.000484676 0.0113065 0.00814336 0.00159659 0.0141347 -0.0136374 0.00839834 -0.0154109 -0.00939489 -0.0182491 -0.00546964 0.0142044 0.025419 0.0897636 0.160825 -0.979138 -0.010521 -0.0378551 0.0239518 0.00353099 -0.00840574 -0.00588535 0.00454353 -0.00389042 -0.00199158 0.00616547 0.000854218 -0.00634702 -0.00549119 0.00741609 -0.00413779 -0.00155945 -0.001595 -0.00382125 0.00778231 0.00103446 0.00315785 0.00726265 0.00318712 -0.00149591 -0.00568365 0.00371208 0.00352534 -0.000424821 0.00189027 -0.00249183 0.00268343 0.000294375 0.000411712 0.00134334 0.000555611 0.00122177 -7.51473e-05 0.000955291 -0.000383699 -0.00230696 0.00253149 0.0016949 -0.00251154 -0.00563979 -0.00139417 0.00274917 0.00197216 0.000809323 -0.000853841 -0.00225051 -0.00214974 0.00169992 0.00369161 0.000618855 0.00484861 -0.00363029 0.0033327 0.000453158 0.000601007 -0.00240363 -0.00204763 0.000141224 -0.000433086 0.0018142 0.00105892 0.00282251 -0.00172772 0.00135052 0.0035078 -0.00183241 -0.00162023 0.00222512 0.000121185 0.00132285 -0.00211978 0.00157297 0.00410619 0.00079675 -0.00020446 -0.00255019 0.00042138 0.00281696 0.00196251 -0.0031563 0.00175522 -0.000518451 0.00297547 -0.00554852 -0.00450496 0.00436959 -0.000601404 -0.00267746 0.00276372 0.00254185 -0.00520049 0.00580003 0.00403385 -0.000938584 -0.00937819 -0.00181307 0.00278842 0.00916309 0.00104573 0.00241856 0.0104963 -0.00814199 0.00182948 0.00151524 0.00466419 0.00084251 -0.0173654 -0.0134484 -0.00766746 0.00964225 0.00306044 0.00507698 -0.00245711 -0.0006719 0.000647354 -0.00165797 0.0068788 0.00128974 -0.00366808 0.00438436 0.00553633 -0.00222905 -0.00174432 0.000307722 0.00351757 0.000536672 -0.00151367 0.000511085 0.00274183 3.03709e-05 -0.00111651 -0.000989775 0.0036475 0.000123939 -0.00195992 -3.96856e-05 -0.00261391 0.00108956 0.000370169 0.00171046 0.000658083 0.00177335 -0.00165194 0.00126842 -0.00136193 0.000322788 0.000617991 -4.94274e-05 0.00267716 -0.000547084 0.000298693 -0.00322307 -0.000919124 0.000840084 -0.00375111 -0.00448204 -0.000301814 0.0023938 -0.00280867 -0.00321635 -0.00313306 0.00227681 -0.000595484 0.00277901 0.00085125 0.00156738 0.00103759 -0.00127248 -0.00116914 0.00402108 -0.00340714 -0.00106163 0.000374883 0.000264666 0.000230831 0.00111877 0.000398951 0.0018 0.00161643 -0.000173448 0.000573228 -0.00231809 -0.00183815 0.000101622 -0.00197866 -0.000340176 -0.00135738 -0.00137832 -0.00237785 0.00345295 -0.00211242 0.00288478 -0.000828341 0.00318849 -0.000154195 0.00245333 -0.00182706 0.00552918
0.000659471 -0.000464253 -0.000840693 -0.000989119 -0.0023037 0.000797241 0.00173739 0.000289009 0.00213889 0.00114965 0.000973709 -0.000769701 0.0011083 -0.000592322 -0.00190326 0.00167012 -0.000495355 6.69109e-05 -0.00121072 0.0048654 0.00314305 0.00393575 0.00659915 -0.00858883 0.00322494 0.00674373 0.000856484 -0.00126253 0.00224269 0.0059624 -0.00445227 0.00286129 0.00348873 -0.00154522 -0.00188699 0.00344321 0.00334008 -0.00599591 -0.00124248 -0.00300499 0.00208733 0.00174358 -0.00413541 0.00243066 0.00106684 -0.00169355 -0.00496567 0.00236378 -0.00176004 0.00399401 0.00111127 0.00264329 -0.00109524 0.00198784 -0.00151052 -0.000763934 0.00380792 0.00361531 0.00148354 0.00241393 -0.00694239 -0.00115791 0.00135072 0.00159002 0.00306877 0.00080907 0.00272705 -9.67024e-05 -0.00552352 0.00215563 -0.00691131 -0.00303826 0.00354376 -0.00516797 0.00226065 -0.00931376 0.00856167 0.00238453 -0.0165814 0.00425578 0.00685996 0.00214039 -0.00368672 0.018484 0.00207994 -0.00354963 -0.0189601 0.0331265 0.00188374 0.0122882 -0.99705 0.013086 0.0126419 0.0204558 -0.00877404 0.00544502 -8.00517e-05 0.0104903 -0.00713665 0.00549742 0.00922038 0.00299012 0.00951762 0.00761825 0.00318194 0.0042972 -0.0016566 0.00366081 0.000661013 0.00183226 0.00254112 0.000332159 0.0074106 0.00665564 -0.00312197 0.00235134 -0.0031296 -0.0023444 -0.00934434 -0.00775905 4.69816e-05 0.00539276 0.000853844 -0.00275703 -0.000376609 -0.00269004 0.00204932 -0.00111767 -0.00446542 -0.000820283 -0.00368071 0.00240251 0.00227338 -0.000976385 -0.00436452 0.00486046 -0.00199863 0.00203784 -0.00333316 0.00128921 -0.003643 0.00137894 -0.000606332 -0.00249118 -0.0037445 -0.00462456 -0.000774754 -0.00060504 0.00271777 -0.00140971 -0.0013215 0.00247265 -0.00269042 -0.00226579 -0.00264829 0.000352503 0.00316644 -0.000257466 0.00063424 0.00158952 0.000257028 0.00347618 0.00107335 -0.00164715 0.00138619 0.000566829 0.000643713 -0.000491733 0.00164337 -0.0025362 -0.00027272 -0.000747914 0.0102568 0.000808364 -0.0007111 -0.00284462 0.00570617 0.000678621 -0.00294679 -0.000393201 -0.0057084 -0.0110337 -0.00764233 0.00831036 0.00637613 0.00104564 -0.00150264 0.00133427 0.00275517 0.00810498 0.00212292 -0.00257009 0.00512093 0.00120238 -0.000284515 -3.4726e-05 0.00133047 0.00425329 0.00389512 -3.70231e-05 0.00389251 -0.00156894 -0.00348576 -0.0156257 -0.00775822 0.000350174 -0.000386775 -0.00185135 -0.00199085 0.00524203 -0.00563247 -0.0038562 0.0017124 -0.00533055 -0.00306138 0.0062641 -0.00395079 -0.00090731 0.000758716 0.00177835 -0.0026663 -0.000337914 -0.00015683 -0.00232115 -0.00651431 -0.00304807 0.00175375 0.00228901 -0.000305937 -0.000613431 0.0024714 0.000759539 -0.00408781 -0.00173671 0.00121136 -0.0038398 0.000159665 0.000751803 -0.00514515 0.00469558 0.00136342 0.0012342 0.00362783 0.0025402 0.000668929 0.00405707 0.000129705 -0.00222056 -0.000918137 -0.00475704 -0.000449445 0.00174111 -0.00279163 -0.00296855 -0.00172137 0.00434093 0.00104438 0.000660709 -0.00337315 0.001877 0.000180904 0.0029852 -0.000205401 0.00160168 -0.00330557 -0.000524716 0.000717909 0.000204002 0.00183304 -0.000354984 -0.00121722 0.00109121 -0.00069437 0.00088176 -0.00363408 0.0014256 0.00299454 0.00165115 0.00314451 0.00232489 0.00318741 0.000625904 0.00700608 0.00298544 0.00070841 0.000471128 -0.00138886 3.51539e-05 -0.00111125 9.61681e-05 0.00194831 -0.00361783
0.00143014 -0.00163877 -0.00136834 0.00026309 -0.000984507 0.000495637 -0.00256139 -0.00118926 0.00196598 0.00131533 0.000836863 0.00285119 -0.000985658 -0.000664607 -0.000654031 -0.00115907 -0.000419858 -0.00232817 0.000118577 -0.00803631 -0.00380705 0.00113992 0.00281815 -0.000437125 -0.000776409 0.0076439 0.00504266 0.000785472 -0.00565814 0.00979615 -0.00605303 0.000862423 0.00513975 -0.00235061 -0.0053782 -0.0034126 0.000796257 -0.000777372 0.000391947 -0.000581986 -0.00035431 -0.000299506 0.00297471 -0.00365105 -0.00195385 0.00211372 0.00125482 0.00224263 -0.00133075 -0.00074837 -0.00453296 0.000454075 -0.00293517 -0.00015733 1.87973e-05 -9.98938e-05 0.00140141 -0.000554432 -0.00377629 0.00156417 0.00127913 0.00134907 -0.000571596 0.00113171 -0.00266455 0.00177922 -0.00321823 0.00171487 0.00584777 -0.00200203 0.00376282 0.00409313 0.00204545 0.000743787 -0.00352563 0.00124793 0.0071304 -0.0036059 0.00411868 -0.000440419 0.000813639 -0.00475577 -0.00219616 -0.00673985 -0.00515748 -0.0040363 0.0157451 0.00847676 -0.0214595 -0.040829 0.0118756 0.997112 -0.0232593 -0.0185185 -0.000561134 0.00803897 -0.0102231 0.0015891 -0.00566481 0.00250369 -0.00781239 -0.00804851 0.00200361 0.00249437 0.0108257 0.00233365 -0.0029562 0.000904145 0.00288415 0.00407502 0.00312147 0.00153716 0.00358904 0.00526601 -0.00414135 0.00163614 0.00372508 0.000921194 -0.00270874 -0.00243434 -0.00182144 0.00665515 -0.00216549 0.00157843 -0.000612645 -0.00306643 -0.00523683 -0.00255027 0.00281584 0.000689418 0.0019792 0.0011634 -0.00356113 -0.00290958 0.00130805 0.00087101 0.000821302 -0.00130568 -0.00262576 0.00209217 0.00154019 -0.000195455 -0.00161885 -0.0016463 0.000888248 -0.000216896 -0.00183181 0.000118517 -0.000489252 0.00225339 -0.001282 -0.000243738 -0.000588753 -0.000296779 0.00364733 -0.000159401 0.0030898 0.00532269 0.00235034 0.00162429 -0.00287218 -0.000337338 -0.00168313 -0.00250384 0.00032562 -0.00130745 -1.49373e-05 0.00156767 -0.0056624 -0.00302867 0.00128758 -0.00573719 0.00146809 -1.4112e-05 -0.00132031 -0.00168036 -0.00177051 -0.0010721 -0.0073766 0.00339507 -0.000633228 0.00328674 -0.00376316 0.00405854 0.00713887 -0.00153609 0.00897571 0.00317855 0.000481319 -0.00446494 0.000791425 -2.47403e-05 -0.00701722 0.000911841 -0.0117792 0.0011998 -0.00409025 -0.000549137 0.00483851 -0.00220354 0.0135192 0.00548327 0.00205146 -0.000356761 0.00185712 -0.0020177 0.00285961 0.0012946 -4.71198e-05 0.000632546 -0.000193972 0.00283296 0.00193166 -0.00338858 -0.00345626 0.00320312 0.0048729 -0.00299412 0.00373076 -0.00119119 0.00328647 0.00328775 -0.00217403 -0.00614304 0.00280612 -0.00328611 -0.0019199 0.00177253 0.00129212 0.000497141 -0.0036531 -0.000629404 0.00383869 -0.00102825 -0.00273862 0.000519521 -0.00151454 0.000613409 -0.00160538 -0.00361205 -0.000684357 0.00113637 -0.00621156 -0.00327559 0.0022017 -0.000419233 -0.0018511 0.00148524 0.00107894 0.00190133 0.00577157 -0.00517829 -0.000905814 -0.000443673 -0.000146546 -0.00379641 -0.00308088 -0.00169335 0.00126956 0.0031947 0.00256099 0.00141718 0.000127394 -0.00124394 3.88597e-05 0.000308597 -0.00157198 0.000615984 0.00131095 0.00152931 -0.0037217 -0.000234904 0.00123897 -0.00245277 -0.000532389 0.00266897 0.00347246 0.00358107 0.00085971 0.000580768 0.000333352 -0.00137534 0.00213069 -0.00471191 0.00103628 -0.000169702 -0.0010677 0.00187838 -0.00326448 0.00107443 0.00109588 -0.00089058
-0.00192895 0.00152633 0.00063119 -0.000843429 -0.00117264 -0.00266994 -0.00341261 0.00287486 0.00171125 -0.000819907 -0.00143507 0.000134068 0.000565483 0.00043869 -0.00127809 0.000664965 0.000204722 0.000887508 -0.00271661 0.00600739 0.00165481 -0.0142493 -0.00108391 -0.000517113 0.0094698 0.00347752 -0.00314942 -0.00166794 -0.00107398 -0.00170834 -0.00952847 0.00661949 -0.00515536 -0.00325197 -0.000479498 -0.00129132 0.0109318 -0.000699078 -0.00392098 -0.000467143 -0.00159529 0.00374384 -0.00185603 0.00149346 0.00171624 0.000443002 -0.000508289 -1.52449e-05 -0.00187467 -0.00129938 0.00227874 -0.000458045 0.000328754 0.000607087 -0.000332498 0.000918536 0.00141206 -0.000177124 -0.000309819 -0.000290642 -0.000960323 0.00150013 -0.00178134 0.00160276 -0.00167296 0.00033767 -0.00316909 -0.000291645 0.00141745 -0.000570654 0.00273437 -0.00474855 -0.0039937 0.0046171 -0.000565217 0.00286532 -0.000564133 -1.68831e-05 -0.00356248 -0.00908033 -0.00164928 -0.0065047 -0.000573425 0.00186 0.00723943 -0.0028653 -0.00565723 -3.62076e-05 -0.00574244 0.0222035 0.0147221 0.0253116 0.996111 0.0618068 0.00560772 -0.0020088 -0.00335394 -0.00457703 -0.00385414 -0.00220113 0.0103393 0.00398578 0.00311287 0.00261394 -0.00692285 0.00248903 -0.0055048 -0.000380904 0.00233671 -0.00369727 0.000842569 -0.00132978 -0.00169194 0.00112424 0.00181927 -0.00159035 0.00178629 0.00584704 0.00204874 0.000969026 0.000610255 -0.000968983 -0.00474316 0.000400417 -0.00480232 0.00240327 0.00362151 -0.00159108 -0.00713048 -0.00208002 -0.00300586 0.00225227 0.00252157 0.000304075 -0.000134085 -0.00083407 -0.00336256 0.000791611 0.00175845 0.00313991 -0.00252118 -0.00273459 0.00274244 0.000229456 0.00366185 -0.00342571 -0.000673927 0.00648795 0.000397886 7.70394e-05 0.00227197 8.1668e-05 0.000742385 -0.00115205 -0.00126091 -0.000236682 0.00403644 0.000567109 0.0017074 -0.000115039 -0.00175133 0.00165121 0.0050309 0.0015548 0.00203196 -0.00095089 0.00374828 -0.00109273 0.00186461 -0.000235739 0.000380476 0.00185511 0.000391783 -0.000614188 0.000655346 0.00624126 0.00998341 -0.00154922 0.00717061 -0.00578507 0.00462447 -0.0125089 0.00729185 -0.000415067 0.00076853 0.00528434 -0.00153065 -0.00301157 0.0027486 -0.000834479 -0.00106083 0.00766282 0.00497128 0.00530692 0.00380327 -0.00196875 -0.000136888 0.0101245 0.00321292 2.97014e-05 0.000321637 -0.00603414 -0.000560871 -0.0081732 -0.00355156 0.00260138 -0.00197092 0.000494009 -0.00136063 -0.000542973 -0.002943 -0.000303734 0.00375766 -0.00104133 0.00131602 -0.00366883 0.00170749 0.00157939 -0.000715232 0.0043763 -0.00124296 7.36432e-05 0.00301776 0.0011117 0.000563197 0.00406458 -0.00460469 -0.000591482 -4.86614e-05 -0.000299772 0.0020463 -0.000567136 -0.00261414 0.00232139 0.000712685 0.00133223 0.00472596 0.0032308 -0.00100511 0.00337391 -0.000389028 0.000780876 0.00020349 -0.00077554 0.000302636 -0.0012955 0.00192602 -0.00220337 -0.00126422 -0.00118743 -0.000225414 -0.0010918 -0.00209679 0.00118544 -0.000834899 -0.000169408 0.000713593 0.000712511 -0.000131286 -0.000167584 -0.00086819 0.00168094 0.0010462 -0.00273379 -0.000375926 0.00120529 -0.000949831 -0.00206229 0.000609053 -0.000977201 0.00157429 3.95079e-06 -0.000107093 0.000668978 0.000177526 0.000216884 0.00101154 -0.000672153 0.00152151 -0.00150874 0.00339686 0.00428308 0.00145844 0.00457944 0.00240445 0.000270941 0.00114214 0.00228805 0.00424035 0.00448517 -0.00173178 0.00163623
0.00119862 -0.00124027 -0.000632526 -0.000120958 -0.00036394 0.00149411 -0.00187525 -0.000763265 0.000652746 0.000417933 0.000779678 -0.00251877 0.000252476 -9.03956e-05 0.000785847 0.000363988 0.000143061 0.00214649 -0.00426038 -0.00107612 -0.00152323 0.00134513 -0.000639522 -0.00629445 -0.00181244 0.000203935 0.00221783 0.000180069 -0.00368822 0.00144854 0.00479303 0.00536802 0.00127663 0.00791681 0.00300621 0.00461432 0.0016465 -0.00399203 0.00505643 -0.00289049 0.00109809 4.19062e-06 0.00125891 5.00911e-05 -0.00203775 0.00252918 -0.00128796 0.00112708 0.000487693 0.00010414 -0.000290252 -0.00222415 0.00206277 0.00170258 0.000192734 0.00188881 0.0018922 -0.000341876 -0.00106808 -0.000697494 -0.00240668 -0.00198514 -0.00150659 0.000906277 0.000486826 0.00115449 -7.17003e-05 -0.00217901 -0.00358994 -0.00257196 0.00111404 -0.00102064 0.00320925 0.00125669 0.00672481 0.00229359 0.0133084 0.00915062 -0.00491024 0.00143453 0.00213855 0.00143868 -0.000328334 0.00664212 -0.010024 -0.0076263 0.00211883 0.0120544 -0.0070687 0.00171816 0.0211085 0.0166203 -0.062579 0.995377 -0.0122201 -0.0244956 -0.0196023 -0.0132396 -0.0147254 0.0106743 0.00216662 0.0228587 0.00200166 0.0146387 0.001116 -0.00457309 -0.00594275 0.00559947 0.00499233 0.000744766 0.00032671 -0.00281305 -0.00638936 -0.00378185 -0.000199118 -0.00512261 0.00444801 -0.0063862 -0.000308587 0.000268073 0.00183141 -0.00365726 0.00384427 0.00112768 -0.00102565 -0.00509408 -0.00308346 -0.00344046 -0.00839335 0.00555747 0.00215633 -9.27712e-05 0.000363471 0.00139887 -0.00388596 0.00120148 -0.000912705 0.00414907 0.00195734 -0.0033156 -0.00356098 -0.000366138 -0.00046819 -0.00243379 0.00502407 0.00195317 0.00382789 0.00318306 -0.0058071 0.000312358 -0.00252047 -0.00145302 -0.00354307 0.00193254 -0.00299881 0.00260167 -0.00397024 0.000657391 -0.0010165 -0.00155845 0.00391734 0.00126676 -0.000948821 0.000302101 -0.00130167 -0.00224835 -0.00084096 -0.001041 0.000549678 0.00593801 0.00153892 -0.000261118 0.000833096 0.00296596 -0.00176373 -0.003898 0.00102496 -0.00365204 0.0010812 0.00574224 -0.00697366 0.000674619 0.000597919 0.013213 -0.00240479 -0.00826699 0.00855092 0.00324945 -0.00482189 0.00574971 -0.000294924 0.00149959 -0.00347466 -0.00254592 -0.000565921 0.000109124 0.00481616 0.00250639 0.00330129 -0.000569563 -0.00823963 -0.00542169 -0.0024842 -0.0118625 -0.00290311 0.00174507 -0.00273239 -0.00187827 0.00263037 -0.00140799 -0.00625177 -0.00111569 -0.00379636 -0.00410593 -0.00212836 -0.000979165 -0.00179449 -0.000806321 0.00371734 0.00287397 -0.0014145 0.00441516 -0.000460338 -0.00383375 -0.00143384 -0.00365431 0.00233334 0.00413233 0.00164429 -0.00359177 0.000546436 0.00179509 -0.00122359 0.00105204 -0.00127834 -0.00137153 0.000463639 -0.00207697 0.000872394 0.00727962 -3.0086e-06 0.00209164 -0.000695512 9.81032e-05 0.000626806 0.00227636 0.00354883 0.00159584 -0.000557908 -0.000615868 -0.000216 -0.000251914 0.00323062 -0.00146872 0.00369568 0.00379696 0.00230869 -0.00143367 0.0011204 -0.00142504 -0.000988753 0.000573186 0.001947 4.23967e-06 -6.82983e-05 -0.00405331 -9.01127e-05 -0.000340059 -0.00243359 -0.00235214 -0.00107161 0.00207739 5.82776e-05 0.000722958 -0.00226761 6.50392e-05 0.000743759 -0.00136571 -0.001639 0.00328034 0.000132745 -0.00108259 0.00447688 0.00415675 -0.00147915 0.00017421 -0.00229744 0.00103603 -0.00178101 0.00304385 -0.00048903 -0.00117137
-0.0015868 0.000866529 0.00161091 0.000518863 -0.000119779 0.00144711 0.000935056 -0.00228518 0.000438714 3.364e-05 -0.000265426 -0.000431602 -0.000754098 -1.94243e-05 0.000465433 -0.000397985 0.00226435 -0.00152393 -0.00194422 -0.00132703 0.00188201 0.00203827 0.00140117 0.00594015 -0.00307253 -0.00221209 -0.00102514 -0.00781383 0.00186776 0.00271649 -0.00306384 0.00118617 0.0018734 -0.00277799 0.00187884 -0.000888798 0.00409799 -0.00233762 0.00109057 0.00102499 -0.00261002 0.00464274 -0.00130398 -0.0014128 -0.00102578 -0.00409946 0.00200009 0.0010346 -0.0005539 -0.00174306 -0.000819099 0.000665467 0.000559454 0.000603176 -0.00246774 -0.000183292 0.000167775 -0.00222321 -0.00127919 0.00279011 -0.00097653 0.00289652 0.000168633 0.00155717 -0.0024226 0.000143574 -0.00149487 -0.00303934 0.000857012 -0.00147227 0.00150204 0.00444115 4.59776e-05 0.00333367 0.00820232 0.00152397 -0.00524612 -0.00114663 -0.00149386 0.00150543 -0.00544071 0.00196012 -0.000393675 -0.00365923 0.00570291 0.00409326 0.00180389 -0.00144004 0.00305297 -0.00810961 -0.00886384 0.000386283 -0.00637658 0.012388 0.998928 0.00789485 -0.0028477 0.000931497 -0.000396785 0.00634901 0.0106849 0.00792863 -0.0019446 -0.00322283 -0.00352151 -0.00501089 -0.00650136 -0.00434936 -0.00224778 -0.00222078 -0.000853316 -0.00736752 -0.00313774 0.00584353 0.00520972 -0.00302684 -0.00156621 -0.00393429 -0.000668916 -0.00117975 -0.00382315 -0.00157476 -0.00102975 0.0022122 -0.00881207 -0.00201756 -0.000814516 -0.00490153 -0.00809142 -0.00208255 -0.00798995 0.00343098 -0.0033132 0.00237415 -0.00048964 0.00147907 -0.00528813 0.000288103 0.0021982 0.00297564 -0.00324768 -0.00105833 -0.000370282 -0.00158732 0.00053802 0.000345368 0.00209868 0.00209239 -0.00269696 0.000374934 -0.00172698 -0.000723139 0.00221685 -0.0014599 -0.00543477 -0.0014031 0.00268439 0.000417688 0.00331916 -0.0029664 -0.00132321 -0.000373525 -0.0020114 0.000807122 0.00258103 0.000699088 0.00161053 0.0026897 0.00262678 0.000431253 0.000981066 5.55402e-05 0.0062652 -0.0046275 0.00334438 0.00227415 0.00339741 -0.000265635 0.00447123 -0.00638441 9.32117e-05 -0.0102486 0.00781664 0.00474168 0.00729579 0.00539857 0.00808905 0.00813875 0.00722117 0.0091824 0.00732952 0.00770455 0.00160188 0.00232481 0.00546864 0.00467218 -9.03264e-05 -0.000458233 -0.00301318 0.0024972 0.00191458 0.00318726 -0.0016046 -0.00663226 -0.00468169 0.000694411 0.0012277 -0.000867494 -0.000412221 -0.00329144 -0.00142815 -0.00105894 0.00450496 -0.00216448 -0.00210237 0.00477651 -0.00041197 0.00246041 0.000373705 0.00116143 -0.00134474 0.00148191 0.00164706 -0.00131137 0.00097859 -0.00103916 -0.00196419 0.00240745 0.00227055 0.00173798 0.00201207 -0.00132289 -0.00485761 0.000422102 0.0018536 -0.000754366 0.00344947 0.00100228 -5.89236e-05 0.0048945 -8.54445e-05 0.000933898 0.00228617 -0.00010817 -0.0010766 -4.94404e-05 -0.000343676 -0.000762707 0.00280201 7.62279e-05 -0.000805114 0.00192722 -0.00149005 7.82883e-05 0.00116506 -0.000998971 0.000588464 -0.000241657 0.000753756 4.37792e-05 -0.00270854 0.00130923 0.00068761 -0.00033043 0.0030314 0.00100242 0.00126364 -0.00282866 -0.00151946 -0.00350337 -0.00019661 -0.00262975 -0.00535903 0.00191771 -0.00202481 -0.000235089 0.00101829 -0.00250019 0.00290715 0.00282312 0.00356347 0.000494957 0.00160466 0.00354568 -0.00225488 0.00185826 0.00117868 0.00254318 0.00106305 0.00827237 0.000574816 -0.000386978
-0.00155353 0.000792446 0.000923032 -0.00177435 -0.000540572 0.00219624 0.00101912 -0.00137491 0.00104788 -0.00112973 0.000795078 0.00320166 -0.000495532 0.000171211 -0.0038164 0.000735847 0.000439253 0.00313368 9.81871e-05 -0.00153119 0.00909536 9.49874e-05 0.00492874 -0.00620353 0.0023129 -0.00309414 -0.0011141 -0.0137789 0.00075065 0.00262357 0.00236463 -0.00531012 -0.00289786 0.00252229 0.00122192 -0.00152519 -0.00586719 0.000645938 -0.00304092 0.00119882 0.00397332 -0.00434775 0.00142882 -0.00104287 0.00064253 -0.000530255 0.00172242 -0.00102874 -0.0036171 0.00129495 0.00100472 -0.000881685 0.00041779 -0.00130225 0.00149088 -0.00141904 -0.00070784 -0.00307466 -0.000828885 -0.0025823 0.00397028 -0.00169613 0.000182888 -0.00116773 -0.00193217 -0.000628654 7.51389e-05 -0.0030922 0.00252019 -0.000407583 -0.00191871 -0.000373251 -0.00727654 0.00263193 -0.00161142 0.00255047 -0.00292781 0.00838335 0.00588743 -0.0018799 -0.00499781 -0.00656302 0.00884587 -0.00215175 0.000599884 -0.00428413 -0.00277011 -0.00395355 -0.00322051 0.00505115 -0.00584936 0.0103828 -0.000336761 -0.0188368 0.00854782 -0.971683 0.226089 0.0379234 -0.00337047 -0.0141135 0.00475587 0.00986543 0.00559464 -0.00827934 0.00095455 0.00224526 0.00358004 5.63767e-05 -0.000888606 -0.00188525 -0.00193897 0.00194398 -0.00108259 -0.00797798 -0.00498835 -0.00303253 0.00570498 0.0010762 0.00122202 0.00571237 0.00105668 -0.00264956 -0.00152151 -0.00493533 0.00042591 0.000543727 0.001746 0.00405048 0.00750569 0.00309022 0.00172632 -0.00145176 -0.00368257 0.00115761 -0.00118182 0.00169708 0.00412272 0.00111408 -0.00317155 0.00143416 0.00274961 -0.000597939 -0.00205127 -0.00283886 -0.000354081 0.00110611 -0.00473294 -0.00341563 -0.00167584 -0.000695968 0.00105338 0.00235206 0.00303265 -0.00107518 -0.00239316 0.00300875 0.00146804 -0.00167109 -0.00264446 0.00508297 0.0029413 -0.00059524 -0.00223569 -0.00278682 -2.10814e-05 6.27847e-05 0.00145125 -0.000506117 0.0026084 0.00412119 0.00556159 0.000166323 0.00145231 -0.00254412 -0.00266041 -0.00412541 -0.00484071 0.00118151 0.00245406 0.00423084 0.00309211 0.00397928 -0.00126294 -0.00436682 0.000639329 -0.00207763 -0.000413668 -0.00386713 -0.00325656 -0.00419666 0.00320752 -0.00117522 -0.00597894 -0.00460451 -0.00563229 -0.00273772 -0.00509343 -0.000504946 -0.00587953 -0.00329976 0.00221405 0.00695412 0.00363098 -0.00281329 -0.00526589 -0.0048085 0.000344348 -0.00191635 -0.000818167 0.00272303 -0.00579384 -0.00331485 -0.00271779 0.0017204 -0.00173818 0.000181525 0.000528586 -0.000232883 -0.000674411 0.001114 0.00106284 0.000237834 0.000393919 -0.0016069 0.00304712 -0.000581889 -2.14242e-05 -0.00317883 0.00260667 0.00331699 -4.12862e-05 -0.00123622 0.00202379 -0.00108402 -0.0016485 -0.0018358 -0.000356708 -0.00117985 0.0019859 -0.00399879 -0.000902378 -0.00136991 -0.00138396 -0.00489041 0.00179415 -3.56679e-05 -7.32737e-05 0.000438791 -0.000494194 0.00587192 -0.000583467 -0.0013211 0.000488487 0.00285365 -0.000527469 0.00121812 -0.00366855 -0.00315445 0.00304902 -0.00226931 -0.00184745 0.000398068 0.00177798 -0.00191408 -0.000695514 0.00269736 -0.00236115 0.00231451 -0.00048626 0.00166475 -0.00167429 -0.000166428 0.000910079 -0.00486151 0.00212937 0.000394185 -0.00119416 0.00113158 0.00441448 -2.12688e-05 0.00178405 0.00169458 0.00181061 -0.00157904 0.000230224 -0.00145677 0.000171254 -0.00233438 -0.00132501 -0.00206611 0.00196215 -0.000193265
0.00270502 -0.00100784 -0.000897676 -0.000628077 0.000409582 -0.00200166 0.00212823 0.00310678 -0.000154761 0.00205859 -3.97664e-05 0.00047302 0.00147716 0.000709588 -0.00119534 0.000696734 0.00254216 0.000864823 0.00701469 0.00370463 -0.00311303 0.00760355 0.00109243 -0.00725852 0.00293625 0.00773793 -0.00319305 0.00510864 -0.000596716 0.00164659 0.00280963 -0.0065924 -0.00224779 -0.00185969 0.00101419 -0.00208433 -4.40422e-05 0.00141879 -0.0016243 0.000800536 -0.00106937 -0.00177597 0.000798205 -0.00248676 0.000874049 0.00195995 0.00136079 -0.00220393 -0.0018903 -0.00196501 -0.000551599 0.00262779 -0.00188903 -0.00184523 -0.00155337 0.000727059 -0.0015834 0.00421111 -0.00151421 -0.000240507 -0.00126109 -0.000149807 0.00372569 0.00109034 -0.00189874 0.00165366 0.00140214 -0.00107748 -0.00524035 -0.00348551 -0.00293047 -0.00489814 0.002283 -0.00467624 0.00496124 -0.0019179 -0.00734414 -0.00153171 0.000579254 -0.000547865 0.00867287 0.000633879 0.00054935 -0.00992486 0.00347234 0.00155667 0.0021905 0.00922045 0.00360105 0.00438202 0.00258439 0.00917136 0.00219185 0.0250977 0.000356319 0.226376 0.970944 0.0269963 0.0347458 0.0157169 0.0181287 0.0198322 -0.00817943 -0.0031956 -0.00213082 -0.000587189 -0.00536672 -0.000409512 -0.00115938 0.00213127 0.00237791 -0.000308102 -0.00896914 0.000133539 -0.00375004 0.0053231 0.00360631 -0.0026643 -0.00415799 -0.00094016 -0.0027327 -0.00522445 -0.00134802 -0.00057983 -0.0047541 0.000471245 0.000771696 -0.00847336 -0.000152798 0.000315732 0.000140127 0.00173013 0.00347422 0.00319897 0.00708313 0.00206527 0.00116298 0.00134487 0.00618584 0.00179996 -0.00367887 -0.00113002 -0.00405952 -0.0041707 0.000956105 0.00235743 -0.00147224 0.00251557 0.0013132 0.00322071 -0.000159357 0.0013552 0.00372096 0.0038853 -0.00385384 -0.00195932 -0.00221029 0.00189822 -0.000530521 0.000394544 0.00581503 0.000541054 -0.00275143 0.000818715 0.00119258 0.00263382 0.0028505 0.00135726 -0.000858994 -0.00143007 0.00214082 -0.00544403 0.00239913 -0.000482636 -0.00227195 0.000349252 -0.00313925 -0.0126293 -0.000577696 -5.66984e-06 -0.0012812 0.00417028 0.000133892 0.00464409 -0.00581499 -0.00394584 -0.00051152 0.0018124 0.0029159 0.00303034 -0.00315121 -0.000622411 0.00178616 -0.000196747 -0.0136831 0.00428015 0.00106657 -0.00508214 0.00918012 -0.00396565 0.00135437 -0.00562471 -0.00369373 0.00214106 0.00282478 2.66271e-05 0.00124154 0.000341748 0.00249137 -0.00807674 0.00172338 0.00249897 -0.000864994 -0.00571387 0.000413141 -0.00123987 0.00301732 -0.00456367 0.00462051 -0.000533622 0.000987646 0.00212713 0.000158985 -0.00167815 -0.00316963 -0.00233557 -0.00241903 0.00062974 0.000566398 0.00238797 -0.00228269 -9.05275e-05 -0.000426116 -0.0012186 9.00912e-05 0.0014498 0.00100065 -0.00111988 0.00327522 -0.00217721 -0.000441343 0.00185536 -0.00230139 -0.00016515 -0.00229931 -0.000413659 0.000780211 0.00125292 -0.000673248 0.000326146 -0.000665137 0.000355919 0.00207982 0.00428082 -0.00539172 -0.000829987 -0.00185311 -0.00182626 -0.000232686 -0.00208332 -0.000293404 -0.00108082 -0.000525885 -0.000782816 0.00155584 -0.00150179 -0.00366614 -0.000679819 0.00145514 -0.00322307 -0.00317479 -0.00112822 -0.000597916 0.000203821 -0.000198592 -0.00121857 0.00107968 0.00478313 -0.000232442 -0.00026686 -0.000724178 -0.000566849 0.0040221 0.00191764 0.00210546 0.00206261 -0.00105019 0.0013779 0.00092739 0.00486983 -0.00261114 0.00187581
0.00064275 -0.000128627 0.000136368 0.000334704 0.00505061 0.0016528 0.00215117 -0.000599787 -0.00508951 0.00219087 -0.000413907 -0.00425796 -7.85303e-05 -0.00016867 0.00230352 -0.00158261 0.00319977 -0.00379563 0.00143974 0.00324196 -0.0145238 0.013246 -0.00840299 0.0100145 -0.0033834 -0.00359134 -0.00174108 0.00216118 -0.00174195 -0.0081653 0.00404218 -0.00337185 0.00534823 -0.00276447 0.00396511 0.00147801 -0.00735768 0.00292695 -0.00100825 -0.00122088 0.000622083 0.00261748 0.000396645 0.000346046 -0.00132631 0.00273673 0.00141812 0.00193521 -0.00132306 3.46219e-05 0.000177985 -0.00130177 -0.000353194 -0.00236616 -0.00133531 0.00199848 0.00200128 0.00129109 -0.00104594 0.00253531 0.00229597 0.00287938 0.000890132 -0.000404768 0.00281212 -0.000500273 -0.001374 0.000746353 0.00214395 -0.00367899 0.00486455 0.00564129 0.0014108 -0.00560415 0.00371902 0.000922877 -0.00597781 -0.00503242 0.000293628 0.00146858 0.00337862 0.00575363 -0.00157009 0.000608096 -0.00211638 0.00971019 0.00977963 0.000933826 0.00700525 -0.00175967 0.00891302 -0.00170807 0.0053709 0.0164329 -0.00111137 0.027322 -0.0374678 0.988962 0.111629 0.00450095 -0.0174271 -0.0552684 -0.0207133 0.00455375 0.00886653 -0.00826825 0.00786035 -0.00129716 0.000814456 -0.00647654 0.00681852 -0.00280938 0.00161648 -0.002739 -0.00337631 0.00358573 0.00188522 0.0060181 -0.000412663 -0.00167487 0.00193649 -0.0053736 0.000819968 0.00357663 -0.000288689 0.00478467 -0.000663935 0.00147226 0.00330896 -0.00176376 0.00123131 0.00259951 -0.00520408 -0.00371564 0.00372201 -0.000763735 0.000639513 0.00129687 -0.00129399 -0.00191522 0.00343072 0.000327562 0.00235079 0.00380606 0.0022309 -0.00209274 0.00048564 0.0029179 0.00216264 0.00267006 0.0028444 0.00172695 0.00274132 0.00163005 -7.20201e-05 -0.000316872 -0.00237706 0.000779252 -0.000456403 0.000311445 -0.00705825 -0.00178005 -2.63582e-06 0.000410717 0.0021664 -0.00348297 -0.0042117 0.00323257 -0.00187158 0.00161795 0.000616634 -0.0016598 -0.00537624 0.0025967 0.000423935 0.00307311 -0.00202813 0.00392177 -0.00294884 -0.00294323 0.00223343 0.00419287 -0.00282989 -0.00238279 0.00305345 0.0124382 0.00273572 -0.000398696 0.00357314 -0.00671966 -0.00539652 0.00921859 -0.00471917 0.00409281 0.00210265 -0.00488555 -0.00414664 -0.00644058 0.00420212 0.000930286 -0.000258255 -0.00510796 0.000996755 0.0266868 0.0126251 2.18798e-06 0.00277612 -8.78618e-05 0.00431142 -0.00424151 0.0139511 0.00683132 0.00389932 0.00389461 0.00589343 -0.00416653 0.00410814 -0.0015896 -0.00109738 -0.00428511 0.00139143 -0.000363391 0.00125733 0.000129185 0.0050898 0.00327583 -0.00182001 -3.11589e-05 0.000173767 0.00231525 -0.00435528 0.00103086 0.00316978 0.00105078 0.00118326 0.00384607 -0.000971614 8.91401e-05 -0.000152856 -0.00247323 -0.000127903 -0.00249109 -0.00204499 -0.0022917 -0.000307017 -0.00588258 -0.00155104 0.004049 -0.00107647 0.00375315 0.0009184 -0.00315568 -0.00252078 -0.0028481 -0.000171108 -0.00213973 -0.0031252 0.00265371 0.000625691 5.73903e-05 0.00137356 -0.00592772 -0.000153939 -0.00022761 0.000336173 0.000925417 0.000896253 -5.89198e-05 0.000176266 -0.000155241 0.00213728 0.00120167 0.00363534 0.000746931 0.00634846 -0.00370376 -0.00147215 0.00220254 -0.00440354 -0.00587361 -0.00637426 -0.00467666 -0.0103216 -0.00485014 -0.00104788 0.00389315 0.000250477 0.00239908 0.00156744 -0.0018138 -0.000548814 0.00490839
0.00175428 0.00173963 0.000602228 0.00224007 0.00217543 -0.00150397 -0.00236336 0.000570546 -0.00311993 0.00174182 -9.40283e-05 -0.00296213 -0.000457574 -0.000866826 0.00275008 -0.000557806 0.00250833 0.000287648 0.00214225 0.00373584 -0.0176453 0.00098189 -0.00530174 0.00244955 -0.000335039 -0.000588588 -0.00463309 0.00546463 -0.00296057 -0.00710826 0.00339052 0.00414162 -0.00200401 0.00158149 -0.00378227 0.00705643 0.000345335 0.00152928 0.0032083 -0.00211433 -0.00356341 -0.000393319 -0.00118931 0.00400052 -0.000204114 0.000893686 -0.00213096 -0.00460188 0.000486074 -0.000587521 3.74353e-05 -0.00139616 -0.000155139 -0.00279416 -0.000131317 -0.00242451 0.0013298 0.000189388 0.000879233 -0.00203964 -0.00151647 -0.00106287 0.00345094 -0.00231234 -0.00275925 -0.000913229 0.00034494 -0.00317503 -1.62189e-05 -0.00423528 0.000946617 0.0017397 0.00084154 -0.00212147 0.00448931 0.00556978 0.000760531 0.00102815 -0.000937216 0.00110352 0.00197577 -0.000610831 0.000920001 -0.00618041 -0.00365465 -0.00410711 0.000224217 -0.00400425 0.00517481 0.00301095 0.00755363 -0.00531597 -0.00249465 -0.0126968 -0.00038908 0.0129505 0.028916 0.109739 -0.990185 0.0313016 0.0215597 -0.0377374 -0.0148987 0.00526581 -0.0161078 -0.015761 -0.00423133 0.0112842 -0.00996684 -0.00568147 -0.0041454 -0.00224497 -0.00595656 -0.00589251 -0.00200846 0.0103355 0.0079861 -0.00270895 -0.00264108 -0.00099167 0.00770988 -0.0031937 0.00559932 0.0027741 -0.00269199 0.00287002 0.00448809 -0.00138017 -0.00801185 -0.00257461 0.00178758 -0.00204408 0.00275965 0.00236871 -0.00142851 0.00150057 0.000890147 -0.000172621 0.000954015 -0.00136959 0.00186285 0.00284738 -0.0021019 0.000280845 0.00329728 -0.000353098 -0.00335918 -0.00159633 -0.000181394 0.000110311 -0.00315385 0.00141054 -0.00141265 -0.0013115 0.000860763 0.000205418 -0.00193693 -0.000577952 -0.00148928 0.00366039 0.00389366 -0.00207171 -0.00383518 -0.00122644 0.00147894 0.00134646 -4.26572e-05 -0.000890208 0.00100816 0.00261283 0.00238105 0.000324622 -0.00193723 0.00567696 -0.00722405 -0.000325423 -0.00295961 -0.00237443 -0.00392637 -0.00275567 -0.00833495 0.00317162 -0.00745996 0.00578231 -0.00193493 -0.00526577 0.000295097 -0.0108157 0.00138544 -0.00576676 -0.00514919 -0.00120312 0.00259576 -0.00833927 0.000833194 -0.000324764 0.0010599 -0.00373224 0.00481492 0.00137569 -0.0071664 -0.00313559 0.00158488 0.0066953 0.0057399 0.000553331 -0.000562729 -0.00292161 0.00192753 -0.00330927 0.00493077 0.00264128 -0.00134454 0.00165496 0.00456294 -0.000462386 0.000547176 -0.00120642 0.00263809 -0.00248614 0.000872196 -0.000156756 -0.0011772 -0.00273624 -0.00234087 0.0033254 -0.000542194 -0.000599746 0.00143798 0.00123196 0.000553328 0.00144063 -0.00110675 0.000529091 0.00247956 0.00242338 -5.72362e-06 -0.00332984 -0.0042433 0.0034965 0.00217637 -0.00549659 0.00226097 -0.000233232 -0.00152501 -0.000627912 0.00258333 -6.35201e-06 -0.00277544 -0.000395858 0.00133065 0.00331371 0.00113538 -0.00125576 0.00155649 0.00393851 0.00190116 0.00213364 0.000646509 -0.0039228 -0.00123619 -0.000747542 -0.00203812 0.00258849 -0.000724261 -0.00173869 -0.00110689 0.00350546 0.00318342 0.000484666 0.00486837 0.00248706 0.000808258 0.000801662 -0.00293036 -0.00189434 0.00346327 -0.00070452 -0.00457324 -0.00375586 -0.0032374 -0.00490329 -0.00333012 -0.00358782 -0.00138797 0.00104059 -0.000979765 0.000123123 0.000397721 0.00370172 0.0003231 0.00192171
0.00066147 -0.00259244 -0.00150481 8.2336e-05 -0.00156696 0.000916126 0.000161024 -0.00164385 -4.22831e-07 0.000581832 -0.00367394 0.00177699 0.000969628 0.000743802 -0.00196843 0.00182295 0.000625373 0.00316235 -0.000927182 -0.00682627 0.00429114 0.00636552 0.00563613 -0.00567433 0.00948123 0.00415023 0.00121223 -0.00337077 0.00663942 -0.00218902 -0.00161347 -0.00231503 0.00138081 0.00853326 0.000644757 0.00384042 0.00487323 0.0016182 -3.28927e-05 0.00238861 0.00389412 -0.00163376 -0.00293309 0.00100177 -0.00399339 0.000626797 -0.00104868 -0.00309694 -0.00157225 -0.00130869 0.00318279 0.000799012 -0.000843187 -0.00304278 0.000375105 -0.0030063 -0.00190723 -0.00193542 0.000996139 -0.00192939 0.00196392 -0.00190288 -0.000166348 0.000735444 -0.000976867 0.000660672 -0.000595674 -0.000532146 -0.0031781 -0.00076382 -0.00164865 0.000516588 -0.00034183 8.62578e-05 -0.00164868 0.00289186 -0.000789571 0.00379658 0.00115787 0.00294116 -0.00104957 -0.00330775 0.00169085 -0.00414845 -0.00137323 0.00161565 0.00403676 0.00180461 -0.00178274 0.00613896 0.00678972 -0.0011568 0.00104512 -0.0126558 -0.00748479 -0.0164214 -0.0162863 -0.00188892 0.0310288 0.989003 0.122452 0.046906 0.023736 0.00706593 -0.00872734 0.00826521 -0.0107763 0.00826538 0.000508703 -0.00618634 0.0014461 0.00363008 0.00255637 -0.00167191 0.0043047 -0.00126957 0.00253057 0.0100081 0.000873891 -0.00460616 -5.03883e-05 -0.00137903 -0.00635944 0.00386221 -0.00572635 0.00639572 0.00183061 -0.000526869 -0.00959277 -0.00378875 0.00158564 0.00149786 0.00219372 0.00112754 -0.00225103 0.000495733 -4.66275e-05 -0.000821151 -0.00178347 -0.000539617 -0.000271692 -0.00350169 2.82873e-05 -0.000170645 0.000531525 0.000742303 -0.000397216 -0.00134334 0.00391815 -0.00112738 -0.000492874 0.000299912 0.00180437 -0.00256067 0.00360915 0.000378124 0.00363938 0.00166694 0.00508206 0.000452264 -0.0039283 -0.00244624 0.00298721 -0.00215588 0.00122832 -0.00447523 0.00212793 -0.00145289 0.000647439 0.000889591 0.00368641 0.00273268 0.00133208 -0.000573787 -0.000829887 -0.000743555 0.00103868 0.00460039 0.00271146 -0.0068014 -0.00339984 -0.0027141 0.00266962 0.000950864 0.00498434 0.00130158 0.00875952 -0.00758394 0.00869992 -0.00770273 0.000303869 0.0133844 -0.00153516 0.00348303 0.00606057 -0.00608184 0.00195815 -0.00149785 -0.00131961 -0.000233 -0.000647235 -0.00578732 -0.00294272 0.00147329 0.000166626 -0.00160994 -0.00145726 -0.00160386 0.00139642 0.00109613 0.0017737 -0.00214459 0.00214156 -0.000554832 0.00314863 -0.002908 0.000417309 0.00262136 -0.000891942 0.00227378 0.00116282 0.0014725 0.00374842 -0.00243659 0.00261152 0.00228708 -0.00277091 0.00111562 -0.00189661 0.00279724 -0.000111613 -0.000902518 -0.00290206 0.00277367 0.00427616 0.00571882 0.000594174 0.00417562 -0.00229938 0.00404028 0.00153977 0.00085478 -0.000982086 -0.000959868 0.0014393 -0.00273178 -0.00142793 0.0012129 -0.00218935 0.00111635 -0.000454818 -0.000271487 -0.00298365 -0.000229775 -0.000209325 0.0029475 0.00149995 0.00156184 -0.00135285 -0.000131991 -0.00154629 -0.00157526 -1.54626e-05 0.00290739 -0.00135443 0.00187446 9.19905e-05 -0.000189114 0.000194281 0.00392253 0.000416333 0.0018584 0.00179911 0.00209979 0.00223835 -0.00246579 0.000865813 -0.00213978 -0.000681005 0.00029281 0.00627651 0.00406949 -0.00286711 0.00231928 -0.00178781 6.65224e-05 0.00224051 0.0030776 0.0053024 0.00869034 -0.00550553 0.00099398
-0.000665816 -0.000917613 -0.00255776 -0.0012158 0.000697449 0.000107746 0.000630625 -0.000291516 -0.00397996 -0.000868759 0.00340143 -0.000383263 -0.000548629 -0.00282981 0.000234473 0.00300943 0.00165542 0.00343457 -0.0013295 -0.00651555 0.00137516 -0.00437956 0.00387341 -0.00397302 -0.00561245 0.00647304 -0.00145183 -0.00759283 0.00136164 -0.000297683 0.00847125 -0.00416652 -0.000880526 0.00771092 0.00133423 0.00322761 0.00186124 -0.00109033 -0.00059171 -0.00493054 -0.00574169 -0.00853175 -0.00209693 0.00281779 0.00349347 0.00392721 0.00229216 -0.00613807 -0.000741682 -0.00540766 -0.00140297 -0.00245873 -0.000438693 -0.000836411 0.00189925 0.00114759 -0.00206127 -0.00169185 -0.00282594 -0.00559284 0.00174572 0.0025503 -0.000124706 0.000410177 0.000382263 -0.00462044 -0.000537849 -0.00113459 -0.00301474 -0.00073851 0.000967768 0.00264334 0.000684628 3.81356e-05 0.00188566 0.000734884 -0.00642927 -0.000286383 0.00116217 0.00445775 -0.000189638 0.00172501 0.00188847 -0.00175998 -0.00396007 -0.00280006 -0.000182944 -0.00934823 -0.00105685 -0.00231382 0.00738321 0.0091501 -0.0102525 -0.00959929 -0.0115118 0.00369108 -0.024003 0.0278609 0.0108526 -0.127646 0.929667 0.286301 -0.149504 0.0989697 -0.00844341 0.00914905 -0.0167622 -0.000317068 0.00797666 0.00611859 0.00590147 0.00785457 0.00569748 -0.0022963 0.00654975 4.78911e-05 0.0023865 -0.00159389 0.00118319 0.000118683 0.000209767 0.00244615 0.00321018 -0.000417978 -0.00472875 -0.00783282 -0.0108228 -0.0112832 -0.0179185 0.000641112 0.000473241 -0.00179326 0.00209103 -0.00255168 -0.00449768 -3.54558e-05 -0.00517093 0.00423372 0.0031629 0.000109962 -0.00525286 -0.00208282 -0.00244186 0.00316288 0.00177655 0.00304434 0.003269 -0.00170339 -0.00196541 0.00233752 -0.000946727 0.000324141 -0.00266444 -0.00022093 0.00608473 -0.0020707 0.0022907 0.0053142 0.00372138 0.00130785 0.00133616 0.0018724 0.0038903 0.000794569 0.00327261 -0.00415867 0.0035358 -0.0052458 0.00421504 -0.00339632 -0.0044243 0.00378421 0.00195531 -0.00126369 -0.000801403 0.000819504 0.000884647 -0.00711521 -0.00246608 -1.26964e-05 -0.00390213 -0.00568879 -0.000533713 0.0155626 0.00219872 -0.0140694 0.00757364 -0.00828286 0.00232809 0.000318151 0.000644721 0.0106479 0.00408513 -0.00509758 0.00030911 0.00103494 -0.00513394 0.0159025 -0.000272007 0.00448933 -0.00681602 0.00756047 0.00404831 -0.00160225 0.00162673 0.00082953 -0.00455439 -0.00192963 0.00185601 0.000693652 -0.00134453 0.0062038 0.00400582 -0.00127182 0.00429726 0.00620243 0.00344198 0.00664185 0.00537482 -0.000507798 0.0042286 -0.00060785 -0.00225171 -0.00308852 -0.00133754 0.000493557 -0.0016895 -0.00172929 0.00372087 -0.00166321 0.00344161 -0.00191342 0.000753491 1.68206e-05 4.16046e-05 0.000844475 0.000614731 -0.000687711 -0.00676053 0.00692267 0.00185478 -0.00181599 0.00210344 0.00173147 0.00225986 -0.000489802 -0.00498246 -0.00519489 -1.4159e-06 0.000201045 0.00242058 7.26439e-05 -0.000867443 -0.0021594 4.93432e-05 3.42827e-05 -0.00230098 0.00187879 -0.00371316 0.00259317 0.00370725 0.00289143 0.000828057 0.00107393 0.003196 -0.00240265 0.00071337 -0.000605542 -0.0021916 -0.00196885 -0.000782807 0.00789823 -7.55598e-05 -1.26259e-05 -0.00276442 0.00124081 0.00459187 0.00218715 8.82185e-05 0.00209084 0.000347799 0.00152153 0.00391397 0.00516545 0.00119116 0.00270252 -0.00457133 0.00364746 -0.00501728 0.0160084 0.00579283 0.000699144
-0.00112579 -0.00195544 -0.00386822 -0.000650012 0.000549397 -0.000315251 -0.000304161 -0.000459654 0.00837314 -0.000373808 0.00254187 0.00596429 -0.000351382 -0.000979951 -0.000313466 0.00236923 -0.00309273 -0.00246719 0.0107157 -0.0140523 0.00712677 -0.0186712 -0.00362256 -0.00288669 -0.00345078 0.00132239 0.00987192 -0.00188803 -0.000298237 0.017111 -0.0143617 -0.0030286 0.00909009 -0.0101715 -0.00482404 -0.00941067 0.00526955 -0.00307532 -0.00328248 -0.00297074 -0.0106948 0.00080994 0.00301979 -0.00781939 -0.00196207 -0.00132017 -0.00162538 0.00727178 0.00275487 0.00102042 -0.000664231 0.00269499 -0.00242582 0.00326068 0.00161794 0.00152356 0.00176697 -0.00109851 -0.000924722 0.000601397 -7.49367e-05 -0.000426089 0.000307266 -0.00221204 0.00199418 0.00257267 0.00236653 0.00499222 -0.00374255 -0.001267 0.00647682 -0.000394883 0.00821505 0.000177467 -0.000521169 -0.00168888 0.00419305 -0.000320731 -0.00405016 -0.00561504 0.0043272 -0.00580043 -0.00578815 -0.00736495 0.00280283 -0.00296634 0.00607945 0.00645298 -0.00718853 0.00595976 0.000797483 -0.00665395 -0.0015441 0.022007 0.00395416 -0.00598337 0.014956 -0.0463844 0.0333752 0.0034335 0.313271 -0.93595 0.0999055 -0.0593626 0.0349589 0.0220545 -0.00488488 0.00219753 0.00352396 0.010992 0.00110816 0.00613422 -0.00856502 0.00398661 0.00791215 0.00522641 0.00640316 0.000987769 -0.0016485 -0.000569398 -0.00392517 0.00558434 0.00330982 0.00326292 0.00148517 -0.00194635 -0.00763754 -0.00530666 0.00145734 -0.00183824 0.00134364 -0.0011253 -0.00176616 0.000233904 0.00221995 0.00208278 0.0018253 -0.00117402 -0.00218154 -0.000488663 0.00155609 -0.00214993 -0.00212579 0.00028172 0.000305588 0.00023547 -0.00466361 -0.000222405 0.00286375 0.000626398 0.000109804 -0.0010193 0.00364445 0.00299702 -0.00116987 -0.00517356 0.00450401 0.00341204 0.00204124 0.00190113 -0.0014775 0.00252906 -0.00440296 -0.00151883 -0.000879083 -0.00222041 -0.00438944 0.00484023 -0.0112823 -0.00780751 0.00342269 -0.00490803 0.00580261 0.000999687 -0.00203865 -0.000644883 0.0057188 -0.00253627 -0.00242465 0.00432587 -0.00750444 0.00435732 -0.00237894 0.00252005 0.0050149 -0.00222617 0.000235314 0.00270235 0.000524843 -0.00203903 0.00135158 -0.00775386 0.00203169 0.0024897 -0.00906855 0.00680348 -0.00220805 0.00361328 0.00469089 -0.00270513 0.00828505 0.00903689 0.00492065 0.00354819 0.00217186 -0.000394288 0.00261131 0.000656005 0.00134838 -0.000639817 -0.000868577 0.00734973 -0.000952648 -0.00319736 -0.00285482 0.00627937 0.00195493 -0.00256801 0.00123763 -0.00325292 0.000881253 0.000709655 -0.00140864 0.000854887 -0.00202731 -0.00407693 -0.000941677 -0.00157524 0.00187406 0.0010188 -0.000913172 -0.000456317 0.00430729 -0.00194943 -0.00102267 -0.00154575 0.00173733 -0.000452808 0.00263158 -0.000374753 -0.000850916 0.00314028 -0.00131771 0.000537987 0.00140206 0.00159023 -0.000984001 9.02156e-05 0.000966385 0.000702813 0.00314053 -0.00149249 0.00158767 0.00140098 -0.00226333 0.00346973 -0.000117345 0.000800017 -0.00168132 0.00349504 9.11341e-05 0.00220771 -0.00144362 0.000773009 -0.00135327 -0.000218882 -0.00241524 0.0031725 0.000958371 0.0022399 -0.00610976 -0.00202305 -0.000328675 -0.00160995 -0.000907872 0.000500499 0.00256683 0.00493069 0.000859117 0.000949072 0.000693367 -0.000336668 0.00246961 -0.00359864 0.00325958 -0.00177777 -0.000404605 -0.00362146 -0.00232033 -4.37389e-05 0.00561304 -0.000883141
-0.0018932 -0.0032182 -0.000684776 0.000680443 0.0018001 -0.000653409 -0.000370931 0.000634853 -0.00338425 -0.000928749 0.00226003 -0.00812999 0.00115755 0.000790954 0.00702838 -0.000620897 -0.000596008 -0.00153691 -0.00404175 0.000374306 -0.00510893 -0.00348248 -0.0186191 0.00309378 -0.0144884 -0.00606094 -0.00110213 0.0107935 0.00090105 -0.00276903 0.0168509 0.00708562 0.00153392 0.00435888 -0.00280858 -0.00510714 0.00188834 -0.00155356 0.000497767 -0.0033658 -0.00293653 0.0037959 0.000725452 0.00542702 -0.000974622 -0.0042154 0.000818858 -0.00372838 0.00277504 -0.00028119 0.00093458 -0.00120956 0.000392479 -0.000145152 0.00177269 0.000502432 0.00049474 0.00212441 -0.0015664 -0.00112359 0.00137326 0.00123915 -0.00197484 -0.00194909 -0.000558789 -0.00445598 0.00158645 -0.00209223 -8.35359e-05 0.000871307 -0.000476654 0.00477178 -0.000590472 -0.00345265 0.00356641 -0.00342154 -0.00454888 0.00201817 -0.00630247 -0.00126621 -0.000838537 0.00258072 0.00298904 -0.000746423 -0.00113144 0.0018562 0.00555925 -0.00517967 -0.00127727 -0.00691689 0.010376 -0.000555585 -0.00393258 -0.00657346 0.000264101 0.00829538 0.00303101 0.0298665 -0.013639 -0.0411902 0.100654 0.129717 0.978505 0.0895072 0.0129563 -0.0117513 -0.0206446 -0.0104506 0.000819641 -0.00125412 0.00255826 0.00103657 0.000984961 -0.00994389 0.00135901 0.00036548 0.00081836 0.00374325 0.00098242 0.00198766 -0.0022239 -0.00186191 0.00425748 0.0105808 -0.00389623 -0.000592527 -0.0054567 -0.00577726 -0.0185764 -0.00365415 0.00112655 0.00186979 0.00398018 0.00044626 0.00175769 0.00112852 -0.000678806 0.00260248 0.00400113 0.000178533 -0.00261156 0.00315599 -0.00209591 -0.000157421 0.00487967 0.00538144 0.00334706 0.00201181 -0.00402367 -0.00143355 0.00232263 -0.00114318 -2.19672e-05 -0.00227685 0.00174354 0.00326253 0.00166793 0.00288104 0.000408797 -0.00252666 0.00198989 -0.000840409 -0.000313154 0.00328605 0.00243333 -0.000806358 0.00461832 -0.000730558 -0.00515743 -0.000241248 0.000104505 0.0017474 -0.00460362 0.00424436 -0.00192344 -0.00139855 0.00370769 0.000119022 -0.000856771 -0.00508694 -0.00568097 -0.00294138 0.00487986 0.00636445 0.0055686 -0.00459796 0.00724671 -0.0105969 -0.00112362 -0.00336637 -0.0024297 0.00515631 0.0082666 0.0051723 0.00691318 -1.80308e-05 0.00650647 0.00180886 0.0034441 0.00254832 -0.0148192 -0.0133341 -0.00594222 0.0210183 0.0137801 0.00588243 0.000421037 0.00108768 0.00665274 -0.00794571 0.0132776 0.00938715 0.00564546 0.00558285 0.00974702 -0.00456111 -0.00103257 0.000159999 0.00334838 -0.00444558 0.00152536 0.000574404 0.00374817 0.00541944 0.00105819 0.00537943 0.00332844 -0.0025342 0.00200308 0.000497082 -0.000612679 0.00214815 0.00103717 0.00112852 0.000335713 0.00396297 0.00362679 -0.00144007 -0.00488596 0.00610187 0.003505 -0.00267057 0.00367575 0.000562104 -0.00420389 -0.00436773 -0.00163626 -0.000249318 -0.00560803 -0.00415613 -0.000139274 0.00333618 -0.00230827 -0.00432887 0.000720195 0.00520732 0.00134863 0.00252212 -0.0017222 -0.0018733 0.00149988 -0.00426929 -0.00419988 0.00569169 -0.00177362 -0.000910229 0.00117496 -0.000538189 0.00388738 -0.00587844 0.00180616 0.00409949 -0.0011294 0.00571559 0.00141958 -0.00508778 0.00412537 -0.00256346 -0.00837644 0.000526956 -0.00532789 -0.00785351 -0.00725336 0.00329971 0.00023953 0.00494995 -0.00203388 -0.000674448 0.00022794 0.0113844 0.00047199 0.00752643
-0.00069213 -0.00188136 -0.00170581 0.0021021 0.00356682 -0.000513427 -0.000464313 0.000236689 -0.00104078 0.000178916 0.00115537 -0.00272086 0.000569397 -0.00131834 -0.000799281 -0.00206132 0.00182839 -0.00329513 -0.00591604 -0.00127976 -0.00658198 0.00693645 -0.00797541 -0.00173526 -0.0117001 -0.0069269 -0.00652056 0.00458322 -0.00722291 -0.00345871 -0.00169258 -0.00219846 0.00935778 0.000942405 0.00326144 -0.00992077 -0.00337933 -0.000441699 -0.00176461 -0.00137628 -4.52003e-05 -0.00203149 0.00399454 0.00149227 0.000422502 0.00103309 0.00225117 0.00465571 0.00510468 0.00230759 -0.00347317 -4.82383e-05 -0.0017164 0.00325906 -0.000345627 0.00171342 0.00315323 -0.00143084 0.000402764 0.0030456 0.0025965 -0.00199009 -0.000456864 -0.00387751 0.00271513 -0.00350565 0.000948743 0.000732593 0.00525593 -0.00244606 0.00164637 0.00608486 0.00232712 -0.00782926 0.00674058 0.00120468 -0.00520364 0.00212708 -0.00337843 -0.00128816 -0.00229975 0.000439754 0.00329947 -0.000336983 -0.00363989 0.00152014 0.00350423 0.00455437 -0.00254398 -0.00881562 -0.0050921 0.00222401 0.00206685 0.0120832 -0.00442181 0.00867893 -0.00792096 0.011523 -0.009949 -0.00768302 0.083388 0.100985 0.0654603 -0.980272 0.0957857 0.0624425 0.0227166 -0.00147412 -0.0118013 -0.00201873 0.00107696 0.00534372 0.000946066 -0.00521783 -0.00378652 -4.34562e-05 0.00115445 0.00324994 -0.00138406 0.006595 -0.00230544 -0.00338805 0.00432437 -0.00119913 0.00552624 -0.00412173 -0.0010333 0.00339049 0.00750882 0.00291033 -0.00170892 0.00284485 -0.00274115 -0.00546858 0.00497037 0.00482514 0.00213348 0.00166627 -0.00059461 -0.00225116 -0.0054043 0.00316254 0.00273202 -0.00274856 -0.00427463 -0.00083117 0.000415799 -0.00296565 -0.000121393 -0.00164951 0.000947338 -0.000838421 0.000432003 0.00540284 -0.0033489 -0.000639621 -0.000454541 -0.00488385 -0.00230172 0.00224583 -0.000361172 -0.000688326 0.0011879 0.00229671 -0.00202964 0.00495156 -0.00593356 0.0034033 -0.00514601 0.00196857 0.00299088 -0.000422484 0.00143399 -0.00274696 -0.00191896 -0.00268205 0.000777205 0.0032366 -0.0064124 0.00409891 0.00157246 0.00433334 -0.00373015 -0.00685939 -9.00426e-06 0.00281016 -0.0123441 0.00612514 -0.00455887 -0.0044343 -0.00435865 -0.00935325 -0.00179323 -0.000649951 -0.00143794 0.0025266 -0.00185387 0.00239522 -0.00807376 0.00273677 0.0047818 0.0110763 0.00109684 0.00344621 0.000757164 -0.00366282 0.0027621 -0.000855732 -0.000465106 0.000674727 -0.00299859 0.00285136 -0.00196063 0.00221583 -0.00215765 -0.000155772 -0.00141048 -0.000928912 -0.00299623 -0.00299761 -0.000501769 -0.00340882 -0.00270962 0.00257196 -0.000263393 -0.000555199 0.00224919 -0.00242869 0.000963814 0.00152793 -0.000390573 0.00139709 0.00324041 -0.000192783 -0.00198924 -0.00580692 0.000358702 -0.00134055 0.00149324 -0.00650733 -0.000775637 0.00166165 0.00418422 -0.000921242 -0.000726754 0.000790931 -0.00137815 -0.00178337 -0.000263819 0.00286867 -0.000108635 -0.000881047 0.00270625 -0.000377807 0.00258598 -0.0038719 -0.000370509 0.0012324 -0.00138538 -0.00117943 0.00172841 -0.000553558 0.000774863 -0.00255581 -0.000873034 0.000881199 0.00111926 0.000844466 -0.00110612 -8.0593e-05 -0.00339623 0.00258567 0.00131375 -0.000812577 -0.00117793 0.00104153 -0.00157926 -0.00089832 0.00101052 -0.00173568 -0.00775592 -0.00125949 -0.00615973 -0.00970244 0.0021851 -0.00176104 -0.00081052 -0.00794743 -0.0049126 -0.0127546 3.31084e-05 0.000130829
-0.000751402 -0.00335766 -0.00613474 0.000531446 -0.0024247 -0.00102478 -0.000974069 -0.000847158 -0.0024136 -0.000393585 0.00285355 0.000630216 -0.000359731 -0.000711378 -0.00103901 -0.00270064 0.000883692 0.000417152 -0.0139842 0.00236312 0.00267822 0.00683577 0.00338417 -0.000634355 -0.00204674 0.00392014 -0.0123202 7.00796e-05 -0.0029841 -0.000626283 0.0054309 0.000774044 0.00283367 0.0131603 0.00377189 0.00132319 -0.00625292 -0.00472163 -0.00344695 0.000102882 -0.00749323 -0.00829839 -0.00308639 0.00583761 0.00189038 0.00206839 -0.0011693 0.000717891 0.00278627 -0.00211135 2.18545e-05 -0.0020008 0.00126049 -0.000721323 0.000389784 0.00404875 -0.000218247 -0.00456396 0.000637181 0.00257186 0.00292866 0.00383294 -0.00130876 0.000874495 -0.00401468 -0.000687638 -0.00321676 -0.000212032 0.000511816 -0.00167755 -0.000730275 -0.00439121 -0.00171368 0.00541727 0.000932175 0.00492683 -0.0053275 -0.00131807 0.0118606 0.00410485 -0.00353886 -0.000661959 0.0074855 0.0072585 -0.0103888 -0.005139 0.00193999 -0.00018285 0.00127451 0.00300747 -0.00429244 0.0115863 -0.00611563 0.00247331 -0.00320792 0.000359814 -0.00218078 0.00573545 0.0167105 -0.00847467 0.0122322 -0.0269905 0.0250156 -0.0956388 -0.988948 -0.0199195 0.0767621 -0.000863314 0.0166275 -0.00261722 -0.0132553 -0.00311122 0.00107469 0.00372686 -0.00252908 0.00151593 -0.00412059 -0.00985704 -0.000513127 -0.0038184 0.00180999 -0.000530713 0.000167878 -0.00284086 0.00670423 -0.00216133 0.000347844 0.00537848 0.0160184 0.00932172 0.0044994 -0.00490065 0.00115773 -0.00365045 0.00215954 -0.00190112 -2.61677e-06 0.00129949 0.00477009 0.00192663 -0.00378175 0.00423075 0.000169273 -0.000666801 -0.00183224 0.000266713 -0.00053345 -0.00253268 -0.000975497 0.000106315 -0.00156813 0.00142164 -0.00187468 0.000762665 0.00138593 -0.000487557 -0.00218991 -0.00213922 -0.00397493 -0.00169622 0.00505036 -0.00186969 0.00141592 0.00287647 -0.0071929 0.00580297 0.000276656 -0.00111754 0.00340153 0.00372652 -0.000437209 -0.00120069 -0.000503403 1.56309e-05 0.00119927 -0.000406359 -0.012134 -0.00405717 -0.00352993 0.00812198 0.00313914 0.00696586 -0.00736458 0.000535048 -0.00171501 -0.000180625 -0.00391471 0.00206772 -0.0121686 0.00358782 0.000155758 -0.00667726 -0.000507107 -0.00747594 -0.00119956 -0.00587592 -0.0050657 0.0013429 0.00436585 0.00230112 0.00681655 0.0055162 0.0046836 -0.0102856 -0.0022348 -0.00228596 -0.00101507 0.000834425 -0.00446778 0.00672084 -0.00363259 -0.00187737 -0.0063573 -0.0010269 -0.00316888 0.00394323 0.00170766 -0.000788487 0.000732071 0.000206293 -0.00208875 0.00136869 -0.00252583 -0.00303837 -0.00329516 -0.00335182 0.000503201 0.0011936 0.00136342 -0.00484891 2.99456e-05 0.000414881 0.000907778 -0.00251171 -0.00122747 -0.00109065 -0.00376908 -0.00265738 0.00254228 -0.00303585 5.67162e-05 0.00229767 -0.000206702 -0.00116486 -0.000268274 0.00486851 0.000788596 0.000221049 0.00250893 0.00274405 0.00311137 0.000199872 0.00508011 0.000469144 0.00113269 -0.00323419 -0.000795953 -0.00123917 0.0002438 -0.000725752 0.0016766 0.0013069 0.00264873 -0.00244281 0.00170067 -0.00132854 0.00128244 0.00216984 -0.00111908 0.000558441 -0.00279817 0.00121623 0.00427402 -0.00258654 -0.00354075 0.00361543 -0.00173512 0.00335485 0.0014703 0.00411208 -0.0012552 0.00102785 0.00336663 -0.00176925 0.00239797 -0.00288031 -0.000584797 0.00161618 -0.00354061 -0.00850149 0.00585092 -0.00411884
0.0021405 0.000599524 -0.00251686 -9.36344e-05 0.000668921 0.00115688 0.000130804 -0.00237258 -0.00251437 0.00138019 -0.00338668 -0.00410219 -0.00166785 0.000353672 -0.001829 6.32099e-05 0.00148261 0.00231095 -0.0050735 0.00551036 -0.00891113 0.00734027 0.00349411 -0.000611564 0.0111087 -0.00824182 0.00222031 0.000629566 0.00544557 -0.00790279 0.00492806 -0.00176383 -0.000316216 0.00160905 -0.00334231 0.00568035 -0.00495209 0.00199615 0.000253511 0.00269106 0.00183401 -0.00305733 0.000663499 -0.00263722 -0.00428822 0.000119879 0.00335349 -3.67078e-05 0.00200091 -0.000987024 0.00122629 -0.000560075 -0.00187697 0.00108382 0.00161649 -0.00054482 0.00135492 0.00229834 0.000584475 0.00160715 -0.0014312 -0.0027453 0.000782928 -0.00132699 0.00112146 -0.00155647 0.00191126 -0.00246848 0.000600331 -0.00305304 0.000688005 0.0058275 -0.000805545 -0.00266496 0.00324906 0.00289841 0.0018996 0.0013047 -0.00518736 -0.00145919 -5.17687e-05 0.0030071 -0.000803106 -0.00680032 0.00519687 0.00342422 0.00488995 0.00477547 -0.00144323 -0.000619945 0.0048489 -0.00225953 -0.00296896 0.00262373 0.00462293 0.00195931 3.62049e-05 0.0098655 -0.0133345 -0.00808863 -0.0206682 0.00979229 0.00524095 0.0580991 -0.0339413 0.990939 -0.0934673 0.00981936 -0.0316145 0.000851828 -0.00030251 -0.0182708 0.00173695 -0.00543734 0.000524478 -0.00541354 -0.000766972 0.00603597 0.00363602 0.00521133 -0.00185047 0.00149797 -0.00508977 -0.00617121 -0.00398488 0.00369437 0.00500511 0.00155388 -0.00673931 -0.00180565 -0.00439056 0.00401255 -0.00446327 0.0063236 -0.00109103 -0.00111849 -0.00317572 0.00294859 -0.00364141 -0.0017622 -0.00779524 -0.00425898 -0.00140403 -0.00342637 0.00246313 -0.00097648 0.00825439 0.00086023 -0.00300865 -0.00233861 -0.00248965 0.000132563 -0.000543237 0.00314724 -0.00532675 0.00112786 -0.00301513 -0.00159687 0.00114499 0.000742261 0.000246709 -0.000708215 6.6005e-05 -0.000333969 0.000466022 0.00058758 0.00023218 0.000431218 0.00125159 0.00225595 -0.00176165 0.000162947 0.00146404 -0.000656628 0.00151546 -0.00566914 0.00284784 0.000946586 0.00614562 0.000352997 -0.000159864 -0.00221205 0.00461288 -0.00401986 0.00102969 -0.00301372 0.000748752 0.00706245 -0.00571511 0.00511455 0.00204458 0.000231525 0.00842982 0.0103411 0.00206319 0.00705977 -0.00130598 -0.00252276 -0.00682412 -0.000349949 -0.00446612 -0.00498821 -0.00510749 -0.000273221 -0.00599618 0.00274474 -1.53552e-05 0.002598 0.00134731 -0.00389211 -0.00152759 -0.00471479 0.0019482 0.00230783 -0.00388928 0.000836046 -0.00544898 0.000181294 0.000455168 -0.000343114 0.000136296 0.00274182 0.00185148 0.00608895 0.00100673 -0.000480888 0.00218603 -0.00304481 -0.00333741 0.000325571 -0.00318337 0.00329081 -0.00166552 -0.00317647 0.000969711 -0.000647466 0.00310015 0.00125722 0.00329773 0.0023441 -0.00124039 0.000199101 0.0024596 0.000644747 0.000173083 0.00089513 0.000926354 0.00339248 -0.000102129 -0.00410001 -0.00133269 0.000955403 -0.00215264 -0.000470212 0.00162795 -0.000311347 0.000451566 -0.000860971 0.00175014 -0.00158946 -0.00199126 -0.00139134 0.00322805 0.00116567 0.00262615 0.00118034 -0.00103255 -0.0067591 -0.00250349 -0.00228789 0.00267904 -0.00254226 -0.00343606 0.002325 -0.000815533 -0.000270158 -0.00163182 -0.00404019 0.000265097 -0.000256902 -0.00344446 1.73367e-05 -0.00115317 0.00318741 -0.00140718 -0.000589949 0.0076801 -0.00281188 0.00550988 -0.000646635 0.00132536 0.00275192
0.000641174 0.000526586 -0.000869999 -0.000653778 0.000343023 0.0011359 0.00113708 -0.00114809 0.00310113 -0.000613341 -0.00178623 -0.00280369 -0.000875439 -0.00107165 0.00940047 -0.0032092 -0.00242559 -0.00535943 0.00202294 -0.00570008 -0.00615064 -0.00327604 -0.0134274 0.0185697 -0.0108347 -0.00862196 0.0080501 0.0103109 0.00535144 0.00089453 -0.000426089 0.00757376 0.000250454 -0.0005504 -0.00769848 -0.00266317 -0.00141723 -0.000657394 -0.000473679 -0.00406994 -0.00501313 0.0109912 -0.00135652 0.00168702 -0.00154516 0.000305058 -0.00128909 0.00795123 -6.25886e-05 -0.00135179 -0.000425232 -0.00176003 -0.000161942 0.00251975 0.000121853 0.00313775 0.000269764 0.00292548 0.000400726 0.000453553 -0.0038031 0.000289369 0.00110541 0.00385242 -0.00322474 0.00152981 -0.000528028 -0.00137299 0.00278816 -0.00180435 0.00354374 -1.04552e-05 0.00177053 0.00247435 0.0069668 0.000980634 0.00136636 -0.00243471 -0.00523504 -0.00201102 -0.00271457 0.00682986 -0.00623734 0.00203305 0.000232257 0.00285739 -0.00500988 -0.00154366 0.0016813 -0.00125243 -0.000956821 0.0021191 0.00507351 0.00567164 0.00644631 0.00313741 0.00569214 -0.00727567 -0.00683251 0.00980183 0.0171137 0.00569397 0.0136087 0.0388442 0.0713302 0.0949694 0.988051 -0.0140891 0.0337977 -0.0170038 -0.0120437 -0.0191807 -0.00564061 0.00488378 0.00166134 0.0108912 0.00671039 -0.0115635 0.00963527 -0.00443427 0.00283677 -0.00673011 0.00480276 0.00757954 -0.0026796 0.00462179 0.000403671 0.00286557 0.00178856 0.00345123 -0.0012157 -0.00104526 -0.00199633 0.0031875 0.00154365 -0.00222937 9.5481e-05 0.000701758 0.0055216 0.00226623 0.00837382 0.00244817 -0.000483353 0.00221971 0.00381859 -0.00197329 0.00642302 0.00581466 -0.00101903 -0.00140041 -0.00225489 0.00127826 -0.00121096 -0.00166295 0.00434484 0.00254122 0.00148551 0.00108567 -0.000266105 0.00118631 -0.00168786 0.0014962 -0.00406274 -0.00313384 -0.000347703 0.0026878 -0.00101284 0.00116726 -0.0036514 0.000247015 0.00337491 0.00105421 -0.00519606 0.0016905 -0.000621338 -0.000590712 -0.00343044 0.00119395 -0.00281183 0.000847383 -0.00248287 -0.00233241 -0.00273192 0.00285429 -0.00146332 0.000165728 0.0100606 -0.00124551 0.00257995 -0.00230919 -0.00134445 0.00496369 -0.0020061 -0.0091087 0.00363149 -0.00232561 0.00158465 -0.00587377 0.00665683 0.00296469 -0.00137497 0.00196323 0.00611105 0.0132623 0.00974493 0.00233949 0.00280321 -0.00266794 0.00361745 -0.00123762 0.0088146 0.0061997 0.000484987 0.00481662 0.00543076 -0.00142926 0.00158208 -0.00169058 0.000491157 -0.00511133 -0.00113368 0.00187245 -0.00143862 -0.00225183 0.0010326 0.00347932 -0.000218549 0.00251072 0.00473073 0.000480098 0.00250212 0.0014787 -0.00197726 0.00180722 0.000714524 0.00249677 -0.000149337 -0.00206629 0.000553771 0.00127642 0.00126572 -0.00412807 0.00129732 0.000217405 -0.000940951 -0.0020914 -0.00061125 0.000748941 -0.00107871 0.00314033 -0.000821502 -0.000326294 0.00150335 -0.000279556 0.00370484 0.00244671 -0.000713803 0.00123795 0.00132231 0.000509865 -0.000477035 -0.00286613 -0.00170951 0.000779277 0.000173626 0.00107301 0.00236336 0.00171177 0.00184501 0.00144141 -0.000551433 -6.73257e-05 -0.000520599 0.000746943 0.00401315 -0.00308248 0.000596882 0.00229922 -0.00264366 -0.00368937 -0.000649103 0.000196423 -0.0047668 -0.00375626 -0.00155177 0.000575358 8.7952e-05 0.00221382 0.00156326 0.00300444 -0.00064558 0.00213774
0.00123838 0.000871297 -0.000921543 -0.000583424 0.0013858 -0.000132096 0.00176846 -0.000575286 0.00377202 0.00104666 -0.000577312 0.00187904 -0.000116807 0.000259583 0.00215705 0.00157058 0.00142979 -0.00250997 0.0104222 -0.00468353 -0.00658841 -0.00144186 -0.0060477 0.00668949 0.00223774 -0.00326997 0.00867692 0.000324465 0.00456374 0.00418818 -0.00705704 -0.00395441 0.00256468 -0.00486599 -0.00445567 -0.00403087 0.00286062 0.00176582 0.000373454 -0.00431671 -0.00386223 0.00455902 -0.00487691 -0.00288537 -0.00018057 0.000578475 -0.00147766 -0.00366603 0.00196119 -0.00150958 -0.00234228 0.000901414 0.000767676 -0.00173109 0.000941351 -0.000109237 3.20395e-05 -5.40532e-05 0.000635818 -0.00146675 -0.0016201 -0.00100289 -0.000914044 -0.00116217 0.00227453 -0.00156733 -0.000620866 -0.0012722 -0.00567108 0.00394602 -1.88733e-05 0.000515929 -0.000658879 -0.00123633 -0.0034485 0.00124136 0.0017389 0.00786559 -0.00120518 0.00152081 -0.00165252 -0.00412801 -0.00138645 0.00194513 -0.00239688 -0.00339711 0.00263104 0.000836918 -0.00480183 -0.00206207 0.00333987 -0.0023809 -1.74437e-05 -0.00623332 0.00468392 -6.39487e-06 0.0011585 0.000524206 0.00779471 -0.00885221 -0.00285291 0.00532131 0.00926925 -0.00384278 0.00280581 -0.000313221 0.00370178 0.962458 0.265541 -0.012616 0.00237313 0.00420568 0.0102657 0.00199699 0.00515693 -0.00757729 -0.00172561 -0.00051974 0.00222971 -0.00215738 -0.00369221 -0.0011985 -0.00156448 0.00333056 -0.00511128 0.00187098 -0.00351956 -0.00277567 -0.00591016 -0.00668302 -0.000408664 0.000112139 0.00118475 0.00153366 -0.00603887 0.00177894 0.00320924 0.00102527 -0.00552842 -0.00130392 0.00468921 0.00165483 0.00437588 -0.00119396 -0.00120953 -0.00224331 -0.00425564 -0.00421191 0.00230838 0.000915614 -0.00228633 -0.000403279 0.000458479 -0.0103194 0.00404584 0.00668968 0.000851881 -0.00827281 -0.00595451 0.00252762 -0.00108453 -0.000486979 0.0018373 -0.000338586 0.00473052 -0.00118088 0.00157428 0.00266792 -0.00187566 -0.00423819 0.00199667 0.00963791 0.00447472 3.25264e-05 0.00239047 0.00371667 -0.000267412 -0.00673166 0.00126591 -2.92399e-05 0.00125991 -0.00208174 -0.00696275 0.00462086 -0.000979542 -0.00227637 0.00298446 -0.00477424 0.00247128 -0.00409178 0.00394565 0.0047727 0.00348996 0.000772939 0.00221304 -0.00594137 0.000139854 -0.00127629 -0.00347257 0.00223078 -0.000885812 0.00230655 0.00185756 0.00142674 -0.00157176 -0.000749306 -0.000207375 -0.00133416 0.000421506 0.00144596 0.000701647 -0.00138166 0.00135991 -0.00327688 -0.000559742 -0.00212264 -0.00212817 0.00395447 -0.00203941 0.0002163 2.21e-05 -0.0010594 0.000572106 0.000465905 0.00168789 2.99507e-05 0.000853982 0.00131905 -0.00121701 -0.000935691 0.0010411 0.00201667 -0.0005731 -0.000136281 0.000411483 0.000854225 0.000876588 -0.000257384 -0.000786215 0.00159349 0.000864489 -0.00119991 0.0016437 0.00084901 0.000240705 -0.00149075 0.000907707 -0.00183078 -0.000730074 -0.0020485 -0.000187504 0.000899002 -0.0013068 -0.00166981 -0.000967915 0.00280732 0.0012097 0.000923861 -0.0023937 0.00179427 -0.00174681 0.000120026 -0.000919527 0.000507661 -0.000380799 0.000444943 0.000482168 0.00119007 0.00143363 0.00432721 -0.00224262 -0.00178811 -0.0018896 0.000380908 0.000570671 -0.00117096 0.00204433 -0.0013492 0.00113125 -0.00225025 0.00323238 0.0026106 -0.00012136 -0.000101501 0.00071989 -0.000892475 0.000919641 -0.00015799 0.000715032 0.00451134 -0.00110708 -0.000795985
0.000579369 0.000323592 0.00048223 0.000202818 0.00148754 -0.000282559 -0.000255384 -0.000476192 -0.00401902 0.00188114 -0.00144348 0.00453648 -0.00100278 -0.000376515 -0.00135145 0.00251863 0.000886813 -0.000778423 0.00274948 -0.00387476 -0.005745 0.00198518 0.00303092 0.00884972 0.00553888 0.0112635 0.00123323 -0.00752264 -0.00121274 0.000392594 -0.00737581 -0.00683839 0.0041351 -0.00679397 0.0026172 0.00212747 0.00113251 0.000698423 -0.000816496 0.00321837 0.000917979 -0.00239678 0.00132471 0.00230184 -0.000960072 0.000881286 -0.00307405 -0.00214605 -0.00201751 -0.000507649 0.000252451 -0.000469027 0.000276509 -0.00260994 -0.00153025 -0.00098944 0.000140505 0.000369571 -0.0020134 0.00104275 0.00222508 0.000230672 -0.000787378 0.00189553 0.000582277 0.0022052 0.00189332 0.000602883 -0.00302753 -0.00353433 0.0099211 0.005549 0.00142969 0.00227 0.00501757 0.00676074 0.00498975 -0.0072244 -0.00354468 0.00682252 -0.00315726 0.00393772 -0.00228867 0.00204643 -0.000486434 -0.000380762 -0.00126481 -0.00824669 0.0080996 0.00960213 -0.000424841 -0.00297438 -0.00256287 -0.00305071 0.000765532 -0.000507128 0.00165656 2.34557e-05 -0.0130591 0.00210041 -0.00830153 0.00150006 -0.00147556 -0.0101326 0.0128491 0.0302558 -0.0398384 -0.265289 0.960725 -0.0167809 0.00809553 0.00289661 0.00814299 0.00580381 -0.00855703 -0.00127403 0.00316292 0.00194176 0.00587432 -0.00371745 0.00817843 -0.00143758 0.00365806 0.00271788 0.000810333 0.0083953 0.00800019 0.00297612 0.0106815 -0.000765056 0.00298919 -0.000720948 -0.00409026 -0.00565694 0.00306201 -0.00284122 0.00115251 -0.00215071 -0.00289861 -0.00383944 0.00196186 -0.00206695 0.00572802 0.00269967 -0.00498769 -0.00175154 -0.00121555 0.00314658 -0.00220208 0.00116564 -0.00399529 0.000723383 0.00378432 -0.00474292 -0.00226474 -0.00191372 0.000546491 -0.0023496 -0.000566701 -0.000174226 -0.00673127 0.000908912 0.004052 0.00322827 0.00232025 -0.00220828 -0.00264951 0.00147012 0.00106364 0.0012151 0.000928589 -0.00241357 0.00300424 0.00128967 -0.00975246 0.00340606 0.00119372 -0.00571846 -0.000785202 0.000849007 0.00308596 0.00766404 -0.008118 -0.00428316 0.0082897 0.00285866 0.0024513 -0.00664888 0.00839168 -0.00480139 -0.00161673 0.0104414 0.00336654 0.00347391 6.18339e-05 -0.00407114 0.00287986 -0.00379307 -0.00166463 0.00202344 0.0111762 0.0122144 0.00663018 0.00451826 0.0012551 -0.00228373 0.00224567 -0.00043609 6.904e-05 0.00272727 0.000888487 0.00163453 0.00127781 -0.00537078 0.00155104 -0.00172378 0.0023275 0.00268546 -0.00269363 0.00103322 -0.000306797 7.08413e-06 0.000611621 0.00182415 0.00375046 0.000222964 0.000271677 0.00176334 -0.0012307 0.000704285 -0.00185769 -0.000201072 0.000495089 -0.000559997 -2.8088e-05 0.00435856 -0.000136089 0.000797376 -0.000846721 -0.000966727 -0.000536369 0.00268649 -0.00131649 0.000594971 0.000991172 0.000688718 -0.00220336 0.00337719 0.00192758 0.00349213 -0.00130912 -0.00150215 0.000857592 -0.000221877 -0.0025879 -0.000856145 -0.00129823 0.00312375 -0.00070977 0.000724904 1.01182e-05 -0.00122977 0.00215183 0.000426682 0.00104604 -0.000396359 0.000306956 0.00297087 -7.70113e-05 0.00715411 -0.000982754 0.00171851 0.0072397 -0.00270627 0.00121092 0.000492052 0.00260999 0.00256599 0.00052968 -0.00271979 0.00313972 0.00379852 -0.00244364 -0.0070565 0.00138767 -0.00675301 0.00194021 -0.000743236 0.00280162 -0.00410921 -0.000834492 0.00263557
0.00155405 0.00371844 0.00147643 0.000217988 0.00080419 0.000124904 -0.000814509 -0.0008097 7.56312e-06 0.000675148 -0.00412784 -0.00169038 -0.000254203 -0.000828702 -0.00195998 -0.00105114 -0.000461428 -0.000191079 -0.0022118 0.00162424 -0.00576768 0.00354323 0.00540607 0.0076046 0.00662321 -0.00560361 0.00444405 0.000850719 0.00308972 -0.00928734 -0.0103565 0.000858491 -0.000964537 -0.00276776 -0.00194579 0.000366252 -0.00207645 0.000779663 0.00188258 0.00212935 0.00586315 0.00107551 -8.1138e-05 -0.000836233 -0.00197166 0.00108635 0.00160446 -0.00142747 0.00103194 -0.00112959 -0.00270255 -0.00151813 -0.000675248 -8.80055e-06 -0.00260326 0.0011654 0.000533992 0.00100762 -0.00157684 0.000200519 0.0023802 0.00182341 -0.00206075 0.000256338 0.00165302 0.000572646 -0.00181228 -0.000459746 0.000852324 -0.00121359 -0.00115166 -0.00184085 0.00361627 0.00159563 0.000326605 -0.000578053 0.00513001 0.000156009 0.000175224 0.0010374 0.000474427 0.00140595 -0.00435212 0.000891721 0.00105337 -0.000250627 -0.0016252 0.000647226 -0.00357785 0.000915297 0.00192235 -0.00409689 0.00357326 -0.000927296 0.00212201 -0.00245729 -0.00131629 0.00657162 -0.00558688 0.006769 -0.00681616 0.00820509 0.0021538 -0.00191563 -0.00223229 -0.000411652 0.0169874 0.00733879 0.0193902 0.996879 0.0374403 -0.0235102 -0.0147819 -0.00220436 -0.00944337 -0.0245876 -0.016834 0.00152506 0.0113176 0.00385753 -0.0118598 0.00978626 -0.0069371 -0.0147248 -0.00843216 0.00445605 -0.00201986 -0.000926667 -0.00317735 -0.00342603 -0.00195269 0.00572867 0.00180993 0.00203091 -0.00187962 -0.000473355 -0.00583998 0.000698545 -0.000438191 0.000809058 -0.00845586 -0.00668121 0.00449751 0.000936867 0.00406979 -0.000213541 0.00276405 0.00235862 0.00262595 -0.00063394 0.00064666 0.00355502 -0.00187597 0.00223689 -0.00431729 0.00409498 -0.00415936 -6.29426e-05 -5.24995e-05 -0.00336723 0.00322363 -0.00306964 0.000342094 -0.00119783 -0.0020637 0.00324699 0.00770775 0.00337586 -0.00189977 0.00576442 -0.00278562 -0.000826402 -0.000394181 -0.00473696 0.00624679 0.00110536 0.00155527 -0.00199926 0.00719589 0.00103335 -0.000701851 -0.00642923 0.00726511 -0.0080752 -0.00503891 -0.00360822 -0.00201049 0.010248 -0.0078238 0.00224298 0.000243129 0.000424165 0.00137475 0.00278985 0.00293058 0.00174924 -0.00101561 0.0102274 -0.00929345 0.0040163 0.0103463 -0.00521111 -0.0106787 -0.0248928 -0.013747 -0.00369115 -0.00539033 0.000554848 -0.00487126 0.00539264 -0.0149358 -0.00875563 -0.00221758 -0.00432903 -0.00685745 0.000169786 -0.00355944 0.00469204 -0.000451376 0.00424714 -0.000325829 5.69544e-05 0.000477466 -6.40082e-05 -0.00147798 -0.00185634 -0.00127619 0.000926704 -0.00442642 -0.00447965 -0.00115908 0.00111917 -0.00424437 -0.00134104 -0.000278188 -0.00215269 0.00093756 0.00458441 0.00196287 0.000558599 -0.00422063 0.0052453 0.00128324 0.00140323 -0.00116223 0.00430908 0.00158636 0.000176132 0.00325972 -0.00185316 -0.00417709 -0.000601595 0.00316828 -0.00112997 -0.000147933 -0.00429607 0.000655229 -0.00236431 -0.0014293 -0.000204793 -0.000526217 0.00366017 0.00371954 -0.00296478 0.00323753 -0.00103634 0.000491148 -0.00483293 -0.00487457 -0.00284175 0.00106579 -0.00191089 -0.002352 -0.000669736 -0.0028327 0.00202252 -0.00499277 -0.00564136 0.00566049 0.00161757 -0.00216411 0.00363214 0.00621763 0.0020792 -3.67901e-05 -0.0026221 0.00250377 -0.00175806 0.00249975 -0.00124721 -0.00184078 -0.00284965
0.000521565 0.000329503 0.000644712 0.00139769 0.00152025 -0.0003978 0.000280182 -0.000309396 -0.00352264 0.00095572 -0.000968546 0.00307673 0.00019817 0.0010152 -0.00296134 0.00350883 -0.00201427 -0.00602161 0.00861886 -0.00693487 -0.000504243 -0.0054313 0.00119625 0.0129053 -0.000421995 0.0193606 0.00119281 -0.00665775 -0.0108296 0.00901929 -0.0192482 -0.0086212 0.00899711 -0.013254 0.000512767 0.00231283 0.0074612 -0.00212344 -0.000640093 0.00610151 -0.000962875 0.000707959 0.000945549 -0.000246805 -0.00117888 0.000418788 -0.00339068 0.000743675 -0.00163264 -0.00403232 -0.00149005 -0.00232221 -0.00149523 -0.003835 -0.000777418 0.000357592 -0.00194493 0.00321707 -0.00245042 -0.00326177 -0.00128121 0.00302077 0.00151822 0.00359073 0.00119243 0.000386505 -6.73848e-05 0.000279777 0.000364847 0.00493916 0.00546505 0.00207751 0.00388962 -0.0027921 -0.00186259 -0.00609124 0.00334515 -0.00395437 -0.00816225 0.00491302 -0.00028598 0.000818481 -0.00635252 0.00752918 0.00666997 0.00133131 0.00328831 0.000327943 -0.00277303 0.00188644 0.00279864 -0.00401592 -0.00184389 -0.000160401 -6.65558e-05 -0.0029587 -0.00139316 -0.00703538 -0.00446605 -0.000812713 -0.00518387 0.000804941 -0.000351148 -0.00108854 -0.0143561 2.86082e-05 0.0117325 -0.000476695 -0.0107804 -0.0391106 0.991689 -0.078206 -0.0057255 -0.0305537 -0.0153871 0.000384894 0.0195986 0.0214942 -0.0126063 0.00215507 0.011803 0.0065717 0.00253673 -0.000990017 0.00221912 0.00301912 0.00594608 -0.00491586 -0.00532143 -0.00704891 -0.00535195 -0.000173589 -0.00090424 -0.00221134 0.00187418 0.00228501 -0.000196715 -0.000287872 -0.00244886 -0.000441774 0.0110713 0.000880579 8.59603e-05 0.00726094 -0.00193099 0.0044939 0.00453968 0.00691231 -0.00916842 0.00746109 -0.00534974 0.00563791 0.00529288 0.00508059 -0.0026202 0.00296968 0.00135707 -0.0021865 0.00113456 0.00784528 -0.00379459 -0.00141069 -0.00128104 -0.00539269 0.00323314 -0.00265644 -0.00278982 -0.00393073 -0.00348601 -0.00210172 0.000998889 -0.00180055 0.00319198 0.00258884 -0.00463121 -0.00195445 0.00068108 0.00204677 -0.00420248 0.00154788 -0.00401401 0.00281355 0.00412013 0.00252907 0.00556239 0.000951783 0.00844536 -0.00456949 0.00235849 0.00138967 -0.00198877 0.0086863 2.89998e-05 0.0059674 -0.00280279 -0.00284805 -0.000100353 -0.000867263 0.00211822 -0.0051169 -0.00668534 -0.00288744 -0.00165063 -0.00199283 -0.00240147 0.00200373 -0.000143252 0.00140676 0.000929607 -0.0006303 -0.000507935 -0.00458761 0.000865111 -0.00318401 0.00259201 -0.000371065 -0.00113486 -0.0010935 -0.000161238 0.00229323 0.00130822 0.00232557 0.000253672 -0.00015638 0.000129206 0.000921501 0.000729436 0.00465759 0.000793547 0.00111308 -0.00086526 -0.00110668 0.000552639 0.000332317 0.00187791 0.00402748 -0.00123893 -0.000689709 -0.00299702 0.00173372 0.000522957 -0.0020621 -0.00411512 -0.00183382 0.00264125 -0.00155178 -0.000797691 0.00394483 -0.00128003 0.00362426 -0.000344623 0.00133277 0.00344686 0.000807088 -0.000271055 0.00064 -0.00111971 -0.00179445 0.000876503 0.000780561 -0.00164593 -0.000827165 -0.000865113 0.00089483 -0.000291928 -0.000856348 0.00146844 0.00374403 0.00214769 0.00252079 0.00327712 0.0045894 0.00688407 -0.0021023 0.00122491 -0.00200459 0.00225626 -0.000908078 -0.00244827 -0.00129301 0.00157375 0.000914781 -0.00145383 0.00216607 -0.00344327 0.00042091 -0.000671823 0.00432059 0.000385301 -0.00333506 -0.00183121 -0.000311602
0.000477727 0.00325517 0.000855718 -0.00105419 0.00154497 -0.000130163 -0.00138282 -0.000229515 0.0014101 0.000867365 -0.0021371 -0.000316011 -0.00128615 -0.000307728 0.00273806 0.00145283 0.0019442 -0.00353635 0.00768531 -0.00531558 -0.0120346 -0.00557264 -0.00565807 0.0111433 0.000832626 0.000406988 0.0057157 -0.00131585 0.0018489 -0.00105776 -0.00763348 0.00127683 -0.00241379 -0.00666783 -0.00268718 -0.00176616 0.00553628 0.00159391 0.00224554 -0.00350908 0.00111133 0.00546621 -0.00107323 -0.00172256 -0.000883779 -2.04286e-07 0.000451999 -0.00261543 0.00129094 0.00283077 0.000469938 -3.8159e-05 0.000379371 0.00205864 -0.000111515 -0.000826322 0.000164745 -0.000304023 -0.00202212 -0.00435565 -0.00176217 -0.00175302 -0.00112562 -0.000450121 5.08272e-05 -0.00129281 0.00289946 0.000566701 0.000791672 -8.74178e-05 -0.00577082 0.0030712 0.00140688 -0.00139474 -0.00098758 0.00151548 0.00323138 0.00832353 0.00236347 0.00318897 0.000389488 -0.0041369 0.00134824 -0.00355659 -0.00100861 -0.00173031 -0.000942292 -0.00242825 -0.00735609 0.00656613 8.18468e-05 -0.00202478 0.000558427 0.0030132 0.00767932 0.00203139 4.57267e-05 0.00255369 -0.00221647 -0.00234725 -0.0109718 0.004043 -0.00129741 0.00591009 -0.00620472 0.0190126 0.018439 -0.00470843 -0.00455655 0.0195771 0.075913 0.993748 -0.00594396 -0.0319278 -0.0043858 -0.00391253 0.0323849 0.00695649 -0.00604752 0.00451467 -0.0115859 0.0100433 -0.0012576 0.00532749 -0.00257533 0.00230198 -0.00257848 0.00292158 -0.00594093 -0.00548046 0.0036489 0.0014526 0.00521055 0.00219662 -0.00412083 0.00113374 0.00699011 -0.00243321 -0.00625863 -0.00131128 0.000779737 -0.00208656 0.00134872 0.00227251 -0.00214362 0.00387477 -0.00855512 -0.00365118 -0.00183414 -0.0011564 -0.001042 9.09702e-05 0.0032521 -0.00772782 0.00522553 0.00071303 0.00398151 0.00193826 -0.00126638 -0.00178177 0.00373867 -0.00356462 -0.00158864 -5.35771e-05 0.00488348 -0.00263261 -0.00108465 0.0015506 -0.00266421 0.00162475 0.000225934 0.00161156 -0.00656394 0.00643523 -0.00695697 -0.00248159 0.00169657 -0.0016348 0.00222039 0.000961437 0.000778633 0.00351567 0.00600677 0.00176316 0.00259789 0.00382842 0.010191 -0.00872701 0.00585564 -0.00484757 0.00737855 0.00386095 0.002468 0.00151921 -0.00139342 -0.000759027 0.00490048 -0.00604648 -0.00087662 -0.00668856 -0.011506 -0.000869102 -0.00146923 0.014265 0.00389655 0.00169654 0.00173096 0.000697984 0.00473612 -0.00269773 0.00781072 0.000820964 0.00209971 0.000690821 0.00287724 -0.00430976 -0.00147602 -0.00251144 -0.000239438 -0.00131996 0.000819638 0.00180196 0.00253879 0.00221436 0.00324682 0.00296659 0.0022004 -0.00130381 -0.000652726 0.00159361 -0.00370334 0.00125674 0.0037638 0.00188911 -0.00112522 0.00289765 0.000980832 0.000737112 0.000703511 -0.000480128 0.00134375 -0.00368791 -0.00180542 -0.00179731 -0.000988075 -0.003923 -0.00201423 0.00456899 -0.00391017 -0.00185094 -0.000953647 0.002244 -0.0036436 -0.00144879 -0.00302833 0.00807204 -0.000131182 0.000705699 0.00227668 -0.000236099 -0.00288144 -0.00295724 -0.00218847 0.00669815 -0.00256674 0.0023327 0.000388612 0.000205619 0.00368597 0.000389057 0.00171109 -0.0010022 -0.00284024 0.00297213 0.00339777 -0.00555954 0.00077385 0.000832797 -0.00361682 -0.00399334 0.000392669 -0.000291706 -0.00577177 0.000634491 -0.0024758 0.000930284 0.000759036 -0.000201348 0.0023734 0.00358943 -0.00152551 0.00445538
-0.00127282 0.00190263 -0.00314287 -0.000433602 -0.0017462 1.06198e-05 0.00145271 -0.000130378 -0.00158462 -0.000305428 -0.00263508 -0.00204889 1.25026e-05 -0.000273767 0.00136856 -0.000619754 -0.000711814 0.000697077 -0.0049549 0.00300356 0.00467604 0.00221723 0.0028595 0.00194184 0.0046324 -0.00905244 -0.00242675 -0.000650996 0.00898071 -0.00866063 0.0053965 0.00377701 -0.00268178 0.00690535 0.00272866 -0.000653466 0.00151981 -0.00325061 -0.00322984 -0.000860641 -0.00182247 -0.00045524 0.000823669 5.78261e-06 0.00183006 -0.000172542 0.000752224 -0.000902694 0.000819299 -0.000688128 -0.000645142 0.000741534 0.00368607 0.00096586 -0.000649404 0.00277018 -0.000709586 -0.000409218 0.0010573 -0.00195881 0.00173458 -0.0013675 -0.00169539 0.000893405 -0.000484428 -0.00161028 -0.000610113 -0.00159062 -0.00365621 -0.00551344 -0.00121856 0.00543948 0.00233889 -0.0043648 0.00316539 0.000540854 0.00214723 0.00194807 -0.00214321 0.000378982 0.00350932 0.000996745 0.00539218 -0.00551265 0.000873252 0.00127059 0.00629698 -0.00216143 0.00334276 0.00415403 0.00711237 -0.00246978 0.00155039 0.00646037 0.00343147 0.00104014 0.00902236 -0.001975 -0.00475624 -0.00140723 -0.00287317 -0.0107263 -0.000346833 -3.93688e-05 0.00170869 -0.00213853 0.00594145 -0.00689037 -0.00935446 0.016216 0.0064808 0.00388684 0.996532 -0.0327856 0.00342854 0.0277305 0.0224865 -0.00967852 -0.021198 -0.00916677 0.00994354 -0.0155115 0.0161769 0.00469276 0.00262429 0.00191854 0.00444667 -0.00361012 -0.00269477 0.00102722 0.00189755 0.00160008 -0.00211242 0.00196816 -0.00408816 -0.000356896 -0.000781223 -0.00902604 -0.00229723 -0.00239276 0.00318972 0.000255478 -0.000462508 0.0039672 0.00293305 -0.000395108 0.00619623 0.00379727 0.000943935 -0.00965186 -0.00479236 0.000504328 -0.00395772 -0.000626489 -0.00207709 0.00406852 -0.00243371 0.00212737 0.00342698 -0.00506154 -0.000423879 0.0133342 0.00129301 1.38036e-05 -0.00226912 -0.00359703 -0.003645 0.00105683 -0.000203017 -0.000592321 0.00290509 -0.00031516 0.000304166 0.00528683 0.00222202 0.000450585 -0.00188101 0.00295978 -0.000257986 0.00180797 -0.00279902 0.00160211 -0.0108728 0.00194786 0.00439488 0.00111785 0.00533528 -0.00948896 -0.00195211 -0.000605637 -0.00405901 0.00332584 -0.00327635 -0.00108878 -0.000308721 -0.00246636 0.00608122 -5.28666e-05 0.00465288 -0.00132574 -0.00508781 -0.00190887 0.00540058 0.0087299 0.00726723 -0.000931077 0.00190471 -0.00171633 0.00328851 0.000538616 0.0040471 0.0060904 0.00150895 0.00240613 0.00582512 -0.000677723 0.000845056 -0.00445799 0.00148479 -0.000821021 -0.000334136 0.00139329 0.00172378 -5.26556e-05 -0.000748597 0.00109388 0.00170406 -0.000547251 0.00386307 0.00152836 0.00166336 0.000641242 0.00157076 0.00124906 0.000280802 0.00272046 -0.000851623 -0.000947934 -0.000837674 0.00312176 0.0014555 -0.00223472 -0.000538814 -0.000501195 0.00110882 -0.00103719 0.00105275 0.00170316 -0.00405753 0.000125344 0.000838522 0.000755404 0.00071703 -0.00157776 0.00110023 0.0032114 -0.00200333 0.00166713 -0.00156837 -0.00175995 -0.000210792 -0.00204465 -0.000312321 0.00419783 -0.00099632 -0.000694259 -0.000300866 0.00180495 0.00281322 0.00164993 -0.000121164 0.00308988 0.00489929 0.000772263 0.000230689 -0.00158196 0.00238177 0.000218075 -0.00367931 -0.00413743 0.000643228 0.000317256 -0.0032672 -0.0020314 -0.00147757 0.00102563 -0.00122591 0.00283377 -2.47072e-05 0.00214332 5.37554e-05 0.000329495
0.000358027 0.00251505 -0.00165841 1.43256e-05 -0.000976921 -0.000982839 -0.000808813 0.000330114 -0.000432959 0.00117999 -0.00430881 -0.000397979 -0.000625153 0.000258532 -0.00208802 -0.00109554 -0.00220892 0.00312298 -0.00129382 0.00680692 0.00442965 0.00569934 0.0115306 -0.00269229 0.0147452 -0.0119568 0.000204495 0.00317266 0.00285785 -0.0110276 -0.0031458 0.00542564 -0.00113504 0.00442852 0.00265145 0.00108983 -0.00507232 -0.0016697 -0.00163565 0.00158771 0.00503487 -0.000620023 0.000983041 0.00340473 0.00141414 0.003478 -0.00220783 0.00038186 -0.000951944 -0.000396737 -0.00263435 -0.000346232 -8.2192e-05 -0.00171806 -0.00237618 0.00268043 -0.000188212 0.000544917 -0.0015824 0.00147769 0.00201676 -0.000502446 -0.000670831 0.00237042 -0.000171571 0.00113963 -0.00371658 -0.000250045 -0.00343681 -0.00426809 0.00471544 -0.00613464 0.00842715 -0.000993961 0.00564959 -0.00194351 0.000894033 -0.00145262 0.000943951 9.1737e-05 0.00664048 0.00434764 -0.00549081 0.000962201 0.000261416 -0.000272611 0.00216081 -0.00312988 -0.000573291 -0.0013368 0.00735708 -0.00501703 -0.00116413 0.00345303 -0.00527636 -0.00808643 0.00187947 0.00367563 -0.00653782 0.000285754 0.00278021 0.0047268 0.0096725 -0.00337464 0.00361978 0.00469219 -0.00378987 -0.000181267 -0.00699576 0.000126567 0.0355223 0.0311994 0.0321943 0.995678 0.000960878 -0.0167507 -0.032433 -0.0191855 0.00194515 -0.0161381 -0.00570061 0.00400272 -0.00124397 0.00639261 -0.00475415 0.00477985 -0.00133736 0.00263558 -0.00559159 -0.00698032 -0.000924581 0.0061624 0.00133553 -0.000920701 -0.00340285 -0.00207748 -0.00773221 0.00301302 0.00525392 -0.00252864 -0.000467777 0.00136994 0.0037766 0.00106087 -0.00171728 0.000487436 0.00134728 -0.0034571 0.00449823 -0.00203661 -0.000149283 0.00483606 -0.00513061 0.00225483 9.14415e-05 0.00209571 0.000685486 -0.00176236 -0.00161536 -0.00253395 0.00619832 0.00226013 0.000286328 0.00495627 -0.00420321 0.00310999 0.0038895 -0.000311535 0.0035347 -0.00147094 -0.00187156 0.0042624 -0.000299421 -0.00513254 0.00160457 0.00316149 -0.0011022 -0.00673086 0.00529865 0.00366585 0.00297112 -0.010265 0.00403331 -0.00111622 -0.00279328 -0.00612262 0.00689034 0.00387973 -0.0121776 0.000704989 0.00441995 0.00245856 0.00130712 -0.00743837 0.0031051 0.000684385 -0.00277221 0.00500279 -0.00196159 0.0074421 0.02085 0.00462402 0.00177182 -0.0272318 -0.0108726 -0.00359321 -0.00279351 0.000809411 -0.00835874 0.0101418 -0.0127511 -0.00814683 -0.00356572 -0.00503044 -0.00830858 0.00342397 0.00106492 0.00254327 -0.000374305 0.00496893 -0.000483367 0.00240747 -0.000867097 -0.00601634 -0.000756896 -0.000442243 -0.00243302 3.88145e-05 -0.00306734 -0.00738616 -0.000233887 -0.00113805 -0.00477892 -0.00319157 -0.00134123 0.00205399 -0.00132508 0.00354314 0.00162893 0.00186137 -0.0024437 0.00349395 -0.000158183 0.00385459 -0.000202866 0.00832499 0.00492753 -0.0011996 0.00270021 -0.00128357 0.00272576 0.00176889 0.00352154 0.0011807 0.00264356 -0.00436377 0.00257911 -0.00233571 -0.000722971 0.000560862 -0.00123026 0.0049171 0.00679066 -0.00358859 0.00448558 0.000431325 -0.00141508 -0.0021115 -0.00726697 0.00254482 0.00240155 0.000652367 0.00127363 -0.000397085 -0.0067955 0.00502247 -0.00368285 -0.00308242 0.00910098 0.0016384 -0.00190484 0.00769379 0.00804431 0.00104363 0.00460649 -0.00346173 0.00380672 0.00163392 0.00279047 0.00264525 -0.000176761 -0.0116086
9.75791e-05 0.00289165 -0.00123185 -0.000143353 -2.51113e-05 0.00110733 0.000390952 1.15662e-06 -0.00171945 0.00117961 -0.00389331 0.00154553 0.000659467 -0.000136841 -0.000936421 0.000754261 -0.000595021 -0.000140684 0.00372862 0.00167522 -0.00452735 -0.001739 0.00336822 0.00604121 0.00806358 0.0013839 0.00407979 -0.00343157 0.00580455 -0.00629726 -0.00608942 -0.002782 0.00158079 -0.00110957 -0.00340335 -0.00280949 0.00226252 0.0010387 0.000170563 -0.000538345 0.00483107 -0.0014273 -0.000107266 0.000973567 0.00121974 0.00324756 0.000184293 0.00044581 0.000607408 0.000853541 -0.00123668 6.68296e-05 0.000998075 -0.00245174 0.0017965 -0.000919664 -0.000670474 0.00148269 -0.000509193 0.000512442 -0.00207843 -0.000743706 0.0013112 0.000650173 0.00114705 0.00226609 -0.000168247 -0.000509923 -5.82258e-05 0.00589845 -0.00324817 -0.00341953 -0.00141094 -0.000201633 -0.00157658 -0.000446229 -0.00696821 -0.00436828 0.00473195 0.00137236 0.00053475 -0.00536769 0.00467394 0.00212507 -0.0080293 -0.00293341 -0.00795566 0.000888892 0.00181608 -0.00583002 -0.00254211 0.00391179 -0.00162443 0.00107943 -0.00466897 -0.00407733 0.00432129 0.00374131 -0.00196715 -0.00341825 -0.00857627 0.00556165 -0.000217569 -0.00459424 -0.00210869 0.000519357 -0.00106106 -0.00720045 0.0064562 0.00951101 0.0165033 0.00339045 -0.00449192 -0.00208185 0.994932 0.0572017 -0.0357106 -0.00234655 -0.0230306 -0.0269825 -0.0117003 -0.0101085 -0.0052409 -0.00801679 0.0142209 -0.000125937 -0.0100492 0.0080865 0.0145258 0.000233549 0.00337282 -0.00228911 0.00784517 -0.00453624 0.0047379 -0.00147913 0.011388 0.00456867 -0.00751316 0.00626295 0.00064283 0.00224495 -0.00344792 -0.00656178 -0.000525639 0.00158678 -0.0101065 -0.00553334 -0.00263345 0.00434242 0.0120147 -0.00610482 0.0032581 -0.00220679 -0.00494677 0.00180651 0.00259352 -0.000310451 -0.00755225 0.00157163 0.00673048 -0.000303282 -0.00455421 0.00166475 -0.000591465 -0.00286734 0.0038455 -0.000783635 0.00163197 -0.00071355 0.00395268 -0.00098725 0.00115765 0.00507768 0.00593036 -0.00250888 -0.0022319 -0.0101272 0.00378088 0.00566711 -0.00068297 -0.00384875 0.00733896 -0.00137024 -0.00421245 0.00277083 -0.00624297 0.00694943 -0.00975307 0.00719554 0.0042465 -0.0054392 0.00124389 0.00460143 0.00526644 0.00136179 0.000123846 -0.00598489 0.00382235 -0.000966644 0.00193729 -0.0091197 -0.00507878 -0.0126591 -0.00599748 0.00206097 0.000197695 0.000754088 -0.00341633 0.00239998 -0.00173317 -0.00726036 -0.00439225 -0.00518593 -0.00735251 0.00109943 -0.000563446 -0.00257224 0.00186143 0.00318175 -0.00285327 0.00242404 0.00157492 0.000361326 -0.00334721 -0.00194974 0.00252335 2.46876e-05 -0.00533229 -0.00258742 -0.00598479 0.00404174 -0.000974236 -0.00232137 0.00120093 -0.00100251 -0.00281947 0.00275278 0.00509838 -0.0018199 -0.000377732 0.00264981 0.00170379 0.000345313 -0.000935225 0.00107629 0.00613051 0.00219577 0.000389938 -0.0029805 -0.000240202 -0.00029119 0.00238917 0.00201287 -0.000366615 0.000485164 0.00129972 -0.00154305 0.00384323 0.00133075 -0.00229857 -0.00038585 0.00435457 -0.00179275 0.00103088 0.00223996 -0.00149959 -0.00388691 -0.00189122 -0.00246564 0.000865163 -0.00222602 -0.00149148 -0.00029104 -0.00308437 -1.38953e-05 -0.0039992 -0.00379749 0.00215124 0.00189885 -0.00384529 0.000731817 0.00128506 0.00323532 -0.000708136 -1.34203e-05 0.00279726 -0.000862914 0.00189009 -0.00249436 0.000183934 -0.00348134
0.000984116 0.00293896 0.00116124 0.000491626 0.00135315 -0.000410487 -0.000764565 0.000532977 0.000895009 -0.000305265 -0.00378726 0.00412055 0.00102067 -0.00100834 0.00256684 0.00164076 -0.000445384 -0.003253 0.0103537 -0.00609993 -0.00719149 -0.0115016 -0.00780606 0.0147996 0.00367234 0.00593447 0.00718908 -0.00401649 0.00495812 -0.00388127 -0.015381 -0.000624806 0.000281777 -0.00751273 -0.00280797 -0.00324984 0.00593556 0.00138442 0.00188383 -0.00060995 0.0028274 0.00531762 0.00170007 -0.00445513 -0.00130911 0.00126099 -0.00149855 0.0010975 0.000687163 0.00105054 -0.00150756 -1.44365e-06 -0.000168185 0.00349775 0.000711581 -0.0015102 -0.000829873 -0.00105992 -0.000240276 -0.00209387 -2.58413e-05 0.00110739 -0.00136472 -0.00169317 0.00550057 -0.00148709 -0.00561935 0.00197575 -0.00325475 -0.00382814 -0.00188096 -0.00249415 -0.0015833 -0.000417765 0.00206427 -0.000846633 -0.00249523 -0.00408953 -0.00017184 0.000635371 0.00533101 0.00144843 0.00330654 -0.00503283 -0.00404278 -0.0037471 -0.00225349 0.0124088 0.0012988 0.00506781 0.00288975 -0.00206805 0.00012121 0.00580963 0.00288771 -0.00552083 -0.00487416 -0.00454219 0.00853522 0.00039367 -0.00108304 0.00771456 -9.71223e-05 0.00010071 -0.000972696 0.00501823 -0.0111518 0.0064422 0.00153628 0.0219021 -0.000342979 0.00397822 -0.0242571 0.01563 -0.0621809 0.989433 -0.0807531 0.0426614 -0.00403554 -0.0233876 -0.0145191 -0.0151379 -0.0307135 0.0231256 0.000201192 0.0120664 0.00720126 0.00852807 0.00600551 0.00591006 0.00312982 0.00384937 -0.00369622 -0.000922947 0.00937053 -0.0051045 0.00341044 0.00057227 -0.000830553 -0.000695266 -0.00661125 -0.00510782 -9.691e-05 -0.00221623 -0.00716576 -0.00358136 0.00115576 0.000354861 0.00176955 0.0013624 -0.00215879 -0.00144735 0.000964095 0.000964862 -0.00156523 -0.0108952 0.00225387 -0.000424449 0.00797967 0.00704316 -0.00349136 0.00728811 0.00742394 0.00251678 0.00271623 -0.0022322 -0.00555913 -0.00156755 -0.000392014 -0.000972556 -0.000291248 0.0037057 -0.00627995 -0.0100395 0.002005 0.00164734 0.00501603 0.0145674 0.00529182 -0.00422673 0.0115931 -0.00766243 0.0110768 -0.0108874 -0.00335644 0.00352931 -0.00683545 0.000793641 -0.00421001 0.00213051 0.00329733 -0.00151631 0.00213038 0.0050495 0.0104511 -0.000642785 -0.00179828 3.85898e-06 -0.00435031 0.00190497 -0.000877895 -0.00214326 0.000565442 -0.000406777 0.000510691 0.0018399 7.62706e-05 0.00278278 -0.00273344 0.00182222 0.000158725 -0.0016937 3.19128e-05 0.00900458 0.00203537 -0.00490691 -0.00245252 0.00158737 -0.00518988 0.000623158 -0.000298453 -0.00317142 0.000916675 0.00711267 0.00291879 0.00420499 -0.000468026 5.04017e-05 -0.000633664 0.00245771 0.00171956 -0.00221533 -0.000639037 0.00148876 -5.0078e-05 -0.00104735 0.00162513 0.000470101 0.00111616 -0.00247248 -0.00180677 -0.000511763 0.00100177 0.000479249 0.00015158 0.000137166 0.00170555 -0.000119849 -0.00124888 -0.000656301 0.00111351 0.00220744 -0.00312007 7.95533e-05 0.000220953 -0.00142126 -0.000401244 -0.00166858 0.00338519 -0.000350913 -0.000704801 -0.00103677 -0.00137243 -0.00114713 -0.000347626 0.00261377 0.000890266 -0.00475749 0.000840942 -0.000768692 0.00392105 -0.00182547 -0.00317441 0.0013456 0.00276001 -0.000187255 -0.00169388 -0.003852 -0.000365963 -0.00249064 -0.00201406 0.00191514 -0.00488327 0.000670244 -0.000518128 -0.00149987 0.0053495 -0.00168824 0.00256588 -0.00443166 -0.00293719 2.43652e-05
0.000442863 0.00284414 0.00167333 0.000662537 0.00337189 -0.000254701 -0.000437329 -0.000277241 -0.00122685 -0.000133127 -0.00351119 0.00830404 -0.000182933 0.00042341 -0.00155896 0.00464306 0.00128897 -0.00957289 0.0178213 -0.0120694 -0.00773398 -0.0116174 -0.00576374 0.0329518 0.00959747 0.0191264 0.0108256 -0.0135288 -0.00913099 0.00847295 -0.0389958 -0.0160491 0.0135993 -0.0217068 -0.00735988 -0.00581394 0.0126442 -0.00214702 0.00116379 -0.000464068 -0.00152873 0.00455213 0.00039486 -0.00755701 -0.00118849 0.00340008 -0.00393031 0.000301965 -0.000435389 -0.0045082 -0.00474099 -4.2896e-05 -0.00230431 -0.00259971 -0.000656636 0.00141234 -0.000406272 -0.000913946 -0.00263744 -0.00194587 -0.00110147 -3.60917e-05 0.000161522 0.00384573 0.00344648 -0.000345788 0.00135377 -0.000855953 0.00131331 0.00295083 -0.00129238 0.00127501 -0.00582652 -0.00249356 -0.00105796 0.000512474 -0.000922109 0.00271857 -0.00392675 0.00148142 -0.0023044 0.000237447 0.000545119 -0.00210388 0.00263748 -0.00511599 -0.00208395 0.00089042 -0.00405009 0.00219205 -0.00309959 -0.00566786 -0.00316639 -0.00277378 0.000121403 0.00339651 -0.00498004 -0.00253547 0.00822725 -0.00250547 -0.00535506 0.0109549 0.000929709 -1.50898e-05 -0.00809911 0.00129679 -0.00840882 0.00125236 -0.00590218 0.0198664 -0.0288775 -0.0319099 -0.0223793 0.0396531 0.0303588 0.074593 0.981674 0.0347089 -0.0455465 0.0320325 0.0643069 -0.0262364 0.0147116 0.0282169 2.54855e-05 -0.000675273 0.0032771 0.000794969 0.0049939 -0.00715536 -0.0118562 -0.00447788 -0.00398808 0.00312231 0.00223337 -0.00271725 0.00518353 -0.00129599 -0.00707029 -0.00525669 0.0102384 -0.0104704 0.00440785 0.00192424 -0.00145194 0.000772027 -0.00724347 0.00271749 -0.00171742 -0.00703 0.00213806 0.00323862 -0.00285244 0.00404252 -0.000439161 0.00290223 0.000413209 -0.00302343 0.00272371 0.00615491 0.00121048 0.00521387 0.00216353 -0.00328322 -0.000101382 -0.00158389 0.00125696 0.00284542 -0.00757931 -0.00344692 -0.000606485 0.0151201 -0.00919143 -6.21196e-06 -7.85835e-05 0.000263783 -0.00150026 0.00395914 0.00483644 -0.00281635 0.000851679 0.000250511 0.00786771 -0.00659348 -0.00895033 -0.00685233 -0.0018702 -0.000434249 0.00622699 -0.00349115 -0.00027519 -0.000206484 -0.00740645 -0.00113914 -0.00311926 -0.0030623 0.00555067 0.00281693 -0.00939322 -0.00460908 -0.00297203 0.00217052 8.97391e-05 -0.0144778 -0.0050159 -0.00330492 -0.00136108 -0.000589276 -0.00404236 0.00494948 -0.00868594 -0.00638662 -0.000947126 -0.00263601 0.00011156 -0.00743148 -0.0038152 -0.00184862 -0.00535447 0.00655217 0.000354663 -0.00112005 -0.000615082 0.00116775 0.00232192 0.00263095 0.00185237 0.00409074 -0.00477258 -0.00186948 -0.000214625 -0.00135693 0.000731006 0.0019076 0.00151758 0.00181542 -0.0014808 0.00175833 0.00303942 -0.00133921 -0.000466495 -0.00196498 -0.00247071 -0.000759228 -0.00122047 -0.00128057 -0.00121472 -0.00148947 -0.00243588 0.00277815 -0.00060488 0.0012339 0.00273288 0.00238279 0.00116121 0.00164934 0.00194988 -0.000894156 0.000337609 -0.000488328 -0.00210227 -0.000658337 0.00124147 0.000152511 0.00048995 0.00104136 0.00133112 -0.000230056 0.000506546 0.000630679 0.00422284 -0.00164912 0.00352197 -0.00174752 0.00301026 -0.00101506 -0.00338837 -0.00707322 0.00130047 -0.00218173 0.00170641 0.000924154 -0.00290829 -0.00123234 0.000801535 -0.00299358 0.00142587 -0.000115616 0.00377872 -0.0039605 -0.00395023 -0.00397028
0.00105103 0.00379684 0.00199114 -5.8215e-05 -0.00147348 -0.000950574 0.000199481 -0.00014135 0.00097282 -0.000486165 -0.00291985 -0.00226308 -0.00147476 1.01696e-05 0.00395601 -0.00126032 -0.000569804 0.00469283 -0.0021922 0.0048138 -0.00349721 0.000602523 0.00396425 -0.0010163 0.00738978 -0.0151895 0.00812926 0.00534341 0.0134753 -0.0138166 0.0142554 0.0074829 -0.0159794 0.00933566 -0.00133288 0.00215821 -0.00567033 0.00243227 0.00405792 -0.00275117 0.00765945 -0.000474636 -0.000454411 0.00141276 0.0015648 0.00166684 -1.9843e-05 -0.000575347 0.0044114 0.00660294 -0.00285585 0.00240302 0.000329459 0.00181783 -0.00251886 -0.00123763 0.00176663 0.000103228 0.00032861 0.00024776 -6.03477e-05 -0.00207379 -0.0025379 -0.00127859 -0.00545737 0.00129703 -2.96515e-05 -0.000262328 -0.000413628 0.00168397 -0.00314119 -0.00435943 -0.00140157 0.00982524 0.000850824 0.00366671 0.00195193 -0.0010463 0.00123311 0.000738577 -0.00676348 0.00381219 -7.61537e-05 0.00674209 0.00371004 0.000640744 -0.00315314 -0.00307662 0.00334426 0.0015981 -0.00337737 0.00336815 0.00474065 -0.00528655 -0.00201414 0.000608394 -0.000666018 0.00484096 0.00304777 0.00830955 0.000593563 -0.0030649 0.00292843 -0.00341884 0.00744633 0.00143164 -0.0164576 -0.000161245 -0.00161435 -0.00420473 0.028011 0.00551559 -0.00172967 -0.0173158 0.00825381 0.0468953 0.0555144 -0.86102 0.493631 0.0324886 -0.0107567 -0.00193353 0.0180186 -0.0138091 -0.0200504 -0.00335773 -0.00312013 0.00866785 0.0225299 0.0036923 0.00729802 -0.0074071 8.19906e-06 0.00583996 0.00176918 -0.00584539 0.00486057 -0.00376489 0.00178018 -0.00297687 0.00227471 -0.00256667 0.00319675 -0.00689291 0.00583967 0.00411339 0.00106928 0.00233165 -0.000536194 0.00231481 0.00768952 0.00373642 0.00104637 -7.593e-05 -0.00075952 0.0106316 -0.00554754 0.00953375 -0.00137295 -0.00348176 -0.00590147 -0.00442533 -0.000155708 -0.000419809 -0.00356259 -0.00322005 -2.15123e-05 0.00258562 0.00103905 0.00511495 -0.0026359 -0.00262265 -0.00349974 0.0016836 -0.00399578 -0.00395498 -0.00377845 0.00383183 -0.000204748 0.00137439 0.0022419 0.00559129 0.0033351 -0.00338788 -0.00205532 -0.000514963 0.00693065 0.00279341 0.00736275 -0.000261021 -0.0055042 0.00958867 -0.00524085 0.0095261 1.24453e-05 -0.00558454 0.00883534 -0.00888441 0.00598545 -0.00374117 -0.00859871 -0.00303864 0.0031336 0.0175901 0.0129192 0.00320311 0.00371478 0.00132084 0.00363253 -0.00863024 0.011491 0.0069979 0.00172404 0.00441486 0.00521479 -0.0106108 7.42982e-05 -0.0020585 0.00178935 -0.00223549 -0.000176743 0.00270719 0.00115854 0.00150693 0.00606187 0.00145485 0.00215133 0.00140047 6.58205e-05 0.00108929 -0.00294932 -4.35733e-05 0.000317127 0.00119971 0.00138455 0.00252419 0.00396122 -0.00141232 0.00304368 -0.000504702 -0.000486358 -0.00116974 -0.00420417 -0.00402261 9.76005e-05 -0.00693137 -0.00400251 0.00167299 0.000250813 0.00165426 -0.00156587 -0.000393269 -0.00302009 0.00319296 -0.000268762 -0.000992098 -0.00229724 0.00193172 0.00129161 0.000171705 -0.00160791 -0.0019702 -0.00263029 0.00181242 -0.00082359 -0.00194661 0.000241786 -0.00154262 0.00124918 -0.00130594 -0.000803831 -0.00253345 -0.00136708 0.00137396 0.00575925 -0.00458265 0.00103293 -0.00276622 -0.0039766 -0.00322172 0.0035499 -0.000539196 -0.00340343 0.00513673 -0.00186917 0.00140034 -0.00083894 -0.00221901 0.00142172 0.000792609 -0.00402427 0.00662304
-0.00139619 -0.00281602 -0.0046592 0.000558862 0.000218025 -0.00122425 0.000258032 0.00055968 -0.000815067 -0.000204437 0.00333702 -0.00217915 -0.000882731 0.000429863 -0.00121458 -0.000750133 0.000399626 2.61152e-05 -0.00624417 0.00390757 0.00200119 0.00136713 -0.00544579 -0.00174023 -0.00305536 0.00103249 -0.00506205 -0.000269069 -0.00418342 0.00539871 0.00795977 0.000946175 0.00576937 0.00459021 -0.000455418 -0.00320109 2.0457e-05 -0.00205984 -0.00487214 -0.00540628 -0.00486286 -0.00590264 0.00117489 0.00075066 0.00276894 -0.0021413 0.00165944 0.000754669 0.00183182 -0.000297284 0.000436027 0.00307315 -0.000319391 -0.000474474 8.96407e-05 0.00373212 0.00175449 -0.000204186 0.000372104 -0.000688244 0.000837358 -0.000993661 0.00197698 0.000320784 0.00151911 -0.00141655 0.00155923 0.0014082 0.00261739 0.000247018 -0.000623736 0.00345254 -0.00399437 -0.00320683 -0.00210403 0.000973278 -0.00484271 0.0054986 0.00149029 0.00205009 -0.00290459 -0.00275383 0.0091299 -9.77201e-05 -0.001593 0.0026375 0.0016331 -0.00137708 0.00315815 0.00120145 -0.00950837 0.00221784 -0.00452736 0.00375194 0.00251438 0.00370961 0.0048243 -0.00197546 -0.00445702 -0.00451963 -0.000790344 -0.00203705 -0.00298305 0.000814351 -0.00423718 -0.00714446 -0.000380506 5.79823e-05 -0.00531032 -0.0103754 0.00123535 0.00084592 0.0240593 0.00968258 0.0233873 -0.00978678 0.0281163 0.49754 0.857406 0.0575796 -0.066281 0.0317344 0.0329921 -0.0496582 0.00295374 0.00413836 0.00289058 0.0111227 0.0183153 0.00475733 0.00220004 -0.00497818 -0.00435994 0.00240974 -0.00265042 0.00207437 0.00310939 -0.00418935 -0.00459474 -0.00166712 -0.010788 0.00196242 -0.0026606 -0.010043 0.00390178 0.00517543 -0.00345953 -0.00194078 -0.00930013 -0.00380674 0.00561012 -0.00238947 -0.00448284 -0.00206449 -0.00494114 -0.0021773 0.00296333 0.00677869 0.000118057 -0.0022047 -0.00476516 -0.00246275 -0.00723428 0.00470537 0.000699855 -0.000285884 -0.00497566 -0.00219162 -0.00180367 -0.00125086 0.00230604 -0.00954374 0.0042662 0.00144496 -0.00202348 -0.00437188 -0.000561982 -0.00907123 -0.00610546 0.0099142 -0.0019537 -0.00240513 0.00326131 0.00539606 0.00250749 0.00110475 -0.00228941 0.00925525 -0.0132197 0.00530412 0.000376115 -0.00142862 0.00054631 -0.000540765 -0.00424924 0.00616206 -0.00248639 0.00635774 0.00451763 -0.00138852 -0.00231018 0.00157383 0.000418669 -0.00323825 0.000234544 0.00299659 -0.0016417 -0.000116485 -0.000541708 -0.000641894 0.000152219 0.00436324 -0.00297482 -0.000906113 -0.00681449 0.00479786 -0.00170161 -0.00214305 0.00395102 -0.00145138 -0.00341697 0.00322848 -0.000444026 -0.00167101 -0.00455811 -0.00277795 0.00405177 -0.000939894 0.000438027 -0.0015164 -0.00358609 0.000456318 0.00257514 -0.00351103 -0.00098179 -0.00161856 0.000861002 -0.00309072 0.000460321 -0.000111951 -0.00203134 0.00281493 0.00124074 0.00161693 -0.000469583 -0.000510621 0.000784534 0.00150473 -0.00013062 -0.000905562 0.00577714 -0.00130879 0.00123761 0.000161189 0.00128493 -0.00127407 0.000321139 0.000346583 -0.00337986 0.00158381 0.00160689 -0.000811562 0.00224269 -0.00228929 0.00156981 -0.00136842 -0.00151393 -0.00171993 0.000752092 -0.00554803 -0.00385089 0.0027554 0.000206903 -0.00013984 -0.00394807 0.00169426 -0.000270707 0.00207843 -0.00217074 1.8724e-05 -0.00791086 -0.00283068 0.00147839 -0.000985197 0.00130038 0.00280224 -0.00231779 -0.00139773 -0.00365587 -0.00312977 0.0036081 0.00213847
0.000684989 0.00060839 -0.00207904 0.000659825 -0.00073137 -0.000575398 -0.000839347 0.000126588 6.31283e-05 0.000131101 0.000586257 -0.00478236 -0.000926722 -0.00059631 -0.000785248 -0.000615391 0.00091052 0.00128662 -0.00615186 0.00279806 -0.00282907 0.00685364 0.00444436 -0.00118968 0.004149 -0.00736423 -0.00448494 0.00130925 0.00115225 -0.00818589 0.00362518 0.00375195 -0.0015245 0.00757638 -0.00108853 -0.00104694 -0.00246077 -0.000767612 -0.000974977 -0.0034438 0.0005697 -0.00376359 -0.00155975 0.00242639 0.00224576 0.00152972 -0.00146542 -0.000941718 0.00266958 0.000702524 -0.00142823 0.00110275 0.00109042 9.45015e-05 0.00136667 0.00192298 0.000239508 0.000883095 -0.00124159 -0.000346551 0.00113706 -0.000508648 -0.00377377 0.000857638 -0.00213801 0.0013674 0.00184143 0.000966183 0.0072962 0.00292048 -0.00719686 0.00277274 -0.0036479 -0.00586934 -0.00536604 0.0023267 -0.000678295 0.00479793 0.00295313 -0.000328678 -0.00280739 -0.00276318 0.00125226 -0.000567988 0.00294955 0.00352421 -0.00290908 -0.00416103 -0.00494202 -0.00386212 -0.00675317 0.00307461 -0.000410268 0.000171113 0.00163874 0.00551112 0.000447754 0.0011153 0.000881118 0.00505246 0.000897674 -0.00314441 -0.00180315 0.00575409 -0.00268493 -0.00489823 0.00495678 0.00165029 0.00507777 -0.00182736 -0.00156356 -0.00116101 0.0062006 0.0149063 0.0240359 0.0261649 -0.044434 0.00144994 -0.060483 0.985261 0.119992 0.0272073 0.057212 0.0103537 0.0101018 0.00603272 0.0169652 0.00588227 -0.00855417 -0.00727887 -0.00229452 -0.0103482 0.000105264 0.0101884 -0.000776569 0.00506392 0.00331639 -0.00353755 -0.00376966 0.00707975 0.0091723 0.00441927 0.00115447 -0.00535541 0.000727423 -0.00261797 -0.00201465 0.00233688 0.00653116 -0.00225476 0.00668371 0.000833581 0.00506689 -0.00346767 0.00316102 0.00648964 -0.00176872 0.00445269 -0.002601 -0.000176539 -0.0101682 -0.00608737 -0.00306544 0.00107667 0.00431999 -0.00136525 -0.00345599 0.000660688 -0.00552467 -0.000387503 -0.000141224 -0.00824128 -0.00073708 0.00132319 -0.0137814 -0.000670991 0.00470172 -0.00165469 -0.00435391 -0.00518461 0.0047975 0.00491935 0.000987325 -0.000902107 0.00493199 0.00749769 0.00363267 0.000219641 0.00481316 0.000463461 -0.00318779 0.00763385 0.00475181 0.0134748 0.000670964 -0.00164743 0.00580033 -0.00532687 0.00505528 -0.00279366 -0.0109634 0.00253227 0.00345541 0.0270678 0.0122957 0.00618297 0.0056396 0.00143397 0.00495129 -0.0103956 0.0138893 0.01036 0.00475491 0.00554358 0.0072912 -0.00555319 0.00127914 -0.000622162 0.00064616 -0.0030645 0.000648417 0.00138923 0.0015942 0.0059531 0.00520748 0.00170887 0.00130994 -0.000337332 0.00169149 0.00359511 -0.00201143 -0.000825209 0.00408173 8.51899e-05 -0.000234864 0.00406613 0.00458708 -0.00319353 0.0016326 0.000260299 0.00224799 -0.00210983 0.000661053 -0.00334502 -0.000121989 -0.00467883 -0.00292946 0.00111264 -0.00104758 0.000303721 0.00135104 0.00284599 -0.00300308 -0.000281335 0.00255685 0.00113565 -0.000465779 0.00232285 0.000138074 0.00154722 -0.000418685 -0.00323122 -0.00356711 0.00431605 -0.0026469 -0.000431737 0.00145075 0.00305815 0.00283538 -0.0012359 -0.00189705 0.000707883 0.00111696 0.00272535 0.00249847 -0.00245182 0.00398396 0.00351048 -0.00793539 -0.00274305 0.00412039 -0.00127543 -0.00540589 0.0020678 -0.0018191 0.00417546 -0.000668754 0.00231004 0.000732068 0.00131126 0.000685369 0.00790582
0.000209523 -0.000676249 -0.000816533 0.000974536 0.00237936 0.000544147 -0.00074272 0.00027208 0.0020965 -0.000340236 0.00199237 0.00242036 0.000829385 0.00126717 -0.00270871 0.00173448 0.000322561 -0.00280409 0.00208686 -0.00251182 0.00137202 -0.000319341 -0.000480394 0.00411582 -0.00172141 0.00978098 -0.00472483 -0.00449847 -0.0151194 0.0090806 -0.0167594 -0.00792018 0.0116784 -0.011442 -0.00334355 -0.00298107 0.00479518 -0.000939846 -0.00168837 0.000786656 -0.00224318 0.0026097 -0.00197113 0.00144812 0.00106293 -0.00185374 -0.00474996 0.00181349 -0.00407701 -0.00250213 -0.00235878 -0.00115962 0.000602108 -0.00266589 -0.0017839 0.001922 -3.37573e-05 -0.00211158 -0.0030349 0.000231966 0.000508206 0.00370167 0.000969763 0.00040892 0.00275425 -0.00229249 -0.000643185 0.00161211 0.00637376 0.00151617 0.00219177 0.00671651 -0.00892348 -0.00783228 -0.00361236 -0.000148456 -0.00461202 -0.00412604 -0.00383727 -0.00225211 -0.00133694 0.00206549 0.00645425 -0.00466515 -0.00213422 0.000739864 0.00272982 -0.00478809 -0.00653011 0.000835032 -0.00182338 0.00305947 -0.000681846 -0.00180185 0.00275183 0.000968535 0.00118632 -0.00439222 0.00722989 -0.000233454 0.00198235 -0.00186253 0.00201855 -0.000294412 0.00165068 0.00410875 -0.00586407 0.00505833 -0.00947498 0.0157134 -0.00768229 0.0173602 -0.0133167 0.00407019 0.00401286 -0.000174014 -0.0720105 0.0223457 0.077446 -0.108873 0.91295 -0.337249 0.132855 0.0649539 0.0324421 0.00245342 0.0233242 0.00720788 0.0138328 0.010307 0.00437601 -0.00605096 -0.00549159 -0.00238708 0.0108469 0.00733923 0.00659437 -0.00206196 -0.00350301 -0.00307365 0.00819071 0.00957626 -0.000275056 -0.00627372 0.00395279 -0.00849344 0.00214186 0.00696798 0.00616572 -0.00828902 0.00519633 -0.00547205 -0.00101435 0.00121115 -0.000663352 0.00555779 0.00604254 0.00304446 -0.00016305 -0.00100972 -0.00464389 0.00200572 -0.00449363 -0.00256595 0.00407039 -0.00282076 -0.00403869 0.0109999 -0.00574281 -0.00789512 0.00787565 -0.00134285 0.000786756 0.000200564 -0.00223555 0.00328729 0.00657486 0.00382245 -0.00300395 -0.00333992 0.000745683 0.0133543 -0.0170504 0.00191929 0.0125147 0.00856104 0.00256041 0.000713438 0.0103102 -0.00407218 -0.0045436 0.00285032 0.00324002 0.00529522 0.00157621 -0.00505876 0.00391672 -0.0127744 0.00974274 0.000588472 -0.000701638 0.00290413 0.0058443 0.0229461 0.00992057 0.000742015 0.00832558 0.000266455 0.00620389 -0.0060206 0.0121486 0.00849891 0.00173623 3.86616e-05 0.00441536 -0.00284081 0.00167814 -0.00227723 -0.000950099 -0.00506773 -0.00092857 0.00113396 0.000893633 0.00340614 0.00290083 -0.00134129 -0.002419 0.00526243 0.00542066 0.00433658 -0.00137073 0.00189331 0.00314646 0.00264075 -0.00113614 0.00366645 -0.000758413 -0.00447539 -0.000475075 0.000234154 0.00100066 -0.000951727 0.00139619 0.000457858 -0.0014456 -0.00281583 -0.000842493 0.00117005 0.002176 0.00326823 -0.00259864 -0.00118435 -0.00322932 -0.00495326 0.00273539 0.0018624 -0.00139345 0.00281619 -0.00103057 -8.89757e-05 -0.00121506 -0.00620987 -0.00423528 0.00418748 -0.0017221 -0.000684695 0.00119338 0.00585507 0.00331931 0.00709496 -0.00197612 0.000337415 0.00548258 -9.6476e-05 0.00460325 -0.00121866 0.0065804 0.00467987 -0.00334142 -0.00326379 0.00853503 -0.00103715 -0.00477815 -0.00784452 -0.00184924 -0.00202197 -0.00147999 0.00307684 -0.00153182 0.0015537 2.65641e-05 0.00748735
0.000758093 0.00235303 -0.00117885 -1.46161e-05 -0.00297542 0.000831998 -0.000276562 0.00024862 0.00131211 0.00135574 -0.000622779 -0.00410095 -3.93757e-05 0.000572045 0.00227669 -0.00152137 0.00241001 0.00576271 -0.000636095 0.00240301 -0.00321828 0.00297945 0.00345939 -0.00209839 0.00704112 -0.00611074 0.00336812 0.00211913 0.0120472 -0.00938132 0.0115876 0.00864779 -0.00921067 0.0131711 0.00581435 0.000965411 -0.00256017 0.00166966 0.00127778 -0.00390187 0.003513 0.000671596 0.0032159 0.000321918 0.000291842 0.00139737 0.000203493 -0.00385435 0.00329498 0.000995478 -0.00244549 0.00194789 0.00107294 0.000430892 0.00241592 0.00196887 0.000169288 -0.00102353 0.00063128 -0.00085048 0.000349484 -0.00410353 -0.00193844 0.000347184 -0.00411128 0.000460935 -4.49592e-05 0.000455878 -0.00299446 -0.00750905 0.00412611 -0.00416774 0.00691762 -7.90564e-05 0.00510262 0.00113677 0.00253796 -0.00346468 0.00118828 -0.00548605 0.00201739 0.00115267 -0.00853893 0.000677798 4.90276e-05 -0.00354968 0.0011042 -0.00150552 0.00329867 0.00242301 0.00553136 -0.00436916 0.000297951 0.00283167 0.00337422 -0.000803777 0.00582107 0.00436968 0.000662338 0.000473964 -0.00150996 0.00180601 0.00389294 -0.00488906 0.00182855 -0.00192734 0.00549234 0.00296836 0.000163943 -0.00638911 -0.00834363 -0.00330052 0.00939326 -0.00388946 0.0104722 0.0203701 0.00978929 -0.00547136 -0.0013147 -0.0642119 0.356264 0.919202 -0.0858398 -0.105122 0.00692033 0.00618281 0.00477497 0.00320034 -0.00869456 -0.017352 -0.000770969 0.00327244 -0.00804906 -0.000699756 -0.00164229 -0.0083336 -0.00935376 -0.00364003 0.00507483 -0.00217607 0.00601 -0.00537484 0.00587261 0.0125741 0.00461259 -0.00969098 -0.0068158 -0.0019781 0.00771325 0.00701044 -0.000105689 0.00937098 -0.00120558 0.00348715 0.00564816 -0.00745249 -0.00982164 -0.003317 -0.00392316 5.74433e-05 -0.00238292 -0.00446124 0.00634448 0.000837021 0.00311747 -5.4681e-05 0.00316814 -0.000786481 0.00204449 0.009155 -0.00376248 0.00128802 -0.00160217 0.00126266 0.000499353 -0.000489304 -0.00436532 -0.00775357 0.00167637 0.00193116 0.00577552 0.00187838 -0.00097175 -0.000486489 -0.0025552 -0.00490661 -0.00861699 0.000578155 0.00149611 -0.00301414 0.00338026 -0.00334846 0.00148971 0.00741983 -0.00307251 0.00562741 -0.00400079 -0.00106464 -0.00913542 -0.00145011 -0.00378048 0.00737359 0.00338752 0.0124699 0.00115773 0.000390386 0.0015137 6.97731e-05 0.00251372 -0.00395732 0.00612908 0.00339635 0.00347395 0.00169596 -0.000689725 0.000872162 0.00114296 0.00304342 0.000535965 -0.00342469 0.00403331 -0.00240181 -0.00122299 0.00255119 0.00542427 0.000318938 0.00179284 -0.00614411 -0.00157579 0.000531329 -0.00131507 -0.000520814 0.00212631 -0.00117199 -0.00161909 -0.0026644 0.00304642 -0.000253431 0.00136387 -0.00204203 0.00314903 -0.00122666 0.00107401 -0.00086541 -0.000874244 -0.00207781 -0.00397754 -0.000915914 0.000944569 -0.00127801 -0.000527539 -0.00377973 -0.00475611 0.00046324 -9.33083e-05 -0.000912664 -0.00404957 0.00121675 0.00015045 0.0016971 -0.000239156 -0.00173707 -0.000177367 0.000581873 -9.11765e-05 0.00302421 -0.00439329 0.000321883 8.105e-05 -0.000326455 -0.00505132 -0.00471681 -0.00460086 -0.00131011 0.00191894 -0.000690476 0.00118562 0.00124144 -0.00167197 -0.000351053 0.00500009 6.17737e-05 0.00181003 0.00241755 -0.000104195 -3.51275e-05 0.000706189 -0.00198866 -0.000796938 0.00140931 0.00176533 0.00655103
0.00137722 0.00343587 0.00198163 0.00176019 0.00238597 0.000346142 0.000512638 -7.61597e-05 0.000311712 0.000561729 -0.00275194 0.00376662 -0.00181216 -0.000814799 -0.00407896 0.00150628 -0.00121675 -0.00515929 0.00495476 -0.00358709 -0.00419001 0.00123909 0.00700284 0.0129062 0.00743605 0.00345004 0.00239348 -0.00553087 -0.00492467 -0.00268693 -0.0256859 -0.00803038 0.00646808 -0.0165604 -0.00272591 -0.00367327 0.00401098 -0.00187104 7.895e-05 0.00568742 0.00130966 0.00366094 -0.00223463 -0.00305832 -0.00216778 0.000717626 -0.0042571 -0.00111402 -0.00245308 -0.00361384 -0.0042748 -0.00190536 0.000547059 -0.00165945 -0.00172468 -0.000680176 8.3596e-05 -0.00066349 -0.0028564 0.00268074 0.00235731 0.00173492 0.000530859 0.00313828 -0.00273935 0.00101553 0.000188895 -0.000549494 -0.000420865 0.00193898 -0.00276676 0.00335213 0.000729328 0.000621722 -0.00459414 0.00563834 0.00218509 -0.000312963 0.00377797 -0.00151056 -0.000805233 0.000157043 0.000265983 -0.00733784 0.00662098 0.000409339 0.000298641 0.00323958 -0.00270525 0.0010479 0.00191642 -0.00060002 0.00418075 -0.00204318 -0.000560008 -0.00317672 0.00163862 -0.000713317 0.00459587 0.00545401 -0.00444635 0.00557908 -0.00353578 0.00262208 -0.00290282 0.00517726 -0.00468121 0.000942758 -0.00449963 0.00536415 -0.00532866 -0.00289636 -0.0139203 -0.00108724 0.00201701 0.0223142 -0.0172091 -0.00392469 -0.0340734 -0.05152 -0.104073 0.14496 0.967814 0.141123 -0.0272917 0.00721119 -0.00188936 -0.0168058 0.00886822 -0.00307129 -0.00946113 0.00462975 -0.0087655 0.00221646 0.00379537 -0.00420248 -0.00535623 -0.00109791 -0.00270756 -0.00915159 0.00152017 -0.00923568 0.00204118 -0.00834926 0.000812795 -0.00344476 -0.00125198 -0.0029171 0.00227143 -0.00725689 0.00597678 -0.00258156 0.0036634 -0.00165853 -0.00780761 -8.95685e-05 0.00128418 -0.00263866 0.00585773 0.000238838 -0.00386864 0.00687517 0.000671741 0.00599158 0.00519391 0.00343578 0.000525361 0.00227264 0.000875684 2.78513e-05 -0.00158357 0.00232203 -0.00342055 -0.00180253 -0.00118821 0.00693512 0.00321779 -0.00512526 0.00554383 -0.00583798 -0.00295915 -0.0176772 0.00416236 -0.00684767 -0.0097492 0.002466 -0.00219792 0.0119707 -0.0151363 0.00980019 0.00436986 0.000214009 0.000532985 -0.00777641 0.00528116 0.00140129 -0.00452228 0.00361656 -0.00682513 0.00549557 0.00859504 0.00325705 0.00290539 -0.023354 -0.0140166 -0.00205948 -0.00218774 -0.00144964 -0.00630052 0.00899454 -0.0118177 -0.0109699 -0.00226669 -0.00388791 -0.00449015 0.00240965 0.000346507 0.00146031 -0.000725076 0.00689975 -0.00231062 -0.000302214 -0.000856755 -0.00205691 0.000240217 -0.00326487 -0.00135869 0.00428839 0.000933039 -0.00456449 -0.000397624 0.00158441 -0.00424708 -0.000721618 -0.00166076 -0.00105401 -0.00244259 0.0029053 0.00350183 -0.00068457 -0.0033281 0.00534652 0.00170687 0.00279933 0.000896714 0.00708155 0.00510162 -0.000102608 0.000944522 -0.00245897 -0.000415386 -0.00104881 0.00504062 -0.00192963 0.00216795 -0.00428178 0.00312766 -0.00134123 0.00390759 -0.00131846 0.00179647 0.00293802 0.00289488 -0.00293478 0.00272044 -0.000540419 0.00232299 -0.00240447 -0.00578687 -0.001776 0.00366696 -0.00106474 -0.000121834 0.000760303 -0.00470622 0.00338692 -0.00609057 -0.00455634 0.00577476 -0.000439373 -0.00560594 0.0038545 0.00360674 0.000543157 0.0015004 0.000148904 0.00508241 0.00282668 0.00560606 -0.00156535 -0.00050924 -0.011332
-0.000801129 -0.00444287 -0.00265518 0.00182359 0.0035348 0.000312139 0.000456622 9.26818e-05 -0.0016791 -0.000473001 0.00540006 0.0107486 0.000182437 0.00106957 -0.00361494 0.00530161 -0.000746776 -0.0100123 0.0113349 -0.0148065 0.00368966 -0.0112141 -0.0109496 0.0159426 -0.0154243 0.033554 -0.000240476 -0.0115029 -0.0250839 0.0318282 -0.0301748 -0.0178693 0.0276653 -0.0254316 -0.00542808 -0.00729338 0.0112248 -0.0028814 -0.00572534 0.00120904 -0.0118808 0.000456093 0.000328938 -0.00244192 -0.000325597 -0.00199505 -0.00224405 0.00199791 -0.00455026 -0.00699259 0.00122034 -0.000477867 -0.00198838 -0.0047102 -0.00164283 -0.000792334 0.000470513 -0.00432544 -0.00134221 0.00246984 -0.000991251 0.00375402 0.00392048 0.00333474 0.00620086 5.81813e-05 0.000620308 -0.00141727 -0.00134843 0.0029457 0.0045213 0.00300148 0.00109181 0.00370035 -0.00684579 -0.00119016 -0.000571623 -0.000993417 0.00316514 -0.000731324 -0.000594626 0.000557522 -0.000225852 -0.00081103 -0.00195781 -0.00547534 1.64873e-05 -0.00447909 0.00361748 0.00111375 -0.00298765 -0.00512012 -0.00181465 0.0011129 -0.00362477 -0.00478528 0.00215677 -0.0014832 -0.000892567 -0.00380167 -0.00360257 0.00772958 -0.00850493 -0.00220059 -0.00490469 0.00705714 -0.00574059 -0.00396812 -0.00665493 0.0116755 -0.00590359 -0.00750686 0.00610275 -0.00406202 0.00971214 -0.0311809 -0.0305686 0.00166504 0.0556738 0.00542038 -0.0176575 0.110783 -0.163417 0.966806 -0.0181047 -0.0180992 0.00482044 -0.00916842 0.0209137 -0.00108282 0.00130821 -0.00167429 0.00207656 0.0023544 0.00700932 0.000423684 0.00273622 -0.00199273 -0.0134082 0.000591655 -0.0036745 -0.00251632 -0.00675581 -0.000321562 -0.000659778 0.00749012 -0.00183538 -0.0101079 0.000937008 -0.00495012 0.00390657 0.0016221 -0.0116001 0.00706221 -0.00820978 -0.00652089 -0.00193299 -0.00873781 -0.00371583 0.00426185 0.0160867 0.00464858 -0.00673842 0.00545025 -0.00313203 0.00922911 0.0078309 0.000381795 -0.00422897 0.0014395 0.00317288 0.0084586 0.00613596 -0.00184014 0.00203922 -0.00648989 -0.00894349 -0.0106379 0.00455945 0.0128846 0.000233048 -0.012451 0.0139699 0.00341269 -0.00997026 -0.0128127 -0.00890348 0.00556748 -0.0228488 0.015063 0.0100212 -0.0133936 -0.00549781 -0.0209991 -0.00523984 0.00633033 -0.01524 0.0144698 -0.00592155 0.00484675 0.015154 -0.000700411 -0.00659284 -0.0431166 -0.0161033 -0.00438402 -0.00738234 -0.00168516 -0.0108039 0.0145543 -0.0235887 -0.0119089 -0.00770567 -0.00581444 -0.0141872 0.0134831 -0.00215249 -0.000881618 0.000199278 0.00437864 -0.0020764 -0.000753301 -0.00428017 -0.00777187 -0.00876728 -0.0035095 0.00116954 -0.00130526 -0.00140311 -0.0084667 0.0034632 0.000346249 -0.00209605 -0.00381631 -0.00320832 -0.00763634 -0.00485806 0.000607327 -0.000897488 -0.00232263 -0.00463638 0.00419597 0.000892537 0.00340344 0.000867861 0.0148572 0.00671801 -0.00409488 2.67748e-05 -4.31004e-05 0.00523336 0.00055376 0.00484164 0.00476974 0.00229911 -0.00625286 0.00159499 -0.0052972 0.000281963 -0.00128396 0.00429597 0.0086338 0.00625344 -0.0068796 0.00159485 -0.000425793 -0.00209846 -0.00435939 -0.00622101 -0.0101028 -0.00373313 0.00330656 -0.00260613 -0.00363995 -0.011435 0.00995401 -0.00644215 -0.000727281 0.011673 0.00722165 -0.0138676 8.20534e-05 0.0144259 0.00192673 0.00195092 0.000550187 -0.00195706 -0.00374784 -0.00596173 -0.00412877 0.00506355 -0.018625
-0.000726779 -0.00364808 -0.0043321 -0.00312084 -0.000813433 0.000545392 -0.000408956 0.000259354 -0.00503318 -0.000999533 0.00469534 0.00539937 -0.000961178 0.00214317 0.0024904 -0.000265703 -0.00239833 0.00129174 -0.00235866 -0.00137089 0.00748967 -0.00780961 -0.00465958 -0.00468704 0.00101342 0.00961772 0.00173431 -0.00306763 0.00556311 0.00626179 0.02024 -0.000200967 0.000404596 0.00858998 0.00457432 0.000476949 0.00332516 -0.00230923 -0.00315623 -0.00778578 -0.00134051 -0.0107358 0.00232351 -0.00197267 0.00474153 0.00151716 0.00303794 -0.00273371 0.0052374 0.00386264 0.000449422 0.00574811 -0.00173085 -0.000795068 0.00393483 0.00218497 0.00177162 -0.00101996 0.00250996 -0.00161726 -2.0645e-05 -0.00339869 -0.00224357 -0.00126918 0.00202691 -0.00158405 0.00260209 0.000931876 -0.00109448 0.00242167 0.000539927 0.000135685 -0.00025037 0.00393491 -0.00171258 -0.000926603 0.000977257 -0.00184431 0.00176888 0.00356178 -0.000975093 0.000354212 -0.00133669 -0.00185587 0.000130743 -0.0042208 -0.00213869 -0.0021577 0.00211513 -0.00127182 -0.000743041 0.000329525 -0.00528389 -0.000706148 -0.00765316 -0.000740023 -0.00463803 -0.00143348 0.00265653 -0.00696216 -0.00471431 -0.00379785 -0.00283874 -0.00866231 -0.00545728 -0.00446314 -0.0010001 -0.00441053 -0.00215747 -0.00754735 0.00101781 -0.00150128 0.00186322 -0.00383233 0.0143637 -0.0011608 -0.00179015 0.0188519 -0.00714072 0.00570836 0.0361797 -0.0121032 -0.0190886 -0.0152212 -0.976348 0.19455 -0.00355463 -0.0293065 0.00853602 0.00619018 -0.00355572 -0.00776574 -0.000975306 -0.00234239 -0.00364282 -0.0146607 0.00754936 0.00598143 -0.00427738 -0.000466909 -0.00457862 -0.00575388 0.00546773 -0.0020161 0.00572462 -0.00622589 -5.11313e-05 0.00814301 -0.000633558 0.00406137 0.00236351 0.00612242 0.00517667 0.00653735 -0.00598939 0.00281372 -0.00599521 -0.00485852 0.00379192 0.00889812 -0.00745724 0.00917435 0.00593177 0.000824303 0.00589063 -0.000199847 -0.00134671 -0.00229574 0.000618399 0.00398807 0.00184374 0.000427353 -0.00120141 -0.00120167 -0.00309433 0.0011796 -0.00470068 -0.00121654 -0.00319225 -0.00257744 0.00285375 -0.00776165 -0.000573355 0.000486364 -0.00304917 -0.00640529 -0.00663106 -0.00413333 -0.00700789 0.00804056 0.00145878 -0.00333923 0.00339287 -0.00601575 0.00035324 0.00132215 0.000337599 0.00190897 0.000747231 0.00366893 0.00305987 0.00443219 0.0032586 -0.0117024 -0.00218074 -0.000331882 0.000378142 -0.00118366 -0.00237786 0.00521796 -0.00300024 -0.00150877 -0.000888683 0.00127167 -0.00213817 0.00202983 -0.000635074 0.000515683 0.00107387 0.0034848 -0.000304623 -0.000908832 -0.00169886 0.000648822 -0.000546754 -0.00148221 0.00156128 0.000912652 0.0035884 -0.000628778 0.00105612 -0.00145236 0.00127849 -0.000219342 -0.00221834 -0.00368053 -0.0022041 0.000344495 0.000574998 -0.00214084 0.000494989 0.00234662 0.000338067 0.00132807 0.0035107 0.00373669 0.00271605 -0.00254869 -0.0014931 0.000758921 0.00138674 0.00106033 0.00327273 -0.00361151 0.00252909 0.00311543 -0.000313075 -0.00265405 -0.000337927 0.000505371 0.00453441 0.00115679 0.000750542 -0.000501244 -9.36082e-05 0.000168758 0.00174218 0.00105445 -0.000350589 -0.0041265 -0.00116983 0.00428352 0.00221872 -0.000726151 -0.00428417 0.00395044 -0.00137158 -0.00161933 3.64977e-05 0.00164796 -0.00540442 -0.00280917 0.00312112 -0.00189353 0.000496033 -0.00149117 -0.00112907 -0.00114729 -0.00202825 -0.00475831 0.0031766 -0.00605979
-0.00116664 -0.00477423 -0.00396379 0.0010155 0.00179848 0.000688615 0.00144607 0.000570029 0.00179213 1.31567e-05 0.00267665 0.00118237 0.000576549 0.00235564 -0.000988443 0.00105363 0.000228014 -0.00392985 0.00315021 -0.00629682 0.00288258 0.00020024 -0.00991047 0.00417669 -0.00360096 0.00334872 -0.00279464 0.00272713 -0.0119742 0.0183744 -0.00421461 -0.00526795 0.0121979 -0.00400651 -0.00119382 -0.0026769 0.00238463 -0.00113463 -0.00409467 -0.00437404 -0.00869705 -0.000840532 0.000941592 0.000233374 0.00366295 -0.000589337 0.000306302 0.00210932 -5.55719e-05 -0.00386707 -0.00174266 0.00400864 -0.00174937 -0.00149819 0.00124294 0.00431932 0.00216801 -0.00190496 -0.000112109 -0.000352077 0.000979146 0.00228704 0.00107548 0.000271081 0.00538373 -0.000166298 -0.00306256 0.000723994 -0.00354158 0.000149421 -0.00103518 0.000673412 0.000314232 -0.000502066 0.00029359 -0.00053389 -0.00190836 0.00379213 0.00321068 0.000450815 0.000185653 -0.00246343 0.00295102 0.000308345 -0.00624346 0.000470376 0.00194669 0.00363295 0.000722759 0.00163196 -0.00255321 0.00189291 -0.00155665 0.00432921 0.00275546 -0.000179531 -0.000333746 -0.00443936 0.00120948 -0.00560428 0.00576318 0.00344984 -0.000868548 -0.00163623 -0.000621059 -0.00179413 -0.00398201 8.73366e-05 -0.00807472 -0.00162638 -0.0047593 -0.00162063 -0.00120452 -0.00264243 -0.00109227 -0.0119161 0.000454777 -0.0123557 0.00160963 -0.00381409 -0.0109538 0.000192829 -0.00617254 0.0145903 0.195522 0.975461 -0.0372702 -0.0535506 -0.0158062 0.0218603 0.00414773 -0.000976527 0.00218401 -0.0110126 -0.00311792 0.00234957 -0.00427101 0.00197036 0.00243702 -0.011007 -0.0137261 0.00146051 -0.00888262 -0.00431508 0.00628205 0.00394216 -0.000261018 0.00275286 0.000366909 0.00277305 0.00366955 0.000431738 -0.00390017 0.0014661 0.00479773 0.00318532 -0.000177557 0.00571582 0.00476822 0.00222376 0.0043559 -0.00325871 -0.00139975 -0.00947399 -0.00859255 0.000810432 0.00135837 0.00193593 -0.00346185 -0.000561903 0.00181415 -0.00229125 0.00239674 -0.00309455 0.00904587 0.00268413 0.0035623 0.00351614 -0.00350437 0.00248416 -0.00487749 0.00350175 -0.00243398 0.00347527 0.00289954 -0.00190743 0.00283457 0.006053 -0.00160428 -0.00345213 -0.00409516 -0.00184433 0.00178622 0.00214009 -0.00021797 -0.00552918 -0.00738179 0.00589298 0.00339348 0.00159947 0.00469294 -0.00616651 -0.0049878 -0.00513505 -0.00412273 0.000700419 -0.00432934 0.00169348 0.000458616 0.00151531 -0.00652423 -0.00197363 -0.00357664 -0.00182542 -0.000133987 0.00332549 0.000736018 0.00167081 0.00125489 0.000218141 -0.00019966 0.00165394 -5.24155e-05 -0.00259631 -0.00224771 -0.00285227 -0.00223713 0.000771164 -0.000956126 -0.00266383 -0.000754367 -0.000284523 -0.00239373 0.00011205 -0.00051006 8.58647e-05 -0.000292248 0.00183131 -0.00130674 0.00198461 -0.00204986 0.00309047 0.000658406 -0.00133825 0.00154752 0.00212342 0.00179961 0.00130149 0.00187331 0.000334634 0.000783364 0.000570158 0.0014601 0.0014504 0.00044468 -0.00339514 0.000533188 -4.48529e-05 0.000489082 0.00136913 0.000341079 0.00195705 0.00173189 -0.000656032 0.000222806 -0.00174501 0.00205293 -0.00236813 -0.00366237 0.000283904 -0.00228567 -0.000207766 0.00063021 -0.000424682 0.000331312 0.000343479 -0.00306354 7.59043e-06 0.000601847 0.00221506 -0.00275588 -0.00260044 0.00103256 -0.00065044 0.00239489 0.00143205 -0.000341773 -0.000665286 -0.00111738 -0.000269361 0.00172074 -0.00204117
-0.00126245 -0.00606428 -0.00406192 0.000190017 0.00041587 -7.92773e-05 0.000375491 0.000496869 0.00424701 -0.00143991 0.00350453 -0.00334588 -0.00153021 0.0011944 0.00139432 -0.000247832 0.000589955 -0.00136778 -0.00185946 -0.00544965 0.00564469 -0.00219963 -0.011025 -0.000482886 -0.00751866 -0.000166824 -0.00230336 0.00493546 -0.00831305 0.0165244 0.00328107 8.90528e-06 0.00863434 0.00160011 -0.00235055 -0.00197112 -0.00106012 -0.0023655 -0.00435228 -0.00581277 -0.00987284 -0.00174428 0.000224873 0.00185391 0.00284961 -0.00139255 -0.00173675 0.0033368 0.000262406 -0.00350101 0.00111882 0.00233841 -0.000779567 -0.00138612 0.00180796 0.0054899 0.00219398 -0.0018952 0.00071563 0.000838065 0.00141452 0.00249137 -0.00076337 -0.000591089 0.00196579 -0.00185985 -0.00314365 0.000118611 0.00223356 -0.00245989 0.00154422 -0.000689981 0.00181985 0.000311385 0.00208208 -0.00414413 0.00143084 0.000150748 0.00210395 -0.00244435 0.000490321 -0.000272303 0.000934981 0.000851282 -0.00483794 -0.00210734 -0.00106818 0.00354251 -0.00146889 -0.000374952 0.0022849 0.00497711 -0.00353826 0.00235612 0.00118116 0.00197661 -8.63986e-05 0.000657035 0.00463703 -0.00328987 0.0126738 -0.00228137 0.00328558 0.000677209 0.00198936 -0.00449489 -0.00178571 0.0047621 -0.00547799 0.00308399 -0.00440452 0.00262694 -0.00346038 0.00100125 0.0102512 -0.00801628 0.000146786 -0.00787154 -0.00340232 -0.0148944 -0.0270965 0.00480384 0.00271088 -0.00505415 -0.00127447 0.0416304 0.978862 0.168726 -0.0610829 0.0438721 0.0226792 -0.00933658 0.00560739 0.0116805 -0.0045477 0.00508481 -0.00468182 -0.00646622 0.00277296 -0.00813676 0.0103921 0.00295228 -0.00163607 0.000121781 0.00272894 0.00288682 0.00607395 -0.000317531 -0.00624063 0.00731789 -0.000105733 -0.00438618 0.00262729 -0.00772136 0.00680999 -0.00595239 0.00218514 -0.0011504 0.00342303 0.00323745 0.00169825 0.00167168 -0.000524727 -0.00175866 0.00712797 0.00217921 -0.00306652 -0.000854486 -0.00484572 0.000509193 0.00165069 0.00421832 -0.00133981 0.00111459 -0.00393582 -0.00215093 -0.00287614 0.000577205 -0.000963719 -0.00390657 0.00370241 0.00623734 -0.0089188 0.000977573 0.00214317 -0.00302882 0.00514739 -0.00616686 0.00284648 -0.00629292 0.00112451 -0.00264156 0.000578352 0.00482204 -0.00549404 -0.0017091 -0.0061487 -0.00385629 -0.000505013 -0.00332795 -0.00455297 -0.00239699 0.00065829 0.0195844 0.00499982 0.000572458 0.00332976 0.000587498 0.00537945 -0.00440636 0.00868144 0.00429337 0.00450475 0.00418788 0.0064009 0.000439917 0.00344516 -0.000229415 -0.0013437 -0.00479148 0.00372623 0.000393381 0.001692 0.00209764 0.00605222 0.00134855 -0.000626134 -0.00228048 0.00292917 0.00391541 -0.00132933 -3.94949e-05 0.00287789 -0.000327273 -0.000178556 0.00141579 0.00114804 -0.00139231 0.000266828 -0.0010041 0.00307874 -0.00205843 -0.000299075 -0.000951184 -0.00108906 -0.00537824 -0.00376215 0.00112259 -0.00084142 0.00380301 -0.00118218 -0.00415048 -0.00353878 0.000997814 -0.000777805 0.00297921 -0.00340018 0.00141689 0.00164066 -0.00095846 -3.21127e-05 -0.0021329 -0.00243643 0.00163756 -0.000889152 0.00286202 -0.00100989 0.00165042 0.00352263 0.00389443 -0.00113958 -0.00151846 0.000634279 -0.000103194 0.00551334 -0.00097864 0.00348555 0.00424719 -0.00404693 -0.00119622 0.00482872 -0.000657659 -0.0037831 0.00163487 0.00319198 0.00012414 -0.000416586 0.000764133 0.000979402 0.00349881 0.00168671 0.00860076
-0.000757784 -0.000716693 -0.00202953 0.000459799 0.000535697 0.000473176 0.000571472 3.56807e-05 0.00166167 -7.10023e-06 0.0034917 -0.00819872 -4.18551e-05 -0.000250298 0.000783123 -0.00164237 0.000572901 -0.00176002 -0.00392127 0.00202226 -0.0017717 0.00396276 -0.00695569 -0.00369779 -0.00529385 -0.0156078 -0.00385099 0.00660554 -0.000818742 0.00339354 0.000316259 0.00537556 0.000516151 0.0043667 0.000836034 -0.00196665 -0.00123347 -0.000348591 -0.00384612 -0.00268305 -0.00267124 0.00277536 -0.000454113 0.00390326 0.00109801 -0.00292506 -0.000810271 0.00301766 -0.00174966 9.3683e-05 -0.000890798 0.00207816 -0.000477767 0.00157127 0.000322494 0.00266912 0.00207155 -0.000517554 -0.000491999 -0.000330429 0.00232801 0.00102513 0.000796336 -0.000368463 -0.0019378 -0.00121807 -0.00279255 -0.00108833 0.000119053 -0.00848584 -0.000103984 -0.00139103 0.000868906 -0.00293739 0.0120433 0.000258338 -0.00402503 0.00438286 0.000244453 -0.00338972 -0.00322292 0.0010037 0.00600257 -0.00236364 -0.000253177 0.00762728 0.00501664 0.00709078 0.0026899 0.00290133 -0.00157632 0.00219739 0.00200402 0.00408261 0.00448186 0.00562728 0.00702106 -0.00223801 -0.00200651 4.60817e-05 0.0123893 -7.28386e-05 0.00254424 0.00663202 0.00561145 -0.0012837 -0.0048485 0.00272343 -0.00106169 0.000423107 0.00744344 -0.00366291 0.00320152 -0.00383158 -0.00930576 -0.00828574 0.00150267 0.00324412 -0.0165832 -0.0041728 -0.00426812 0.00133403 0.0128063 0.0140225 -0.0192919 0.0523844 -0.16461 0.976414 0.0720305 -0.0587131 -0.00104386 -0.0364282 -0.0027521 -0.00412785 0.00238663 0.00223956 0.00171193 0.00100481 0.0136124 0.0136162 -0.024145 -0.0117943 -0.00732963 -0.00432552 0.012301 0.00217438 -2.44129e-05 0.00853682 -0.00268738 -0.01358 0.00193201 0.00368902 -0.00314904 -0.00914782 -0.00278606 -0.000980732 0.0133017 0.00656993 0.015699 -0.00243122 -0.00306862 0.00721302 -0.00109461 -0.00137518 -0.00159043 0.000740277 0.00170794 -0.00344888 0.00645413 -0.00510726 -0.00218282 0.00651904 0.00494747 -0.00121468 -0.00148305 0.00284601 0.00691824 0.00110287 -0.00653126 -0.00514508 -0.00213044 -0.00670236 0.00658152 0.000621043 0.0032524 0.00778795 0.00554291 -0.00986578 0.00121407 -0.0016437 -0.00584306 0.00965173 -0.000578809 -0.000600449 0.00170443 -0.000639662 -0.00121849 0.00156027 0.00389229 -0.00151756 -0.01302 -0.00144151 0.00286186 0.0197112 0.00973418 0.00437966 0.000755819 0.000832087 0.00279302 -0.006079 0.0123332 0.00632318 0.0026917 0.00350958 0.0107594 0.00090306 0.00449377 -0.000634713 0.0034321 -0.00448245 0.000243998 -0.000515891 0.0011407 -0.000576817 0.00176869 0.00508456 0.00178275 -0.00218145 0.00309185 0.00412274 0.00103771 -0.00164209 0.00250948 0.00225385 0.000643349 0.00371336 0.000283471 -0.000624382 -0.00234328 -0.000261889 0.0006644 -0.00290937 -0.00176744 -0.00267002 0.00245919 -0.00547781 -0.00495942 0.00158903 -0.00342727 0.000676413 0.00205442 0.00054379 -0.00348722 0.000320282 -0.00423901 -0.000382646 -0.00520883 0.00211305 0.000215564 0.000135075 0.0024224 -0.0030762 -0.00210521 0.00416902 -0.00124205 0.000234072 -0.00120948 0.0010132 0.0022092 -0.00151647 0.000857029 0.00692017 0.00283115 -0.000810929 0.000373301 -0.00256723 0.00279015 0.00175106 -0.00671509 -0.00328214 -0.00501434 -0.00365068 -0.00443007 0.00409884 -0.00226756 0.00365756 -0.00155264 0.00123594 -0.00161194 0.00207594 0.002261 0.00939106
-0.000288262 0.000373541 0.00163469 0.00193757 0.000415296 -0.00039628 0.000490805 0.000727548 0.0108989 -0.00047946 0.000516444 -0.00731145 -5.78151e-05 0.000917129 0.000244976 -0.00584734 0.000202048 -0.00174372 -0.00535338 0.00538082 -0.00125032 0.00410282 -0.00458434 -0.0111784 -0.00593591 -0.024929 -0.00404596 0.0185165 -0.00901215 -0.000689201 -0.0120415 0.0134148 0.00231436 -0.00186995 -0.00373641 -0.0055262 -0.00885739 0.000532737 -0.00194798 -5.38104e-05 -0.00198921 0.0132565 -0.00299473 0.0068711 0.000244021 -0.00563111 -0.00210513 0.00833067 -0.00421579 -0.00082371 -0.00127927 0.00197838 0.00108487 0.00496954 -0.00270146 0.00494625 0.00308167 0.00316839 -0.00149192 0.00205454 0.00228897 0.00185123 0.00103836 -8.14358e-05 -0.00225283 0.00108921 -0.00328268 -0.001445 -0.000585938 -0.00660184 -0.00190454 -0.00812071 0.00676313 0.00232668 0.00912579 -0.00308301 0.00465323 0.00721246 -0.000282892 -0.00531454 0.00305194 0.00247633 -0.000933535 0.00281454 -0.00248473 0.00488843 0.00174102 0.0072272 -0.00123206 0.000976844 -0.00266172 -0.00251492 0.0060327 0.00754253 0.00765766 0.00625321 -0.00191379 -0.00234551 -0.00819746 0.00781931 0.0206907 0.00928773 0.0132677 0.0147748 0.0136009 0.00496555 -0.00587107 0.0090448 -0.00716463 0.00236948 0.00711331 0.00607721 0.00170711 0.00414363 -0.0117458 -0.00706065 -0.00171468 0.00977851 -0.0286121 0.00779026 -0.00750942 0.0101976 -0.0097666 -0.0204511 0.00968204 0.0117412 0.0689976 -0.0632264 0.986439 0.0446961 -0.030169 0.0284893 -0.0252059 -0.00261476 0.0063519 -0.0158506 0.00290776 -0.0063837 0.00435569 -0.0168856 -0.00634069 -0.00806291 -0.0112244 -0.000967017 0.00829762 0.00837217 0.0146752 -0.00117573 -0.00609992 -0.00470884 0.0119507 -0.00682511 -0.0170019 -0.0202723 0.00103773 0.00981705 0.0085834 0.00325622 0.0029992 -0.00165917 0.00865425 0.00457348 0.00192205 0.00167898 0.00158336 0.00174064 0.00726479 -0.000964503 0.00690645 0.00620323 -0.000457728 0.0096461 -0.00379134 0.00167215 0.000592897 0.00277074 -0.0018411 -0.00598595 0.00324647 0.00552765 0.00219164 -0.0106204 0.0101921 0.000614344 -0.00772115 -0.0042185 0.00258207 0.00159497 -0.00716713 -0.00518576 0.000409764 -0.00397527 -0.00217886 -0.00408658 0.00594173 0.0053604 0.00166613 0.00301559 -0.00949432 0.00309689 0.00398674 0.000607421 -0.00302538 -0.0130428 -0.00504404 0.000370123 -0.00325778 -0.00123367 -0.00185382 0.0012923 -0.00667455 -0.00576111 -0.00162499 -0.00135575 -0.00214511 -0.00246955 -0.00173859 0.00142302 -0.000736982 0.00313249 -0.00092329 0.000501067 0.000115518 -0.00228101 0.00201227 0.00199648 0.00302907 -0.000120487 -0.00291421 -0.00626331 0.00257702 0.000166052 -0.00403766 -0.00148795 -0.00153756 -0.000823041 -0.0013165 0.000152214 -0.000103281 0.0030443 -0.00105202 0.00187446 0.00266977 0.0022485 -0.00349634 0.00240747 0.00100789 -0.000499991 -0.000157652 -0.00184144 -0.000659229 0.000178547 -0.00190032 -0.00129758 -0.000105461 -0.000279178 0.00175806 -0.00476841 -0.000549543 0.000674157 0.00154693 0.00321023 0.00354112 -0.00347841 0.00292892 0.000771269 -0.00191414 -0.00147223 -0.00475568 -0.000867303 -0.00176412 -0.00289437 -0.00275232 -0.0015668 -0.00152507 0.00185176 -0.003402 -0.00334328 0.00499279 0.00183924 -0.000331761 0.000388667 0.00340452 -0.00123786 0.000179796 -0.00232931 0.00143828 -0.0045971 0.00088721 0.00195368 -0.0015143 0.000963374
0.00156265 0.00151039 0.000732332 0.000761987 0.00196033 0.000720008 -0.000223343 -0.000545674 0.00535327 0.000476855 -0.00305837 -0.000853567 0.00152637 -0.000636752 0.000804544 -0.00134049 -0.000342362 -0.00300271 0.00346249 -0.000689688 -0.00855724 0.000665013 -0.0052598 0.00702839 -0.002103 -0.00517892 0.00384067 0.00525912 0.000157043 -0.000815451 -0.00982272 0.00150948 0.000473651 -0.00358983 -0.00452817 -0.00284964 -0.000656547 0.000731522 0.00153513 0.00144512 0.00441697 0.00567644 -0.00265406 0.000259015 -0.0028011 -0.000168713 -0.000986123 0.00236653 -0.00111749 0.00138498 0.000609895 0.00112662 0.000607952 0.00280128 -4.53774e-05 -0.00231022 0.000216052 0.00130774 -0.00196554 0.000580369 -0.00275087 -0.00194665 0.0024351 0.0014296 -0.00224998 0.00360013 0.00182268 0.00096878 -5.70575e-05 0.000536425 -0.00467391 -0.00489155 -0.00388166 0.00117703 -0.00471086 -0.00237149 0.00687539 0.002781 0.00248892 -0.00035391 -0.000464161 0.00152856 0.00115874 0.00503603 0.00181047 -0.00200384 -0.00507459 0.00334409 -0.00304853 -0.000539803 -0.00288285 -0.00255907 0.0043426 -0.0053926 0.00753787 0.00289292 -0.0008353 0.00102605 -0.000174868 0.00224309 -5.8896e-05 0.000963746 0.0010443 0.00125573 0.00831386 0.00453565 -0.00359026 0.00383205 0.000304908 0.00270775 0.00910682 -0.0019546 -0.000591844 0.00644229 -0.00400013 -0.00521932 0.0122643 0.00601238 -0.0117865 0.00539451 -0.00200119 0.017402 0.006665 -0.00107662 -0.00412961 -0.0180914 -0.0537232 0.0313225 -0.00381787 0.693913 0.705375 -0.0774886 0.0363788 0.0568021 -0.00369018 -0.00695623 0.00760502 -0.00500557 -0.00686332 -0.000362839 -0.0152387 0.0080268 -0.010359 -0.0114566 0.0102303 0.0117482 -0.0153071 0.00640248 -0.00063015 0.00928004 0.0126376 -0.0120648 0.00710428 -0.0134704 0.00563825 0.00318984 -0.00576919 0.0106299 -0.00687648 -0.00273279 0.00519755 -0.00889552 -0.00818783 0.00102892 0.00105946 1.76866e-05 -0.0049803 0.00527896 -0.0032972 0.00301477 -0.000412069 -0.0088437 0.00664866 0.00565012 -0.0069006 -0.00230858 -0.000460828 -0.00748383 -0.00116414 0.00169871 -0.00405229 0.00888646 -0.00332553 0.000250557 -0.00592027 0.00143988 0.00624959 0.0038704 0.00438772 0.00194262 -0.00322068 0.00607199 0.00483141 0.00421626 0.00199742 -0.00085251 0.00194102 -0.0109846 0.00735937 -0.00104625 -0.00785332 -0.0047969 -0.0014566 0.0135957 0.00510334 0.0046723 0.00255175 -0.000924665 0.00342909 -0.00780587 0.00953154 0.00184965 -0.00293453 0.00166451 0.00427109 -0.00180688 -3.27448e-05 -0.00108313 -0.000594802 -0.00384426 -0.00221448 0.00153637 0.00176739 0.00222321 -0.00119168 -0.000788964 -0.000580267 0.00212981 0.00170364 0.00473727 -0.00177236 0.00253114 5.6151e-05 -0.000184649 0.00234722 0.00311496 0.00160208 -0.000723964 0.000365456 -8.11504e-05 -0.0010306 0.00217795 0.00187148 -0.00131166 0.00228584 -0.00386769 0.000627555 0.00147105 0.00183399 -0.000146599 -0.00333575 0.000552425 0.000873117 0.00233099 0.000498256 0.00134192 0.00017197 0.00227792 -0.000774717 0.00055406 0.000103255 -0.00503315 -0.00192158 0.000429269 -4.61555e-05 -0.000730904 0.000743627 0.00189893 -0.000246412 0.00378451 -0.000539361 -0.000965914 0.000197736 0.000507139 0.00370944 -0.00155136 -4.06475e-05 0.00066632 -0.00517576 -0.00263061 0.00263969 0.00130012 -0.00423711 0.000243911 -0.00191972 -0.000701901 0.00125978 -0.000834926 0.00141556 -0.00163809 -0.000489673 0.00801305
0.000441676 0.0011412 -0.000142294 -0.00116776 -0.00156098 0.000264849 0.00055271 -0.000582815 -0.00215259 -0.000791161 -0.0002738 -0.00171225 0.000715859 -0.00132557 -0.000323119 -0.0010684 -0.000894472 0.00127821 -0.00607482 0.00314851 0.00467155 0.00150051 0.00891591 -0.00663123 0.00323345 -0.00575755 -0.000107421 -3.75635e-05 0.00314153 -0.00545344 0.00316591 0.00101525 -0.00206302 0.00209691 -0.00155931 -0.000121059 0.000214978 0.000397829 -0.000253975 0.00135229 0.00314864 0.000522986 -0.0019695 0.002498 -0.000385881 0.000685466 -0.000189242 -0.0002178 0.000670802 -0.000227888 -0.000566157 -0.00221097 0.0022071 -0.000700697 -0.000523486 -2.39427e-05 -0.00128818 0.000697141 -6.90662e-05 0.00138417 -0.000826622 -0.000142117 -0.000693376 7.44553e-05 -0.00179235 -0.000596141 0.00051822 -0.00145552 0.000141183 0.00314448 0.00118904 6.86627e-05 9.73229e-05 0.00256053 -0.00386073 -0.000660995 -0.000470707 -0.00282968 -9.34156e-05 -0.00149066 -0.00204813 0.00248779 0.000678751 0.00275656 0.00361564 0.00262137 -0.000744069 -0.00330275 0.00201325 -0.00375028 0.0023466 0.00128319 -0.00075065 -0.00293995 -0.00403562 0.000997262 0.000321963 0.00296983 -0.00236032 0.00309967 0.000583848 -0.0038378 0.00242762 0.00225441 0.00286267 -0.00248161 -0.00305732 0.00366636 0.00496131 0.0006958 0.00265364 0.00651321 0.000280954 0.00248101 0.00220035 -0.000234406 -0.000550457 -0.00199196 0.000648226 0.0027299 0.00227421 0.0113441 -0.00418958 0.00379688 0.00245235 -0.0112034 -0.0253688 0.043742 -0.0500032 0.707025 -0.697582 0.0459024 0.0479828 0.00565737 -0.00395786 -0.019478 -0.00456493 -0.00729788 0.0042756 0.00790603 0.0204215 0.0038648 -0.0193718 0.00800005 0.00363604 0.0104712 0.00596591 0.00921426 -0.00652519 -0.000796703 0.000549374 0.00564061 -0.0124519 -0.00218387 -0.00654221 0.00579936 0.0127538 -0.00248834 0.00319723 0.00121268 0.00584424 -0.00186637 -0.00363929 -0.00417025 0.00333425 0.00261327 0.0033503 -0.00819605 0.0021708 0.00343393 0.00391645 0.00256894 -0.00199592 0.00844455 0.000353823 -0.000299029 -0.00776138 -0.00744148 0.00289634 -0.0023113 -0.0078234 -0.00591949 -0.00499496 0.00167776 0.00131051 -0.00113519 0.00131136 -0.00751442 -0.00451903 -0.00356106 0.000765132 -0.00686818 -0.00302385 -0.00795834 -0.00421667 0.00264494 -0.00433068 0.00464947 -0.00272748 -0.0012282 0.00643755 0.000227232 0.000864111 -0.010617 -0.00702983 -0.00315072 -0.00255066 -0.00233337 -0.00127438 0.00441995 -0.00734177 -0.00395344 0.00141565 -0.00436619 -0.00172595 0.00522411 0.00144531 -0.000782308 0.0025156 0.00211838 -0.000345892 -0.00046237 0.000241558 -0.00568334 -0.00276081 0.000920735 -0.000489727 -0.00261216 0.000565523 -0.00361119 0.000614167 0.000597784 -0.00286031 -0.000269466 0.00146254 -0.00132483 -0.00330517 0.00192719 -0.00159523 0.00318816 0.00235969 -0.000709809 0.000544717 0.0015155 -0.000766917 0.00211688 0.00137969 -0.000851633 -0.00263253 0.00254473 0.000474679 -0.00268607 0.0028245 -0.00022164 -0.00167831 0.00198598 0.000707625 -0.00107331 0.0010795 -0.00140281 0.000325055 0.00695702 0.00258094 -4.67171e-05 -0.000987486 0.000245719 -0.000488807 0.000144993 -0.000312521 -0.00209362 -0.00103027 0.00072512 0.000402388 -0.00195315 -0.00225015 0.00368815 -0.00252493 0.000589279 0.00313731 -0.000748276 -0.00356242 0.00080181 0.00253063 -0.00209554 0.000205497 0.000228004 -0.00011966 -0.0005514 -0.00143735 0.00261404 0.00191891 -0.00513279
-0.000450221 -0.00163211 -0.00174065 -0.000663178 -0.00129529 0.000123376 -0.000127376 3.25049e-06 -0.00195829 -0.000593958 0.00171851 0.000718087 0.000673952 0.000499366 0.000285125 0.000680805 -9.65059e-05 0.00146007 -0.00428168 0.00117152 0.00813783 0.00245472 0.00453893 -0.00494095 0.00186183 0.000223985 -0.00228783 -0.000232352 0.00487543 0.000868169 0.0110709 0.00112547 -0.00202188 0.00355208 0.00497077 0.00307511 0.00264999 0.000572158 -0.000831285 -0.000584215 -0.00215524 -0.00365011 0.00164905 0.00106705 0.00207629 0.00115482 0.000913446 -0.00202759 0.000713574 0.0010232 0.000297412 0.000926894 0.000291342 0.000606703 0.00085216 0.00230644 -0.00107867 -7.45448e-05 0.00137592 -0.000752621 -0.000178633 -0.00165635 -0.000986247 -0.000434974 -0.000188907 -0.00229627 -0.00116548 -0.000923998 -0.00224519 -0.000647243 0.00309555 0.0040419 0.0014786 -0.000778547 0.00298667 -0.00233813 0.000836167 0.000416416 -0.00262473 0.00426418 0.00128724 0.00329272 -0.00171436 0.000341725 0.00156152 0.00191039 0.00274572 0.000684258 0.000352401 0.00200569 0.00162615 -0.000575354 -0.00173661 -0.000939855 -0.00264215 -0.00134246 -0.00118474 -0.00269985 -0.00215705 -0.00196848 0.00122318 -0.00239822 -0.002214 0.00209876 -0.00371717 -0.00443054 0.00207058 0.00114639 0.00092964 -0.00520393 0.000840112 -0.000570664 -0.00287431 -0.00657752 0.00462633 -0.00274746 0.00764872 -0.002638 0.00698852 0.0112924 0.00617457 -0.00637079 -0.000409144 0.00482703 -0.00706582 0.00374481 -0.00128736 0.0399853 -0.0238825 0.023265 0.091061 0.990868 -0.0359894 -0.0120669 0.033708 -0.00580672 -0.0227982 0.00106918 0.0139423 -0.0135794 5.56373e-05 -0.00246469 0.00802456 0.0213519 -0.0082848 0.00244065 0.00407728 -0.0058303 0.000965809 -0.0115537 -0.0139881 0.00409099 0.00479728 0.0127298 -0.0128697 0.00533145 -0.00702259 0.00126127 0.00784328 0.00195969 0.00118259 -0.00143303 0.00434393 0.00210503 -0.000310609 0.0120085 -0.000536569 0.000112094 0.00332616 -0.00127445 -0.00289539 0.0013047 -0.00404454 -0.00163438 -0.00166388 -0.00289296 -0.00065227 0.00197055 -0.00419187 -0.00178734 0.00208104 -0.000619423 0.0012124 -0.00283985 -0.000848975 0.00150866 0.000817538 -0.00603741 0.00669093 -0.00105892 -0.00286581 0.00266135 -0.000535603 -0.00597175 -0.00395288 -7.3034e-05 0.00333363 -0.00488307 0.00110097 -0.00231514 -0.00146408 0.00339377 -2.59568e-05 -0.00282438 -0.000314678 0.000372068 -0.00172732 -0.00102744 -0.00307455 -0.000420608 -0.00124826 -0.00426431 0.00334637 -0.00217898 -0.000789376 -6.21298e-05 -0.00040474 -0.000208754 -0.00109769 0.00228871 -0.000447533 -0.000792224 0.000167604 -0.00248688 -0.00269005 0.00203956 -0.00112208 0.00145971 -0.000275319 -0.000630286 0.0020079 3.2074e-05 -0.00153915 -0.000393753 0.00147205 -0.000174778 0.00137133 0.000279178 -0.00343864 -0.00129907 0.00114363 -0.00146541 -0.000910178 -0.000218131 -0.000627361 -0.00118548 -0.00358702 0.000658244 0.000676313 -0.000720858 0.00240224 -0.000310906 -0.00103011 0.00106577 -0.000382051 -0.000796626 0.00298822 -0.00228846 0.000752179 0.000594277 0.000687289 0.00358772 -2.7759e-06 0.00162966 5.67462e-05 0.000554488 0.00218943 0.00198865 0.00143799 7.49103e-05 -0.00125966 -6.98179e-05 0.00116719 -0.000613774 0.000768393 0.00112039 0.00390211 -0.00185981 0.0026579 -0.000926267 -0.000530341 9.13109e-05 -0.00021458 -0.000133749 0.000256151 -0.000506389 -0.000156723 0.000212994 0.000295984 -0.000929702 0.000985353 -0.00363485
0.000537948 -0.000647139 0.00129093 -0.000364149 -0.000226534 -0.000404967 -0.0011465 -0.000722982 -0.00130886 0.00147523 -0.000489847 0.000811307 0.000310215 0.00116813 -0.000201383 -0.000101908 0.00129604 0.00128415 0.00122531 -0.0011501 -0.00260938 0.00670234 0.00125237 -0.00276225 0.00456224 -0.00140302 -0.00172345 0.000913306 0.00161609 -0.00298649 0.00993166 0.000499149 -0.00527339 0.00719161 -0.000358323 0.00544348 0.00399017 0.00180655 0.000537863 -0.000931867 0.00177435 -0.00240253 0.000689698 -0.000431429 -0.00106639 0.00152403 0.00124941 -0.00493087 6.2805e-05 0.000716561 0.00137834 0.000194955 0.000186382 -0.00140276 0.00110275 -0.00410663 8.12518e-05 0.00145516 0.000453858 -0.00144015 -0.00015678 -0.00225688 -0.000865378 -0.00204525 0.00172884 -0.00114332 0.00115489 -0.00130331 0.000737249 -0.00332077 -0.000715503 0.00331538 -0.00314278 -0.00128186 0.00395439 0.00319774 -0.00421869 0.00023359 -0.00323979 -0.00342182 0.000181029 0.00234019 0.000618215 -0.00306871 0.00105488 0.00303065 -0.0014163 -0.00144411 -0.00148028 -0.00339744 0.00231949 0.00383805 -0.00235672 -0.000254251 0.00324217 -0.00389616 -0.00325115 0.0044846 0.00369583 -0.0024883 -0.00159876 -0.00387251 -0.0032681 -0.00364483 0.00131997 0.00355703 0.00220146 -0.00247626 0.00387226 -0.00206834 0.00151247 -0.00584917 0.00132895 -0.00132786 -0.00813242 0.00471384 0.00541288 0.00331672 0.00251116 -0.00287438 0.00822104 0.00476923 0.00973638 0.00156463 -0.000213085 0.00184597 -0.0001705 -0.00194403 0.030189 -0.0609117 0.00711947 0.0410205 0.989668 0.0784036 -0.0489562 0.00157966 0.0120047 0.00490464 -0.00615172 0.0374542 -0.0082895 0.00652631 -0.00451538 -0.0217422 -0.0145824 -0.0150609 -0.00529497 0.00648844 0.00101311 -0.00201897 0.00265853 -0.00993608 0.0036804 0.00413238 -0.00901891 -0.0138259 0.00631901 -0.00324952 -0.00939355 -0.00118614 -0.00966537 -0.00050686 0.00420976 0.00399807 0.00248513 -0.000812403 -0.0119614 -0.000675601 0.00326457 -0.00212339 0.000503354 0.000197834 0.00241918 0.00229714 0.00541071 0.00686536 0.000888799 0.0040439 0.000590675 -0.0031804 0.00206121 0.000256477 -0.00589807 0.00145673 0.000641629 0.00319758 0.00205991 0.00141697 -0.00046586 0.00121382 -5.69637e-05 0.00772583 0.000177201 -0.00227166 0.00351827 -0.0024453 -5.47393e-05 -0.00274552 0.00385672 0.00356684 -0.00101473 -0.00300842 0.00390688 0.00756531 0.0029152 -0.00109581 0.00180672 -0.00169419 0.00233855 -0.000716967 0.00394764 0.000624583 0.0019176 0.00180855 0.00149352 -0.00230298 0.000921326 0.00107608 -0.000165159 -0.00211334 -0.0010201 0.00151907 0.000276339 -0.000898399 0.00219069 0.00182704 -0.00228218 0.00156112 0.000822832 0.00285761 0.000560444 0.000664933 0.000626171 0.00187788 0.000575695 0.00104153 0.00142634 0.000118351 -0.000916315 0.00211987 -0.000309598 0.00051517 0.000526353 -0.00150887 0.00261371 -0.00325582 0.000648384 0.000482467 0.0013397 -8.66081e-05 -0.000500077 0.000823597 0.00014594 -0.0019998 0.000507216 -5.48608e-05 3.00414e-05 0.00234342 0.000240944 -0.000819453 0.000854674 -0.00191054 0.000395875 -0.000565896 -0.00020879 -0.000158877 -0.000132342 0.00207159 -0.00175646 0.00513829 -0.00171321 -0.00126755 0.00157581 -0.00333743 0.00296504 -0.00179583 -0.00145472 -0.000623178 0.00162858 -0.00085131 -0.000440212 -2.40495e-05 -0.00176863 -0.000823807 -0.00156995 0.00128181 0.00133967 0.00122039 -0.000445105 -0.00288412 -0.000543625 -0.000489679
0.00121311 -0.000902581 0.000269771 -0.000673396 -0.00147074 0.000622007 -0.000308764 0.000510671 -0.00269168 0.000393636 0.00159164 -2.83703e-05 -0.000667986 0.00075988 -0.00114535 0.000983584 -0.000133808 0.00074771 -0.00318131 0.00117952 0.00371585 0.000957293 0.00125355 -0.00171935 0.00273123 0.00431832 -0.000978502 -0.000383828 0.00202716 -0.000816862 0.00732386 -0.00166219 -0.00313809 0.00425423 -9.57195e-05 0.00212915 0.000400861 -0.000114165 -0.00183099 0.000165441 0.00189323 -0.00456508 0.000433671 -1.18847e-05 0.00143144 -0.000643045 0.00157393 -0.00281694 0.00148061 0.000866229 -0.00137752 0.00177756 0.00084619 -0.00241028 0.00110864 -0.000921209 -0.000256666 0.000384962 -0.00115718 0.000330586 -0.000330706 0.00265595 -0.000362476 -0.00116636 -0.000158996 -0.000459842 -0.000484178 0.000468386 0.00152 0.00142513 -0.0030242 0.00049243 -0.00433148 0.00168397 -0.00272399 -0.00356887 -0.00409124 -0.00495945 0.000941571 -0.00114706 -0.00220904 0.00253795 0.0020835 0.00022911 0.00124409 0.00154977 -0.00548948 0.00094456 -0.00196291 -0.00673216 -0.000745055 0.00255474 5.9407e-05 -0.000786772 -0.00308505 0.0015695 -0.00375386 0.00340487 0.00238547 -0.00181265 0.00261549 0.00042931 -0.000137257 -0.00642217 -0.00294153 -0.00666118 -0.00151908 -0.00328949 0.005602 -0.00182631 0.00237569 -0.00147946 -0.00189238 0.000896257 0.00325889 0.00159726 -0.00310073 0.00344769 -0.00483294 -0.0121864 0.00233767 -0.00220061 -0.00238862 -0.000756839 0.00175549 0.0126341 -0.00873786 -0.000492009 0.00419241 -0.0397581 -0.0357487 0.017639 -0.0892559 0.986705 -0.0742988 0.000714302 0.0222356 0.00329588 -0.00609507 0.061462 0.00458469 -0.00771249 -0.0145665 -0.0353162 -0.00146803 0.0162449 -0.0127554 0.00560646 -0.00201919 -0.000294876 0.00716028 0.000234923 0.0188822 -0.00208694 -0.0060283 -0.0100414 0.00425973 -0.0134258 -0.00773992 0.00250015 0.00446663 -0.00930695 -0.0117504 -0.00128838 -0.00420803 0.00712009 -0.0112082 -0.00245995 -0.000704287 -0.00469388 -0.00140589 0.00567452 -0.00225738 0.00550349 -0.00304549 0.00146789 -0.00703283 -0.00757134 -0.000982465 -0.000231809 -0.00109123 0.0055076 0.00180816 -0.0038943 0.000420828 -0.00206918 0.00200989 -0.00191061 0.00270482 -0.00158415 0.000320982 -0.0029698 5.88793e-05 0.00120193 -0.00694228 0.000189246 0.00273031 -0.000125498 3.94841e-05 -0.00501896 -0.00241111 0.000723281 0.00109404 0.00071819 0.000417662 -3.15509e-05 5.60933e-05 0.00235123 -0.00111322 -0.000878002 -0.000626873 -0.00092834 0.00123677 -0.002155 0.00184041 -0.000313127 0.000938766 -0.000822053 0.0032024 0.00120397 0.00131163 0.000344456 -0.000289067 0.000362451 -0.000901701 0.000770181 0.00341784 -0.00153086 -0.000947467 0.00212825 -0.00177709 -0.00136412 0.00249741 -0.000338569 -0.00106254 -2.90302e-06 0.00105083 -0.000849591 0.00129092 -0.00246504 -0.000300596 -0.00115704 -0.000581015 5.64028e-05 -0.000761063 -0.00331355 -0.00206503 -0.00065918 -0.000496137 0.00168519 0.000609608 0.0016999 0.000301411 0.00201226 -0.00189757 0.00151107 0.00224877 -0.00176104 0.00112142 -0.000433828 0.000429519 0.00295726 0.000730055 0.000531405 0.00076011 -0.000140536 0.000807017 0.00156442 0.00113333 -0.000243587 -0.000272038 0.000765939 0.000534049 -0.000111439 6.32192e-05 -0.000432891 0.00016322 -0.000426556 -0.00141877 0.000934142 -0.00111946 -0.000279689 -0.000878025 0.000910636 -0.00109514 0.00202325 -0.0033199 -7.98461e-05 -0.00289744 -0.000270776 -0.000625766 0.00014975
-0.000292569 -0.001777 0.000980268 0.00102023 0.00137766 0.000951752 -0.000822168 -0.000492945 0.000703682 -0.000349995 9.14228e-05 0.00136369 0.000152922 0.000667977 -0.000863042 -0.00083149 -0.000371674 -0.00316263 -0.00348899 -0.00474324 0.00363821 -0.000562889 -0.00107379 0.000839942 -0.0019519 0.00416659 0.00218871 0.00210043 -0.0109649 0.0112097 -0.0116201 -0.00480146 0.0104213 -0.00964813 -0.00325549 -0.00300491 -0.000538053 -0.00511703 -0.00192508 -0.000244217 -0.00290208 0.00511918 -0.00189276 -0.00120555 -0.00328531 -0.00126134 -0.00254424 0.00667462 -0.00094536 -0.0020779 0.000360026 -0.0010973 -0.000778735 0.00199867 -0.00204543 0.00277041 0.00174746 8.28381e-05 0.000526144 0.00272315 0.000772903 0.001792 0.000315603 0.000513522 0.00233978 0.00114933 7.56798e-05 0.000851706 0.0025459 0.00139316 0.00379998 0.000634196 0.00152431 0.00165653 -0.00443175 -0.00182452 0.00458805 0.00183008 0.00365051 0.000190087 -0.000815085 -0.00170046 -0.00266142 0.00070358 -0.00178184 -0.0011144 0.00105113 -0.00185833 0.000557502 -0.0018983 -0.0044699 -0.00173233 6.44598e-05 0.00328464 0.000188239 -0.00368057 -0.00646325 -0.00236024 -0.00234076 0.00205278 0.00278137 0.00431623 -0.00259591 0.00505305 0.00150676 0.000899734 -0.0028889 0.00692114 -0.000902823 0.00150167 -0.00311106 0.00472212 0.00548294 0.00289907 -0.00257246 -0.00975063 -0.00329422 0.000720214 0.00160155 0.00334745 -0.00886771 0.00521717 -0.00429011 -0.015358 -0.00402771 0.00248276 0.000714017 -0.00193316 -0.00935755 -0.0044997 -0.0027847 -0.0322279 0.0472143 0.0822438 0.983299 -0.0869563 -0.011838 -0.0233756 0.0525769 -0.0232157 0.0118571 0.00737471 -0.0415312 0.0244879 -0.0168778 0.0105262 0.0493565 -0.0029763 0.0010481 -0.00677287 0.0157526 -0.00296194 -0.0210316 0.0212707 -0.000781334 -0.00847825 -0.00457864 -0.00712645 -0.00673021 -0.005298 0.0162131 0.00491568 -0.00912816 0.00650765 -0.00415203 0.00837062 0.0135189 -0.00825651 0.0017215 -0.0022285 0.000160295 0.00900806 -0.00115986 0.00250091 0.00370931 -0.0111068 -0.00766915 -0.00380161 -0.00261428 0.0119918 -0.00788258 0.00233131 0.00211249 0.000686778 -0.00248197 -0.00765426 0.000500009 -0.00102229 -0.00797266 0.0064266 0.00484856 -0.0102824 0.00616874 -0.00518605 0.00143963 0.00340804 -0.0034129 0.00745009 -0.00113222 0.0029475 0.00296639 -0.00476534 -0.0067378 -0.0178379 -0.00448675 -0.000405148 -0.00401783 0.00247075 -0.00339284 0.00715877 -0.00707083 -0.00340705 -0.00367607 -0.00233267 -0.0072773 0.0066876 -0.00128445 -0.00202086 8.86795e-05 0.00154221 -0.00153911 0.000385729 -0.00132198 -0.00197007 -0.00548076 -0.00272605 0.00104465 0.00049464 -0.0026657 -0.00722462 0.00216303 0.00317062 -0.00436859 -0.00292828 -0.000193414 -0.00224212 -0.00426438 0.00199891 -0.000961465 0.000571544 0.00217257 -0.000287335 0.00174136 -0.000125155 -0.00390379 0.00654265 0.00245458 -0.00140374 0.00161197 -0.00422984 -0.00204152 0.000915626 0.00532196 0.00229826 0.00124316 -0.00111063 0.00173334 -0.000348797 -0.000348013 -0.000540292 0.000149854 0.00155546 0.00241017 -0.00322008 0.00125371 -0.0011936 -0.000212567 -0.00179493 -0.0027439 -0.00428559 0.00205829 -0.00173003 6.09429e-05 0.00154497 -0.00510342 0.0023875 -0.000447799 -0.00373468 0.00350589 0.00362276 -0.00190524 -0.00200946 0.00534999 -5.18758e-05 7.93609e-05 -0.00218906 -0.00217055 -0.0020745 -0.00118553 -0.00225624 0.00116242 -0.00573763
3.45201e-06 0.00155613 0.000467239 0.000335512 0.00168548 -7.18413e-05 -5.00045e-05 -0.000387531 -0.00234616 -0.000463764 -0.00263456 0.00138286 0.000746147 0.000258527 0.00058317 0.00191767 0.000270617 0.0023712 0.00681268 -0.00013884 -0.000914629 -0.00488035 0.00327206 0.000139857 0.00454329 0.00216853 0.00109107 0.000478355 0.00334671 -0.00694715 -8.7064e-05 0.00304512 -0.00399142 2.32152e-05 0.000685012 0.00132213 0.00282498 0.003995 0.0010544 0.000957878 0.00408201 -0.000138571 0.00160423 0.00153029 0.00148623 0.00246871 -0.000277145 -0.00030292 -0.00143272 0.000151073 0.000410094 -0.000142196 0.00136711 -0.00158658 -0.00169736 -0.000492585 -0.00215528 0.0021834 -0.000634735 0.000423163 -0.000225691 -0.000111043 0.000497869 4.76438e-05 -0.000787472 0.00233745 -2.465e-05 0.000459993 -0.00309148 0.00211357 -0.00158105 -0.00413037 0.00223292 -0.00080031 -0.00437179 -0.00243476 -0.000316781 -0.00388975 0.00051719 0.000486588 0.00342828 -0.000929051 -0.000541556 -0.00152596 -0.000172043 -0.00148889 0.000645424 -0.00500406 0.0013158 0.000722083 0.00466257 -0.00059097 -0.0004997 -0.000913211 -0.002657 -0.00050295 -0.00145202 0.000250872 0.00106074 -0.000255541 -0.0021947 0.000482813 -0.000454952 0.00222304 -0.00252219 5.65288e-05 0.00178278 -0.00125178 0.0020689 -0.00122781 -0.00347859 0.00200511 5.34851e-05 -0.00134341 0.00455136 0.00625046 0.00377204 -0.00468736 0.00336267 -0.00293 -0.00373878 0.00434871 -0.000655618 9.82945e-06 -0.0166917 0.0010246 -0.00649534 0.00190238 0.0176893 0.0166011 -0.00454938 -0.00655249 0.00797802 0.0187201 0.0737109 0.884762 -0.438174 0.0514222 -0.0642426 -0.0361794 0.0697396 0.0354199 -0.0125385 0.0253602 -0.013992 -0.00669267 -0.00428582 0.000158595 0.00541917 0.0199041 -0.00824444 -0.00345504 -0.00619042 0.0077753 0.00331453 0.0136344 -0.00440877 -0.00273637 -0.00788116 0.00163584 -0.00541841 0.0121869 0.000315109 -0.00242718 0.00877227 -0.010242 -0.0067373 -0.00280683 -0.00431714 -0.00512415 0.00203513 -0.000432252 0.007923 0.00612999 0.00439308 -0.000139958 0.00638605 -0.00846989 0.002148 7.14206e-05 -0.00449908 -0.00228552 -0.00151577 0.00438572 0.00184543 -0.000641164 0.000691688 0.00453258 -0.00340943 0.00047743 -9.7857e-05 0.00292763 0.00179726 0.00623986 0.00236834 -0.00313685 0.00276154 -0.0044125 0.000363861 0.00213446 0.0043552 0.000678148 0.00261431 -0.00318416 -0.00275974 -0.000386602 0.000789409 -0.000424169 -0.00041274 0.00119529 -0.000109092 -0.00126462 -0.00210341 -0.00593623 -0.00339961 -7.79755e-05 0.000775019 0.000104982 0.00116936 0.00174215 -0.00104593 0.000958596 0.000446246 -0.000374472 0.00124341 -0.00263511 0.00177561 0.000810885 -0.00347803 -0.00254729 -0.00304007 0.00154152 -0.00263734 -0.00223984 0.00131413 -0.000913051 0.00121505 0.00179647 0.000192851 0.000614411 -5.7759e-05 0.00140974 0.000355292 0.000867748 0.000336789 0.00142576 0.000806768 0.00286627 0.00133369 -0.00196139 7.3278e-05 -0.00103581 0.000661816 -0.00101532 0.00173986 -0.00182982 0.00073416 0.000751543 0.00163958 0.000528942 0.000118895 0.000310344 0.00205798 0.000493458 0.00112536 -0.00135706 0.00124626 -0.00217156 -0.00182182 -0.00135708 -0.000890122 -0.00171317 0.0014789 -0.0005455 0.000595322 0.000171074 -0.000716344 -0.00170863 0.0010675 -0.0020746 -0.00186415 -0.000614697 -0.00278267 -0.00509569 -0.0019227 -0.000322095 0.00241557 -0.000740976 0.000578216 -0.000518924 -0.000910776 -0.00133919
0.000125695 6.59378e-05 0.00100918 0.000473797 -0.000110029 9.28248e-05 -0.000516667 2.04003e-05 0.00604547 0.000496823 0.000293733 -0.000169058 0.00070751 9.77936e-05 -0.00108104 -0.000598889 0.000930488 -0.00232173 0.00289439 0.000889886 -0.00321228 -0.00313834 -0.00476231 0.00521873 -0.00462214 0.00421282 0.00221408 0.00706801 -0.00311577 0.00397423 -0.00688339 -7.74648e-05 0.000902629 -0.00116708 -0.00204985 -0.00388336 -6.11248e-05 -0.000130531 -0.00358337 0.000726684 -0.00141105 0.00423448 -0.00165429 0.00109284 -0.000346843 0.00129852 0.0013137 0.0029006 -0.00182777 -0.00245616 -0.000971792 0.00242925 -0.00274487 0.00122355 -0.00103075 -0.000375261 0.00190677 0.00292403 -0.00271469 0.000213385 0.00172311 0.0026989 0.00183532 0.0025331 -0.000164836 0.00149192 -0.00290157 -6.75829e-06 -0.00436675 -0.000207966 0.00240419 -0.00348653 0.0031482 0.000239209 0.00455148 -0.00306184 0.00066409 0.00321817 -0.00192963 -0.0014293 0.000203262 -0.00113861 -0.000306255 0.00173618 0.00130142 -0.00220085 -0.000973428 0.00601968 -0.00417158 0.00295516 0.00143906 -0.00209099 0.00274373 0.000568045 0.00376176 0.00352143 -0.00307179 -0.000275767 0.000552064 -0.000409716 0.00382919 0.00495558 -0.00131067 0.00637135 -0.00236938 0.00221202 0.00159219 -0.00405661 -0.00160374 0.00400156 -0.00152285 -0.00810022 0.00257446 0.00905751 -0.0112344 -0.00422775 -0.00536998 -0.00342829 -0.00565088 -0.0042417 -0.00440088 0.016961 0.00193197 -0.00909453 0.000177906 0.000747129 0.00323761 -0.00187777 -0.000782105 0.00778719 -0.0150884 0.0253757 -0.00898341 -0.0191951 0.0636896 0.42759 0.875549 -0.0117248 -0.15712 -0.0176686 -0.0898531 -0.016806 0.02176 -0.0541538 -0.00790692 0.035617 -0.0422034 0.019776 -0.0192831 -0.00204706 -0.0028653 -0.0229514 0.0189279 -0.00940728 -0.00221309 0.00100459 0.00403357 -0.00362776 -0.00155857 0.00497367 -0.00281841 -0.00031006 0.00752195 0.0137053 -0.00618217 0.00647742 -0.00447132 0.00365374 -0.00115219 0.00799476 -0.000446149 0.0102049 -0.00181255 0.00286735 -0.00481209 0.00430926 -0.000562504 0.000238708 0.00415118 0.00530364 0.00694155 -0.00196672 0.00837992 -0.00720118 -0.0110667 -0.00217112 -0.0100603 0.000519239 -0.00317624 7.27577e-05 -0.000202758 -0.00280044 0.00595025 -0.00112476 0.000372018 0.00328548 -0.000643199 -0.00101284 -0.0072096 0.00158044 -0.000630083 -0.00170046 -0.00546628 -0.00151787 -0.00291423 0.00112544 -0.00088853 0.000494447 -0.00217751 0.00113657 -0.000930171 -0.00472812 -0.00105791 0.00163788 -0.00245341 -0.000968981 -0.00275715 6.79105e-05 -0.00256806 0.00154613 0.0010005 -0.00307696 0.000225461 0.00400379 -0.000104075 0.00109444 -6.82151e-05 -0.00248994 -0.00289646 0.00203501 -0.00318624 0.00166057 0.00114861 0.001822 0.00136342 -0.00261684 -0.00152024 0.00114829 0.00229027 -0.00318915 -0.00277709 0.0030597 0.00279076 -0.00189131 -0.000603435 0.00119314 0.000807236 0.00118176 0.000804115 -0.00308673 -0.00412305 -0.00186259 -0.000729253 0.000573208 -5.66279e-05 0.000457632 -0.000861492 1.22735e-05 0.000273467 -0.00020483 0.000625704 -0.00127099 0.00193237 -0.001274 0.00182888 0.000864625 -0.000203883 0.000778226 -0.00118644 0.000585262 -0.000178368 -0.00234772 -0.0045426 0.00251303 -0.00108573 0.00179549 -0.000914943 -0.00161905 0.0004465 0.000610555 0.00267719 0.00116366 0.00274807 0.00356555 -0.00175757 -0.000765334 0.00138219 -0.00141771 0.000966508 0.000304607 -0.000945091 0.000216732
0.000471099 0.000908533 4.27628e-05 0.000753818 -0.000205174 -0.000912165 -0.000105398 -0.00032718 -0.00319838 0.00037563 -0.000868574 0.000450195 0.000298242 -0.000643222 -0.000436626 0.00137407 0.00107838 0.0011363 0.00743589 -0.00017735 -0.00352107 -0.000939547 -0.00106341 0.0013766 0.00274914 -0.00226164 0.00250613 -0.00689566 0.00458947 -0.00244841 -0.00660866 -0.00600246 4.3361e-05 -0.00572952 0.00086901 -0.00151244 0.00229224 0.00204741 -0.00108624 0.00135966 0.00445462 -4.78943e-06 0.000553076 -0.000461054 -0.000210053 -0.00249504 -0.0025701 -0.00140486 -0.00121245 0.00175587 0.00077 -0.00227421 0.00251186 -0.00240244 0.000955236 -0.00261293 -0.000588491 0.00171487 -0.00195936 -0.000683341 -0.000566297 -0.000651794 -0.000324702 -0.000900776 0.000181298 0.0016904 0.000100753 -0.000595455 0.000593718 -0.0011651 -0.0012234 -0.00292033 -0.00305924 0.00144237 0.00149898 0.00121011 -0.00175938 -0.00582332 -0.000923983 -0.00271672 -0.00262711 0.00383194 0.0022038 -0.0014158 -0.000221912 -0.00144417 -0.0033213 -0.00188559 0.00197786 -0.000984431 -0.00296516 -0.000343268 -0.00103763 0.00416311 -0.00153452 -0.00179891 -0.00223888 0.00134101 0.000874642 -0.0004641 0.00218146 0.00186225 -0.000158306 -0.00276506 -0.000223748 0.00606715 -0.00513085 0.00264592 0.00113321 0.0020739 -0.0010345 0.000325188 -0.00618722 0.00101052 0.00454607 0.00205148 0.00100373 0.0035984 -0.000185126 -0.00447542 -0.00480247 -0.00225036 0.00201306 0.00527177 -0.00867568 0.00627423 -0.00432122 -0.00933715 1.90007e-05 -0.00653685 0.0108457 0.000219374 -0.00315488 -0.0153433 -0.033786 0.111651 0.0572728 -0.784668 0.502114 0.279836 0.144367 0.0381633 -0.0470402 0.046683 0.0344035 -0.0144765 0.0344702 0.00454246 0.0175856 -0.022145 0.0308727 0.0364953 -0.00110498 0.000825296 -0.00774071 -0.00662406 0.0276521 0.00632442 0.0042973 -0.0120178 0.00216898 -0.0053742 -0.0238063 -0.0106807 -0.00518781 0.00232212 0.0101142 -0.00350033 -0.000778546 -0.00157218 0.00606375 0.00367843 -0.00465518 -0.000824196 0.00219396 -0.00307643 -3.37483e-05 -0.00441063 0.00255018 -0.00224697 0.00571782 0.000741208 0.00924257 -0.00657741 0.00316238 0.00106294 0.00107494 -0.00363179 0.00490357 -0.00331987 0.000929342 0.00499175 0.000263483 0.00166807 -0.00187136 0.00199291 0.00111171 0.00127867 -0.0058512 -0.00177795 -0.000421883 0.00202501 -0.00395012 -0.000164202 -0.0023491 -0.00127498 -0.000519559 0.000953335 -0.00068423 -0.00011761 -0.00150453 -0.00293026 0.00149946 -0.00111023 0.000848829 -0.00119706 0.000261616 0.00150936 0.00075948 0.00156593 0.0007791 0.000972412 0.000754005 -0.00123277 0.00222524 0.00356451 0.00038774 -0.00124299 -0.00100292 -0.000275141 0.00145326 -0.00219525 -0.00231948 -0.0011309 0.00038971 0.00379859 0.000989084 0.00156807 -0.00016812 -0.00231101 0.000615177 -0.00183218 -0.00210769 0.00135868 -0.00109867 0.000755626 -0.00438907 -0.000232903 -0.000329104 0.00176804 -0.000895473 0.00221982 -0.000549336 0.00101627 -0.00162067 -0.00162266 -0.000821628 -0.000934026 0.00104229 -0.00179013 0.000175059 0.000628201 0.000904733 0.00176112 0.00224383 0.000740837 0.000568924 0.00115465 0.0022565 0.000377798 0.00198566 0.00283286 0.00174492 0.00135275 -0.00210208 0.000824855 0.000457903 -0.00128997 0.000509626 -0.000310962 0.00076635 0.00169111 0.000505924 0.00252355 -0.000347213 -0.000798472 0.00218242 0.000532628 0.000961357 -0.00139151 -0.000715491 0.00246521
-0.000260008 -0.000597507 0.000502758 0.000552707 -0.000135582 0.00155843 -0.00145109 -0.00038653 -0.00224338 0.00024636 -0.00157066 0.00320478 0.000761896 0.000408963 -0.000376575 0.00196182 -0.00027197 -0.000772515 -0.00114359 -0.00190232 0.000940533 0.00384372 0.00118094 -0.00207271 -0.00263719 0.0042025 0.00247654 0.00178943 -0.00495676 0.00444566 -0.00044518 -0.00565507 0.00306648 -0.00177188 -0.00270162 0.000747863 0.00336777 -0.00316528 0.00166175 -0.000231875 -0.00127462 -0.00190359 -0.000757555 -0.00174232 -0.000852746 0.00172136 -0.00282311 -0.000614808 0.00355123 -0.0017329 -0.00128451 -0.00125137 -0.000321254 -0.000823321 -0.000484086 -7.65438e-06 -0.000341594 -0.000330712 0.0017156 0.00100085 -0.00192327 -0.00124436 -0.000411588 -0.000301577 0.0018068 0.000256337 0.00214319 0.000635146 0.0010143 0.00248214 0.00139569 0.000924971 -0.000461369 -0.00106796 -0.00388976 -0.000258618 0.001425 -0.000864363 0.000928214 0.00107059 -0.000108467 -0.000562892 -0.000830275 -0.00334653 7.286e-05 0.00198203 -0.00137412 -0.00333262 0.00559843 0.000968226 -0.00079691 0.00146899 -0.00091833 -0.00286464 -0.00137109 -0.00224015 -0.00535644 -7.18695e-05 0.000442365 0.00237773 -0.0044636 -0.00310691 -0.00310482 -0.00013483 0.00416534 0.00246695 -0.00611617 0.00237467 0.0041116 0.00200061 0.000941316 0.00582668 0.00730705 -0.00382957 0.00194085 0.0015135 0.00597604 0.00171452 0.0073183 0.00278985 0.00116606 0.00172573 0.00519097 0.0093382 -5.11264e-05 -0.00020268 0.00475151 -0.0115059 0.00658766 0.0095463 0.00818526 -0.0069731 -0.00656873 -0.0129815 -0.0170736 0.0836316 0.123064 0.598992 0.742975 0.221262 0.0691687 0.0102595 -0.0250244 0.048472 -0.0180159 -0.0352906 0.046149 -0.015519 0.0271222 -0.0062451 -0.0122416 0.0251028 0.00353832 0.0103129 -0.00514559 -0.0216604 0.00990346 0.00733457 0.0103338 -0.00911632 0.00502102 0.00590213 -0.0116225 -0.00441346 -0.0105182 0.0167366 0.00415599 -0.00709249 -0.00418377 -0.00954036 -0.000161817 0.00145219 -0.0056556 -0.00479363 -0.00413625 -0.00827829 -0.00643631 0.000306859 -0.00488359 -0.0042376 -0.00110319 0.00776446 -0.00701099 -0.00120272 0.00439372 -0.00384389 0.00854811 -0.00700644 0.00752368 -0.00236215 -0.000940338 0.00543217 0.00251024 -0.00381003 -0.00351786 -0.00118421 0.000553002 -0.00431493 0.00161713 -0.000353207 0.000261259 -0.000852148 -0.00121957 0.00588096 0.0018752 -0.00111514 -0.000172319 0.000576926 0.00027774 1.12633e-05 0.00227792 -0.000542171 0.00238198 -0.00022252 0.00438548 0.00207182 0.000672644 -0.000245292 0.000180473 -0.00209359 -0.000579443 0.00066358 0.0021339 -0.00184416 -0.00178745 0.000442976 -0.000378837 0.00156138 -0.000186593 -0.000396467 0.00471297 0.000848295 -0.00266359 -0.000864892 -0.000632485 0.00417578 0.00161894 -0.000551543 -0.00250107 0.000196877 0.00155059 -0.00423421 -0.00197689 0.00205932 -0.00151734 -0.00190759 -0.00336262 0.00243905 0.00112549 0.000345817 -0.000742345 0.00364276 -0.00105792 0.00274423 -0.00193166 0.00244848 0.001846 0.000557456 0.000213977 -0.0028144 0.000331723 0.00109499 -0.000716767 0.00234071 0.000994898 -0.000774327 0.000765391 0.00171023 0.00218935 0.00357026 0.000518686 -0.000557746 0.00147952 -0.00169423 0.0024312 -0.000495406 0.000627504 -0.0028843 0.00145891 -0.00255572 0.00160034 0.000448002 -0.0022206 -0.00155599 -0.000517104 -0.000654696 0.00041606 -0.000128991 0.00111667 -0.0013417 -0.000161558 0.000115502
-0.000838434 -0.00106508 -0.000134756 -0.00129593 -0.00124976 -0.00123095 -0.000453951 -0.000681188 -0.00145167 -0.00128545 0.000375085 -0.000538212 -0.000316162 -1.23068e-05 0.000739575 0.00224807 -0.000906722 0.000382196 -0.00356639 -0.00154601 0.00908979 -0.00662284 0.000223753 -0.00297805 5.43265e-05 0.00497808 0.000409021 -0.00423964 0.000529952 0.0044851 -0.000413464 -0.000980997 0.000596423 -0.000829276 -0.000536972 0.00120061 0.00371006 0.000768967 0.00101352 -0.0023752 -0.00187574 -0.000174585 -0.000339829 -0.000739649 0.00138078 0.00101742 0.00039472 -0.000533201 -0.00176165 9.99202e-05 0.000373081 -0.000108159 0.000276049 0.00298192 -0.000521298 0.00213568 -0.00063234 -0.00442585 0.000964899 -0.00167375 0.000139694 -0.000740009 -0.000194471 0.000910569 -0.000154491 -0.000593337 0.00156264 0.000743543 0.00229115 0.0040473 -0.00240729 0.00176607 -0.00255992 -0.00156202 -0.00336153 -0.000164751 -0.00229539 -0.00528602 0.000509468 0.00194232 0.00112362 -0.00108652 0.00242422 0.0015945 -0.00300451 1.51942e-05 0.00260874 -0.00450782 0.00286657 0.00107002 -0.00228918 0.00287107 0.00239414 -0.00423768 0.00172705 -0.00245225 0.000214096 0.000818162 0.00173509 -0.000410619 -0.00301028 -0.0012676 -0.00133121 -0.000437681 -0.000562233 -0.000500779 0.000991816 0.000703531 -0.000545594 0.000908328 0.000839735 -2.35785e-05 -0.00276264 -0.00310511 0.00922964 0.00112147 -0.00229331 0.0023617 -0.00270667 0.0077324 5.60608e-05 -0.00159037 -0.00605379 0.00271591 -0.00415356 -0.0120993 -0.012462 0.00676757 -0.0173602 -0.00368558 -0.00561225 -0.012522 0.03251 0.0596587 -0.0530032 0.0185943 0.0405678 -0.102791 0.346884 -0.915047 -0.0518139 0.00470201 -0.0601187 0.00857292 0.0162362 0.0140052 0.0713762 -0.0253517 0.00745055 0.0192521 -0.0230238 -0.029606 -0.0251295 -0.0186321 0.0333793 0.0297575 -0.00203194 0.0270106 0.0120842 0.00942839 0.023353 0.00182043 0.000763244 -0.00921692 0.00870927 -0.013796 0.00598797 -0.002547 -0.00144505 0.00480604 0.000835578 -0.00438427 0.000369242 0.0054388 -0.00668098 -0.00487973 0.00127483 -0.0168736 -0.00288612 0.0015596 -0.00355405 0.00139157 0.00140756 0.0104006 -0.00299988 -0.0043803 -0.00432873 0.00613239 0.00313122 -0.0013636 -0.00277622 -0.00296501 -0.000571145 0.00566411 -0.00654656 0.00118606 0.00221299 -0.0040011 0.00477324 -0.0036387 -0.00121282 0.00654443 0.00479214 0.00657085 0.00450722 0.000950575 0.00281882 -0.000348416 0.00289091 -0.00288341 0.00530272 0.00713577 0.000276832 -0.00208575 -0.000649978 -0.000604765 0.00160086 -0.0030079 0.000264916 -0.00119706 -0.00100135 0.000795126 -0.000703867 -0.00171292 0.000968767 -0.00117067 0.00105396 0.000832311 0.00132522 -0.000304497 -0.0021813 0.000977916 0.00234224 -0.00125409 2.40404e-05 -0.000612485 -0.00224793 -0.00119046 0.000611852 -0.0017311 0.000754906 0.000441975 -0.000848704 -0.00153583 -0.00195124 -0.00193089 -5.19682e-06 -0.000533621 0.000591304 0.00276904 0.0009915 -0.00371896 0.00244545 -0.000166723 0.00339988 -0.000107824 -0.00191384 0.00130983 0.0011846 0.00109282 0.00232268 -0.0037609 -0.00104394 0.000608047 -0.000286704 -0.00255713 4.50043e-05 0.00115247 0.000300505 -0.00431943 -0.000411152 0.000480637 -0.00018287 0.000170924 0.00182982 -0.00159001 0.00138118 0.000668733 -0.00284649 0.00169626 -0.00250432 -0.0026279 -0.00309736 -0.00168993 -0.00036828 0.00092373 -0.00301391 0.000394459 -0.00274597 -0.000199556 0.00142023 0.00123779
0.00104576 -0.00172951 -0.000931018 0.00110301 0.00284286 -0.000150289 0.00123521 0.00090441 -0.00256839 0.00188672 0.00147056 0.00316802 -0.000747981 0.000386894 0.00103604 0.00241594 0.00383811 0.0028371 0.0201801 -0.0135302 -0.00794632 -0.00384383 -0.0048007 -0.00721714 0.00220124 0.00392478 0.00031191 -0.00280651 -0.00760518 0.00725357 -0.00785448 -0.00904568 0.000333867 -0.00134762 -0.00130554 -0.000658418 -0.00101891 0.00386437 -0.00279558 -0.000277844 -0.00318547 0.000758163 0.00264557 -0.000306617 -4.21623e-05 5.79701e-05 -0.00382854 -0.000723242 -0.00155504 -0.00154096 0.00147664 -0.00052474 -0.00216081 -0.00268795 0.00268049 0.000466336 -0.00221997 0.00104301 -0.00386212 -0.00319071 0.00142698 0.00109396 0.000211228 -0.00105964 -0.000996208 -0.000462578 -0.00147568 -0.00238895 -0.00673558 -0.0048344 -0.00255742 -0.000268392 -0.00712825 0.00277754 0.00408126 0.00529026 -0.00267062 0.00168824 -0.00690812 0.0022233 -0.00452601 -1.06808e-05 0.00460297 -0.000408188 0.00026013 0.000464587 -0.00178831 -0.00435738 0.000311361 -0.00193789 -0.00394924 -0.00168475 0.00294808 0.00335853 0.00405913 0.00332906 0.00315414 -0.00347846 0.000858773 -0.000691974 0.00453786 0.00536987 0.00177411 -0.00469502 -0.00547924 0.00615702 -0.00891244 -0.00422883 -0.00513907 0.00952955 -0.0133533 -0.000416843 -0.002683 0.00260209 -0.00205905 0.00322159 -0.0130642 0.00592283 0.008124 -0.00612436 -0.0142746 0.00320513 -0.00275562 -0.0024854 -0.0019732 0.0114213 -0.0152188 0.0224205 0.0060537 -0.00882346 0.0249545 0.00149503 0.00773645 -0.000287803 -0.0222711 -0.0451177 0.103895 0.0716566 -0.139087 -0.0961636 0.941906 0.0716099 -0.0838986 0.0565104 -0.0364589 0.0482525 0.131399 0.129894 0.00177628 -0.0182286 0.0342514 0.00247677 -0.0378859 0.0226046 0.00608133 0.03023 0.00902388 -0.022371 -0.00896085 -0.0104627 -0.00303279 -0.0149115 0.00453623 -0.011613 0.00186569 -0.00523389 0.00512372 -0.00320439 0.00610109 -0.0109768 -0.00278394 -0.00276712 0.00904996 -0.00247167 0.00958353 0.0055743 0.00506766 0.00106991 0.0136464 0.00116941 -0.00049812 -0.00800546 0.00765849 -0.00341946 -0.00776175 -0.00721675 -0.00453901 0.00913129 -0.00601852 0.0142878 0.00365693 -0.00423517 0.00496536 -0.0040273 0.00166799 0.00529921 -0.00315127 0.00814261 -0.00436702 0.00677537 0.0127429 -0.00207225 -0.00451191 -0.0281462 -0.0108226 -0.00135525 -0.00355657 0.000668367 -0.00625518 0.00770901 -0.0126584 -0.00789923 -0.00290667 -0.00316435 -0.00890716 0.0038984 -0.00253741 0.00422196 -0.00107666 0.00382089 0.000542199 -0.00127207 -0.00129157 -0.000830487 -0.00252101 -0.000549168 0.000854577 -0.0032874 -0.00168952 -0.00959281 0.00420913 -0.00125756 -0.00745781 -0.00357018 -0.00080674 -0.00644507 0.00179813 0.00541921 -0.000640763 0.00337979 -4.94609e-05 0.00290999 0.0016887 0.00234998 -0.00335957 0.00999729 0.00358736 -0.00157687 0.0030548 -5.0923e-05 -0.000363649 -0.000313838 0.00375515 -0.00148587 0.00409022 -0.00709687 0.00146818 9.66176e-05 0.000166385 -0.00208732 0.00196295 0.00395067 0.00620063 -0.00626503 0.00637989 -0.00102684 0.00181387 -0.00523715 -0.00668483 -0.00991389 0.00128255 0.00144091 -0.00284205 0.00104853 -0.00577912 0.00365145 -0.00182849 -0.00410327 0.00534017 0.00277814 -0.0100748 -0.00133395 0.00453103 -0.00539569 0.00553455 -0.000744855 -0.000176404 -0.00156629 2.08606e-05 -0.00381161 0.0030447 -0.00773624
0.000281186 -0.00199368 -0.00120194 0.0012538 0.00342089 -0.000127222 0.00107654 0.000544164 0.00313091 0.000455403 0.000456876 -0.00018892 -0.000143809 0.000596077 -0.000285171 -0.00115371 -0.00118724 -0.00064107 0.00231978 0.00397072 -0.0128907 0.00495107 -0.0148416 0.00509938 -0.00655441 -0.00482221 -0.00448855 0.00698897 -0.0120205 0.00226768 -0.0091783 -0.00209407 0.00755836 -0.00972113 -0.00150928 -0.000275362 0.000629647 0.000969518 -0.00175586 -0.000214111 -0.00529774 0.00531403 0.00172246 0.00111772 0.00380869 0.0023875 0.000606178 0.00250148 -0.00110733 -0.00313442 -0.00303916 -0.00116892 -0.000755525 -0.00122501 -0.0030915 0.00220837 0.000816028 0.000669391 0.0019339 0.00260177 0.000635837 0.0028786 0.00212239 -0.00040079 0.000337124 4.0963e-05 -0.00232647 -0.000399807 0.0011625 0.00243897 -0.00218158 -0.00116768 0.00146909 0.000554162 -0.00323819 -0.00517109 -0.00113998 -0.00136184 0.00284414 -0.0029856 0.00202868 -0.00648814 -0.00469875 -0.000767944 0.00154046 0.00189825 -0.000473184 0.00804333 -0.000278204 0.00523541 -0.00179273 0.00173565 -0.00336562 0.000919743 0.000803424 -0.00293379 0.00477442 -0.00548365 -0.000648201 0.00190626 0.00547791 0.000861312 0.00216244 0.00385956 -0.000205197 0.00289661 -0.0034128 -0.00210516 -0.00777864 -0.00311472 -0.0052135 -0.000451402 0.000592566 -0.00240298 0.00569775 -0.000479232 -0.00640684 0.00299238 0.00547633 0.000842444 -0.00701176 -0.00816767 7.20007e-05 0.00679701 0.00659824 0.00756617 -0.00294475 0.0109272 0.0153984 0.0188638 -0.00544763 -0.0129075 0.011032 0.0333942 0.0306406 -0.00463926 0.0109727 -0.0201158 0.0380583 -0.0546877 0.0722947 0.124714 0.906114 0.26499 0.0828629 -0.159393 -0.0826908 0.07653 -0.0509057 0.0791938 -0.096157 0.0468259 0.0245616 0.0601313 -0.015349 -0.0230008 -0.0495146 -0.00598857 -0.0219557 -0.00423006 -0.0142201 -0.0151887 0.0115527 -0.00446538 0.00630434 -0.00716338 0.00573442 0.0276138 0.0076995 0.0024855 -0.00613458 -0.00911743 -0.00200628 -0.00145672 0.000561038 0.00474695 0.00932375 0.00908572 0.0034159 -0.00957374 0.00451736 -0.0118338 0.00210482 -0.00346498 -0.00374789 0.00627924 -0.00112423 0.00596155 -0.00426938 0.00969802 -0.00142605 -0.00350549 -0.00495066 -0.00307657 0.00103983 -0.00332187 0.00609894 -0.00107395 0.00405975 -0.00215256 -0.00212856 -0.00217738 0.0016605 -0.00391702 -0.000288539 0.000455801 0.00105262 -0.00125038 -0.00131265 -0.000702442 -0.000846798 9.57957e-05 -0.00086467 0.000157005 0.000227384 -0.0012739 -0.000255308 -0.0028257 -0.00114131 0.00230585 -0.000324118 0.000110129 2.14185e-05 -7.11845e-05 0.00207468 -0.00387846 0.000207115 0.000647223 0.00232902 -8.6483e-05 0.00441971 -0.00308302 -0.000662601 7.5536e-05 -0.00119368 0.0014828 -0.00105834 0.00184569 0.00302839 0.0014487 0.000308206 0.000985513 0.00027194 -5.46423e-05 -0.00138498 0.000876461 -0.00334599 -0.000273519 -0.00189444 0.000341618 -0.000809017 0.000885603 -0.0046921 0.00123862 -0.00130482 0.00263631 0.000441887 0.000409085 -0.00058819 0.00108657 0.00175561 0.00118381 -0.000140725 0.0023952 -0.000488573 0.00125147 -0.00136882 -0.001322 -0.00051826 -0.00233763 -0.00191527 0.00114706 -0.00107947 -0.00069251 -0.00148735 0.00106562 0.00156907 -0.00308345 0.00152166 0.00492207 0.00596042 0.00231805 0.00524502 0.00330061 -4.36355e-05 -0.000506317 -0.000730731 0.00281356 -9.26583e-06 0.00432162 0.000632646 0.000779823
0.00105623 0.00230874 0.00129003 0.000678441 0.00263852 -0.000739438 -0.000828097 -0.000127187 -0.000734543 0.00118241 -0.00185572 0.000603735 0.000483317 -0.000151019 -0.00059244 0.00128576 0.00112259 -0.00231223 0.0036018 0.0010872 -0.00995567 0.00578297 0.00222897 -0.00041638 0.00608717 -0.00306296 0.00180191 -0.00197612 0.00149145 -0.00193953 -0.0093376 -0.00598712 0.00203779 -0.00601344 -0.00223112 -0.000316048 0.00365488 0.00132674 0.00199173 0.00360696 0.00281676 0.00291685 -0.00111005 0.00134205 -0.00116476 0.00163338 -0.00273095 -0.000533319 -0.00231233 -0.00158119 -0.00173421 -0.00114731 0.00122674 -0.00142586 -0.00218059 0.000631345 -0.00104074 0.00121835 -0.00203091 0.00107883 0.000893279 -0.00185052 0.000363135 0.00177861 -0.00104365 0.00207424 -0.000640049 -0.000206606 -0.00393116 -0.000981578 -0.000604104 -0.00430544 0.000606249 -0.00347767 -0.0019353 -0.00162749 -0.0001326 -0.00544608 0.00226922 -0.000466421 0.00136976 -0.00248273 0.00235672 0.000416306 -0.000572513 -0.0010796 -0.000395727 0.00169557 0.00230729 0.00262452 0.00195361 0.000268757 0.00216774 -8.40208e-05 7.62881e-05 -0.00196159 0.000890436 -0.000539412 0.00206344 0.00316521 0.00132368 -0.00268463 -0.00303234 0.00254861 0.00322035 0.0016154 -0.00269014 -0.000636172 0.000882866 0.00526076 -0.00266953 0.00179402 -0.000851467 -0.000877615 -0.00136208 0.00352335 0.0110252 -0.00404888 -0.00034839 -0.00133681 -0.00413651 0.01123 0.0070464 0.00187989 -0.00775491 -0.00105684 -0.00231382 0.0071475 0.00442223 -0.0116468 -0.0029017 0.00357029 -0.0103655 0.00577152 -0.0199554 -0.0245237 0.0201577 0.0165724 -0.0342483 0.0181318 -0.135828 0.950596 -0.1299 0.0919664 -0.0849832 0.0372333 0.143977 0.0972279 -0.051041 0.0250824 -0.0270307 -0.0308506 0.0204365 -0.0133203 0.024292 0.00617962 0.0175981 -0.000811476 -0.00206832 -0.0107336 -0.00394297 -0.0151935 0.0245332 0.0210013 -0.00242713 -0.00643722 0.00123781 -0.0110919 0.000160184 -0.00794747 -0.00070075 -0.00535175 0.00109176 0.00375052 -0.00148694 0.00981693 0.00383929 -0.00101655 -0.00104213 -0.00629297 -0.000449746 -0.000875173 0.00125972 -0.00132112 -3.91904e-05 0.00109582 0.00400132 -0.00225622 -0.00103121 -9.45699e-05 -0.00389086 0.00186059 -0.00235933 0.00476639 5.22098e-05 -0.000245884 -0.00131539 0.000446218 0.00569842 -0.000231247 0.00564912 -0.00102896 0.00393354 0.00134189 0.00213118 -0.0014466 0.0009448 0.00168187 -0.0014342 -0.00215917 0.00307888 0.00164143 -0.00305547 -0.00312019 0.00448311 0.00125926 0.00391525 -0.00050886 0.00090687 -0.000491353 0.000247478 0.00100205 7.77482e-05 -0.000354902 -2.45802e-05 -0.00156248 -0.00313928 0.00270361 -0.000476295 -0.00162528 0.000673883 -0.00133801 -0.000268964 -0.000489023 -0.00122249 0.00301798 0.000120982 0.00226296 0.000910937 -0.000356484 -0.00093533 0.000227944 -0.00226485 -0.000640072 0.000197622 0.000599518 -0.000536672 0.00198684 0.000979162 0.00300103 0.000620711 -0.000956084 0.000950838 -9.28948e-05 0.000128364 -0.000894082 -0.000806415 0.00327144 0.000657237 0.00186614 0.000338109 -0.00195551 -0.000966625 -0.000886266 -0.000113163 -0.000892778 -7.71657e-05 0.0012131 -0.000500636 0.00292286 0.000222968 -0.000139738 0.00447783 -0.000509455 0.00180401 -0.00125118 2.91745e-05 0.00168159 0.000383313 -0.00209739 0.000449482 -0.000673625 -0.00170892 -0.00540201 8.36355e-05 -0.00209258 0.000449689 0.000592985 -0.000893401 -0.00256974 -0.000591258 0.00116907
-0.00081142 0.00128936 -0.000381686 -0.00124488 -0.000555631 0.00182607 -0.00225978 0.000460435 -0.00146043 6.15997e-05 -0.000877121 0.000709937 -0.00077342 0.000731514 0.000409463 0.0011779 0.000777476 -8.2806e-06 0.00205154 0.0013038 -0.0020139 0.000691809 -0.00169421 3.17843e-05 0.00984284 -0.00471528 -0.00466366 -0.00537044 -0.00111881 -0.00665662 -0.00535683 0.00112714 -0.000535163 0.000393789 0.00199131 0.00139191 0.0027537 -0.000544538 0.000863538 -0.00266544 -0.000148721 0.00136041 0.00117091 0.00072711 0.000917871 -0.000172465 -0.00405901 -0.00320661 -0.00085021 0.00058424 0.00337671 -0.00166928 0.00224245 -0.000466283 -7.9112e-05 -0.000996668 -0.00184251 -0.00130025 0.00097537 -0.0019041 0.000219764 -0.000693762 -0.0011436 -0.00164284 0.00246536 -0.00168817 -0.000879996 -0.000211073 0.00232307 0.00161437 -0.00428743 0.00154924 -0.00541155 -0.000542852 0.00179541 0.0017545 -0.00374844 0.000877083 -0.0014222 -0.00020444 0.00113416 0.000237965 0.000154885 -0.000487882 7.00835e-05 0.00131364 0.00135929 -0.00191864 0.000388882 0.000223407 -0.00157569 0.00224654 -0.000794045 0.000984994 0.000817934 -0.0015651 0.00399985 -0.00264922 0.000141549 -0.00029109 -0.00359357 -0.00117262 0.00158414 -0.00421458 -0.000983135 -0.000733541 -0.000945754 0.00260823 -0.000423422 -0.0023428 -0.00560074 -0.000613504 -0.0047827 0.000401081 0.00598833 0.000691613 -0.00140907 -0.00155589 0.0104393 0.00593749 0.00198621 -0.0105963 0.00975046 -0.000217293 -9.1876e-06 0.0023304 0.000786463 -2.30435e-06 -0.00236931 -0.000766352 0.0122602 -0.0151031 0.0140972 0.0301931 -0.0354148 0.00512031 0.0519833 0.00670652 -0.0922112 0.0155987 -0.0979837 -0.157442 -0.243327 0.916423 0.0355967 -0.107032 0.17929 -0.040039 0.00159024 0.0324912 -0.00628657 0.0187616 -0.0159972 0.0193556 -0.000711579 -1.18652e-07 -0.0072278 -0.00602866 -0.00995995 0.000276711 0.0176396 -0.0074423 0.00684554 0.00833532 0.00851254 -0.017247 0.0111536 -0.00608761 0.0117505 0.00480057 0.000167033 -0.00713093 7.7219e-05 -0.00493512 -0.00186795 -0.00247354 0.00398604 0.000799239 0.00344866 -0.00553919 0.00208954 -0.00748967 0.00257104 -0.00281963 0.0020359 0.00451778 -0.00172057 0.000595968 0.00598889 0.00203473 0.00350656 -0.00116116 0.00137778 0.00176458 0.000842824 -0.000869603 0.00363003 -0.00138419 0.00098435 -0.00204107 0.00264171 0.00311114 0.00139734 -0.00316847 -0.000567305 -0.000924703 0.0011532 -0.000887944 -0.000395327 1.63989e-05 -0.000409555 0.000498926 0.000660451 -0.00109283 -0.00216722 -0.00258878 0.000213696 -0.000935363 -0.000512315 0.00138446 -0.000951674 0.000326763 -0.000480929 0.00170748 0.000914192 0.000126845 -0.000728502 0.00115825 0.000197926 -0.00134695 0.00274669 0.00116045 -0.00304407 -0.000931565 -0.00155634 -8.87139e-07 -6.06074e-05 0.00234568 0.000932708 0.00179647 0.00150991 -0.00260626 -0.000226816 0.000861754 -0.000895306 0.00110977 1.60707e-05 -6.38497e-05 -0.00137938 0.00108845 -0.000263465 -0.000501691 7.9909e-06 -0.000600058 0.00245635 0.0006018 -0.000190695 -0.00124597 0.00112354 -0.000488645 -0.000341185 0.000220885 0.000723864 0.000610135 -0.00158289 0.000627327 0.000485376 -0.0014421 0.00273729 0.000114319 -0.000332846 -0.000879154 -0.000925384 -0.00251545 0.000825678 0.00080063 0.000946902 -0.00196653 0.00151907 -0.000326402 0.00211531 0.000748102 0.00180553 -0.00186136 -0.000240281 -0.00143876 0.000802466 0.00110027 0.000780211 -0.00090469 -0.00145842 -0.00203387
0.000367881 -0.000817077 -0.000695304 -0.000520135 -0.00265948 -0.00115996 -0.0022594 -0.00140918 -0.000146915 0.000171351 0.000420642 -0.00169545 0.000552596 -0.000555234 0.000960596 0.00016038 0.000234271 -0.00246742 -0.00717936 -0.00183388 -0.00213579 0.00156242 0.00552338 -0.00486288 0.00607441 -0.0034811 -0.00270961 -0.00332262 -0.0021522 -0.00074473 0.00182623 0.00532038 -0.00143401 0.00456952 0.000544417 0.00489148 0.00385752 0.00124598 0.00131881 -0.00165501 0.000750462 0.00259739 -2.98166e-05 0.00623226 0.00150311 0.000448716 0.00121648 -0.00114525 -0.000787694 0.000294409 -0.00153298 0.000999512 0.00139342 0.000759006 0.000336749 0.00084062 -0.000504256 0.00134964 -0.00061887 -0.00245383 -0.00105709 0.000254591 -0.00110961 0.00126595 0.000204305 0.000296498 -0.000492553 -0.000791265 0.000606658 0.00177612 -0.00629881 -0.000536986 -0.000705895 0.000348184 -0.00191313 -0.000361648 -0.00476268 -0.00119495 0.00244063 0.000778809 -0.00110899 0.000468032 0.000489694 -4.56641e-05 0.00133477 0.00306796 0.00123579 -9.70208e-05 -0.0018236 -0.00529195 -0.000247453 0.00176779 0.00227126 0.000286818 -0.00103777 -0.000836411 0.00101584 0.00311344 -0.00348716 8.38058e-06 -0.00145179 -0.00421762 0.000269406 0.00181786 0.00183216 -0.000323053 0.00283548 0.00293487 -0.00298965 1.95318e-05 -0.00588281 -0.00109371 -0.000292893 -0.00251084 0.00377406 -0.00229674 -0.000801965 -0.000225848 0.00200389 0.00225772 0.0122134 0.00501314 0.00434879 -0.000172595 -0.00351933 0.00448033 -0.000738725 0.00340029 -0.00207081 0.001073 0.00726024 -0.0121054 0.000334482 -0.00513587 -0.0233108 -0.00158412 -0.0253596 -0.0317758 0.0392417 0.0235916 -0.0763128 -0.133138 0.173748 0.0799664 -0.708662 0.592434 0.205057 0.149102 -0.0531453 0.0237273 -0.0290838 -0.0380289 -0.0348166 0.00911014 -0.00342142 0.0571786 0.0367851 -0.0362505 -0.011331 0.009892 0.00277062 0.00760038 0.0344382 0.0121716 0.0138056 -0.0135285 -0.00556608 -0.0116171 0.016646 0.00750194 0.0089627 0.00430617 0.00729655 0.0086109 0.00214924 0.00414047 -0.0103903 0.00728903 -0.000104187 -0.00590445 -0.00394769 -0.00474325 -0.00421841 0.00106967 0.0018729 -0.00262613 -0.00341766 -0.0067459 0.0025575 0.00255621 0.000719067 -0.00602268 -0.00228227 -0.002449 0.000564729 -0.000327087 0.00251113 0.00165807 -0.00411635 -0.00051721 0.000657577 0.00148933 0.00100582 -0.00543493 -0.00182099 -0.00272032 -0.000675948 -0.00191018 -0.000910245 0.00167759 -0.003448 -0.00192034 0.00150557 0.000535957 0.00141234 -0.000459082 -0.00128013 0.000656176 -0.00154722 0.000665572 -0.000161515 -0.00226875 -0.000305259 0.000383324 -0.0014683 0.00149417 0.000424748 -0.00014287 0.00182211 -0.00168076 0.00503543 0.000740385 -0.0030842 0.00128104 0.00149614 -0.00348585 0.00116729 0.00167963 -0.00098225 0.000866898 6.5612e-05 0.000115439 0.00127305 -0.000930153 -0.00168328 0.00285521 0.000269774 -0.000956154 -0.00285276 0.00214146 -0.00165237 -0.00311673 0.00186195 -0.00194415 0.000351092 0.00272898 0.000669949 -0.000425118 0.000162713 -0.00135866 -0.00018464 0.00262966 -0.000571166 -0.0015893 -0.00405205 0.000450861 0.00118955 -0.000447637 0.00303835 -0.00226716 -0.00176118 -0.000240863 -0.00186351 0.00206785 0.000260275 -0.00128885 0.000651494 -0.00203483 -0.00122967 9.04985e-05 -0.00126208 -0.00384276 -0.000339792 -0.00177087 0.000716818 0.000262576 0.00114034 -0.00283241 0.00120746 -0.000424609 0.00188779 -0.00545782
0.000746536 0.0010343 0.00119959 -0.00251605 -0.00198509 -0.000170281 0.0024407 0.000706625 -0.00476896 0.000887788 -0.000717867 0.00338832 0.000675225 0.000691561 -0.00173204 0.00430448 0.000110677 0.0027817 -0.00884511 0.0117935 0.00386463 -0.00130977 0.011901 -0.00536403 0.00871751 0.0182453 -0.00462215 -0.006233 -0.00438503 -0.000857655 -0.00357454 -0.00226135 0.00458193 -0.00288464 0.000151252 0.00465638 0.00848298 -0.00204206 0.00123575 0.00209233 0.00364687 -0.00924012 0.0019085 0.000620565 0.000776491 0.00332983 -0.000359534 -0.00176636 5.4427e-05 0.00276553 0.00174502 0.00138415 -0.000670725 0.00079912 -0.00134384 -0.00121992 8.0409e-05 0.00088048 0.000781953 0.000130613 -0.00161221 -0.00107016 -0.000840877 0.00136396 0.00332834 -0.000757488 0.00292222 0.00117758 0.00276107 0.00531204 -0.00400398 0.0045109 0.000878499 -0.0069582 -0.00574406 0.00258809 -0.00129923 -0.00591922 0.00110854 0.00730337 -0.0002085 0.00375093 0.0035659 0.00511148 -0.00129605 4.08917e-05 -0.00429316 -0.00539268 0.00401653 0.00110849 -0.00387735 -0.000119052 -0.00442147 -0.00853815 -0.00313636 -0.00230401 -0.00170908 -7.56194e-05 0.000773294 0.000200118 -0.00440393 -0.00543028 -0.0061665 -0.00745749 -0.000869434 -0.00464067 -0.00224932 0.00537159 0.00283028 -0.00441982 -0.00797449 0.00405494 -0.00472634 0.00313633 0.00408967 0.00650827 -0.00202439 0.00201722 -0.00762457 0.00146686 0.00351319 0.00754035 0.000807511 0.00119673 0.00505919 -0.00921224 -0.000927445 -0.0169405 -0.0135344 -0.0174941 0.00508987 0.00504345 0.0149676 -0.00691639 0.000687961 0.0130636 -0.0298857 0.0315973 0.0176658 0.0322371 -0.0806986 -0.0685057 0.0263029 -0.00493221 0.626178 0.482663 0.250291 0.458131 -0.253961 -0.0270209 -0.0382738 0.022921 -0.0152396 -0.0686981 -0.0167407 0.0439436 0.0453269 0.00916566 0.0338711 0.0245826 -0.0151617 0.0182382 -0.00100393 -0.0128103 -0.00508871 0.000833422 0.0230137 -0.00635674 0.00150765 0.0085006 0.0107903 0.0122723 -0.0211959 0.0080202 -0.00147855 0.00298452 -0.0100125 9.07478e-05 0.00483336 -0.00276567 0.00214765 0.00215088 -0.00701424 0.00388152 0.00375263 -0.011015 -0.00544589 -0.00725955 -0.00381075 -0.0104847 -0.00359678 -0.00825285 -0.00475207 -0.00136259 -0.00284958 -0.000318805 -0.0026675 0.0014496 -0.00125928 0.000146597 0.000836864 -0.000294774 0.00476642 0.00202341 0.00120279 -0.00112308 0.000301694 -0.00154227 0.00109734 0.00150767 -0.00102204 9.99577e-05 0.00329802 0.00263651 0.00128516 -0.00147774 0.000479896 0.000160386 0.000575404 -0.000633561 0.00141091 -0.0017969 -0.000421249 0.000674859 0.00325433 -0.000883046 -0.000558033 0.000120123 0.00362079 -0.000865997 0.00126672 -0.00179255 -0.00023733 0.000507544 -0.000104114 -0.00194283 -0.0048446 0.000888215 0.000354709 -0.00145024 0.00121182 -0.00204617 -0.000430217 -0.00123443 -0.000589816 0.00108343 0.00103685 -0.00289733 -0.00186263 0.00408324 0.000727792 -0.00232089 -0.000792319 -0.00202069 0.00150222 0.00342482 -0.00133068 -0.00123656 0.00195633 0.00138307 -0.00181461 -0.000263655 -0.000480672 0.000264542 -0.00176142 0.0027637 0.000825867 0.00152129 0.00166739 0.000243741 0.000621252 -0.00156523 -0.000455758 0.000413656 0.00091173 -0.00132127 0.00143845 0.000518162 0.00100794 4.48215e-05 0.00206738 -0.0016651 -0.00108296 -0.00173203 -0.000388459 -0.00188446 -0.000682382 0.00038133 -0.000612596 0.000643282 -0.00106217 0.000540633
0.000684231 3.40196e-05 0.000446745 0.000536954 -0.000715757 0.000787519 -6.98706e-05 -9.81298e-05 -0.000768121 0.00183609 -0.00209543 -0.000731694 5.14587e-05 0.000780034 -0.00109162 -0.000162785 0.00272987 0.00111252 0.011476 -0.00262816 -0.00811539 0.00452043 0.00176893 -0.00534578 0.00870791 0.00343554 -0.00149629 -0.00197629 0.00200921 -0.00312021 0.00106014 -0.00100008 -0.00904473 0.00767213 0.000913011 0.00222851 -0.006443 0.00579866 0.00336029 -0.002333 0.0021587 -0.00327623 -0.000807166 -0.00188782 -0.000131873 -0.000183532 -0.000458682 -0.00587375 -0.000943291 -0.000364454 -0.000777768 0.00166939 -0.000139392 0.00192009 0.00106068 -0.00365806 -0.000992651 -0.00166138 -0.000923564 -0.00453013 0.00109254 -0.0007518 0.00056292 -0.00177195 -0.00137401 -0.00304036 -0.00156712 -0.002072 -0.000652999 -0.00855627 0.000830613 0.000520693 -0.00215168 -0.00148838 0.0115926 0.0033415 -0.00747081 -0.00285402 -0.00613571 -0.00628358 -0.000392776 0.00414053 0.00111298 -0.0062434 0.000415148 0.00530172 0.00236798 -0.00494378 0.00156081 -0.00281757 -0.00420536 -0.000287745 0.0043236 0.00401606 0.00284197 0.0036246 -0.00179356 -0.000353393 0.00352668 -0.00198273 -0.00220017 0.00178771 -0.00120039 -0.000664653 0.000308239 0.00721058 0.00469035 -0.00363149 0.00164943 0.00318861 0.00315057 -0.00898039 0.00319762 -0.00137658 -0.00894636 0.00461672 -0.00220206 0.000858603 -0.00280896 -0.00154627 0.00511891 -0.0061271 0.00340496 -0.00421908 -0.00835156 0.00253407 0.000958313 0.00359876 0.00299564 -0.0101615 -0.00914798 -0.00241702 0.0148252 -0.0031003 0.0153434 -0.0154964 -0.00120822 0.0174164 0.0240263 -0.00903582 0.100144 0.129302 0.0148558 0.184189 0.2081 0.580124 -0.526602 -0.495857 0.118904 -0.00610417 0.0516246 -0.0931427 0.0273749 -0.0121425 0.0278101 0.000225075 0.00433532 0.0293839 0.00871716 -0.0196635 -0.00887926 0.0236257 0.0040767 -0.016369 -0.000902733 -0.00857839 -0.00752058 0.00312362 -0.00939666 0.0100537 -0.000834301 -0.0129471 0.00974581 -0.00391757 0.00290227 0.00739421 0.010939 0.00454664 0.00130361 0.00270857 0.00357428 -0.00666641 0.00325636 -0.00420267 -0.00837491 -0.000921386 -0.00189736 0.00765119 0.00331212 0.000886783 -0.00163934 0.00199543 -0.000474971 0.00450189 -0.0020543 0.00476687 0.00310569 0.00114542 -0.00188467 -0.000462541 0.0013446 0.000836565 -0.00153436 -0.00314449 -0.00223731 0.000849039 0.00107492 -0.000899677 -0.000100983 -0.00197657 -0.00362082 -0.00100666 0.000497541 -0.000371245 0.000165411 -0.00150263 -0.000249221 0.00257314 -0.00122232 0.00131572 0.00116114 -0.000281674 0.000194548 -0.000367437 5.57715e-05 0.00139533 0.00181781 -0.00107033 -0.00134075 0.00308089 -0.00177099 -0.00178092 0.0036094 -0.000397687 0.000618729 -0.00139788 0.00108271 0.00139583 0.000381535 -0.000954263 -0.0026077 0.00492511 0.00206895 -0.000961598 -0.000190068 -0.00272497 -0.000370421 -0.000866646 0.0022807 0.00151298 0.000616238 0.0027688 0.00103982 -0.00113937 -0.000238244 -0.000249008 0.00143775 -0.000119882 -0.000994132 0.00186811 0.00159047 0.00192174 0.00151844 0.000410437 0.00192212 0.000142919 4.17338e-05 0.000815938 -0.00311287 0.000453746 0.000806231 0.00155382 0.00101462 0.00104093 -0.000714165 -0.000537601 -0.00239173 -0.00331498 -0.00116035 0.00248809 -0.00329843 -0.00278231 -0.00196603 0.000785423 2.30666e-05 0.00326417 -0.000613062 -0.000587138 -0.000520776 -0.00221169 0.000443228 -0.000441616
0.00189779 0.000127343 -0.000626055 0.000833433 0.00279053 -0.000684913 0.00116246 -8.57094e-06 0.000887932 0.00172567 0.000858879 0.00270485 -4.35985e-05 -0.000164236 -0.00207084 -0.00106241 0.00100274 -0.000772839 0.00696663 -0.00175787 -0.0104247 0.00709675 -0.00233031 0.00798934 -0.0019467 -0.00187084 0.00181393 0.00218743 -0.00477641 -0.00298702 -0.007452 0.000925002 0.00483177 -0.00211786 0.00173162 0.00237099 -0.000598696 0.000323788 0.00299348 0.000626963 0.0030385 0.00159087 0.000944844 0.000876987 -0.00168938 -0.000374349 -0.00161448 0.000266323 0.00225743 0.00153768 -0.00227131 -0.000539466 -0.00175143 -0.000986749 -9.97034e-05 -0.00119209 0.000531042 0.00265032 -0.00354888 7.09508e-05 -0.00253809 0.000489603 0.0010409 -0.000742303 0.00331578 -0.000703073 6.24717e-06 -0.000613839 -0.000113792 -0.00203556 -0.00127696 0.000455664 0.00121103 -0.00377798 0.00195635 0.000451837 0.00230131 0.00279705 -0.0042754 -0.000277102 -0.00167206 0.0023611 -0.00117467 0.00186982 0.00226615 -0.000211216 -0.00169229 0.000262337 -0.00108338 -0.00372962 -0.000553681 -0.00170635 -0.00244947 0.000106365 -0.00100629 8.94919e-05 -0.00317688 -0.00246122 0.00203008 0.00153584 0.00260781 0.00385199 0.000818907 -0.000577894 -0.00119462 0.00450392 -0.000462109 0.00142435 -0.00539196 0.0032878 -0.0080515 -0.00413165 0.00453151 0.00521864 -0.00306943 -0.00333191 -0.00785593 -0.00238575 0.00238269 0.00103795 -0.000405838 -0.00299709 0.00171966 0.00640982 0.002978 -0.00133531 0.00317035 -0.00250973 0.0120347 -0.00992931 -0.00535767 0.00170143 -0.00606193 -0.00777102 0.0238825 -0.0235235 -0.0201222 -0.00726411 0.0649348 -0.0411555 0.0195257 -0.0170774 -0.19703 0.108146 -0.159453 -0.0772643 -0.692953 0.527163 -0.298002 0.146262 -0.150142 0.0274974 0.10934 0.00207672 -0.0158989 -0.0150064 -0.0141162 -0.0282711 -0.00662894 0.0198529 -0.0248177 0.00166759 0.0114083 0.00521939 -0.00225197 0.0019517 -0.0170149 0.00252209 0.00810413 0.00196394 0.0104869 0.0100998 -0.0069774 0.00782892 0.00564404 0.00390446 0.00594064 -0.00225354 0.00835438 0.00368645 0.00250682 -0.0190915 0.00594011 0.0031979 -0.00987756 0.00312898 -0.00643453 0.00345608 -0.00747517 0.00086851 0.0012553 0.00350516 0.000982267 -0.0048275 0.0104476 0.00273612 -0.000858896 0.00238887 0.000277152 0.00547739 -0.000261836 -0.00512154 -0.000921402 -0.0118121 -0.00498444 0.0030493 -0.0023188 -0.00152228 -0.0027206 0.00364537 -0.00424614 -0.00360333 -0.00235891 -0.000787651 -0.0061268 -0.00196809 -0.00251342 0.00100602 -0.00153414 0.00252553 -0.00325117 -0.000310917 0.000875579 -0.00140141 -0.000919162 0.00153209 -0.00105089 -0.00117819 -0.00191894 -0.00214048 0.000270474 0.00244564 -0.000466101 0.000780683 -8.79641e-05 -0.00201768 -0.00232863 0.00361665 -0.0015094 0.00394626 0.00101878 0.00228024 0.00204831 -0.00132941 -0.000529255 0.00357836 0.00392839 -0.00315918 -0.00200471 -0.00458263 0.000151984 -0.00262197 -0.00244561 -0.00363742 0.00116347 0.00148116 0.000461211 -0.00201715 -0.00247852 -0.000246927 0.00254068 0.0015192 0.00519775 -0.00373965 -0.000231897 0.000501228 -0.00356655 0.00102359 -0.00357018 0.00139956 -0.00136801 -4.34121e-05 0.000539149 -0.000872924 -0.00394245 0.00448605 -0.00204431 0.000222265 0.00536986 0.00191647 -0.00210237 0.00301105 0.00556735 0.000114671 0.00408533 -0.000538858 0.000422395 -0.00220321 -0.0010008 -0.00339597 0.00309626 -0.000134295
-0.000509517 0.000491714 -7.67651e-05 0.00153642 0.000789607 0.00171264 -0.000450897 0.000497453 -0.000434614 -0.00175347 0.0024987 0.00161199 0.000354045 0.000443954 -0.000236466 0.000605978 -0.000509191 -5.18048e-05 0.00748628 0.00213996 0.00967 -0.00374758 -0.00575423 0.000736267 -0.00585512 -0.00178578 -0.000710437 -0.00244036 -0.000400778 0.0022322 -0.00333528 -0.000392275 0.000756154 -0.00237691 0.000947751 -0.00616156 0.00187662 -0.00120668 -0.00228222 -0.00136245 -0.00586633 0.00106624 -0.000428578 -0.000315887 -0.00156389 -0.000419794 -0.000819203 0.00200843 -0.00224459 -0.00218094 0.00257199 -6.31289e-05 0.000500725 -0.00170649 -0.00343381 -0.000467325 -0.000731816 0.00124601 0.00114563 -0.000261038 -0.00169372 -0.0014469 0.00212523 0.00141209 -0.000662751 0.000185354 -0.000871098 -3.13288e-05 -0.00256627 0.000726246 0.00091587 0.00164934 -0.00317539 0.00273893 -0.000196559 0.0010293 -0.000226023 0.00558215 0.00484254 0.00444191 0.00186278 0.000679717 -0.00241763 0.00104796 0.00113425 2.91156e-05 -0.00213254 -0.00173768 -0.000666205 -0.000315319 0.00115726 0.000916856 -0.00416386 0.00373252 0.00211451 -0.00280145 -0.00171039 -0.00294704 -0.00221822 -0.00265848 0.00130313 0.00415511 0.000770823 -0.000653953 -0.00225911 0.00399714 -0.000933342 -0.00108829 0.00132049 -0.00434652 0.0067057 0.00104944 -0.00038018 -0.00280458 0.00121553 5.60398e-05 -0.000531609 0.00502026 0.00393839 -0.00628334 -0.0119842 -0.00288254 -0.00209682 -0.00025999 0.00146602 -0.00484073 0.00737367 -0.00104693 0.00244894 -0.0028175 -0.0087833 0.00551624 -0.000971506 -0.000750911 0.00165495 -0.000723882 -0.00126595 0.00888476 -0.00422111 -0.0174024 -0.0649827 0.0175165 0.0199769 0.048177 0.0385693 0.0560429 -0.115239 0.435297 0.843743 -0.0654932 0.231021 0.0314141 -0.0241005 -0.00914242 0.0515156 0.0230482 -0.0557663 0.00058372 -0.0502287 -0.0176765 0.0128116 -0.0305178 -0.012489 -0.0104493 -0.000117157 -0.00730041 0.00859343 0.0118686 0.000619076 0.000158794 -0.0119045 -0.0105608 0.000977575 -0.00787606 -0.00192072 0.00633187 0.0122337 -0.00168972 -0.00111721 0.00295351 0.00333365 -0.000346792 0.00508871 0.00373391 -0.00496045 0.00243514 -0.00136563 0.00385066 0.00175626 0.00687739 0.00208253 0.00171565 -0.00193214 0.000161742 0.00078073 -0.00134646 0.00326347 0.0071907 0.00165125 0.00252084 0.00553576 -0.00109955 -0.00330941 -0.00818564 -0.00163273 -0.00235033 -0.000906217 -0.000142633 -0.00184572 0.00267461 -0.0043476 0.00116303 -0.00242409 -0.00243607 -0.00237818 0.000707439 -0.000404664 0.00101612 4.49905e-05 0.00148788 -0.00168433 0.000822856 -0.000739704 -0.00200023 -0.000337714 -0.00039491 0.000981122 0.00109995 -0.000788964 -0.0034475 0.000325739 -0.000691092 -0.00153775 0.000105101 -0.00355835 -5.68766e-05 0.00231057 -0.00205466 -7.86291e-05 0.000986797 -0.00267298 0.00194526 -0.000766466 0.00151971 -0.00142622 0.00145486 -0.0014272 0.00195785 0.00324868 0.000470162 0.000957812 0.00449341 0.00159665 -0.00122076 0.00100748 -0.00227527 0.000259579 -0.000145748 -0.00125042 -0.000121663 0.00147351 0.000227852 0.00108627 0.000761613 0.00355737 -0.00282302 0.0018288 -0.000997433 -0.00140583 -0.00201313 -0.00169587 0.000140544 -0.000172463 -0.000783485 -0.00399164 0.00113967 -0.00166965 -0.00254559 0.00108975 0.00161716 -0.00462878 -0.00259646 0.00152313 -0.00104164 -0.00144291 0.000945777 0.00136863 -0.000947591 -0.00133667 -0.00143844 0.000146036 -0.00431764
-0.0016162 0.00252348 0.00156598 0.00154583 0.00174852 -0.000524723 0.00138943 -0.00043557 -0.000924125 -0.00151212 0.000687714 0.00241507 0.00042037 -1.04735e-05 -0.00111083 0.000400587 -0.000980264 0.00274311 0.00188369 -0.0115574 -0.00202981 -0.00775462 -0.00676963 0.00615378 -0.00148944 -0.00347624 -0.00385016 -0.00470512 -0.00519118 -0.00021195 -0.00698656 -0.00384249 0.00376471 0.00347916 0.00320985 -0.00163969 -0.000676511 0.000171614 0.000174188 0.000942451 -0.00403493 -0.00212537 0.00282351 -5.26103e-05 -0.00197779 0.00244089 -0.000278992 0.00297639 0.00167429 -0.00356208 0.00228284 -0.00066364 -0.000848659 0.0035437 0.00168657 0.00107853 0.000226052 -0.002807 -0.000795487 -0.000808971 0.00306265 -0.00317763 -0.00102162 0.000531569 -0.000878877 -0.00163772 -0.000856651 -0.00237504 0.00317914 -0.00497784 -0.00195123 0.00619166 -0.00211899 0.00192648 0.00670605 0.00460532 -0.00409437 0.0021681 0.000115312 -0.00116432 -0.000716739 -0.000173621 0.00153452 -0.000641977 0.00276192 -0.00121651 0.00121403 0.0046663 0.0005914 0.000950141 -0.000696994 -0.00265887 0.0019934 0.000326493 -0.00161937 -0.00161517 -0.0024158 -0.000879022 0.00138879 -0.00154948 -0.00250975 0.00309749 0.00318356 -0.000782482 0.000352283 -0.00058719 -0.00177403 -0.00126546 -0.00358784 0.00181329 -0.00721545 0.000813057 0.00180847 0.00282047 0.00831487 -0.00416726 0.00499083 0.000851075 0.00919191 0.00301864 0.00283767 -0.00439159 0.0070538 0.00614584 0.00126093 0.000602687 -0.00533543 0.00657424 0.0159761 0.0049336 -0.000645969 -0.00328932 0.00271038 -0.000263922 0.0130207 -0.0116279 0.0113523 -0.0248425 -0.0176582 0.0364543 0.0366435 -0.0296116 -0.0748828 -0.0665992 0.0607565 0.0639195 0.11755 -0.0615837 0.299236 0.527415 -0.737609 0.0487193 0.180834 0.00205087 0.0197546 -0.0497672 -0.0151119 0.0105105 0.0425601 0.0274142 -0.0185521 -0.00876462 0.0271877 -0.00254433 0.0331021 0.000287376 -0.0172215 0.015604 0.00589432 -0.0017612 -0.000902571 -0.0132274 0.0149826 -0.00666913 0.0153045 -0.00630218 0.00485705 -5.53492e-05 -0.00178607 -0.00178831 -0.00267764 -0.013272 -0.00300613 0.00433776 -0.00442059 0.00584445 0.000837541 0.0118393 -0.00419886 0.0116791 0.00359568 -0.00177325 0.000995986 -0.000580665 0.00211388 0.00230505 -0.00161617 0.00209058 0.00671861 -6.29638e-05 0.00243262 -0.00258835 -0.000885478 -0.0112613 -0.00599126 0.00197668 -0.000719314 -0.000183054 -0.00153545 0.00083426 -0.00387019 -0.00239776 -0.00233873 -0.00325774 -0.0036102 0.00366107 -0.00064187 -0.000297165 0.00214514 -0.000128652 -0.00246573 0.000188996 -7.24122e-05 -0.00265875 -0.00389376 -0.000446293 -0.00116961 -0.00187014 -0.000335777 0.000366202 0.00141875 0.000553267 -0.0029178 -0.00071058 0.000833019 -0.00129683 -0.00200559 0.00314179 -0.00078569 0.00279809 -0.00136281 0.0012785 -0.000186644 0.000584695 -0.00175522 0.00206634 0.00385223 -0.00110753 0.000125216 -0.00257915 -0.000283049 -0.0014071 -0.0023998 -0.0003632 -0.00371247 -2.54961e-05 0.000704904 -0.000653859 -0.00153215 -0.00251952 -0.000489609 0.00189658 0.00219646 -0.0003326 0.00113228 -0.000532247 -0.00294199 -0.00257558 -0.00239788 -0.0031459 0.00456693 0.00239641 -0.00272345 0.00251221 -0.00321232 0.000776973 -0.00170013 -0.00335951 0.00361421 0.00174907 -0.00456852 -0.000216555 0.00494653 0.00233136 -0.00205946 0.00382978 -0.00168527 -0.000188298 -0.000842414 0.0015975 -0.00121151 -0.00139371
0.000955012 -0.00392032 -0.000970139 0.000549091 0.00155678 -0.00035337 0.00225602 -0.000460996 -0.000679121 0.00128715 0.00101451 0.00309664 -8.28751e-05 -4.71286e-05 -0.0014572 0.00164339 0.000984551 -0.000381823 0.00428583 -0.00228057 -0.006807 0.0111882 0.000928458 -0.00136066 -0.00271434 0.00553945 -0.00577057 -0.00204227 -0.00627723 0.00909105 -0.00499673 -0.00769365 0.00443123 -0.00577577 0.000402788 -0.00291593 -0.000724564 0.000318411 0.00330612 -0.00174931 0.00296171 -3.79235e-05 -0.00568398 0.0017883 -0.00196452 -0.00274304 -0.00396374 -0.000750472 -0.000197647 0.00153495 0.00057097 0.000748676 0.000796642 -0.000118368 0.000685669 -0.00119164 0.00300688 -0.00251607 -0.00224949 -0.000344919 0.000567524 0.000296648 -0.00117775 -0.000604519 0.00285789 -0.00110612 0.00145186 0.000925 0.0002936 0.000327282 0.00354493 0.00624879 -0.00153811 -0.00533748 -0.00206012 0.00179558 0.00598349 4.16105e-05 -0.00521736 0.00596263 -0.00365995 0.00022239 0.000802757 0.00600256 -0.00272039 0.000415708 0.00205522 -0.0047188 0.00155756 -0.00227725 -0.00196698 -0.00254791 -0.00035754 -0.000194169 0.000432381 -0.00199075 -9.78044e-05 -0.00310565 -0.00185296 0.00115305 -0.002158 -0.00191864 -0.000599804 -0.00210902 -0.00026952 0.00383907 0.00176938 -0.00178694 -0.000208452 0.001162 -0.00190311 -0.000135205 0.0111021 0.00329479 -0.0099779 0.00148628 0.00542555 0.00355085 -0.00339309 -0.00217596 0.00176344 -0.0033497 0.00374532 0.00353027 -0.00202024 -0.00512704 -0.00893183 0.00930573 -0.00795104 -0.0131948 -0.0143919 0.0241498 -0.00170476 -0.00311921 -0.00272612 -0.00488117 0.00379965 0.00350464 0.0187659 0.0338953 0.000638039 -0.024188 0.0146099 -0.0313479 0.025337 -0.0180038 0.0462721 -0.00247945 -0.0837499 0.772321 0.492693 -0.230765 -0.109198 -0.158893 0.181002 0.00308715 -0.0799819 0.0482966 -0.0454799 -0.0239334 0.0163786 -0.0619162 0.0207794 0.0248613 -0.00669486 -0.0255573 0.0179143 0.00294737 0.00871536 0.001831 -0.00921586 -0.0235558 0.0282648 -0.00863047 0.00319198 0.00615774 0.00970689 0.00703281 -0.00165031 0.00275255 -0.00222448 -0.00205748 -0.0042142 0.00246315 -0.00174508 0.0027367 0.00665053 0.00490646 -0.00313172 0.0123072 0.00692626 -0.00129323 0.00353858 -0.0016007 0.0030515 -0.00174963 8.6878e-05 0.00668922 0.00997665 0.000704207 0.00304913 -0.00216768 0.0012643 -0.00965549 -0.00119855 0.00210623 -0.000378042 0.00138782 8.68135e-05 0.00227039 -0.00469037 0.00160293 -0.0019266 -0.000525197 -0.000459468 0.00499307 -0.00038354 -0.000148022 0.00155692 -0.000670281 -0.0012406 0.00199448 -0.00039295 0.000338987 -0.00389572 -0.00225763 -0.000862961 0.00234515 0.00319577 -0.00076199 0.00242801 0.00145841 -0.00122088 -0.00061034 5.02507e-05 -0.000161481 0.00155979 0.000776174 -0.000256424 0.00311844 -0.00126253 0.00234457 0.00186455 0.00311023 -0.00129092 0.0021579 0.00198696 0.0013017 0.000921539 -0.00177403 0.000407042 0.000900112 0.00235482 -0.000623423 -0.000216227 -0.0021968 0.000460202 -0.0013557 -0.000575667 -0.000969936 0.000827706 0.00206739 0.00291553 -0.00133403 0.00206336 -0.00105463 0.000751638 -0.00113105 -0.000968295 0.00119202 0.000398821 0.000860979 0.000476307 0.00097896 -0.000158435 0.00036057 -0.000126819 -0.000576634 0.00175449 -0.00164516 -0.00433783 -0.00074812 0.00166018 -0.0032402 0.00338488 -0.00182179 0.00335668 -0.000539115 0.00275715 -0.00330907 0.00201615 -0.000717028
0.000749721 0.000538149 -0.000156125 0.000480114 -0.0012145 0.00047612 -0.00294957 -0.000704052 -0.000228785 0.00151706 0.00111214 -0.00116082 -0.00120796 1.70587e-05 -0.000653406 0.000375931 0.00099568 -0.000103447 0.00217973 0.00342735 -0.00709597 0.0076199 0.00289974 -0.00693684 0.00382473 -0.00115438 -0.00371356 -0.00114468 -0.00251878 -0.00225544 -0.00036821 0.00304432 0.00134328 0.00604476 0.00144291 0.00332052 -2.97079e-05 -0.00248069 0.00152396 -0.00289658 -0.00158912 0.00296007 -0.000928022 -0.000940837 -0.00437831 -0.000867026 -0.00194089 0.00208731 0.00102545 -0.00125419 0.000574844 0.000176532 -0.00174342 -0.00118442 0.000743489 0.00168473 0.00186399 0.00064888 -0.00167284 -0.000940709 -0.000782485 -0.00157666 -3.51383e-05 0.00175946 -0.00185412 -0.000300046 0.000914877 -0.00120658 -0.00155876 -0.00450675 -0.00061743 0.00435154 0.000835232 -0.00354752 0.000428261 0.00166871 -0.000636528 0.00202357 -0.00348998 0.00231706 0.000356543 -0.00203705 0.0027398 -0.00547986 0.00366346 0.00381444 0.0012865 -0.000945436 0.00114682 -0.000760593 0.00121511 0.0010333 0.000438342 0.00159279 0.000480177 0.00250275 -0.00443101 -0.00398447 2.79722e-05 0.000139959 0.00115885 0.000321724 0.00101439 0.00206424 0.000929242 -0.000751039 0.00166058 0.0028784 0.000474531 -0.00207181 -0.00709068 0.001841 0.00312077 -0.00281267 -0.000106672 7.21547e-06 -0.00199731 0.00539977 -0.00187239 -0.00214349 0.00232423 -0.00927494 0.0021136 -0.000114018 0.00883253 -0.00238985 0.00301769 0.0013323 0.00850046 0.00310495 0.00633782 -0.00279114 0.00753438 -0.00545192 0.000173804 0.00444037 0.010563 0.0120517 -0.0232766 -0.0510032 -0.0101353 0.0285648 -0.0285059 -0.0236669 -0.017262 0.0851217 0.01727 -0.0768341 -0.0315769 0.198162 0.256863 0.883533 0.221971 0.115334 -0.152754 -0.040656 -0.000683434 -0.0169984 -0.0102596 0.0248263 -0.0211813 0.034298 0.00600086 -0.0222928 -0.00909472 0.0141971 -0.00250286 -0.00593433 -0.00650527 0.000375724 -0.00301051 0.00402529 -0.0122417 -0.00515972 -0.00797313 -0.00150339 -0.000386125 0.00529356 -0.00412124 -0.000805446 0.00526019 -0.00223175 0.0026118 -8.97304e-05 0.00181079 0.00125254 0.00225021 -0.000222705 0.00151567 -0.000857605 0.00309545 -0.00212741 -0.000115774 -0.00161793 -0.00230767 0.00375684 0.00764972 0.00044208 0.00112919 -0.000323324 0.00145684 -0.000385119 -0.00268425 0.000466145 0.00221281 -0.000213713 0.0032968 -0.000698009 0.00160283 0.00119924 0.000799095 0.00176961 0.000474747 -0.00131551 -0.00136221 -0.00225054 -0.00149845 -0.0019892 0.000485312 0.000763915 -0.000126734 0.00142597 0.000646172 -5.61596e-05 0.000952362 -0.000158194 0.00329448 0.00098682 0.00193751 -0.000765744 0.00238978 0.00128692 0.000902545 0.000560453 -0.00256231 0.00183188 -0.000126292 0.000820461 -0.000395003 0.00194532 0.00114043 -0.000906102 0.000697848 0.0011554 -0.00148331 -0.000503549 -8.68156e-05 -0.00144256 -0.00462925 -0.000385262 -0.000401304 0.000336531 -0.00181477 -0.0014126 -0.00189817 0.0044399 -0.000400356 0.000337689 -1.21952e-05 0.000965486 0.000545925 0.00057065 -6.3009e-06 0.000987849 -0.0031495 0.00200937 -0.000682286 0.000361127 0.00187526 -0.000689623 0.000142627 -0.000132222 -0.00100611 -0.00120161 -0.00198519 0.00084685 0.000710539 0.00069357 0.00142999 0.00196907 -0.00207413 0.000284019 0.000181892 -0.000434074 0.00225705 0.00188001 -0.00236051 -0.00127261 -0.00225781 -0.00109316 -0.000169651 -0.00149404
0.000786826 -0.00329247 -0.00211444 0.000577245 6.75862e-05 0.00123284 -0.000863471 0.000189011 6.64188e-05 0.000548103 -0.000217582 -2.32038e-05 -0.000400224 0.000309964 -0.00166073 0.000641535 -0.00191158 -0.00213207 0.00268663 -0.00537588 -0.0017895 -0.00134409 -0.00087344 0.00338072 0.00113003 0.00799074 0.00418037 0.00122266 -0.00650675 0.00867849 -0.00992413 -0.00346145 0.00400154 -0.0103936 0.00109242 -0.00652445 -0.000112248 0.000207179 -0.0022586 0.00271879 0.00265732 -0.000654125 0.000269168 -0.0019252 0.000244734 0.000248238 -0.00036831 0.00209053 -2.87703e-05 -0.000887076 -0.00180575 0.00146153 -0.00281417 0.000159664 -0.00210025 0.001489 0.00371396 0.000885175 -0.00219521 0.000155578 -0.000933011 0.00459747 -0.000332352 -0.00041432 0.00182777 -0.000246092 -0.000814198 0.00192461 -0.000389757 0.0003515 0.00174173 -0.00124283 0.00401598 -0.000938928 -0.00426782 -0.000902806 0.00822156 0.00218189 -0.00204619 0.00332346 0.000223343 0.00186495 -0.0013734 0.00235813 -0.0020508 0.000997855 -1.06513e-05 -0.00283063 0.00342686 0.00053709 -0.00314093 -0.000632889 -0.0014527 0.0031939 -0.00226931 0.00038753 -0.00296791 -0.00232124 -0.00450578 -0.00145257 0.000611906 0.00647096 -0.000881754 0.00238086 -0.00386383 0.00023327 0.000806492 0.00246415 -0.00230603 0.00264423 -0.00593015 -0.000894924 0.00508505 0.00658545 -0.00455687 -0.00346968 -0.000703086 0.000267512 0.0032915 -0.00295448 -0.00253791 0.00722848 -0.00913037 0.00348924 0.00371698 0.00029122 -0.00375537 0.00182825 0.0118435 0.00417908 -0.0140122 -0.00281808 -0.00342034 -0.0154764 0.00677285 -0.00283851 -0.0198394 -0.00192902 0.00663647 -0.0190063 0.0150505 -0.0326178 0.0148103 0.00902788 0.00251327 -0.00480666 0.0957817 0.0153784 -0.000946516 -0.0394304 0.187626 -0.294735 0.907117 0.162056 0.000160266 0.000904599 0.090667 0.0136464 0.0298542 0.0134791 -0.0126645 0.0139844 -0.00529163 -0.0211638 -0.0175883 0.024588 -0.021399 -0.00337914 -0.00513759 -0.0143118 0.00642877 0.00707324 0.00353235 -0.0024766 0.0129451 -0.007242 -0.00875765 -0.00419881 0.000964016 0.00782962 0.00123003 -0.000597041 0.0098811 -0.00278402 0.00114617 -0.000328765 6.52256e-05 0.00502318 -0.00682409 0.00354683 0.00487568 -0.00378542 0.00457525 -0.00296916 -0.00255112 0.0051779 -0.00666497 0.00939076 -0.00325474 0.000203601 0.00306665 -0.000448581 -0.00466924 -0.0117547 -0.00708558 0.000164731 -0.00182709 0.00330305 -0.00295707 0.00415205 -0.00770093 -0.00320113 -0.00253662 -0.00141312 -0.00410035 0.00534076 -0.000133929 0.00109415 0.00182507 -0.00103397 -0.000139891 0.00126732 -0.000836703 -0.000602685 -0.00361274 0.00117997 0.000366388 -0.00474351 -0.000661259 -0.00222827 -0.00129993 0.00079603 -0.00051781 -0.00194261 -0.000383044 -0.00226566 -0.000589094 0.00117849 0.000576808 -0.000648451 -0.00215569 0.00250536 0.00129003 9.14655e-06 -0.000825292 0.00340714 0.00125207 9.08263e-05 -0.00198827 0.000492857 0.00238808 -0.000600793 -0.000996221 0.0008193 -0.00223859 -0.000604828 -0.000298555 -0.000668585 -0.000446785 2.67363e-05 -0.000651024 0.00184253 0.00255922 -0.000152191 0.000938861 0.00266808 -0.000487817 -0.00505292 -0.00115016 -0.00402287 -0.000802446 6.52703e-05 -0.00238054 0.00286362 -0.00648681 0.00111006 -0.00216266 -0.00275676 0.000570165 0.00166611 -0.0065818 -0.00268174 0.0024801 0.00390698 0.00260855 0.00315657 0.00152975 -0.00253477 0.00257005 0.00106806 0.00542333 -0.00109859
0.00044689 9.51221e-05 0.00105536 -0.000999211 -0.00473127 -0.000216639 0.00247861 0.000490898 0.00117183 0.000583325 9.71224e-05 -0.00686794 0.000768654 -0.00049504 0.00277627 -0.000986519 -0.0018199 0.00168246 -0.00438925 0.0087605 0.00814434 0.00947275 0.00859833 -0.0110482 0.00184657 -0.0012972 -0.000582529 -5.43974e-05 0.0087134 -0.000374556 0.00446534 0.000727248 -0.00270877 0.00129738 -0.000511922 -0.000502995 -0.00600681 -0.000677191 -0.00211822 0.00241278 0.00312624 0.0020965 0.00118336 -0.00158353 -0.000980767 0.000289845 0.000403755 0.00176545 -0.000290294 -0.000746118 0.00068405 -0.00114701 -0.000209327 0.00179545 -0.00170903 0.00259567 -0.00177454 0.0036545 0.000334431 0.00405417 -0.00152904 -0.000930066 0.00179312 0.00308002 -0.00100527 0.00400179 0.000370993 0.00136944 -0.00183016 0.00484402 -0.00146678 -0.00485824 -0.00334637 -0.000871505 -0.00887362 -0.00168259 0.0059127 0.003066 0.00520906 0.00326058 0.0012248 -0.00274142 0.000946558 0.00144252 0.00232397 0.00278331 0.00294847 0.00395575 -0.000285303 0.00175166 3.54667e-05 0.0013633 0.00100012 -0.0043793 0.00115814 -0.000197955 -0.0044855 0.00054148 -0.00181381 0.00350082 0.00226802 0.00137721 0.00253781 0.00619592 0.00147959 -0.00436582 0.00362424 0.00761593 0.00855388 -0.00326931 -0.00203664 0.0109536 -0.000468648 -0.0034268 -0.00176481 0.000728848 -0.000654283 -6.96309e-05 -0.0019985 0.0052537 -0.000731945 0.000644355 0.00173251 -0.00899785 0.00765072 -0.00212117 0.00700065 0.00761539 0.00909993 0.00383643 0.0106396 -0.010835 -0.00641421 -0.000336054 -0.0244454 -0.00376192 0.00857839 -0.00537452 0.00696617 -0.00479014 -0.0332474 0.0134882 -0.0410727 -0.0334541 0.0605394 0.0188744 -0.00986874 0.0210421 0.0172982 0.163668 0.0488731 -0.16466 -0.216749 0.865774 -0.30394 0.120457 0.0762833 -0.103138 0.0015782 0.0410915 0.0236469 0.0732793 0.00151872 0.00126448 -0.000361309 0.0331471 0.00192068 0.00364254 0.000854948 -0.00965945 0.0125983 0.01427 -0.0163011 -0.000284299 -0.00816927 -0.00905245 -0.0124825 0.000554044 -0.000969626 0.000696706 0.00260033 -0.000570127 -0.00325357 -0.00208171 0.00123571 -0.00821343 -0.0019752 -0.0071731 0.00256892 -0.00517712 -0.00159879 -0.00825362 -0.00402003 -0.0080424 -0.00682391 0.00317917 -0.00102297 -0.00107064 -0.0001278 -0.00377283 -0.00172434 0.00315398 0.00390203 9.82108e-05 0.00170284 -6.53468e-05 0.000856005 -0.000163351 -2.03842e-05 0.000697003 0.00122398 0.000140878 0.00187056 0.00165277 0.00112387 -0.000429152 -0.00102295 -0.00218516 0.000116274 -0.00322616 0.0019407 -8.39051e-05 -0.00146331 -0.00188391 0.000831445 0.00283706 -0.000535208 -0.00298899 0.00110983 -5.22148e-06 0.0030621 -0.000540384 -0.00278491 0.000946373 0.000409227 -0.000342616 0.000246644 -0.00146015 -0.001054 0.000194185 -0.002058 -0.00430055 0.000775152 -0.000723162 -0.00137129 1.15271e-05 -0.00164995 -0.000958233 -0.00501071 0.00120604 0.00311103 -0.000727186 -0.0025679 0.00515538 -0.000801947 0.00564718 0.00047256 -0.00104802 0.00291943 0.000427212 0.000762246 -0.000428927 -0.00429484 0.00349723 -0.00385708 0.00733023 0.000370467 -0.0049238 0.00376787 -0.00750361 0.0026665 -0.00150791 -0.00806768 0.00298297 0.0032835 -0.00346072 0.00208082 -0.00118989 -0.00464012 -0.00354765 -0.000946391 -0.00252179 -0.00448714 -0.0001333 -0.000192127 0.00021833 0.00189738 -0.000767217 0.00104072 0.00968748 -0.00198327 0.00111992
6.23725e-05 -0.00066411 0.000889153 -0.00122144 -0.00183312 -0.000439732 0.00195871 0.00117699 -0.000754489 -0.000549967 -0.000183225 0.000812478 0.000383936 0.000269525 5.27046e-06 -0.00193727 7.79908e-05 0.00168042 -0.00476158 0.00245514 -0.00477735 -0.00348509 -0.00190661 -5.78775e-05 -0.000345484 -0.00271023 0.00160985 0.00429205 0.00468432 0.000135026 0.00237614 0.00810733 -0.00708103 -0.00208013 -0.00486944 -0.00192588 0.00406449 -0.00210781 -7.7992e-05 -0.00103931 0.000311624 0.00711908 -0.00212128 0.00219618 0.000313144 -0.00342764 0.00225439 0.00124301 0.000446923 0.00219964 -0.00249306 -0.000309401 -0.00267951 0.000807197 -0.00275409 -4.18513e-06 0.00195095 0.0023929 -0.000177117 0.00359433 -0.00173015 0.00344867 -0.000467274 -0.00115443 0.00141761 0.000153856 -0.00117802 0.00214337 -0.00239537 0.0027317 0.00383956 0.00146892 0.00694488 0.00224189 -0.00281908 -0.00422238 0.00487716 0.00103639 -0.00415452 -0.0017111 -0.000982037 0.00028899 3.69261e-05 -0.00424454 0.00267203 0.00204967 0.00345312 0.00173568 0.002302 -0.000279433 0.00457801 0.00116246 -0.0036372 -0.000111956 -0.00528626 0.00235632 -0.000379587 0.00105738 -0.000307612 -0.000533605 0.00393345 0.0019983 -0.00203291 0.000185847 -0.00381514 -0.00142175 0.00131295 -0.00294719 -0.00406239 -0.00101651 -0.000788271 -0.000626485 -0.00197022 0.00068935 -0.00570596 -0.000670925 0.00144778 -0.00147355 -0.00238948 0.000656394 0.000475004 0.00920037 -0.00896629 -0.00148996 0.00237623 0.00334231 0.00190264 -0.00924451 -0.0138504 -0.00721376 0.00849294 -0.00410367 -0.00362501 -0.00127395 0.0123324 -0.00504192 -0.00461848 0.0083854 -0.0013915 -0.0165589 0.010539 0.0169901 0.0282237 0.0229293 -0.00951264 -0.0531963 -0.0248223 -0.0150011 0.0772891 0.109356 0.0421836 -0.10105 -0.00785771 -0.391097 -0.764666 0.239946 0.379092 -0.0724244 0.100521 -0.00602533 -0.0206519 0.0525896 -0.0163283 -0.0231176 -0.000780141 0.0165168 -0.00195762 0.000896502 -0.00377612 -0.0158042 0.0245856 0.0305934 -0.00906972 0.0102135 -0.00466919 -0.00295979 -0.0120819 -0.0078072 0.00766512 0.00122785 -0.00115661 0.000218128 -0.00414835 0.00646246 0.00592094 -0.00315557 0.000784758 -0.0121563 0.000635384 -0.00314294 0.00296697 0.00108197 0.000299286 -0.00377047 0.00305315 0.002384 -0.00124123 -0.00451865 -0.00432171 0.00256903 -0.00135196 -0.00599373 -0.0020487 0.00425538 0.00194284 -0.00233586 -0.00156562 -0.00137257 0.000359076 0.00147387 0.00307087 -0.000897098 0.00333145 0.00086988 -0.000263639 -0.00055919 -0.00079033 -6.36564e-05 -0.000215542 4.96188e-05 -0.00119041 -0.000595409 0.00141719 -0.000437067 0.000719875 0.0026623 0.00143661 -0.00328718 -0.000279171 -0.00168309 0.000276181 0.00146735 -0.00181202 -0.00104753 0.000617392 0.00113276 -0.00178115 -0.000931598 -0.000375642 -0.000313389 0.00512578 -0.00230419 0.000390556 -0.00144961 -0.00112664 -0.000141099 0.000188418 -0.00295371 0.000352806 -0.000881542 -0.000564198 0.00147101 -0.000703596 -0.000461969 0.000695072 0.00360095 -0.000906261 -0.00143239 -0.000308643 -0.0017275 -4.57215e-05 -0.00243031 0.00240025 -0.000402005 0.00139472 0.00112864 -0.00115673 0.000550335 0.0014411 -0.000804721 0.00024995 -0.000465887 0.000788358 6.74292e-05 -0.000895028 0.000967331 -0.00147709 -0.00163951 0.00477107 0.00324587 -0.000206752 0.000716635 0.00313429 0.00468619 0.00166695 0.00221384 -0.00102577 -0.000260029 0.00130563 0.00108563 0.00105516 -0.00518233
-0.000129078 0.00192923 0.000561959 0.000815179 -0.000146354 -0.000564672 -0.000420613 -0.00210683 0.000227983 -0.000235769 -0.0021552 -0.0011551 -0.000496941 -0.000537338 0.00148079 -0.000359179 3.56123e-05 0.00614395 -0.00176601 -0.00330607 0.000107603 0.00137737 0.000648421 0.0134838 0.000698372 -0.00313937 0.0031935 5.51477e-05 0.0035919 -0.00611069 -0.000903324 0.000308574 0.00025751 -0.00106072 0.00339015 -0.00741775 -0.0040788 -0.0039458 0.000267203 -0.00189389 0.00509813 0.000947206 0.00315841 -0.00293688 -0.00197043 0.000512122 0.000666312 0.00250879 0.00196257 0.00379022 -0.00530419 -0.00239762 -1.32637e-05 0.000916539 0.0019849 0.000761073 0.00122004 -0.0018613 -0.00142946 0.000241897 0.000542185 -0.000857136 -0.00111771 0.000875433 -0.00104635 -0.000372842 0.00134905 0.000724455 0.00396707 0.00356209 0.000291065 0.00201309 -0.00235848 -0.00186558 0.00056736 0.00302238 0.00212886 -0.000284152 -0.00194757 0.000534726 -0.00102399 -0.0025256 0.00210564 0.0011822 -0.00383826 -0.00228647 -0.00055273 0.00246292 -0.00160479 -0.00297165 0.000435376 -0.000623033 -0.0012249 0.00300367 -0.00253985 -0.00214366 0.000572382 0.000709592 -0.00176643 0.000141667 -0.00311567 0.005281 0.001725 0.00293196 -0.000623697 0.0011552 0.00140168 0.00555794 -0.000535258 0.00394476 0.00298224 -0.000736908 0.00415373 7.27928e-05 0.000443335 -0.0103946 0.0018388 -0.0125042 0.00259058 0.0080951 0.00299217 -0.00367953 0.000233937 -0.00793719 -0.00438479 0.00391771 -0.00529062 -0.00587922 0.00309317 0.00465703 0.00522781 0.00633886 -0.013436 -0.0114305 -0.00960001 0.00874821 -0.0100108 -0.00129491 -0.0161812 -0.0423101 0.0072953 -0.0033803 0.00906887 0.00804347 -0.00260161 0.0349915 0.0109845 0.0362986 0.0249648 0.0193086 0.0477918 -0.0560768 -0.0703413 0.015455 -0.0658707 -0.893434 0.392129 -0.117253 0.0162014 -0.0206108 0.0180088 -0.000600844 -0.0336809 0.069803 -0.0150115 0.026979 -0.00746974 -0.0050541 -0.0115704 -0.025569 0.0108121 0.022579 0.000605271 -0.00516396 -0.00135574 -0.0188183 -0.00369912 0.00549484 -0.00212122 -0.00392731 0.00199756 -0.000758136 0.00537292 -0.00751172 -0.00211284 -0.00375238 -0.0061484 -0.00260268 -0.00290549 0.000431094 -0.000975986 -0.00369342 -0.0040106 -0.00496082 0.000954111 0.00430254 0.00246628 0.00462882 -0.00648421 -0.00166756 -0.00844176 0.000524396 -0.00181802 -0.0037357 -0.00146641 0.000355961 -0.00192908 -0.000439779 -0.000767677 -5.05171e-05 -0.00268405 -0.00125478 -0.000122331 0.00282835 -0.000967938 -0.00117712 -0.00232809 0.00047618 -0.00153638 0.00109607 0.000697574 -0.00291563 -0.00136863 0.00137252 -0.00202588 0.00145824 0.00163989 -0.00339408 -0.00102055 0.00161272 0.00403235 0.00175513 0.000899886 0.000435829 1.02616e-05 -0.00135546 -0.00142432 -0.00288132 -0.00111015 -0.000231729 0.00123632 -0.000586664 0.00138181 -2.70733e-05 -0.00144086 0.000196623 -0.00140882 -0.00176563 -0.00214248 0.000502032 -0.000132333 0.00205789 -0.0018223 0.00285599 -0.00176151 0.00186788 0.000106965 -0.00155765 -0.00166203 -0.00180884 0.000350141 0.00112342 -0.000143379 0.000458413 -0.00175649 0.000512556 -0.000819624 -0.0027478 -0.000205625 -0.00612226 -0.000555233 -0.00109183 -0.00173834 -0.000304368 0.000699862 0.000121834 -5.15398e-05 -0.00206449 0.00131854 0.00428544 0.00242902 -0.00191243 0.00349581 0.00436643 -0.00254725 -5.69265e-05 -0.00122107 0.000628092 -0.0001111 0.00490887 0.000135881 0.00389251
-0.000822289 -0.000887178 -0.000982991 0.000468606 0.000952384 0.000293061 0.000863836 -0.000359939 -0.00234233 -0.000483068 0.00117296 0.00450421 -0.00075485 0.000411514 -0.000826119 0.000425504 0.00135377 0.00399857 0.00838018 -0.00907193 0.000551592 -0.00354858 -0.00563668 0.0055913 0.00106653 0.00429039 0.0049466 -0.0048202 -0.000286084 0.0058327 -0.000498629 0.000686563 0.00162232 -0.000972408 -0.00717584 0.000268775 0.00237589 0.00259044 7.68033e-05 -0.00170971 0.00372155 -0.000975197 0.00263339 -0.00191346 -0.00040569 -5.79927e-05 -0.000434539 0.000407445 -0.00197521 0.00333266 -0.000409751 0.00174558 5.18367e-05 0.000193411 0.000605718 -0.000967776 -0.00164732 -0.000325577 -0.000187915 -0.00325302 -0.00218026 -0.00467255 0.000402399 -0.00028091 -0.00142104 -0.000169636 -4.2343e-05 -0.00251554 -0.00293825 -0.00398164 0.00243752 0.000133411 0.00509531 0.0030492 0.00418864 -0.00141276 0.00370722 0.00498525 -0.005361 -0.00375648 -3.32466e-05 0.00535249 -0.00125226 -0.00353345 -0.000107398 -0.00147674 -0.00252592 -0.00204116 0.00198783 0.0010143 0.00212675 -0.00634898 -0.00332542 0.00380525 0.000253748 0.000493321 0.00328895 0.00179579 -0.00123725 -0.00496229 -0.00762909 0.00267351 -0.00275773 -0.00498174 -0.00422734 0.00438662 -0.00457862 -0.00234513 0.000169398 0.00347744 -0.00228929 -0.00682464 0.000997986 -0.000427419 0.00164659 -0.000167971 -0.00328256 -0.000487303 0.000224579 -0.00168912 -0.00539677 0.0091941 -0.000410337 0.0062857 -0.0067754 -0.00451982 -0.000137099 -0.0116418 -0.00642706 -0.00412564 0.00716087 0.00769394 0.00343309 0.00921222 0.0121424 -0.00454905 0.00106031 0.0144756 -0.0224739 0.0126193 -0.00921219 -0.0108726 0.0370393 0.0121115 -0.00794575 -0.0593845 -0.047104 0.00522546 0.0180366 0.0248621 -0.0119527 0.107998 -0.0593241 0.0803005 0.436179 0.281748 0.78719 0.226785 0.14192 -0.0313413 -0.0137153 -0.000394651 -0.0311058 -0.0309797 0.0276526 0.000350141 -0.010338 0.00424854 -0.00433478 -0.0127735 0.00264855 6.90155e-05 0.00191521 0.00665627 0.0110804 0.00459968 0.00332261 -0.020057 0.00454168 0.00482387 -0.000738249 0.00257485 0.000508914 0.00723247 -0.00318116 -1.43227e-05 -0.00820568 0.00260172 -0.00369102 0.00360959 -8.8959e-05 -0.0033007 0.000354155 0.000640383 -0.000694431 0.00292753 -0.0019853 0.00671386 -0.00364526 0.0023221 0.000141423 -0.00492065 -0.00480237 -0.0080355 -0.00294402 -0.00264108 -0.00382257 -0.000342463 -0.00176227 0.000325053 -0.00529654 -0.00112848 -0.0003705 -0.0023701 -0.00654522 0.000953652 -0.00157339 0.000225038 0.00293028 0.00130802 -0.00129602 0.000317487 -0.00169587 -0.00141456 -0.00379603 0.000215979 0.00244352 -0.0030703 -0.00145503 -0.00146507 -0.0029169 0.00241743 -0.00243463 -0.00124484 0.000397401 -0.00292615 -0.0023373 -0.000542515 0.00136219 -0.000154008 0.00240847 0.00123867 -0.0012066 4.8351e-06 0.000306484 0.00261955 0.00391653 -0.00102932 0.00254741 -0.00116188 -0.0022883 -0.00115028 0.00270022 -0.000522522 0.00292362 -0.00267623 0.00141128 -0.000716372 -0.00275477 -0.00365071 0.00051276 0.00127999 0.00524116 -0.00314774 0.00436132 -0.00324427 7.55327e-05 -0.00107628 -0.00284417 -0.00105953 0.00119993 0.00141943 0.000339348 0.00086263 -0.00669029 0.00479344 -0.00270879 -0.00193088 0.00397395 0.0020637 -0.00216633 0.00340553 0.00572524 0.00555488 0.000199492 0.00261334 2.48457e-05 0.00111539 -0.000748258 -0.00297663 -0.000259679 -0.00431762
0.000330687 -0.000856189 5.12126e-05 -0.00102576 0.00061623 0.000376472 0.00174097 -0.00082487 0.000317603 0.00215867 0.000549553 -0.00483403 -0.000399931 -0.000558651 0.000790167 -0.00300309 0.00383847 -0.000948584 0.000296098 0.00194419 -0.0177445 0.0121139 -0.00266271 -0.0124616 -0.00623092 -0.016152 -0.00616731 0.00265541 -0.000717466 -0.00148329 0.0103711 0.000332147 -0.00426661 0.00640594 0.00245896 -0.000305705 -0.00206072 0.00435559 0.00113659 -0.0022597 -0.00783329 -7.04902e-05 -0.00165401 0.00248032 0.000804072 0.00250729 0.00205612 -0.00416184 0.00103007 -0.000608161 -0.0032616 -0.00203513 0.00252363 -0.00336412 0.000618797 0.00332351 8.87614e-05 0.000955601 -0.00116732 0.000941418 3.31738e-05 0.000751547 0.00169214 -0.00304023 -0.00329466 -0.00171881 0.000203142 -0.00156043 -0.0017408 -0.00882061 0.00026772 0.00173777 -0.00155117 -0.00135589 0.00692834 0.00548369 -0.00742805 0.00492556 0.00366347 -0.00260488 -0.00335895 -0.0012379 0.0041898 -0.00243694 -0.00250182 0.00203276 -0.000956028 0.00254714 -0.00147555 -0.00023508 -0.000913891 0.00486047 0.00132937 0.00096223 0.00213529 0.00341753 0.00159742 -0.000804449 0.00285907 0.00111927 0.00523968 -0.00524538 -0.000312145 0.00588223 0.00430646 -0.000843493 -0.00113041 -0.010984 -0.00377656 0.00110806 0.00155745 -0.000301647 0.00329729 -0.00294263 -0.00191382 0.00561123 0.00265369 -0.00183442 0.00811033 0.0012579 0.0010871 -0.0049825 0.00326545 -0.000560217 0.00196583 0.00463944 -0.00282786 0.00628521 -0.00133097 0.00314149 0.00693823 0.00472188 -0.00131476 -0.0119631 -0.00110038 -0.00230348 -0.00175799 0.000993901 0.0227481 -0.00945676 -0.0168955 -0.00319718 0.00208929 -0.0113786 0.0505347 -0.0129083 -0.00577506 -0.0455452 0.00216596 0.00782278 -0.0135864 0.0228088 0.0328062 -0.0607306 0.198869 0.158583 0.152147 -0.904566 -0.264211 0.031039 -0.000268148 -0.0602098 0.0159233 0.0400337 -0.00328271 -0.00192695 0.0235645 -0.00963545 0.0104352 0.00825275 0.00317477 -0.00510168 0.00831696 -0.00366142 -0.000416166 0.0013909 -0.00543565 0.00402444 -0.00195018 0.00415384 -0.00391595 -0.000513346 -0.000993729 0.00711175 -3.74238e-06 0.000366687 0.00482764 -0.00114913 -0.000430184 0.00391316 0.00302341 0.00208082 -0.00341369 -0.0036118 6.12945e-05 -0.00230991 0.0024355 -0.00305503 0.00420584 -0.00194182 -0.00308257 0.000245315 0.0045215 0.00479073 0.00237434 0.000411332 0.0014705 0.000442189 0.000572469 -0.000678781 0.00373215 0.00368617 -0.00145125 -0.000840815 -0.000582986 0.00151316 0.00104898 -0.00109551 0.000626916 -0.00165468 -0.000874003 0.000750676 0.000745927 -0.00248329 0.000127542 -0.000423465 0.000995043 -0.000759858 0.00128231 0.00215551 0.00158592 -0.000692592 -0.000145199 -0.00192149 -7.73209e-05 0.000970574 2.50234e-07 0.000831828 -0.0002349 0.00103877 0.000375508 -0.00134452 -0.0016143 -0.00047957 2.93838e-05 -0.000245126 -1.60683e-06 0.00211552 -0.00197786 0.000418506 -0.000339774 0.000766124 -6.74618e-05 0.00294666 0.000657736 0.000934423 -0.000497429 -0.000523974 -6.05843e-05 -0.0025451 0.000820571 -0.00124344 -0.00117193 0.00185867 -0.000283138 0.000234725 -0.00203857 0.00296183 0.00213471 0.00103493 0.000239019 -0.000360129 0.00161724 -0.00130256 0.0023088 -0.000214553 0.00123691 -7.04127e-05 0.00040237 0.00238569 0.00207352 0.000994639 -0.000659216 -0.000588772 -0.00195769 0.000486068 -0.00116909 0.00135638 0.000820949 -0.000582943 -0.00108129 -0.000398475
-0.00270151 -0.00159049 -0.000653866 -0.000111779 -0.000581652 0.000437349 -0.000780409 -0.000740126 -0.000874809 -0.00395146 -0.000496743 0.00119995 -8.97648e-05 -0.000679928 -0.000455049 8.85301e-05 0.000470061 0.00194392 -0.00433906 -0.000871615 0.0152617 -0.0112497 -0.000582786 -0.000988953 -0.00095193 -0.00195844 -0.00815853 -0.00300119 0.0032577 -0.00384405 0.00567607 0.000798311 -0.00497042 0.00726275 0.00175614 -0.003193 0.0019072 -0.00449949 -0.00280486 0.00117465 6.33706e-05 -0.00519512 0.00177698 0.00143158 0.000349996 -0.00182672 0.00193036 -0.000326115 0.00234096 0.00105752 -0.000598968 -0.00115297 -0.00116479 0.00257715 0.00172451 0.000648976 -0.000682863 -5.98156e-05 0.00178395 -0.00345304 0.00135516 -0.00242259 -0.00265029 -0.000488497 -0.000526933 -0.00333285 0.000573007 -0.00101361 0.0012142 -0.000289122 -0.00296084 0.000502318 -0.000140647 -0.00074265 0.00596035 -0.000745581 -0.000948628 0.00297721 -0.00236303 0.000976491 0.00256803 0.00138657 0.00277831 0.000926793 -0.00121056 -0.00227955 0.00275335 -0.0012696 -0.00228136 0.00166582 0.000297068 -0.000145182 -0.00106362 0.000825104 -0.000945379 -0.000857197 0.00175234 0.00159112 -0.00105994 -0.00331656 -0.00357642 0.000240863 0.000582797 -0.00103142 -0.00218863 -0.00048967 0.000373094 0.00274999 0.00208602 0.00131829 -0.000383461 0.00292386 -0.00419836 0.00116206 0.0077523 -0.00768919 -0.00298536 -0.00236738 0.00443302 0.00291654 0.00168634 -9.05528e-05 -0.00367246 0.000488875 0.00777947 -0.00565967 -0.00344483 -0.0107428 -0.000269616 0.0051009 0.00702138 -0.00663523 0.00953412 0.0062743 0.00311539 0.00309427 0.00114622 -0.00472161 -0.00808251 0.0047446 0.00461867 0.0122863 0.0186377 0.0173469 -0.0215191 -0.0142475 -0.00883153 0.00964404 0.0245144 0.0135324 0.0620379 0.00301809 -0.0263725 -0.0130721 0.103383 -0.011216 -0.139337 -0.281332 0.916849 0.12811 -0.00812273 0.129078 -0.0336751 -0.0326266 -0.0315839 0.0324959 -0.0263964 0.00238946 -0.0229483 0.00221876 0.0131502 0.00434752 -0.0110804 -0.00163179 0.000466198 -0.00866399 -0.000621646 -0.0200481 -0.00383699 0.00266483 -0.000580487 0.00130298 0.00127419 0.00713181 -0.00413535 -0.00241344 -0.0018683 0.000981604 -0.00137886 -0.0088107 -0.00362754 0.00125765 0.00222042 -0.00359221 -0.00278083 0.00167365 0.00383941 -0.00017873 -0.00061438 -8.93951e-07 -0.00509866 0.00292398 -0.000706893 -0.0022412 -0.000349059 0.00165233 -0.00080164 -0.00109454 -5.85674e-05 -0.000887675 -0.00118614 0.000250796 -0.00224147 -0.00119872 -0.000481847 -0.00218259 -0.000280913 0.00119986 0.00223243 0.00166362 -0.000169056 0.000319465 -0.000697838 -0.00205474 -0.0018978 0.00124185 0.00269839 -0.000568347 -0.00119719 0.000149378 -0.00076198 0.00128217 0.000410032 -1.58424e-05 0.00100008 -0.00037715 0.000109744 0.00065587 0.0014918 -0.000608263 0.000707216 0.000578465 0.000370931 0.000163821 -0.000363554 0.00193355 0.000784088 0.00129265 -0.000963279 -0.00168037 -0.00157357 0.000735878 0.0015781 -0.000886992 0.000660078 0.00209422 0.000577769 0.00049518 0.00142743 -0.00152607 0.00102326 0.000842771 0.00182669 -0.000287528 0.0014358 -0.00133447 -0.00152408 0.00154105 -0.00278868 0.00236327 -0.000853341 -0.00140687 0.00171038 0.000719983 0.000433488 0.000888525 -0.000574862 0.000696491 0.00129338 -0.000667999 0.000522578 0.000186683 -0.000270062 -0.00214219 5.24973e-05 -0.000867174 0.00146783 -0.00109259 0.00181181 -0.00245663 -0.000256353 0.00216868
-0.00104586 0.00277193 0.000652684 -0.000860165 -0.000107991 -0.00122979 0.00149772 0.000769225 0.00103139 -0.000512462 -0.00204899 -0.000785717 0.00104681 -0.00075453 0.000847752 -0.000294705 0.00247384 -1.89178e-06 0.00328587 -0.00275633 -0.00231167 0.00415963 -0.00485775 -0.000301262 3.04811e-05 -0.0037879 -0.00287874 -0.00126003 0.00145922 -0.000471489 0.00413895 -0.00222443 -0.00692144 0.00944429 0.00179472 0.000938682 0.000766668 -0.000494888 -0.000531948 -0.00144677 -9.9853e-05 0.000638344 -0.00181219 0.0010007 -0.00145285 -0.000655611 0.00036476 5.00987e-05 0.00104881 -0.00354877 0.00110782 0.00120236 -0.00120939 -0.000121253 0.00147868 -0.000247274 0.000233006 -0.000305538 0.000505863 -0.00314676 0.00100826 0.000238503 -0.000427462 0.000168444 -0.00364958 -0.00258034 -0.00145037 -0.00220831 -0.00243019 -0.00678877 0.00139955 0.00298268 -0.00174229 0.000312053 0.00827881 -0.00207665 0.000127347 0.00119518 -0.00509518 -0.000422535 -0.00115811 0.00083787 0.0056785 -0.00228025 -0.000857569 0.000262594 -0.000252535 0.00233977 0.00216724 -0.00138173 0.00176046 -0.00126594 0.000726094 0.00102545 0.00368158 0.00487328 -0.00233113 2.49002e-06 0.00422815 0.000985619 -0.00226695 0.00125735 0.00130297 0.00262549 -0.000377522 -0.000103017 -0.00215046 -0.0030359 0.000139601 0.00424984 -0.00429731 0.00156178 0.00313611 0.000800684 -0.00296872 -0.00615125 -0.00419401 -0.00287197 0.00366774 0.000864691 0.000298815 -0.000272721 0.00224175 -0.00542061 0.00652571 -0.0027417 -0.00424608 0.00217957 -0.000664256 -0.000642614 0.00154768 -0.000476694 0.000346177 -0.00241655 0.00254546 -0.00436902 -0.000810046 -0.00239658 0.00596896 0.0144101 0.0187915 0.0185564 0.0116834 0.00939175 -0.00323497 -0.0118253 -0.00592877 -0.0137798 0.0198432 -0.00460192 0.021335 -0.0188858 -0.0169299 -0.0527209 0.0255194 -0.0097813 0.0389019 0.0779331 -0.135346 0.961097 0.110665 0.147099 -0.00930171 0.0455641 -0.0340295 0.0512817 -0.0243235 0.00112091 -0.0244518 0.0122757 0.0105626 0.00214915 0.00687446 0.00578841 -0.00412575 -0.00324624 0.00126431 -0.0141217 -0.00276978 0.00514006 -0.00772324 0.00260397 0.00472231 0.00228411 -0.000101679 -0.00380512 -0.00158291 0.000179402 -0.00222623 9.2301e-06 0.000195035 -0.00765421 0.00420479 0.00757505 -0.00167871 0.00217969 -0.00275364 0.00105888 0.000603532 -0.00258566 0.00294053 -0.00186785 -0.00371202 -0.00860672 -0.00458559 0.000539748 -0.00118157 0.00159211 0.000163132 0.000321537 -0.0039011 -0.00260518 -0.00325272 -0.00412971 -0.00465751 0.000949422 -0.000233904 0.000328771 0.00261874 0.00142779 -0.000370802 0.000368863 1.8548e-05 0.00195982 -0.0038608 0.000133767 0.00120228 -0.00278651 -0.00224488 -0.00127839 -0.00317306 0.00114201 0.000554033 -0.00177137 -0.000417225 -0.00111254 0.000326406 0.00196857 0.000811676 0.000430089 -0.00214161 -0.000245739 3.00137e-05 0.000659137 -0.00131535 0.00302791 0.00363812 0.0019994 -0.000943913 0.000102338 -0.00203907 -0.000476911 0.00184056 0.000798934 -0.00267462 -0.00050088 0.000378592 -0.00130429 0.00117561 0.000619202 -0.00234576 0.00192959 0.00199681 -0.00263606 0.000248618 0.000156489 -0.00184351 -5.86428e-05 0.000178391 -0.00156298 0.000298798 -0.00173236 -0.000671133 -0.000102705 -0.00112218 -0.000595428 -0.00136076 0.000301706 0.0013781 -0.00407467 7.56138e-05 0.00233296 0.00104908 -0.00447717 -0.000498951 -0.00190228 0.0011337 -0.00198697 -0.00204969 -0.00323556 0.000250997 0.000800317
0.000592393 -0.000204091 0.000888341 -0.000611125 -0.00134516 0.000395209 -0.000151627 -0.000280174 -0.000239745 0.000636127 -0.000222761 -0.00355251 0.00159973 -0.000621676 0.00278556 -0.00102689 0.0016804 0.0058615 -0.00763841 0.00382947 -0.003233 0.0078088 -0.00120794 -0.0127242 0.00166433 -0.0052396 -0.00460793 0.00219305 0.00667477 -0.012045 0.00897647 0.0064004 -0.00370767 0.0114218 0.000343451 0.000145904 -0.0010544 0.00321198 0.000775953 -0.000716381 0.00512237 0.00236156 -0.000916397 0.000961845 -0.00145966 -0.000370692 -0.00246579 -0.00607047 -0.000478487 0.0016643 0.00171353 0.000136474 0.000368116 0.000146969 0.000766227 -0.000387383 -0.00107027 -0.00139229 0.00182373 0.000815125 0.000749428 -0.00270211 -0.000160408 -0.00264564 -0.0040884 -0.00158284 -0.00116149 -0.0021271 0.00443824 -0.00202746 -0.00383386 -0.00251521 -0.00287251 0.000769769 -0.0012564 -0.000861428 -0.0023504 -0.00263765 -0.00158188 -0.00548133 0.00085509 0.00171667 -0.000821354 -0.00183135 0.00284221 0.00042855 -0.00326571 0.0015893 -0.00161534 -0.00161856 -0.000360153 0.00366883 0.0023045 -0.00449836 0.00106318 0.00201842 -0.00704252 0.00542507 0.00549014 0.00310187 0.000195712 -0.00500233 -0.00291495 -0.000362711 0.00638625 -0.000604838 0.00224633 3.57652e-05 0.00765614 -0.00491731 0.0058477 -0.00445405 0.000655973 -0.00703469 -0.00675915 0.00774536 0.00382588 0.000244443 0.00343417 0.00672766 0.00771216 -0.00232693 0.00825161 -0.00860326 -0.00799489 0.000773468 0.000112331 0.00285088 -0.00699605 -0.0103509 0.000439393 -0.00170274 0.0082314 -0.00780196 -0.0100746 0.00673286 -0.0034592 0.00403175 -0.0118001 0.0153299 0.00826251 0.00502715 0.013563 -0.0114549 0.00883131 0.0119488 -0.0231618 0.00978685 -0.0172553 0.000671652 -0.02591 0.0307697 0.040327 -0.00707264 -0.0223489 0.0296825 0.00732962 0.00175363 0.0506896 -0.0871189 0.969967 -0.131736 -0.0527735 0.117724 0.0224928 -0.0308972 0.0304141 0.00497379 -0.0174999 0.0284314 0.0135364 5.55016e-06 0.000824622 0.00304225 -0.00996602 -0.00997517 0.000404661 0.00423711 -0.0035526 -0.00178419 -0.00750298 0.00419983 0.000388353 -0.00151866 -0.00165809 -0.00627442 0.00106927 0.000565895 0.00608175 -0.00985538 -0.00501147 0.00183908 0.0017765 0.00373859 0.00404369 -0.00391803 0.00212241 -0.00931392 -0.00318202 0.000114427 -0.00258262 0.00419786 0.00234586 0.00963364 -0.000214328 -0.000132691 0.00277555 -0.00145958 0.0021765 -0.00125224 0.00572337 -0.00108333 0.000104257 0.00163768 0.00131471 -0.00505058 -0.000694683 -0.000290297 -0.00325035 -4.62593e-05 0.00171113 -0.00240058 0.00115992 0.00337036 0.00243335 -0.000765375 -0.00199002 0.00225681 -0.00242698 0.00363634 -0.000214859 0.00074794 0.00136416 0.000312289 0.00302296 0.00418872 -0.00114639 -0.00107759 0.00049184 0.000126936 -0.00100533 -0.00157651 -0.000611354 0.00191797 0.00263299 -0.00171884 -0.000500822 0.00104124 0.0025672 0.00173566 -0.00214455 0.00109864 0.000450719 0.000110439 0.00181185 5.50501e-05 0.000296856 0.00239441 0.000145058 0.00167533 -0.0015627 -0.00377453 -0.00459118 0.000648325 -0.00131451 -0.000299054 0.00341495 0.000607417 0.00113831 0.00383177 0.000964396 -0.00219401 0.0016056 -0.000757693 0.00395022 -0.000929546 -0.000145104 0.00186624 -0.00315455 -0.00292312 0.0082978 0.00183072 -6.03222e-05 0.000983942 0.000770117 -0.00315602 0.00117164 0.00501505 0.00311656 0.00281553 -0.000665198 0.000586511
-0.000467767 0.00172016 0.00025482 -0.000630164 9.49675e-05 -0.000150084 0.00220218 -4.37371e-05 -0.000818106 -0.00117485 0.00129831 0.00225156 -0.00094199 -0.000104425 5.38978e-05 -0.00134416 0.00130541 -0.0007262 -0.0066839 0.00133543 0.00732713 0.00344542 -0.00316403 0.00370113 0.000227223 -0.00924523 0.00193709 0.00385698 0.0158285 -0.00565355 0.00808564 0.00153363 -0.00732752 0.00492295 -0.00358929 0.0011206 0.000522554 -0.00161085 -0.00229652 0.00250301 -0.00012846 0.00568688 -0.00326048 0.00113846 -8.87142e-05 -0.0016037 -0.00213868 -0.00444403 -0.00104906 -0.00341005 0.00216476 -0.00459509 0.00250507 0.000296509 0.00139426 -0.000584508 -0.00178341 0.00128814 -0.000635802 -0.000422281 0.000139917 4.84836e-05 -0.000442643 0.00312272 -0.00549278 0.000296153 -0.000297011 -0.0024543 0.000918273 0.00346459 -0.00212791 -0.00137543 -0.00700154 0.00527106 -0.00175287 1.49745e-06 0.00308217 0.000431723 -0.00441907 -0.000863672 -0.00316874 -0.000308396 0.00238075 -0.0014574 0.00450064 0.00473943 0.00143351 -0.000994796 -0.000700185 0.0021053 0.00175501 0.00220669 -0.00040284 -0.00181953 0.00107001 -0.000694689 -0.00015145 0.0031476 -0.00115347 0.0036611 8.17763e-06 0.00029113 -0.000758392 -0.00136253 0.000422734 0.000564262 -0.00317564 -0.000196806 0.000753703 0.00166907 0.00532614 0.00143745 -0.0139619 -0.00386087 -9.79023e-05 -0.00324777 -0.000825078 -0.000385276 0.00399982 0.00578676 0.00160039 0.00267606 -0.00251514 -0.00321424 0.00492952 0.00293555 -0.00150504 -0.00394043 -0.00624772 0.00390672 0.00249972 0.00329433 4.58218e-05 0.00490277 -0.00904136 -0.00984657 0.00630958 -0.0070057 -0.00874042 0.000605557 0.0103278 0.0102189 0.011607 0.00860549 -0.0058576 -0.0205962 0.0129063 0.020906 0.0121438 0.0380081 -0.00825428 -0.0121222 -0.000514487 -0.0580814 0.0834709 0.00242575 -0.0191507 -0.014106 -0.136556 -0.193082 0.120013 0.936937 -0.0848772 0.00307697 -0.104214 0.100332 -0.0582705 -0.00894319 -0.0179818 0.000230811 0.00304502 0.0345408 -0.0149625 -0.00706917 -0.00560125 -0.00595162 0.0028339 -0.000732782 0.00448221 0.00435147 0.000319902 -0.00105833 0.0022481 0.00171404 0.00464227 -0.00322 0.00538576 -0.010666 -0.00325554 -0.00729108 0.00542405 -0.00160168 0.00108478 0.00121908 0.0038451 -0.0010043 -0.00279787 0.0030581 -0.00541669 0.00248874 -0.000287319 0.000116811 -0.00195599 0.00273304 0.00124972 -0.00282155 -0.00121173 -0.00165009 0.000323644 0.00351972 0.000158139 -5.06835e-05 -2.76751e-05 0.00170235 0.00140326 -0.000143685 -0.000355717 0.00263547 0.000423989 -0.000616791 4.69087e-05 -0.00079611 -0.000789101 0.000779963 0.000790921 0.000900281 0.00143224 -0.000890107 -0.000330463 -0.00262374 1.11938e-05 -3.26391e-06 0.00292478 0.000666657 -0.00239257 0.000723695 0.00059341 -0.000201805 -0.00143166 -0.00035361 0.00243387 -0.00258875 0.000387597 0.000295074 -0.000529489 -0.000556811 -0.00227571 -0.00228272 -0.00170078 0.00125546 -1.90726e-05 0.00191584 -0.000103945 -0.0019868 -0.000549584 0.00113405 -0.000587151 -0.000263501 -0.00284363 -0.000585863 -0.000629203 0.00120172 -0.000946721 0.000160801 0.000591743 -0.00202676 -0.00099689 0.00460766 0.000617793 0.00446521 -0.0017389 -0.000680448 0.00201768 -0.0018198 -0.0010668 0.00220414 -0.000356392 0.00187693 0.00395421 0.00279354 -0.00100769 -0.00114957 -0.000714038 -0.00629159 0.0017667 -0.000860049 -0.0030218 -0.00361152 -0.00387953 -0.0062947 0.00129706 -0.00240899
-0.00121002 -0.00364912 -0.00209194 -6.72971e-05 0.000933402 0.000347839 0.00310521 -0.000247001 0.00150896 -0.000578103 0.00273171 0.000819313 4.55763e-05 -0.000180061 0.00287212 -0.00219308 -0.00181723 -0.00278212 -0.00681278 -0.00103935 -0.0024565 -0.00808669 -0.0142027 0.00625158 -0.00760795 0.00134369 0.000558613 0.00670569 -0.00248909 0.00115521 0.00631934 -7.37994e-05 0.00374912 0.000740228 0.00285047 -0.00162273 0.00240234 -0.00323928 -0.000935292 -0.00299575 -0.00460251 0.00475104 -0.00035899 0.00413177 -0.00348707 -0.00119067 -0.000968772 -0.00090521 0.00318111 -0.0023112 0.00276245 -0.00295692 0.00189866 -0.000420471 -0.000470157 0.00226873 -0.000944905 -0.00113009 -0.000686352 -0.00353341 0.000695872 -0.000180075 -0.000531982 0.000514943 -0.00170854 -0.00038445 0.00127021 -0.00189677 0.00353839 0.00474148 0.000577253 0.00449698 -0.00550944 0.00353173 -0.00445177 0.000548178 0.00480892 0.00607482 -0.00253455 0.00167628 -0.00497726 -0.00523032 0.000388615 0.00156906 0.00229769 0.00181302 0.000941532 0.000627861 0.00073072 0.000136025 0.00105435 0.00167154 -0.00590687 0.000258241 0.00161286 -0.00170693 0.00403165 0.000752872 -0.00334481 -0.00167259 -0.00356298 -0.00497631 -0.00057744 0.000365502 0.00130227 0.000684906 0.00266026 -0.000903816 -0.00343452 0.00031727 0.00209822 0.000939452 -0.00248362 0.000658262 0.00538454 -0.00817636 -0.00245282 0.00140759 0.00740428 0.00463737 0.00090782 -0.00453184 -0.00027148 0.00480864 0.00643411 -0.00153854 -0.00142289 -0.0014209 -0.00356608 0.00782564 0.00361936 -0.00415837 -0.00411444 0.0124841 0.00680746 0.0010573 -0.00324306 -0.0105959 0.0189358 0.0107075 0.00483723 -0.0142668 -0.00709966 -0.0107634 0.0248676 -0.0242619 -0.00618109 -0.000537729 0.0129368 -0.0323639 0.0223684 -0.00132109 -0.00485388 -0.00666284 0.00125234 -0.025446 0.0381354 0.00342582 0.03013 -0.00734499 0.0730178 0.0885167 0.984954 -0.0573405 0.0338134 -0.010363 -0.0160149 0.00986752 0.0168451 -0.00655311 -0.004272 -0.00536707 0.00574775 0.00819921 0.00195752 0.0177481 0.00485411 0.00102303 -0.00586899 -0.002097 -0.00573865 0.000306546 -0.00133128 0.00833999 0.00508952 0.00779996 -0.00186729 -0.00791266 -0.00172678 0.00126081 0.00313746 -0.0074929 0.000684814 -0.00111295 0.00479665 -0.00368712 -0.000147923 0.0072082 0.00706947 0.00123839 9.26425e-05 -0.00417438 -0.0025823 0.000871095 0.00437357 -8.81027e-05 -0.000705965 0.000193324 0.000402455 0.000701761 0.00274666 0.00671315 -0.00213684 -0.000756645 0.00111633 0.00324096 0.0005151 -0.00203508 0.00277726 -0.0010754 -0.00133784 0.000541031 -0.00139556 0.000262048 -0.00339811 -0.00184508 0.000849996 0.000781261 0.00206921 -0.000719821 -0.000301023 -0.000270279 -0.00139477 0.000454836 -3.22893e-05 -0.000962304 -8.23038e-06 -0.00086976 0.000195745 0.000485951 0.00127594 -0.000495159 -1.67244e-05 -0.000100621 -0.00123048 0.00240189 -0.00074231 -0.000750319 -0.000792665 -0.00202788 -0.0010538 0.0014737 0.00192005 0.000318163 -0.0014656 0.00354412 -0.00123206 -0.00161535 -0.0011249 0.00225108 0.00146183 0.000481546 -0.00120577 0.000303014 -0.000859148 0.00083904 -0.000106065 0.000529547 0.00259799 -0.000238165 -0.003988 -0.00025161 0.00013918 0.00219975 -0.000910345 2.98399e-05 0.000762863 0.00248365 0.00106231 0.000678185 0.00141788 -0.000892377 0.00425837 0.00072328 3.84072e-05 0.0003246 6.75737e-05 -0.00199493 -0.000210913 -0.00264082 0.00253268 -0.00395119
0.000109152 0.00144266 -0.00132724 -0.000596676 -0.00126204 0.000401723 0.000371899 -0.00064794 0.00141342 -0.000656687 -0.00181762 0.000133111 -0.0014925 0.00167118 0.000788904 0.00174295 -0.000170544 -0.00151704 -0.00912028 -0.000509113 0.00219187 0.00118612 0.0102051 0.00675133 0.0141346 0.00149248 0.00338698 -0.00713216 0.00245864 -0.00471667 0.000482808 -0.0026389 -0.00146211 0.00130699 0.00096326 0.00191474 -0.00258596 -0.00243977 0.000528802 0.00382714 0.00204121 -0.00253358 -0.00151502 -0.00205062 -0.00270232 0.000322391 0.00380335 0.0001242 0.0001658 0.00105581 -0.00333189 -0.00313234 -0.000347008 -0.00167838 8.31386e-05 -0.00209318 0.000126616 -0.00164189 -0.000947516 0.00153717 0.00434225 0.00264337 -0.00301371 0.00161108 0.00040244 0.00104516 0.000771002 0.002783 0.00641112 0.00158331 0.00970242 0.00160995 -0.00211291 0.00377235 -0.00422629 0.00273163 -0.000523798 -0.00505869 0.00449534 -0.00236083 -0.00138011 -0.000556169 -0.00374504 0.00224832 0.0018973 0.000969248 0.00355154 -0.00108513 -0.000178358 0.00278251 -0.00214632 0.00239142 -0.00266886 0.000473527 -0.00127117 -0.00213603 0.0010914 -0.000477401 -0.00239995 0.00108575 0.000524161 -0.00361591 -0.0012256 0.00160674 0.00380026 -0.000307523 0.00372328 0.00252085 -0.00366249 -0.00103559 0.00527447 0.00110064 -0.00123363 -0.00657849 -0.000487646 -0.00184436 0.003283 -8.87318e-05 -0.00405415 -0.00198356 0.00326231 -0.00411199 -0.00712568 -0.00312943 0.00443694 0.00921971 0.00336324 0.000928271 -0.00169555 0.00365529 -0.00173654 -0.00556423 -0.0020294 0.00334671 -0.005407 -0.000837812 -0.0116432 -0.00545391 0.0123642 -0.00909623 0.0183864 -0.0140446 0.0052585 -0.000928589 0.0188235 0.0035011 -0.00699885 -0.00618154 0.018003 -0.0156224 0.000821098 0.022012 0.0221093 0.00301152 -0.00641255 0.0685152 -0.00192469 0.0411648 0.0510943 -0.0327988 -0.119159 0.00678173 0.0663376 0.973889 -0.0466864 0.106665 0.0346283 0.000502163 0.0403936 0.0167946 0.00612881 0.000519585 -0.00716831 0.000215635 -0.00541525 -0.000705288 -0.000527133 0.00877875 -0.00147063 -0.00628968 0.000240532 0.00478503 -0.000966604 -0.0102847 0.00361753 0.00454593 0.00247289 -0.00502678 0.00914198 -0.00608867 -0.00413501 0.00290095 -0.0034078 0.00147056 0.00186568 -0.00424975 0.00262558 -0.00699799 0.00320194 -0.000676478 0.00427041 0.000719654 0.00215695 0.00474738 0.00325804 -0.000615596 0.00150586 0.000296149 0.0014663 -0.00173598 0.00404997 -6.37354e-05 0.000584778 -0.00231616 0.00529696 -0.00343621 0.0034269 -0.000141795 -0.00265832 0.000447026 1.15666e-05 -0.000101805 0.00096399 -0.000101893 0.00391392 -1.85963e-05 -0.00272578 0.0047201 -0.000800194 0.00187424 -0.000923217 -0.00181404 -0.00105838 0.00142386 0.00114828 0.00228299 0.000850502 -0.000604442 0.00100961 0.000822836 -0.00217151 0.000658807 -0.00161551 -0.00157855 -0.000790297 -0.00270798 -0.000719239 0.000438753 -0.000267823 0.0027753 0.00111265 -0.00112431 0.00219229 0.00202515 -0.00133639 -0.000451647 -4.15308e-05 0.00146321 0.000565505 0.00228639 -0.000291804 -0.00127742 -0.0028302 0.00263437 -0.00291263 0.00138297 0.0017554 0.000612884 0.00405146 0.00351591 -0.00230881 -0.000409116 0.00067713 0.000585186 0.00432819 -0.00378301 0.00358201 0.00309994 -0.00629401 -0.0054522 0.0023722 -0.00255945 -0.00379135 -0.005352 0.00287969 -0.00360643 -0.00307791 -0.000524986 -7.08582e-05 0.0034325 0.000124978 0.00371897
-0.000990144 0.000152003 0.000351522 -0.000397127 8.08225e-05 -0.000655366 0.00250721 0.000210774 -0.000828686 -0.000673888 -0.00264292 0.00130351 -0.000962327 -0.000450877 -0.00056938 -0.000423152 -0.00206331 0.00284932 0.00250152 -0.0038423 0.00538739 0.00358349 -0.00375136 0.00939446 -0.00572607 -0.00672718 0.00180584 0.0010789 -0.00226703 0.00486643 -0.00493355 -0.0078512 0.00292322 -0.00637768 0.00265046 -0.00647666 0.00071461 0.00123021 -4.94288e-05 0.000950473 -0.00441714 0.000501085 0.000603378 -0.00169409 0.00183696 -0.000520186 0.00458539 0.00103255 0.00188565 -0.0012996 -0.00282885 -0.000538098 0.00148436 -0.000158355 -0.000249592 0.00176181 0.000287428 -0.00356104 -0.000198586 0.002461 0.00589614 0.00261933 -0.00384194 -0.00151813 0.00504596 -0.00220048 -0.00209612 0.00100175 -0.00384059 0.00290137 0.00324237 0.00340288 -0.00156344 0.000356464 -0.000960157 -0.00177459 -0.000184905 0.0014446 -0.000700606 0.00308603 -0.00043337 -0.00340756 0.00219844 0.00123073 -0.00078543 -0.000232948 0.00570899 0.0013515 0.00192673 -0.000721729 0.000889854 -0.00084185 -0.00185856 0.00199441 -0.00335752 -0.000739115 -0.00152806 -0.00244005 0.000269466 0.000313121 -0.00353106 -1.90023e-05 -0.00200223 -0.00238401 -0.00731404 0.000150555 0.000413865 -0.00475551 -0.00385031 0.00265452 -0.0037399 -0.00407847 0.00174202 0.00453907 0.000121651 -0.00369529 -0.00133884 -0.00603752 0.00178344 -0.00264858 -0.00592972 -5.90853e-05 -0.00773806 -0.00208725 0.00773761 0.0059316 -0.00851061 -0.00142137 -0.001026 -0.00255573 0.000560632 0.000862485 -0.00262512 0.00282446 0.00110352 -0.00429705 0.00915326 0.00224647 0.00717897 0.00907294 -8.99712e-05 0.00595807 -0.00363287 -0.00550823 0.00766976 -0.00265957 -0.00444634 0.00404864 -0.00960797 -0.00961287 0.0367162 -0.00379438 0.0110154 -0.00848906 -0.000990931 -0.0160398 -0.0212706 -0.0165167 0.00520709 0.0170501 -0.0100526 0.108197 -0.0412062 0.0443511 0.985136 0.0508661 0.0318743 0.017261 -0.00701154 -0.0606428 0.00385999 -0.00720089 0.00762544 -0.00634869 0.00302952 -0.00226914 0.00323712 -0.0088927 0.00886161 -0.00133105 0.00619087 -0.00221027 -0.00233398 -0.000499334 -0.0020975 0.00123669 -0.00783677 0.00712937 -0.0062123 0.00849468 0.00584227 -0.00368747 0.00305032 0.00343753 -0.000676255 0.000774347 -0.00100321 0.00497359 -0.00282088 0.00228793 0.00400656 -0.00595706 -0.00519977 -0.00857362 -0.00322475 -0.000516201 -0.00181112 0.00109645 -0.00336686 0.00158783 -0.0048313 -0.000584634 0.00114712 0.00028387 -0.00538121 0.00150372 -0.00330574 0.000126866 0.000970306 0.00100562 -0.000668712 -0.000687183 0.000106873 0.00228283 -0.000232792 -0.00110581 0.000844176 -0.00381727 -0.000628818 -0.0031945 -0.000708744 0.00334077 -0.00213947 -0.00130239 -0.00208543 -0.00168979 0.00045825 -0.000239125 0.00269141 -0.00197399 0.0014945 0.00134686 0.00217483 0.000198189 -0.00160114 0.00359919 0.00345759 -0.000964195 0.0026198 -0.00394332 -0.000157136 0.00180079 0.000834502 -0.00183601 0.000905381 -0.000599211 0.000207995 -0.000151639 0.00114616 -0.00146353 -0.00253497 0.000283626 0.00193794 -0.00240164 0.000381963 0.00031462 0.000937206 -0.00720433 -0.000450538 -0.00545811 0.00244256 -0.00212271 -0.00447301 0.00144917 -0.00557372 0.00167439 -0.00192182 -0.00282933 0.00440945 0.0025873 -0.0015369 0.00234239 0.00690006 0.0081949 0.00159676 0.00207745 0.00169866 0.00317714 0.00190232 0.00317863 0.000626602 -0.00494681
0.000254022 7.37814e-05 0.000540134 0.000350645 -0.000517031 0.000373466 -0.00109887 -0.000570365 -0.00102273 0.000432391 -0.00022005 -0.00313172 0.000203895 -0.000518051 0.000309855 -0.00283846 0.00300176 -0.00022789 -0.00411982 0.00681601 -0.00791029 0.00242096 -0.005459 -0.00768196 0.00116148 0.00125915 -0.00504841 -0.000277614 0.000528947 -0.0116118 0.0158304 0.00468506 -0.00505421 0.0106233 0.00239414 0.000237166 -0.000265356 0.00105499 0.00199837 -0.00329176 0.0024873 0.00103783 -0.0013786 0.000889543 0.000775638 0.00117387 0.00243607 -0.00531364 0.00089769 0.000919943 0.000691144 0.000164669 0.00180456 -0.00179773 -0.000482293 0.00246453 -0.00118059 0.00223011 4.08817e-06 0.0016765 0.00250323 0.00105657 -0.000629524 -0.000109999 0.00259324 -0.00216198 0.00244184 0.00298104 0.00377071 -0.00372669 -0.00117277 0.00349688 -0.0020501 -0.0045982 -0.00150721 6.78671e-05 -0.0103994 -0.00996805 0.00256455 -0.00237988 0.00166482 6.43455e-05 0.00576858 -0.00553578 0.0017486 0.00502697 -0.000428317 -0.00156731 0.00266004 0.00189259 -0.000907396 0.00209884 0.00170248 0.0018819 9.64483e-05 -0.000535512 -0.00288737 0.00134023 0.00322298 0.00336703 0.00516257 -0.0037522 -0.00165805 0.00595545 0.00627986 -0.00141815 -0.00362223 0.000481823 0.00377631 -0.00391475 0.00504989 0.00161432 0.00333089 -0.00288382 0.00286958 0.00600079 0.00451104 0.00034187 -9.34205e-06 -0.000599529 0.00305187 -0.00412014 0.0021431 -0.0035125 -0.00170737 -0.00127668 -0.00217743 0.000252394 -0.00157318 -0.00374356 0.0006541 -0.0119906 0.00265353 -0.00676046 -0.00590112 0.00645002 -0.00955669 -0.00671338 -0.0111054 -0.0141644 0.000129689 0.00365983 0.00198228 0.0201228 -0.00970003 0.0106649 0.0029874 -0.000308656 -0.00194344 0.0116671 -0.00193651 -0.0047938 -0.0193776 -0.0239507 0.023664 0.0138039 -0.0187919 0.0123634 -0.0213452 -0.0394774 0.0211788 -0.126068 0.0192707 -0.105015 -0.0268826 0.974205 0.00730483 0.0574307 -0.0657798 0.0437715 0.0385061 0.0297955 -0.0189499 0.000591889 -0.000928137 0.00102341 -0.00623563 -0.0122757 -0.00241634 0.000538544 0.00342488 -0.000321039 -0.00225483 0.00426754 0.003934 -0.000521491 0.00865784 -0.0097864 0.000602103 -0.00659812 0.000133243 0.00396355 -0.00134672 0.0057117 0.00349351 -0.00356486 0.00863881 -0.0052252 0.00720515 -0.00242361 -0.00697115 -0.00296298 0.00380068 0.0169228 0.0126338 0.00244337 0.00159679 -0.000559266 0.00197466 -0.00594898 0.0107019 0.00675877 0.00380345 0.00257517 0.00665159 -0.00435352 0.00278683 -0.0010082 0.00309666 -0.00375128 0.000910355 0.0013263 0.00135339 0.00143303 0.00502899 0.00318635 0.00219447 0.000866466 0.00259422 0.00135201 -0.00125681 -0.00271205 0.00276501 -0.000720357 5.21693e-06 0.00331476 9.41438e-05 -0.000328572 -0.00116799 0.00040176 0.00285925 -0.0039313 -0.00115994 -0.00389693 -0.00074704 -0.00419084 -0.0041222 0.00184055 -0.00313389 -0.000559221 0.000343426 0.00123148 -0.00264888 0.00013211 -0.00170129 0.000880965 -0.00392533 -0.00223223 0.000834478 0.000532354 -0.00201265 -0.000680592 -0.00116399 0.00300764 -0.000974908 0.00243983 -0.00232253 0.00486891 0.00379124 0.00619859 -0.000253776 0.000907305 0.00464392 -0.00191583 0.00232948 -0.00162747 0.00401474 0.00204221 -0.000999074 -0.00199179 0.00534136 0.000221003 -0.00281282 -0.00349371 -0.000776363 -0.00192641 0.000355347 -0.000885702 -0.000509438 -0.00471914 0.000265607 0.00780311
-9.55409e-05 -0.00150836 -0.000438279 0.00163431 0.000133089 0.000671581 -0.00192241 0.0008845 -0.00124307 0.000760885 0.00146033 0.0038071 0.000303509 -0.000315392 0.0016718 0.00088235 -0.00110663 0.00773805 0.00256691 0.000854604 0.00251701 0.00290311 -0.00381953 0.0111925 -0.00819488 0.00778856 -0.000701379 0.00751935 0.000136911 0.0045456 0.000285293 -0.00300626 0.00321781 -0.00923323 -0.00247502 -0.00370117 0.00107442 0.00199866 -0.00368986 0.00222715 -0.00464725 0.00514318 -0.00231422 -0.00135139 0.000803494 -0.000563376 -0.000112093 0.00212964 -6.57294e-05 -0.000601022 0.00107855 0.00301319 -0.00133335 8.32671e-05 -0.00223923 -0.00084322 0.000634894 0.00073653 0.00246261 0.000625537 -0.00120518 0.00216652 0.00339006 2.72264e-05 -0.000166231 0.000139238 0.000749032 -0.00028428 -0.00176758 0.00641357 0.000483838 0.000795954 0.00224539 0.00128393 -0.0044549 -0.00611316 -0.000795999 -0.00254124 -0.00130931 0.00634691 0.000646154 3.15555e-05 -0.00169031 -0.000108955 0.00342811 0.00326551 -0.00279416 -0.000430622 0.0014121 0.00183251 3.82872e-05 -0.00134971 -0.000338003 0.00183551 -0.00312196 -0.0013081 -0.00225412 -0.00153215 -0.00166915 0.000563875 0.00217122 0.0046236 -0.00213953 0.00137551 -0.00229782 -0.000266478 -0.0012376 -0.00298801 -0.00186876 -0.00517842 0.00255854 -0.00139617 0.000700567 -8.85792e-05 -0.000874322 0.00193303 -0.00493289 0.00247129 0.00184312 0.00246851 -0.00843038 0.00456801 -0.00364149 -0.00736374 -0.00369972 -0.00237954 0.000521054 0.0028159 -0.00179625 0.00204208 -0.00709034 0.00163959 0.00477839 0.00589722 -0.000202984 0.00256095 -0.00382342 0.00372498 0.00258543 0.00262727 -0.00127581 0.00417837 -0.0265422 -0.00232811 -0.0170904 0.0107165 0.00659644 -0.00499289 -0.0131099 -0.00959354 0.00281385 0.00198643 0.00984112 -0.00155132 0.00163553 -0.00673474 0.00605609 -0.00601867 0.00211225 0.00730101 -0.00899307 0.034849 -0.00657829 -0.00750985 -0.0319527 -0.0521237 0.346822 0.931323 0.00103376 -0.0350368 -0.0053654 0.026696 -0.00925529 0.00297694 -0.0121724 -0.00636523 0.017562 -0.00760526 0.00981511 0.00268583 0.00243795 0.0042661 0.00258205 0.00277887 -0.00411115 -0.00280782 0.00161463 -0.00135911 -0.0117056 0.00465552 0.00411843 -0.00324262 0.00288336 -0.0117356 0.00134049 -0.00165659 0.0020337 0.0057713 0.00229454 0.00153398 -0.00271157 -0.00522687 -0.00351527 -0.0173674 -0.00507625 0.000755273 -0.00489248 0.000275634 -0.00464451 0.00488806 -0.00544874 -0.00421562 -0.00130354 -0.00129923 -0.0020538 0.00282188 -0.00125143 -0.00167626 0.00148869 0.0021197 -0.00109273 0.000436547 -0.00131467 -0.00262056 -0.0025117 -0.00163845 0.000264833 -0.00188638 -0.000520246 -0.00432363 0.00180624 0.00203408 -0.0022555 0.000298717 -0.00269907 0.00134105 0.000195787 -0.00135726 0.000900172 0.00054561 0.000533882 0.000548499 0.00277569 0.00148787 -0.0010325 0.00408291 0.00142896 -0.00247314 -0.000289136 -0.002168 -0.00114723 0.00161541 0.00111242 0.000347031 -0.000575476 0.00208226 0.000663111 -0.000502437 0.00147434 -0.00114339 0.000819097 0.00209823 0.00294777 -0.00148165 -0.00102099 0.000236385 -0.000441941 -0.00501156 -0.000523502 -0.00731225 -0.000666092 -9.08329e-06 -0.00544709 0.00189121 -0.00564843 0.00180003 -0.000849534 -0.00325399 0.00414394 0.00416481 -0.00298319 0.0011987 0.00578399 0.00201299 0.00108451 -0.0024037 -0.0015841 0.000195676 -0.000735157 0.00609682 0.00243573 -0.00314712
0.000382614 0.00123157 0.000172503 -0.00042898 -0.00239283 2.69703e-05 -0.000359277 -3.1152e-05 -0.000880146 0.000811472 0.00194972 2.5573e-05 -0.000438145 -0.000364036 0.00210205 0.00272572 0.00213615 0.00189417 -0.00430048 0.00818225 -0.00517798 0.0153109 0.00883121 -0.0058035 0.0122147 0.0045951 -0.0107587 -0.00643693 0.00315263 -0.0202537 0.0127485 -0.00941202 -0.00779501 0.0107098 0.00649209 0.00668034 -0.00224078 0.00244745 0.000568848 0.00391184 0.00953965 -0.0113974 -0.000414386 6.27971e-05 -0.00146584 0.00167179 -0.000516996 -0.00559923 0.000663712 0.00219327 0.00374435 -0.00167677 0.000639728 -0.0039659 0.00188601 -0.00281845 -0.00167987 0.00130374 0.00155469 -0.0051997 0.00150211 -0.00279179 0.000899085 -0.00188605 -0.00094378 -0.00181308 0.00177133 -0.000473914 0.00118023 -0.00603101 0.00398205 0.00431643 0.000223333 -0.00237848 0.00689271 -0.000731701 0.00026545 -0.00220741 -0.0064043 0.00239677 -0.00154889 0.00169921 0.00309597 -0.0013249 0.00138717 -0.000862451 -0.00356138 -0.00251217 -0.000500388 0.00261909 0.00112241 0.00230739 -0.00388832 0.000165079 -0.000149362 0.00261135 -0.00316148 0.00380687 0.00172903 -0.00333497 -0.00278785 -0.0116633 -0.000613689 -0.00827934 0.0035748 -0.00075404 0.00436419 0.000446739 0.00225035 -0.00683997 0.00296534 0.00270656 0.00180825 -0.00591059 -0.00450298 0.0051538 0.0029487 0.00313813 0.00409325 0.0028489 0.00800024 -0.00833841 0.00344716 -0.000536425 0.00216926 0.00143594 0.00530914 -0.00089031 -0.00436493 0.0015752 0.0108099 -0.00133576 0.00714527 0.00941887 -0.0105121 0.00597671 0.00197088 0.00406122 -0.0129641 0.000425492 -3.16415e-05 0.000486453 0.00690614 -0.0106567 -0.0195507 -0.0115501 -0.0226667 -0.0065558 0.0102073 0.00452643 -0.0202805 -0.00588032 0.0231503 0.00355286 0.0034018 -0.0135562 0.00760314 0.0185917 0.0211157 0.0178597 -0.0159344 0.0595651 0.0129086 -0.0435921 -0.0236294 0.0154738 0.925762 -0.344845 0.0515885 0.0543966 0.0239843 0.00102902 -0.0151761 -0.00956682 -0.00190158 0.0137132 0.00523284 -0.0070693 0.00329635 -0.00636611 0.00564879 0.0130942 0.0040821 -0.00814603 0.0109585 0.018038 0.000147889 0.00141598 0.00321249 -0.00570882 -0.00457452 0.00680878 -0.00238465 0.00445109 0.008045 -0.00592852 0.000865187 -0.0136857 0.00305885 0.000775753 0.00333961 0.0059777 0.00490641 0.00791784 0.00272676 -0.00111928 0.00236703 0.0010469 0.0018121 -0.00423352 0.00701891 0.000982058 -0.00156671 -0.00331444 0.0015567 -0.00342272 0.00454441 -0.000418333 -0.00206248 0.00311122 -0.00322323 0.002012 0.00224437 0.000406363 0.00341365 -0.00287689 -0.00283421 0.00530923 -0.000210834 -0.000467923 -0.00380186 -0.000858254 0.000478045 0.00192129 -0.000149015 0.00220515 0.00186304 -0.00260079 0.00237787 -0.00129658 -0.00282854 0.00278026 -0.00302701 -0.00130273 0.00176053 -0.00313928 -0.000585671 0.00123273 0.00483808 0.00347671 0.00150046 -0.00202267 0.00460123 0.00011889 0.00286372 -0.000210045 0.00166911 0.00180234 0.00102333 0.00642142 0.00105626 -0.00375045 -0.00578778 0.0013967 -0.00445527 -0.000918643 0.00423329 0.00705292 0.00330658 0.00287645 -0.00478871 -0.000780493 0.00110142 -0.00155072 0.0060044 -0.00254585 0.00461261 0.00657819 -0.00654354 0.00245943 0.0083006 -0.000344928 -0.00445934 -0.00417492 -0.00244249 -0.00395966 -0.00597772 0.00204571 -0.00359096 0.00227259 0.000638773 0.00175571
-0.000898491 -0.000243357 0.00165373 0.000445027 -1.5577e-05 -0.000737044 0.00112878 0.000513862 0.00167688 -0.000724344 -0.00222192 0.00248109 0.000159526 -0.000376236 0.00181593 0.000196041 -0.000467948 -0.00281423 -0.0101639 0.00533582 0.00473951 0.00059801 -0.00152338 -0.00963567 -0.00494603 -0.00283709 -0.000666821 0.00233257 -0.000702751 -0.00167173 0.00895652 0.00438562 -0.00391762 0.00796299 0.00674711 0.000792957 -0.00143098 -0.00457403 0.000222 -0.00462717 -6.28237e-05 0.00480054 -0.000440842 0.00656082 0.00293489 0.000425481 -0.000287701 -0.000399462 0.000429707 0.000947231 -0.00353814 -0.00233783 0.000124454 -0.000339789 3.58143e-05 0.00453391 0.00140979 -0.0017591 -0.000792707 -0.00126075 -0.000352604 0.00396149 -0.00142708 -0.00143794 -0.00167635 -0.00200381 -0.00307046 0.00118216 0.00266341 0.0026552 -0.00144886 -0.00210984 3.75255e-05 0.000288653 0.00239933 -0.00670652 -0.00235999 0.000162899 -0.00213762 -0.00122325 0.00100462 -0.00462381 0.000833855 0.00129629 -0.0011984 -0.000755755 0.00102727 0.00822543 -0.00326394 -0.00081659 0.00187529 0.0059882 -0.0010667 -0.00205787 -0.00225062 0.00386613 -0.000143291 0.00137967 0.00234367 0.000377555 0.00111986 -0.0120523 0.00654214 -0.00382653 0.00639332 -0.000563301 0.00324744 0.00319207 0.0017658 0.00162997 0.00530082 0.00284694 -0.000681226 -0.00368172 -0.00088354 0.00269719 0.0107029 0.00304229 -0.000162349 0.004915 0.0069558 -0.00541661 0.00165274 0.00697241 0.0028627 0.00256826 0.00458156 -0.00546266 -0.00924772 -0.000337537 0.00425368 -0.0047522 -0.0028368 -0.000773851 8.86576e-05 0.00621876 -0.00169142 0.00263699 0.00288329 -2.31245e-05 0.000130377 0.00898744 -0.00452722 -0.0105894 0.0107209 -0.0035307 -0.00387102 -0.0107091 0.00389677 -0.00755766 0.00917972 0.00183954 0.00334276 -0.00241537 -0.0013533 -0.0148066 0.00804076 0.00454167 0.0160317 0.0167643 0.0223767 0.0130606 -0.0249727 -0.0419243 0.0121771 0.058231 -0.055644 0.028564 0.983093 0.133551 -0.000395998 -0.0239124 -0.00685484 0.015031 -0.011148 0.00455233 -0.0189406 -6.15149e-05 -0.00615013 -0.00309563 -0.000648261 0.00610421 -0.00566315 0.00327701 -0.00146233 0.00278547 0.00733918 -0.00663688 0.0111441 -0.00931987 -0.00709622 0.0101248 -0.00565652 -0.00129025 -0.00188609 -0.00579271 0.00465979 -0.0198961 0.00628084 -0.00251974 0.00116576 0.00814064 0.0112364 0.0174471 0.0088498 -0.000666058 0.00520711 -0.00130203 0.00501326 -0.00368569 0.0124791 0.00157758 0.0012622 -0.00168594 0.00976943 -0.00703131 0.00609886 -0.00302523 -0.00299517 -0.000214248 0.000654124 0.000329278 0.000965392 -0.00275617 0.0054896 -0.000640341 -0.0052214 0.00817264 0.00241387 0.00137087 0.00108663 -0.00207609 2.67207e-06 0.00244289 0.00289548 0.00582015 0.000420064 -0.00179169 0.000915467 0.000804995 0.000193415 -0.00190915 -0.00414401 -0.000591974 0.00488381 -0.00622581 -0.00129302 0.0030431 0.0026782 0.0044968 -0.00141018 -0.00124951 -0.00150991 -0.000431444 0.00101529 0.00251949 0.000389426 0.00231356 0.000764706 0.00230295 -0.0023937 -0.00455744 -0.00540134 0.00400196 -0.000340378 -0.000692255 0.0011991 0.00614161 0.00220162 0.0110358 0.00330234 -0.00112829 0.00261766 0.00139408 0.00655507 -0.00358556 0.00145963 0.00280788 -0.00514323 -0.0058211 0.00850466 0.00394404 -0.00818047 -0.0049002 -0.00161898 -0.0038591 0.00261587 0.000495303 0.0028187 0.00179022 -0.00537844 -0.00169579
-0.000958833 -0.000967751 -0.000124022 0.00150615 0.00153119 -0.000202397 0.000905876 0.00229882 0.00229792 -0.000550261 -0.000181861 -0.00144462 0.00019709 9.24794e-05 0.000517934 -0.00209808 0.00105516 -0.0052568 0.0027477 0.00410183 0.000898824 0.00382116 -0.0028635 0.00164319 -0.00442211 -0.00465267 -0.0052269 -0.00528343 -0.00411611 0.00271026 -0.00290033 -0.00782296 0.00145226 -0.00738009 0.000550151 0.0017194 -0.000686991 0.000450565 -0.00235798 -0.00257748 -0.00205003 -0.000449134 -0.00148749 0.00211326 0.0037283 -0.000405759 0.000856133 0.00149914 -0.00124752 0.00044304 0.00449832 -0.0016666 -0.000324141 -0.000247586 0.000445607 0.000301737 0.00023007 0.00044146 0.000559291 0.000312854 0.000316086 -0.000486121 -0.00118155 -0.00393466 0.00681072 -0.00423961 -0.000843456 -0.0026809 -0.00116092 0.00505187 -0.00509509 0.00518125 -0.00381271 -0.00545924 0.000403256 -0.00049355 0.00279708 0.00754336 -0.00301017 0.00713161 -0.00101865 -0.000733699 0.00463964 0.00508151 -0.00390967 -0.000765501 0.000752896 -0.000655411 -0.000492684 -0.0035027 -0.00246081 0.0020012 0.000825587 -0.00529212 -0.000823332 0.00348191 0.000871507 -0.00375926 0.00203232 -0.000769633 0.0050066 -0.00474935 -0.000579643 0.00315268 0.00230501 -0.00167204 -0.000783789 0.00375816 -0.000548184 -0.00503542 0.000584141 -0.00189147 0.000853403 0.00329716 0.00141472 0.000299511 0.00121486 0.00365398 -0.00164251 -0.00166194 0.00231025 -0.00918085 0.000540922 -0.000630212 0.00420694 -0.000420768 -0.00275076 0.00530146 -0.00390387 -0.00478422 -0.000581533 0.00215731 0.000293187 0.00474279 0.00297963 0.000886988 -0.00591392 0.00588912 0.00585209 0.00584562 0.0115741 0.00821998 -0.00624429 -0.00477749 -0.0048303 -0.012822 0.00859249 0.00441315 0.0019369 0.000328063 0.00530205 -0.00819811 0.00733186 0.00942322 -0.0164466 -0.0183135 0.0279449 0.000880241 0.00306909 -0.0104842 -0.0298387 0.0135523 0.0028491 -0.00412728 0.0599222 -0.047666 -0.0312152 0.047105 -0.135094 0.980196 -0.054512 -0.029263 -0.00931223 -0.0214224 -0.00741485 0.0233753 -0.00865656 -0.00668726 -0.00561155 -0.000657882 -0.00230303 -2.7783e-05 0.00512158 0.00647839 -0.00418411 0.000967715 0.0160075 -0.00901639 -0.00391995 -0.00810311 0.00745784 0.00578323 0.00230284 -0.00449218 0.00123155 -0.00731588 -0.00270569 -0.0013947 0.00830735 0.000243653 -0.000828418 -0.0027792 0.00274039 0.00558898 0.0024978 0.000943455 -0.00080903 0.00164285 -0.000937577 0.0010456 0.00371495 0.00378738 -0.00207588 0.000847561 0.00336946 0.00277434 0.00192408 -0.000338379 -0.000121803 -0.00198972 -0.000968155 0.00288391 0.00111126 -0.000660302 0.00129788 0.000569933 -0.00168155 0.00242662 0.00105613 -0.00139353 -0.000414203 0.000604756 0.000678665 0.00128353 -0.00345007 0.00599431 0.00112828 -0.000350705 0.000143756 0.00153858 -0.000994769 -0.00016105 0.000187918 -0.000466388 -0.00126582 -0.00137818 -0.000828549 0.00225941 -0.00106279 0.0010394 0.00196567 0.00123639 0.000649441 0.0014775 -0.00116399 0.00211276 -0.00123429 -0.00183406 0.0004887 0.000718983 -0.00121421 -0.00126295 -0.00223489 0.00270435 -0.000653147 0.00211353 -0.00294548 0.00448295 0.00156227 0.00808257 -0.000964738 -0.00201225 0.000946986 -0.00053869 0.00161504 -0.00140557 0.00122862 0.0037259 -0.00244145 -0.00163983 0.00316392 0.00155154 -0.00273354 0.000693722 0.00239275 0.000513845 -0.000149585 0.00050688 0.00115226 -0.000839989 -3.68499e-05 1.53819e-05
0.000573263 0.000178829 -0.000480531 -0.000847465 -0.00136595 -4.26764e-06 -0.000960415 -0.0010324 -3.64815e-05 -0.000726435 -0.00224866 -0.00223542 -0.00105084 -0.00216814 -0.000115197 -0.000124854 -0.00235712 0.000618414 -0.0128943 0.000578408 0.00316835 -0.00449111 0.0116321 -0.00690393 0.0079159 -0.00423467 0.0111279 0.00163365 0.000230818 -0.00465851 0.00247427 0.00879899 0.000405587 0.00421878 -0.00371135 0.00395078 0.0023904 -0.00653808 0.00413153 -0.00281891 0.000285212 -0.000309561 -0.000730865 -0.00273049 -0.00161573 0.00170484 0.00107632 -0.00173808 0.00269697 -0.00130864 -0.00231621 0.000689235 -0.000461759 0.00145918 -0.000173408 0.00124385 0.00157646 -0.00284243 0.00192282 -0.00132687 0.000206116 -0.000103651 -0.00332158 0.00181176 -0.000977741 0.00157585 0.00216634 0.00267947 0.00852974 0.000820823 0.000750453 0.00303925 0.00637091 -0.000362025 -0.00577018 0.000718277 0.000195592 -0.00585739 0.00509877 -0.00340248 0.00190716 -0.0046863 -0.00748152 -0.00311082 0.00351036 0.00257555 -0.000234666 -0.00116886 4.70825e-05 -5.99271e-05 0.00131591 0.000633296 -0.000171493 0.00116989 0.000725386 -0.00530757 0.0031801 0.00232192 -0.0022325 0.00444253 -0.00231247 -0.00321976 0.00153777 -0.00392327 0.00135826 -0.00186901 0.00394658 0.00296123 0.00253903 -0.00330075 0.00118962 0.00119847 0.00185316 -0.00283285 0.0033346 0.00147741 0.00204289 0.00355047 0.000180568 -0.00160569 0.00677438 -0.00595071 -0.000746536 0.006061 -0.00076858 0.00279853 0.00333634 -0.00193882 -2.46184e-05 0.00174757 -0.00200065 -0.00384842 0.000752604 -0.00191883 -8.57945e-05 0.00295116 -0.000136053 -0.00608885 0.00298566 0.000892184 -0.00199245 -0.00313176 -0.00486597 0.00066812 -0.00192893 0.00828932 -0.00282927 0.00816951 -0.0137903 -0.00254277 -0.00518411 -0.00684922 0.00292649 0.000936375 -0.0233096 0.000603918 0.0190644 -0.0101002 0.0145227 0.010684 0.0149596 0.00762092 -0.00664549 0.00235006 -0.0033278 0.0475101 0.0242672 -0.0112903 0.00170476 -0.0512512 -0.988543 -0.0947306 0.0142661 0.0366668 0.0109097 -0.0100267 0.0126504 0.0127115 0.00345886 0.00229757 -0.0115353 -0.00766405 -0.00710955 0.00711078 -0.000274146 0.00320689 -0.000446409 0.0124876 0.00687077 0.00604426 -0.00201407 0.00346003 0.00465205 0.00230841 0.00205087 0.00345307 0.00258642 -0.0107213 0.00424789 -0.000460923 -0.00226658 0.00393518 0.0062441 0.0129165 0.00192784 0.00457659 0.00692838 -0.00198983 0.00467629 -0.00387019 0.00763083 0.00278423 0.00351506 0.00234405 -0.000600655 -0.0021822 -0.00196098 -0.00229606 -0.00242078 -0.00271739 -0.00040522 0.00210321 0.000245241 0.00228891 0.00227289 -0.000949013 -0.00155537 0.00378628 0.00251003 0.00351656 -0.0019747 0.000289408 0.000635693 0.000692927 0.00124282 0.00111105 -0.000257291 0.000300644 0.000826449 0.00251824 0.000833376 7.26687e-05 -0.000819256 0.000542322 0.000252411 -0.00153175 0.00137321 0.00178969 0.000768811 0.000258168 0.000198888 -0.00124222 -0.00149424 -0.00315745 0.00285631 0.000872301 0.00129656 0.00104602 -0.000117022 9.86029e-05 -0.000667523 -0.00287841 -0.000229127 0.000824622 0.00045105 -0.000974473 0.000340197 0.000744916 -0.000850751 -0.000164356 0.00163025 -0.00117997 -0.000667942 0.000765353 0.00144649 -0.000741685 -0.000202281 0.000491163 -0.00328653 -0.00149536 -0.00165129 0.00134442 -0.00504484 -0.000986875 0.000760521 0.000817107 -0.00122838 0.00054765 6.80309e-07 -0.00435279 0.000733999 0.00124825
0.000518882 0.0050583 0.00033564 0.00052803 0.000234164 7.00149e-05 -0.000135941 -0.000920591 0.00196265 0.000160188 -0.00098748 -0.00241236 -0.000885583 -0.000169688 -0.00202569 -0.00211245 -0.0056925 -0.00423717 -0.000521224 0.00269152 0.00735862 -0.00602346 0.00601531 0.00556382 0.0165728 -0.00534604 0.0124912 0.00947634 0.00668412 -0.00309359 -0.0214405 0.00822557 0.00325314 -0.00738925 -0.00296582 -0.00623995 0.000745216 -0.00144676 -0.000175564 0.00342369 0.0112345 0.00716838 -0.000230576 2.30925e-05 -0.000189548 -9.46354e-05 0.000385862 0.00801609 0.00194841 0.00361435 -0.000427833 0.0018875 -6.26282e-07 0.00323426 -0.00446596 0.00179519 0.00159417 0.00200545 0.00176631 0.00753541 -0.00326331 -0.00444334 -0.00216928 0.000472064 0.00191211 0.00591835 -0.00135566 0.00278611 -0.000265343 0.00729266 -0.00283896 -0.0113736 0.0119936 0.000222146 -0.00856613 -0.00924572 0.0155582 0.00324465 0.000287397 -0.00216921 0.00337737 -0.00015821 -0.00984727 0.00608109 0.00111044 -0.00530202 -0.00411856 0.00304917 -0.00318456 -0.00310461 0.00219983 -0.00623826 0.00018429 -0.000111066 -0.000559484 -0.00216167 -0.00497062 -7.72992e-05 -0.00236698 0.00162633 0.00549586 0.0094113 0.00170014 0.00130329 -0.0011519 0.000127711 -0.000696594 0.00879672 0.000546717 -0.00269765 -0.0025671 0.0014218 -0.000924591 0.00221753 -0.00271031 0.00163094 0.0114047 -0.00142907 -0.00802958 -0.00697285 -0.000817477 0.00299601 -0.00312612 0.00737242 -0.00219418 -0.00105503 0.00502307 0.00638054 0.00653641 -0.00579664 -0.00778957 0.00290695 -0.000314963 0.00509176 0.00747919 0.00266706 0.00720827 -0.000808853 0.000629542 0.00178134 -0.00289207 -0.00823259 -0.00572667 -0.00800925 -0.00291861 0.00154899 0.00191181 0.0115953 -0.0132783 -0.0154744 -0.000228624 0.00177279 0.000207378 0.00138696 -0.0290303 -0.0104119 0.0203144 -0.00736394 0.00256255 -0.00276442 0.00539076 0.0341308 -0.00854867 -0.00172294 -0.0160229 0.0315315 0.00881175 0.0245045 -0.0224972 -0.0274996 0.0999761 -0.983887 -0.0310264 0.00202677 0.0541177 0.0468495 -0.0165734 -0.00417122 0.0128602 -0.0110375 0.0134908 -0.0109727 0.00411641 -0.00784135 -0.0052382 0.00380633 0.00219377 0.00472314 0.00276798 0.00667501 -0.000217086 0.00853996 0.00278712 0.00762446 0.000942911 -0.000661218 0.0040991 -0.00344133 -0.00231198 0.0020029 0.00651673 0.00295181 0.00163964 0.00292013 0.00262235 -0.000611357 0.00171463 0.00122355 -0.000182571 -0.000899266 0.00186505 0.000910588 0.00262582 -0.00174157 0.00118012 -0.00233342 0.000835802 -0.000211731 -0.000821722 0.00105861 0.000499062 0.000275215 0.000867239 0.00189239 0.00421661 0.00104498 0.000732073 0.00012093 0.000623608 -0.00243977 -0.000135537 -0.000689245 -0.00168067 -0.00107929 -0.00112901 0.00179556 -0.000216558 2.072e-05 0.000404764 0.000106077 -0.000916509 0.00020758 0.000161089 -0.000698813 -0.00287841 -0.00112525 -0.00139737 -0.00145571 0.000945828 3.71051e-06 0.000626471 0.00132281 -0.0027226 -0.00338662 -0.00103278 -0.00293792 -0.00128958 0.00280316 -0.000655251 -0.00147612 0.000639927 -9.52492e-05 0.0016059 0.00178141 0.00310772 -0.00183716 -0.00225567 0.00147254 -0.00207332 -0.00096065 -0.0010056 0.0053596 0.00127586 -0.0020695 -0.00122122 -0.00137696 0.00140075 0.00117177 -0.00110719 0.0022168 -0.00281008 -0.000515269 -0.00215116 0.00244688 -0.00233213 0.00519482 -0.00405348 0.000821762 -0.00505095 0.00490161 0.00225348 0.0007603
-5.40736e-05 0.00536896 0.000455949 -0.00120749 0.000449682 -0.000726705 -0.000834493 0.00053039 -0.00234061 -0.00019935 -0.00254435 -0.00260382 0.000752059 0.000671023 0.00206645 -0.00140612 -0.00372066 0.00137007 -0.00836882 0.0104227 -0.0111497 -0.00778119 -0.00366996 0.0101567 0.00716501 -0.00752106 0.00232913 0.00257131 0.0152868 -0.0166883 0.0023628 0.00626502 -0.00188712 -0.000224348 -0.00518788 0.00131609 0.00152737 -0.000370849 0.00334677 -0.00206676 0.000710121 0.00480273 -0.00526366 0.00529679 0.000274163 -0.000377061 0.00136249 -0.00170813 -0.000180911 -0.00151628 0.00224868 -0.00648643 0.00343494 -0.000181653 -0.00129866 0.00367075 -0.00163645 0.0018024 -0.000342375 0.000628714 -0.00331019 0.00190178 -0.00130091 0.00153013 -0.00212551 0.000961858 -0.000146256 0.000626062 0.00380126 0.0105091 -0.00432872 -0.00458708 0.00257727 -0.00370319 -0.0143637 -0.00565359 0.000723731 -0.00560897 0.00596701 0.00214364 0.00323596 -0.00560491 0.00217803 -0.00272542 0.00352173 -0.00179422 0.00094794 0.00134866 -0.00189688 0.0021373 0.010436 -0.000231923 -0.00256898 -0.00143805 -0.00659495 -7.37153e-05 -0.00212944 0.00521158 -0.000643404 -0.00121264 -0.00248796 0.00368051 0.00270988 0.000828236 -0.00143152 -0.00266566 0.00484914 -0.00322598 -0.00301645 -0.00102389 -0.00234016 0.00595319 -0.0021777 -0.000271837 -0.00198045 0.00619479 0.0096107 -0.003001 -0.0029812 -0.00063911 0.000846543 0.000915274 0.00205394 -0.00118836 -0.00119058 -0.000478311 0.0051248 -0.00558082 0.00276997 -0.00331555 -0.00554674 0.00441407 -0.00284212 0.00236568 0.00243994 -0.00582719 0.00521174 0.000368842 0.00856073 0.00163076 -0.00864877 -0.00282997 -0.0007767 -0.00128134 0.0140927 -0.000539301 0.00147787 0.0159516 -0.00996149 -0.022381 -0.00134416 0.0155299 -0.00140605 0.0150565 -0.0198888 0.00278588 0.00355168 -0.000246249 0.0142218 -0.00604366 -0.00268246 0.0170533 -0.00923388 0.00105728 -0.0109033 0.022003 0.0150411 0.00441737 0.00350116 0.0129094 0.0217987 -0.0240965 0.990652 0.0324885 -0.0201182 0.0280801 0.0649853 0.0164132 0.0146838 -0.00623123 0.00586623 -0.0257198 -0.00090222 0.00865396 -0.00641562 0.0040782 -0.00637423 0.00458628 0.000397244 -0.000512818 -0.000190227 0.00729422 0.00191141 -0.0015073 0.00540001 -0.00221307 0.00394268 5.67289e-05 -3.94937e-05 0.00269647 -0.00189637 7.1819e-05 0.0028946 0.00151875 0.00236696 0.0020897 0.00198174 -0.00162176 0.000554357 -0.000380623 0.00133529 0.00263406 0.00123314 0.00244087 0.000678051 -0.00193844 -0.000534361 -0.000486127 -0.000290913 0.00023827 -0.000843829 -0.00147207 0.000773152 -0.000203599 -8.13986e-05 0.00323742 0.0012264 -0.00017154 0.000478842 0.00226483 0.00120718 -8.7443e-05 -0.000157523 0.00137749 1.17638e-05 -0.00225681 -0.000744685 0.00099821 -0.00238641 0.00125625 0.00122519 -0.000509762 0.0019364 0.000362095 0.000833369 0.000419361 9.75613e-05 -0.00102879 -0.00162775 1.75718e-05 -0.000367284 -0.001118 -0.00171961 -0.00188924 0.000709604 5.58088e-05 -0.000133657 -0.00101993 -0.00160106 0.00016176 -0.000171924 -0.000716958 0.000480225 -0.00252888 -0.000963467 0.000362011 -0.000384036 1.29768e-05 -0.000776141 -0.00204583 -0.000851956 -4.81231e-06 -0.00252118 0.000770749 -0.00158032 0.000409517 -5.46324e-05 -0.000917717 0.00233783 0.000502218 0.000190541 -0.000694204 0.00139123 -0.000617691 -0.00100617 -0.00105287 -0.00151844 -0.00301684 -0.00149551 -0.00368934 -0.00212616 0.00113029
0.00159798 0.00350727 -3.65703e-05 -0.000504407 0.000845626 0.000220724 0.00274496 -2.77053e-05 0.00250125 0.00107011 -0.0022479 0.0015575 -0.00157309 0.000368477 0.000173222 -0.000250986 0.00148717 0.000476183 0.0119677 -0.012353 -0.00246106 0.00169502 -0.00392791 0.00283335 0.0088577 0.00509181 0.0112763 0.000713427 0.00181443 0.0133586 -0.017467 -0.016387 0.0100059 -0.0133952 -0.00442025 -0.00511214 0.00622591 -0.00240774 -0.000772201 -0.0024139 -0.00546153 0.0011713 -0.00164212 -0.00672108 -0.00114096 -0.000218211 -0.00405115 -0.00260443 0.00227739 -0.000100195 -0.00230381 0.00106832 -0.00387838 0.00262103 0.00197129 -0.00267376 0.00177577 0.000256114 -0.0018741 -0.00163798 -0.000515929 0.00108461 -0.00273489 -0.00231258 0.00583122 -0.00284681 4.98606e-05 0.000912361 -0.006827 0.000271358 0.0032257 0.00640261 -0.00238966 -0.000685564 0.00216112 0.00243492 0.00567828 0.00461066 -0.0102179 0.00557311 -0.00275223 0.000219935 -0.00152857 0.00256309 1.32464e-05 0.00324741 0.0012491 -7.4248e-05 -0.00139029 -0.00310167 0.000986834 -0.0012493 0.000138351 -0.00210229 0.00441702 -0.00329463 0.000836796 -0.00328461 0.00555227 -0.000314421 0.000136539 0.00485033 -0.00364157 -0.00303149 -0.00250137 0.00167835 -0.00220984 -0.00131126 -0.00419248 0.00477752 -0.0058384 -0.00761067 -0.00359149 0.00669784 -0.00527521 0.00643918 -0.00728088 -0.000890136 0.000815095 -0.000921603 -0.00330922 0.000722106 -0.00251821 -0.00348114 -0.0011793 0.00197532 -0.00181237 0.00128566 0.000146222 -0.00916412 0.00107135 0.00291247 -0.00254234 -0.00616157 -0.0030511 -0.00589935 -0.000425993 0.00300099 0.00109775 0.00580463 0.00243919 -0.00423352 -7.60068e-05 0.00286832 0.00317144 -0.0057146 0.00248161 -0.0103628 0.0133503 0.00867885 0.00309626 0.00220253 0.00333779 0.00504254 0.00714927 -0.0109619 -0.00903439 -0.00683316 -0.00168317 -0.00670528 -0.00217097 0.00529223 -0.00924488 0.000561906 0.00518295 -0.000640893 0.00673035 -0.00662762 -0.0160998 0.0176574 0.0319268 0.00690777 -0.0371331 0.987931 -0.0614296 0.0890049 0.0320352 0.00433581 -0.00649046 -0.0182157 -0.0197559 -0.00492022 0.00212902 -0.00199 -0.00846282 -0.00851064 -0.00191788 0.00600863 -0.00478926 0.00118914 0.00258671 -4.087e-05 0.0107904 -0.00154293 0.000391134 0.000444669 -0.00345349 0.00773102 -0.00237856 0.00413009 -0.000590444 -0.00263213 -0.00396728 -0.00761007 -0.00699224 0.0015647 -0.00147443 0.0029248 -0.0036234 0.00184852 -0.0060398 -0.00333673 0.00030153 0.000788697 -0.000634096 0.0016963 -0.00340128 0.00249382 -0.00108597 -0.000776645 0.000504701 -0.00391245 -0.000184914 0.00211145 -0.0019855 -0.00134842 -0.00144397 0.00150552 -0.000907059 -0.00228696 0.00107542 0.00256223 -2.64483e-05 0.000963596 -0.000890876 -0.00065445 0.000140727 0.00208941 -0.00148038 0.000731458 -0.00311801 0.000432481 0.00456595 0.00189478 -0.000620798 0.0038923 0.00207403 -0.00230048 0.00197815 -0.00490846 -0.00261701 0.000448745 0.00144113 -0.000495914 -0.000191348 -0.00290134 0.00109067 -0.000608291 0.000141357 0.000627916 0.000635407 0.00149321 0.000129304 -0.00324527 0.00031514 -5.77613e-05 0.000162958 -0.00241798 -0.00304075 -0.00383004 0.00208679 -0.00190953 -0.00530981 0.00323723 -0.00192445 0.000406154 -0.00360166 -0.00231678 0.00190661 0.000973205 -0.00193468 0.000511573 0.00247461 0.00171546 -0.00300335 0.00171375 -0.00106101 -0.0015075 -0.00212645 -0.00228745 -0.000176713 -0.00300971
-0.000567544 -0.00401199 -0.000639721 -0.000587794 -0.00112977 -0.000177309 0.0015611 0.00175956 -0.00275342 -0.000486894 0.00209445 -0.00519548 0.00252969 -0.000552044 0.000293449 -0.00451138 -0.00208246 0.00172696 -0.0117425 0.00674336 0.00828958 0.00809954 -0.00340385 -0.0194339 -0.0171088 -0.00266738 -0.00284039 0.0126833 0.0157792 -0.00370097 0.0310018 0.00101428 -0.00464593 0.0128683 0.00516548 -0.0011734 -0.00740014 -0.000636913 -0.00139427 -0.000915784 -0.00382639 -0.00226261 -0.00400379 0.00165594 -0.00299555 0.000638648 0.00477369 -0.000905734 0.00293036 0.00243611 0.00606121 -0.00212628 0.00101198 -0.000117239 -0.000726315 0.00357418 -0.00158962 0.00267866 0.00575589 0.000803683 -0.00425525 -0.000661289 0.00445302 -0.000199604 -0.00359656 0.00124134 0.00586279 0.00112751 -0.000949613 0.00914523 0.000723376 0.00392258 -0.00478389 4.23667e-05 -0.00271937 -0.00228088 0.000131067 -0.00193747 -0.00419582 0.0117611 0.00174757 -0.00577501 0.00185472 0.00355597 0.000881408 0.00443682 0.00283616 0.00413349 0.00246043 0.00253338 -0.000904155 0.00438284 -0.00302945 0.00182304 -0.0036879 -0.00349767 0.00338396 -0.00100837 -0.00704309 0.00107607 0.00128918 -0.00445135 -0.000303458 -0.00220408 0.00176952 0.000285697 0.000838314 -0.00466854 0.00875634 -0.00490785 0.00940803 0.00842485 -0.00380674 -0.00280006 -0.0027969 0.000376132 0.00772484 -0.000468233 0.00341182 0.0123792 0.00399926 -0.000945447 0.00291901 0.00795181 -0.00201925 -0.00779621 0.00471553 -0.000522871 -0.00301417 0.00635397 0.00717077 -0.000942372 -0.00851283 0.00235442 0.00200662 -0.000715892 0.00528186 0.00287272 0.00862301 -0.00603749 -0.00964796 -0.000819548 -0.00192943 0.0006267 0.00293584 -0.0032157 0.00556393 -0.00322879 -0.00149322 -0.00541161 0.00745605 0.00625214 -0.00762088 0.00499894 -0.0124846 -0.00704421 -0.00409876 -0.00315546 0.0005753 0.00412217 0.011227 0.00333724 -0.011691 0.00841933 -0.00240432 -0.00150433 -0.00120987 0.0114434 0.00779233 0.00298074 0.00305786 0.0660454 0.000660871 0.0237916 0.913737 0.375937 0.0795666 0.0238118 0.0055471 -0.00498282 0.019475 -0.00651869 -0.00645784 0.00137218 0.00923638 0.0128134 -0.0128075 -5.02667e-05 0.00119479 0.00560147 0.00130552 -0.000564709 0.00306284 -0.00246971 -0.0046591 0.00319728 0.00328787 -0.000454102 0.00517268 -0.00147003 -0.00441294 0.0044597 0.00276532 0.0145936 0.00793832 0.00441581 0.00146718 0.000402525 0.0025533 -0.00611589 0.00833446 0.00654913 0.00224185 0.00541684 0.0010157 0.00270246 0.000243622 -0.00147482 0.00177457 -0.00549486 0.00122385 -0.00151793 -0.00134624 0.00233293 -0.00358621 0.00206513 -0.000242165 -0.00344124 0.00457232 0.00404737 0.00208725 0.000685345 0.00211026 0.000883833 -0.000430471 -0.00106568 0.00144806 -0.000878324 -0.000338765 -0.00215758 0.00260693 -0.0034768 0.000103398 -0.00081589 -0.000945449 -0.00240779 -0.000562276 -0.000653605 -0.000679855 -0.000550528 -0.00146602 -0.00181458 -0.00383474 -0.00143989 -0.000358114 0.000609706 -0.00169274 0.0021412 0.00118008 -0.00349434 0.000330782 -0.000385125 0.000601668 0.00147675 0.00123893 -0.000808692 -0.00280794 0.00325022 0.00098805 0.00319654 0.0042864 0.000973772 0.0045146 -0.000223549 0.00145754 0.000676216 0.00160812 0.00217255 -0.00157947 -0.00263182 0.00222403 -0.000343822 -0.000162009 0.00140175 0.000914453 0.0026697 0.00140342 0.00215985 0.00147396 -0.00153031 -0.000188982 0.00507363
-0.00154383 -0.00100979 -0.000316421 -0.00125779 0.000443146 0.00104319 0.00100514 -0.00177204 -0.00243248 -0.000605241 -0.000240259 0.00254859 -0.0022634 -0.00125386 -0.000803 0.0014851 -0.00383829 6.82352e-05 -0.00131825 -0.0117871 0.00385803 -0.00474193 -0.00294497 0.0134772 -0.00743592 0.0180054 0.00745238 -0.0134379 -0.00231486 0.00706999 -0.00540716 -0.00575757 0.0114422 -0.00480178 -0.00109834 -0.00437512 0.00884092 -0.0051161 0.00265711 -0.00126567 -0.00453532 -0.00633671 -0.000446394 -0.00138571 0.000534295 0.00147477 -0.000450428 -1.26651e-05 0.00129477 -0.000482856 -0.00193922 -0.00172416 0.00172004 -0.00206927 -0.00164182 -0.00149635 -0.00112387 -0.00404891 -0.000149973 -0.00245861 -0.000578119 0.000106742 -0.00143326 0.00114926 0.00358823 -0.000489442 0.00291981 9.83454e-05 0.00352546 0.00781862 0.00558127 0.00537427 0.00241503 0.00141903 -0.00613041 0.0034709 0.00312296 0.00350669 0.00719641 0.00573783 -0.000187909 0.00150286 -0.00223391 0.00261038 -0.00380196 -0.00198234 0.00277272 -0.00720756 0.00280536 0.00145641 0.00315084 0.000977975 -0.0114776 -0.000373178 -0.00441446 -0.00422411 0.00452228 0.00177325 -0.00202784 -0.00081463 -0.0045851 0.00477361 -0.00306092 -0.00102501 -0.0112604 0.000678456 0.00401498 0.00094079 -0.00534059 -0.000297168 -0.0042146 -0.00264539 0.00383228 0.00157197 0.00511973 -0.00776039 -0.00219714 -0.00588482 0.00478083 -0.00466392 -0.00641646 0.00910733 -0.0108129 0.00113567 -0.0023688 -0.00376232 0.00250559 -0.00560856 0.00365287 0.00753673 -0.00434038 0.000827751 -0.001289 0.00562974 0.00903239 -0.00360246 -0.000704501 0.00156407 0.00673402 0.0029584 -0.00361068 -0.0105433 -0.00634476 -0.00848087 -0.00441401 0.0043619 0.0144155 -0.00246711 -0.0105462 -0.00514362 -0.00453432 -0.00601265 0.00698858 0.00882647 -0.0159384 -0.0023649 0.0116164 -0.0111957 0.00442905 0.00364867 0.00466444 -0.00183823 -0.0124963 -0.00130856 -0.00222525 0.00943489 -0.0163386 -0.0127529 0.0135388 -0.00328804 0.00407468 -0.00635455 -0.0727179 -0.080468 -0.226143 0.367956 0.888827 0.0341799 -0.00130572 -0.0102777 -0.00289795 -0.0293011 0.00166912 0.0113012 0.00750051 0.0120719 0.00134344 -0.00575421 -0.0131246 0.0106875 0.00560057 -0.00651107 0.00280477 -0.00618157 0.00495205 -0.000585453 -0.00284411 0.0100519 -0.00592387 0.000416292 -0.00495844 -0.00196165 -0.00189083 -0.021461 -0.0139041 -0.000486851 -0.00559941 0.000515585 -0.00370218 0.00480355 -0.0133342 -0.00887526 -0.00352812 -0.00190648 -0.00472892 0.00386557 -0.00385309 0.00175777 0.00147571 0.00338228 -0.00272371 0.000679191 1.57603e-05 -0.00106152 -0.00303329 0.000562985 0.00390769 -0.000961775 0.000687652 -0.00233565 -8.37899e-05 -0.00141557 8.32083e-05 -9.21642e-05 -0.00130985 -0.00419463 0.0013603 0.000713747 -0.000227787 0.00234542 -0.000813267 0.000352315 0.00261676 0.000650647 -0.00229301 0.00469009 0.00242222 0.000407913 -0.00316054 -0.00169496 0.000230672 0.000371867 0.000761126 0.000932221 -0.00254295 0.000317015 -0.00076212 -0.00488806 0.00185319 -0.000896829 0.000233328 0.00260875 0.001062 -0.00325059 0.00067033 0.00240975 -0.0012345 -0.00401647 -0.00194083 -0.00424301 0.00108992 -0.00360391 -0.00439676 0.000489931 -0.00103741 0.00149991 -0.00186759 -0.0024381 0.00397272 0.0019039 -0.00469373 -0.00166406 0.00139984 -0.00390481 0.00396565 -0.00292324 0.00112163 -0.00410506 0.000708532 -0.00218621 0.00101735 0.00220724
-0.000635981 -1.21053e-05 -0.00065851 0.000112402 0.00310519 2.36428e-06 -0.000803107 -0.00117091 0.00321386 -0.000648066 4.97211e-05 -0.00199262 -0.001329 0.000161902 0.00354101 -0.0036766 0.000931603 0.000747045 0.00902684 -0.0126307 -0.0095662 -0.010822 -0.0125406 -0.00150838 -0.00288874 -0.00740197 0.00293758 0.00033766 -0.00583458 0.00847588 -0.00319407 -0.000105368 0.00554053 -0.0042612 -0.00516881 -0.00954714 0.00149401 -0.000461848 -0.000122167 -0.00684043 -0.00656583 0.0040755 0.00034589 -0.00177065 0.000188693 -0.00180901 -0.000315472 -0.0015342 0.00498325 0.00221866 -0.000692417 0.000235336 -0.000797206 3.61791e-05 0.000779932 0.00013911 2.31533e-05 -3.12259e-05 -0.00360182 0.000229529 0.00250894 -0.0018269 -0.000367231 -0.00250078 -0.00162301 0.000844131 0.00106059 -0.00139306 -0.00071514 -0.00168275 -0.00279403 -0.00152303 -0.00241609 0.00913889 -0.00229926 0.00636705 0.000768559 0.00692035 0.00588284 -0.000916409 -0.0044136 -0.00178902 0.00162683 -0.00270821 0.000160961 -0.00224469 -0.000902022 -0.00466843 0.00096154 -0.001763 -0.00544555 -0.000337663 -0.000945085 0.00399946 0.000147607 -0.00103904 -0.00131646 -0.00291867 0.00228246 0.0013449 -0.000455434 0.00100725 0.00196547 -0.000118376 0.00326235 0.00703808 -0.00301322 -0.00237545 -0.00599863 0.00205027 0.000614192 -0.000298944 0.00090476 -0.00186709 0.00392965 -0.00145096 -0.00353574 0.000116485 0.00392247 4.94478e-05 -0.00147937 -0.000322263 -0.00522287 -0.0023347 0.00385845 -0.000650911 -0.00233978 -0.00036853 -0.0034699 -0.00065533 0.00110775 0.00184654 -0.00207639 -0.00381077 0.00599732 0.00256933 -0.00731514 -0.00169061 0.00484917 -0.00295459 0.00147482 -0.00572218 -0.00357043 0.00238941 0.00187796 -0.00600608 -0.000727529 -0.00434222 0.00361753 0.00536949 -0.00743877 -0.00185602 0.0050148 0.00316577 0.00320657 -0.0125791 0.00146245 0.00124106 0.0086838 0.00284708 0.00737196 0.00291669 -0.0146306 0.00240871 0.00076875 -0.00104235 -0.00231325 0.00886324 -0.00993641 -0.0299959 -0.0216744 0.0286519 0.00301557 -0.0815175 -0.306242 0.83728 -0.433959 0.0385476 0.0126402 0.0127368 -0.00999049 -0.00608673 -0.00233619 -0.00472617 -0.00687449 -0.0073005 -0.0132528 -0.00733578 -0.0042489 0.00219234 0.00812825 -0.0196698 0.000739744 0.0049355 -0.00528583 0.00526658 -0.00113337 0.00934238 -0.0074373 5.3365e-05 0.0041886 -0.00182645 -0.00352819 -0.00454834 -0.000483653 -0.00294934 -0.000939853 -0.000490685 0.000841191 0.00294822 -0.00348309 0.00124697 0.00022289 0.000423717 -0.0030072 0.00102195 -0.00235002 -0.000996249 -0.00121509 -0.000469228 0.00354002 -0.00169437 -0.00165952 0.00368269 0.00107071 0.000397448 0.000524268 -0.00293908 0.00162695 4.8814e-05 0.000319143 0.000880515 0.0018955 0.00115876 -0.00160115 -0.0025116 -0.00178807 -0.00112931 0.000944216 -0.000258196 0.000609456 -0.00038968 0.00188072 0.0012408 -0.00239512 0.00165471 0.0029091 -0.00388022 -0.001205 -0.00173165 -0.00183938 -0.00237615 -0.000343003 -0.00323102 0.00223523 0.00309302 -6.27631e-05 -0.00147032 0.000184001 -0.0023295 -0.00145172 0.00033652 0.000553943 0.000344535 -0.00075484 0.00139452 3.96472e-05 -0.00255554 0.000546981 -0.00290769 0.00114295 -4.28717e-05 -0.00400838 0.00201977 -0.00189269 0.000817845 -0.00238221 -0.00174066 0.00159189 0.00273731 -0.00114697 0.000701183 0.0024477 0.00852102 -0.0019564 0.00503274 0.000651796 0.0032424 -0.000262173 0.000843433 -0.000658818 -0.00593653
-0.00299216 -0.00431983 0.000290776 0.000221088 -0.000717964 0.000231102 -0.000714364 0.00184604 0.00410083 -0.00433402 0.00559536 0.00173267 0.00415303 0.000637843 -0.000690216 0.00231852 -0.00331584 0.000756452 0.00218992 -0.00715416 0.0293668 -0.0137498 -0.00502913 -0.0156407 -0.0140219 0.0139606 -0.00601688 0.00160316 -0.0141475 0.0236121 -0.015716 -0.0041168 0.0144816 0.00321517 -0.00231474 -0.00232066 0.0106317 -0.0039851 -0.010581 0.00191984 -0.00507026 -0.00331224 0.00109009 0.00155108 0.00384533 0.000340868 0.00508027 0.00854035 -0.00152753 -0.00413515 0.00252333 0.00691366 -0.00272715 -0.00322627 -0.000154686 -0.00107957 0.000405324 -0.000392438 0.00339184 0.000502025 -0.00374936 -0.00158831 0.00511077 0.00120287 0.0018875 0.00185545 -0.00266969 -0.00134745 -0.00372806 0.00354932 -0.00722559 -0.00780424 0.00615048 0.00332633 0.00441423 -0.0184463 -0.00491232 -0.000617217 -0.00350147 -0.00934719 0.00603939 0.000452744 0.000317893 0.00394918 0.00197696 -0.00419707 -0.00711945 0.00781105 -0.0080196 -0.00897311 0.00207235 0.000171911 -0.000357308 0.00388902 -0.00101718 0.00507187 0.0119175 -0.00017909 -0.00552718 -0.00554681 0.00640401 0.00286965 -0.00123951 0.00307644 -0.00472706 0.000625968 -0.000492632 0.00512594 0.00883195 0.00269675 -0.00365723 0.00244804 -0.00037474 0.00735314 0.0109259 -0.0152817 -0.0055642 0.00297745 0.00698656 0.00340379 -0.00284854 0.0137922 0.00319963 0.000110914 -0.00260409 -0.0064643 -0.00432037 -0.00123635 0.00409755 0.0101403 -0.000156733 -0.00181182 -0.00144581 0.00896041 0.000881105 0.00742735 -0.00498471 -0.00419232 0.00583055 -0.0126198 -0.00281228 0.00281943 -0.0111554 -0.00237873 0.00167259 -0.00587562 -0.00229882 -0.000350608 0.00277617 -0.00381846 -0.00106488 -0.00229569 -0.000298361 -0.00355399 0.00620962 0.0103747 0.013813 0.00176294 0.0183625 0.0160978 0.000845982 0.00636721 -0.0025997 -0.0100479 0.00663323 0.014468 0.0086898 0.00295039 -0.00300334 0.0083119 0.0129782 -0.00133077 -0.0129104 0.00164788 -0.00165091 -0.0562767 -0.0187171 0.980997 0.117404 -0.0107438 0.0307763 0.0129813 0.0344504 0.0167581 0.0207648 0.0328958 0.00878392 -0.00286023 -0.00157761 0.00569479 0.00371256 -0.00446502 -0.00963794 0.00838562 0.0075702 0.000976464 -0.00675592 0.00459482 -2.87967e-06 0.00215677 0.0153506 0.00230907 -0.00225037 -0.00377556 0.00118578 -0.00211391 0.00124229 -0.000432806 -0.000684803 -0.000225971 -0.0027331 0.00241854 -0.00144731 -0.00549909 -0.00343341 0.00547067 0.003102 0.00299369 -0.000272706 -0.00259449 -0.000654957 -0.000781132 -0.00198114 -6.39464e-06 0.00122001 -0.00117313 -0.00193596 0.00123965 0.0029641 -0.000707718 0.00241934 -0.00141276 0.00175732 8.4629e-05 -0.000783806 -0.00202165 -0.00112848 -0.00201388 0.00224635 0.00055231 -0.00287109 8.69432e-05 0.000684175 9.30454e-05 -0.000209316 0.000227619 0.00129841 0.000495452 0.00255925 0.000328649 0.00139342 -0.000252414 0.00205676 0.00183149 0.000151757 -0.00316587 0.000290873 1.05995e-05 -0.000300633 0.00101779 0.000323928 0.000750509 0.00097597 -0.00310326 0.00205066 -0.00068086 0.001116 -0.00253162 -0.00134425 -0.00273879 0.00130122 -0.00342681 -0.00311357 0.000549161 -0.000405223 0.000760691 -0.0013335 -0.000432431 0.000900438 -0.000550726 -0.00439038 -0.00274087 0.000671292 0.000346251 -0.00049088 0.000267546 0.00173259 0.000492885 0.000200914 -0.00237749 -0.00110337 -0.00124237
-0.0020735 -0.00226554 -0.00244529 -0.00105752 0.000692762 0.00230837 0.00258164 -0.000582309 -0.00603308 -0.00121581 0.00296427 -0.00115815 -0.000263648 -0.000284873 0.00127977 0.000346612 0.0012738 -0.000588982 -0.0169744 -2.81787e-05 0.00526118 0.0169586 -0.0166804 -0.000394101 -0.0100009 0.00556593 -0.0116661 -0.000923666 0.00576078 0.00455868 0.037252 -0.0056949 0.00640539 0.0178208 0.00463162 0.000106301 -0.00941919 0.00193873 -0.00988254 -0.00939496 -0.00513996 -0.0138712 0.000216793 0.00570012 0.00691308 -0.00193107 -0.000964893 -0.00517356 0.000554185 0.00051678 0.00228063 0.0011604 0.000332961 -0.00339731 0.00385832 0.00243212 6.52061e-05 -0.00216838 0.000735508 -0.00122557 0.00462748 0.000957855 -0.00137599 0.000115606 0.00103863 -0.00497708 8.52579e-05 -0.00147794 0.007531 0.0023058 0.00655751 0.00839684 -0.0107802 -0.00196743 0.00183693 0.000792064 -0.00405454 -0.00408646 -0.00414043 0.00339725 -0.00468451 0.00598535 0.00323001 0.00371264 -0.00256977 0.00461793 0.000294063 -0.00641841 0.00431957 -0.00514995 -0.00479518 0.00814999 -0.00516197 -0.00144737 -0.00343251 0.00336472 -0.00146646 0.00125206 -0.00287657 -0.00157578 0.00178769 -0.0059996 -0.000994928 -0.00522734 0.00188847 -0.00565846 0.00426524 -0.000550591 -0.000146053 -0.00536534 0.00740323 -0.00055002 -0.000512522 -0.00493505 -0.00324878 -0.000564526 0.00251974 0.00208835 0.00216457 0.00257952 0.0026914 -0.00562905 0.000644432 -0.000906873 0.00121194 0.00360637 -0.00269409 0.0056436 -0.000599209 -0.000892604 0.00437442 0.00135747 -0.00206284 -0.00174993 0.00417598 -0.00208606 -0.00259846 0.00280994 0.00466983 0.000358347 -0.0107472 0.00230456 0.000479629 -0.00424436 -0.00278907 -0.000831446 0.00368785 -0.00723081 0.00487947 0.00232701 0.00124057 0.00302721 0.00159224 0.00333091 0.00361934 -0.00624692 -0.0067686 -0.000961227 -0.000482244 0.00152483 0.00244614 -0.00767612 0.00574567 0.00258812 -0.00845614 -0.002779 -0.0114229 -0.00828217 0.00341016 0.00613425 -0.00136402 0.00678371 -0.011304 0.00946174 -0.0097465 -0.006445 0.00685662 -0.117593 0.981915 -0.0211093 0.0743611 0.0342941 -0.0485302 -0.0139904 0.01062 -0.00364197 -0.00955046 -0.00681672 -0.0146748 0.000797872 -0.000829768 -0.00225747 -0.00407054 -0.00469369 -0.00157938 -0.00449586 -0.00832143 0.00677458 0.00409351 -0.00194169 -0.00458552 -0.00151536 0.00321549 0.00678946 0.00109905 0.000326453 -0.00106438 0.000518059 -0.00159803 0.00218153 0.000795998 0.00365721 0.000119748 0.0090647 0.00301907 0.000993338 0.000845645 -3.1519e-05 0.00255846 -0.00243913 0.0021882 -0.000817538 -0.00204239 -0.00140393 0.00145361 0.00084662 -0.000711466 -0.0026644 0.00292088 0.0015909 0.00122139 -0.00268348 0.00342184 0.000721194 -0.000285077 -0.0035709 0.000895792 -0.000917414 -0.00447315 -0.00183782 -0.00134089 -0.0025268 -0.00271958 -0.00201528 0.00390928 -0.000582918 -0.000625701 -0.000205697 -3.90408e-05 0.00276279 0.000969706 -0.00185029 -0.00208544 0.000221177 -0.000689663 0.000566262 -0.00298949 -0.000662478 0.0015849 -0.00148755 -0.000804135 0.000407888 -0.00117912 -0.00130344 -0.00117606 0.000401913 -0.000955125 0.00184692 0.000665718 0.00262761 0.00388312 0.000104823 0.000538308 -0.00225825 0.00208585 -0.000650119 0.00096661 0.000375908 -0.000465194 -0.00260944 0.00330442 0.00107249 -0.00100871 -0.000349684 -0.00187552 -0.00297276 0.00094904 -0.00112968 -0.00128258 0.000646833 -0.00178246 0.00338619
0.00172099 0.0052897 -0.000784228 0.00132216 -0.00290314 0.000231505 0.000653487 -0.000224845 0.00274385 0.000693858 -0.00417016 -0.00562081 -4.71407e-05 -0.000287966 0.0014416 -0.0035159 0.000484589 0.00375194 -0.00872868 0.0171867 -0.00671168 0.0188209 0.0100182 -0.00209487 0.0131325 -0.0309829 -0.00249422 0.014331 0.0126546 -0.0196999 0.00665901 0.0166034 -0.0147089 0.0152041 0.00275906 0.00955335 -0.00968837 0.00387567 0.00205403 -0.0018614 0.00430495 0.0102022 -0.00337453 0.00829477 0.00439933 0.00348512 -0.000282056 0.00107017 -0.00507394 -0.00252185 -0.000544352 -0.00037807 0.00465662 0.00246274 -0.00136824 0.00568673 -0.00382451 0.00394289 0.00143157 0.00304296 -0.00329789 -5.48756e-05 0.00185159 0.00466063 -0.00568261 0.00422257 -0.00440353 -0.00105104 -0.005963 0.000729586 -0.0154114 -0.00885611 -0.00377719 -0.00591166 -0.00550803 -0.00278868 -0.00126541 0.0064136 0.00680301 -0.000900378 0.00339154 -0.00793133 0.0025676 -0.00356418 0.00385652 0.00795472 0.000204576 0.0131856 0.00106777 0.00676073 0.000125204 -0.00040507 0.00504776 -0.00630125 0.00640618 0.00400321 -0.000987416 0.00246642 -0.00145114 0.00575157 0.00227257 -0.000642916 0.00400615 0.00390293 0.00790071 -0.00328437 -0.00217953 0.000369796 0.00246054 -0.00328812 0.00266195 -0.000780818 -0.00467709 -0.00740634 -0.00588915 0.00552568 0.00798754 0.00160014 -0.0110226 0.00125185 0.0073445 -0.00796575 0.00817522 0.00131041 -0.00371522 0.00216683 0.00569563 0.00379691 -0.0112798 -0.00134484 -0.00164549 0.000931922 0.00186117 0.000503474 -0.00966811 -0.00106797 -0.00315715 0.00199895 0.0057321 0.0031448 5.5729e-06 0.00419141 0.00773556 0.00573594 -0.000109829 0.000673352 0.00918044 0.00241712 -0.00169696 7.11445e-05 -0.00520683 0.00244981 -0.00374739 -0.00114713 -0.00161265 -0.00575674 -0.00229463 0.00599313 0.00181055 -0.00434299 -0.00398029 -0.00621618 0.00520443 0.00610642 0.00387974 -0.00305181 0.0048226 -0.00291466 0.00253953 0.00157705 0.00538537 -0.00839443 -0.00179155 0.0213981 -0.000216146 -0.000165918 0.0188531 0.0139454 0.0243229 0.989572 0.0251286 -0.0433843 0.0369846 -0.00364465 -0.0138253 -0.018295 0.0165065 0.000620953 0.0116543 -0.00428327 -0.00692802 0.0249753 0.00788175 -0.00821094 0.00488146 -0.00853554 0.00286389 -0.00692366 0.00728862 0.00143698 -0.00684424 0.00818042 0.00908527 0.0172129 0.00877452 0.00578595 0.00191964 -0.000401588 0.00163603 -0.00346969 0.013774 0.00345564 0.00308563 0.00710719 0.00787061 -0.00416772 0.00315695 0.000169536 -0.0004766 -0.00258048 0.000944264 -0.000641591 0.00142228 0.000318677 0.00260338 0.00292068 -0.00322998 0.00129507 0.000326643 0.00285593 0.00165315 -0.00126769 -0.00178006 0.00131271 0.00081549 0.00474836 0.00262231 -0.000721918 -0.000869781 -0.000726104 0.000474762 -0.00183921 -0.00262041 0.00136778 0.00334766 -0.00559941 -0.00485266 9.13047e-05 0.00103947 0.00297444 -0.000537813 0.000668006 -0.00196941 -0.00126676 -0.00192433 0.000134749 -0.00202347 0.00126842 -0.000717433 0.00145431 8.11022e-05 -0.00239935 -0.00425302 0.00242056 0.000390598 -0.00108725 0.00153979 0.0029711 0.00359579 0.00271893 0.00022531 0.000563043 0.00302976 -0.000615335 0.00343262 -0.00175096 0.00143044 0.0018466 -0.0021521 -0.000717026 0.00366694 0.00169328 -0.00554492 -0.00306107 -0.00136776 0.000276646 -0.0016535 0.00313475 -0.00122956 -5.71681e-05 -0.000472472 0.0022332
-0.00123002 -0.000819797 -0.000940401 0.00352592 0.00249663 0.000106477 -0.00131895 -0.00186476 0.00265046 -0.000734394 0.00115371 -0.000127479 -0.0017583 -0.0013749 0.00035588 0.000464391 0.00154871 -0.00650586 -0.00863417 -0.00802955 -0.00800017 0.00548901 -0.0103558 0.00617704 -0.0170284 -0.011661 -0.00797665 0.00319769 -0.0115891 -0.0026354 -0.0116108 0.00898148 0.0147196 0.00526518 -0.00563954 -0.00605498 -0.00563052 -0.000635957 -0.00431885 -0.0013391 -0.00675788 0.00212446 0.00135615 0.00614397 -0.00401417 -0.00320542 0.000669805 0.00883443 -0.00133608 -0.00536843 -0.000902116 0.000790614 -0.000773064 0.0014969 -0.000502203 -0.000318717 0.00130298 -0.00102375 -0.00319731 0.00106423 0.00641017 0.00266039 -0.000642876 0.00206129 -0.0022511 0.00265595 -0.00126162 -0.00169066 0.00789766 -0.00553864 0.00463841 0.00181694 0.00182067 0.00164106 0.00199778 0.00225572 -0.00398176 0.000752573 0.0065729 -0.00743902 -0.00511272 0.000690733 -0.00171323 -0.00361548 0.00372683 0.00141552 0.00379287 -0.000140387 0.0014547 7.77003e-05 -0.00738773 -0.00131104 -0.00224277 0.00740162 0.000908716 0.00284629 0.00126289 -0.00410384 -0.00707359 0.00479906 0.00722415 -0.00318789 0.00383852 0.00686748 0.00523888 0.00114468 -0.00022884 0.000488364 -0.00506848 0.00251641 0.00337694 -0.00148452 0.00218556 -0.00111515 0.0030095 -0.00902518 0.00138475 0.000907017 0.000152314 -0.0056579 -0.00737004 -0.00195081 0.00476198 0.0013122 0.000141537 0.0019494 -0.00796859 -0.000495245 -0.00408825 0.00670569 -0.00497775 -0.000992268 -0.000175364 0.00155511 0.00529309 0.000936564 -0.00881375 0.00341535 -0.000636081 -0.00435893 0.00328301 -0.00057247 -0.0042361 -0.000952988 -0.00372238 0.00218776 0.00277811 -0.000343996 -0.00189222 0.00272043 -0.00382866 -0.00486865 -0.00187583 -0.00314057 0.00188446 0.00335939 0.000998329 -0.0021077 -0.000240769 0.00583245 0.00864569 -0.000433076 0.00269832 0.000573742 -0.00504359 -0.00409029 -0.00640839 -0.0013864 -0.00108496 0.00168421 -0.0140202 0.00721421 0.000605344 0.0197495 -0.0222985 0.00640549 0.00109006 -0.0235305 -0.0866994 -0.0129951 0.977609 0.150464 -0.0372421 -0.0140207 0.0450818 0.0164191 -0.00723047 -0.0115996 -0.00696741 0.0030662 -0.000565351 -0.0124167 0.00665432 0.00389983 0.0136153 -0.00624583 -0.0162421 0.0136793 0.00791764 0.00123569 -0.000154797 -0.00120278 0.000813192 0.00847895 0.00514628 0.00202717 -0.00150984 0.00394332 0.00332634 0.000491022 0.00563196 0.009486 -0.000172495 0.00190952 0.0025575 0.00772141 0.0030959 0.000751673 0.00489899 -0.00325358 0.000959938 -0.000602933 -0.00115914 0.000195611 -0.00237752 -0.0026041 -0.00268057 -0.00433169 0.00385601 -0.00080457 -0.00174116 -0.00208238 -0.000508623 0.000340157 -0.000315437 -4.13048e-05 -0.000478081 -0.00171406 -0.00262615 0.000389158 0.00365329 -0.00147846 -0.00197348 0.000836195 0.00245241 0.00135799 0.00106746 -0.000268433 0.000804149 -0.000314806 0.000888244 -0.000531546 0.00115734 -0.000684972 -0.00138863 0.00167013 -0.000423613 -0.000455236 0.000439799 -0.00115372 -0.0025642 0.00150645 -0.000454843 5.57266e-05 -0.000911509 -0.0021522 0.00200761 0.000120121 0.00236929 -0.00108379 0.00125516 -0.000295306 0.000957942 0.000958373 -0.000159931 -0.000968526 0.00199085 0.00212599 -0.000424696 0.00251655 0.00194177 -0.00346515 0.00321837 0.00394116 0.000632648 0.00177945 -0.00237585 0.00278361 -0.000481625 0.00082836 0.00223501 -0.00276674
-0.00176407 0.00218381 0.000480392 -0.00377159 -0.00665025 0.000599747 0.00195368 -0.00119804 -0.00338586 -0.00121276 -0.00136966 -0.00328021 -0.00146734 -0.000107471 0.000209794 -0.000791655 -0.00349307 0.00928516 -0.0169148 0.00719243 0.0294428 -0.000675906 0.0266772 -0.0210653 0.014609 -0.0124911 0.00340861 -0.0102265 0.0277043 -0.0111001 0.0391825 0.0047107 -0.0214294 0.0204466 0.00990923 0.00637853 -0.00259817 -0.00947057 -0.0034952 -0.00606128 0.00133745 -0.0146593 -0.00151386 -0.00358403 0.00755772 0.000927396 0.00902759 -0.00585972 0.00263172 0.00267177 -0.0037315 0.000178633 -0.000234393 0.00184715 0.00130405 -0.00142766 -0.00138141 -0.00387324 -0.000239495 -0.00411859 0.00516738 0.00153222 -0.00665256 -0.00219276 -0.00276425 -0.00591358 -0.00209317 0.00311373 0.00275989 0.00792156 0.0208025 0.00705026 0.00245672 0.00896737 -0.000981183 -0.00970714 0.00114533 -0.00474903 -0.00669784 0.00137887 -0.00246366 0.00141103 -0.00631208 0.000713002 0.0103558 0.00256913 0.00177368 0.00081342 0.00238448 0.0019684 0.00948524 0.00550837 -0.013902 0.000399785 -0.0107991 0.000158815 0.00563063 0.00552792 -0.00549567 -0.00327256 -0.0037389 -0.0113988 -0.00037972 -0.0081996 -0.0035503 -0.00396606 0.00223959 -0.000808047 0.00880471 -0.00642916 0.00782514 0.00586731 -0.0013492 -0.0140412 -0.00337877 -0.00567308 0.0109697 -0.000549392 -0.000914005 0.0014574 0.0178975 -0.0107005 -0.00866911 -0.00046139 0.0146263 0.00553109 0.00822774 -0.00443061 -0.00918528 0.0048269 0.0153295 -0.00661598 -0.00135132 0.00428717 0.00659244 -0.00025011 0.00164403 0.00499308 0.00699682 0.00185477 -0.00402647 0.00220549 -0.00225748 -0.012441 0.00354761 -0.00468077 0.0120543 -0.005721 0.00170288 -0.00843586 0.0108169 -0.00364057 -0.00181113 -0.00356291 0.0052367 0.00249611 0.00253445 0.00350517 -0.00126282 0.0024551 0.00288622 -0.00466675 0.00127877 0.000884042 -0.00209391 -0.00435504 0.00632717 0.00372133 0.00247082 0.00338711 0.00696477 0.0129283 -0.025987 0.0032806 -0.0108962 -0.0176629 -0.0290983 0.000373033 0.0178288 -0.0506141 0.153783 -0.968559 0.0631644 0.00276297 0.0506012 0.0538838 -0.00982088 0.0184416 0.0210549 0.00196416 -0.0149582 -0.000193261 -0.00406126 0.012116 0.0135101 -0.00187834 -0.00244209 -0.0112032 0.00447477 0.000498296 0.00797589 0.0084278 0.000980133 0.00729122 0.00293383 -0.00245798 0.00262662 0.003783 0.00103911 -0.00765546 0.00878297 0.00588425 -0.000912934 -0.00311505 0.000606816 -0.00595874 0.00311272 0.0015558 -0.00217442 -0.000154056 -0.00105931 -0.0014135 -3.20181e-05 0.000284657 0.00146882 9.95798e-05 -0.00226839 0.00514534 -0.00207827 0.00348077 -0.000417367 0.000298625 0.00305189 0.00204734 0.00262534 0.000560762 0.000598086 -0.000372927 0.000838301 -0.00210935 -0.000526628 -0.000296455 -0.00191093 -0.00075949 -0.000269836 -0.00386149 -0.00126838 0.00296793 0.002797 0.00294013 -0.000351894 -0.00220911 -0.00097338 -0.00179875 0.00161475 -0.00314374 0.000172264 0.00440416 0.000829234 0.00257104 -0.00121165 -0.0041301 -0.00383405 0.00129609 -0.00237149 -0.000933246 0.00103097 0.00494842 0.000111471 0.0054407 0.000969258 -0.00103507 0.0054664 -0.0016192 0.00685223 -0.00473633 -0.00121886 0.00224874 -0.00636013 -0.00363697 0.00355852 -0.00352682 -0.00793959 -0.00826732 -0.00275739 -0.00229844 0.00118497 0.000147383 0.00109007 -0.00363449 -0.00362009 0.00517562
-0.000912029 -0.00360469 0.000195753 8.10007e-05 -0.00690924 0.000428411 -0.00283648 -0.00054271 -0.00260908 0.000721973 0.000433296 -0.00111378 -0.00206941 -0.000141247 -0.00657728 0.00219689 -6.25362e-06 0.00734314 -0.0182557 0.000784434 0.0181505 0.0141862 0.0281265 -0.0352041 0.0157843 0.00411225 -0.0163955 -0.00612662 -0.0126851 0.00240922 0.0193351 0.0132449 -0.00907504 0.0194031 0.0116312 0.0158804 -0.00725875 -0.000513698 0.00384988 0.00286837 0.00629509 -0.0104072 0.00263018 0.00423619 -0.000158386 -0.00435546 0.00437734 -0.00115537 -0.00363004 0.000821973 0.00170868 0.000486425 -0.000145619 -0.00483607 -0.000202895 0.00114512 -0.00145493 -0.000387542 0.000435173 -4.10754e-05 0.00490111 0.0022471 -0.00400503 -0.00161957 -0.000812684 0.00174253 0.00148336 0.00129266 0.00914611 -0.00245157 -0.00611817 0.000623107 0.00630896 0.00292475 -0.000600777 0.00710978 -0.0018853 0.00928925 0.0144328 -0.00493584 -0.00139846 -0.00290098 -0.00504215 -0.00751443 -0.00409563 -3.60123e-05 0.00474776 0.000581922 -0.000743005 0.00327442 -0.00828609 0.00492094 -0.00674318 -0.00235174 -0.0065385 0.000884113 -0.00102953 0.00404773 -0.00667962 -0.00414682 0.000800708 -0.00765115 -0.00267724 -0.00587764 -0.00187594 -0.00456984 0.00836335 0.00737633 0.0110914 -0.00608429 -0.00158739 -0.00300584 0.00954545 -0.00522741 -0.00542924 -0.00568832 0.00119428 0.00206669 -0.00420626 -0.00612716 0.0163523 -0.00828474 0.00370267 -0.00367736 0.00265052 0.00368184 0.00888407 -0.00455343 -0.0100172 0.00685671 0.00163176 -0.00354465 0.00454257 -0.00298171 -0.000389739 -0.000906331 -0.00628459 0.00978915 0.00202989 0.00219397 -0.00492432 -0.000767717 0.00332562 -0.00349088 0.00125389 0.000442551 0.00476762 -0.000154821 -0.00246386 0.00690513 -0.00523457 -0.00189194 -0.00774096 -0.00295866 -0.00248236 0.00425875 -0.00077845 0.000519121 -0.00189641 -0.00429739 -0.00308935 -0.0025669 0.00300001 -0.00110399 0.00489721 -0.000601973 -0.0096442 0.00283429 0.00345714 -0.00554743 -0.00584663 0.00191196 0.00460396 0.00311942 -0.000128427 0.00909365 0.00036165 -0.0403101 0.0347107 -0.0384436 0.0264495 0.0813889 0.984344 0.000236006 -0.00831246 0.0114511 0.00444444 -0.0211349 0.00120693 0.0069275 -0.00364129 -0.00548488 0.0195569 -0.0112347 0.0210742 0.00385678 -0.0137828 0.0042525 0.0119712 0.0106803 0.00607197 -0.0070853 -0.000762783 0.00645957 0.00400088 -0.000829978 -0.000580969 0.00287652 0.00260511 0.00120411 0.00200558 0.00440785 -0.00381231 0.0012302 0.00328387 0.00342716 0.00319757 0.00153698 0.00195491 -0.0028351 -7.06744e-05 -0.000108735 -0.000439197 -0.000897574 -0.00362553 0.000443684 -0.00243338 -0.00122177 0.00271333 -0.000342335 -0.000311576 -0.000202868 -0.00046668 0.000603074 0.00133327 -0.000215455 -0.00250834 -0.000496034 -0.00208975 0.000688625 -0.00185789 -0.000870637 0.00226918 0.000281317 3.9858e-05 0.00209144 0.00231907 -0.00067279 7.13798e-05 -0.00200302 5.51408e-06 0.000184965 0.00197205 -0.000509174 7.61088e-05 -0.000237729 -0.000853181 0.000844725 -0.000295926 -0.000632676 0.00128981 0.000336202 -0.00115969 -0.000261418 -0.00069863 7.99494e-07 -0.00101338 0.00291389 -0.000984251 0.00495997 0.000875729 0.000490468 0.00181446 -0.000456025 0.00148395 0.000483621 0.00034675 0.0030499 0.000952614 -0.00432167 -0.00178302 0.000521695 -0.000460041 -0.00326412 0.000416446 -0.00132367 0.00174731 -0.000877471 0.00116105 -0.00119345 -0.000235492 0.000771694
0.00238472 0.00180984 0.00302352 -0.00082367 0.00277377 0.0017174 0.00352064 -0.000392145 -0.00655569 0.00139532 -0.0027814 0.00210603 -0.000294779 -0.0010623 -0.00039324 0.00100691 0.00177057 0.00289472 0.0131515 0.00254837 -0.0102517 0.00875829 0.0108789 0.0116809 0.00504552 0.00747956 0.0111797 -0.0174159 0.0115615 -0.021109 -0.00173608 -0.0154397 -0.0134289 -0.0114685 0.00192151 0.00728251 0.00927374 0.00996264 0.0120325 0.009893 0.0182737 0.00343165 0.00154551 -0.00370869 -0.00628697 0.00440619 0.000560007 -0.00964638 -0.00467225 -0.000130715 -0.00172467 -0.00233919 0.00227708 -0.00877182 -0.0017904 -0.00621112 -0.00711115 0.00276271 -0.000391121 -0.00306027 0.000577252 -0.00181833 0.00246929 0.0029301 -0.00214118 8.5245e-05 0.00249897 -0.00307715 -0.00481009 0.00518406 0.00337179 0.00752312 -0.011943 -2.54968e-05 -0.00527347 0.00821271 -0.00726583 -0.0139007 0.00038012 0.0102455 -0.000704229 0.0031733 0.0011684 -0.00480811 -0.000603823 0.00586865 -0.00161982 -0.00539501 0.0130542 0.00452198 0.0057552 -0.00266249 0.00194243 -0.0119541 -0.00370804 -0.00514006 -0.00523185 0.000891713 0.00667375 0.000169167 -0.0151952 -0.00498219 -0.000949286 -0.0111994 -0.000218289 0.00330046 -0.000909741 -0.00557186 0.000761584 0.0064219 -0.00302777 -0.00224866 -0.00127307 0.00120789 -0.00210901 0.00872068 0.0010738 -0.00214319 -0.00272959 0.00155877 -0.00092401 -0.000961089 0.00426968 -0.00309476 0.000263868 0.000776822 0.00303345 0.00375239 0.00445836 -0.00136133 0.000711962 0.00301758 -0.00335718 0.00217052 0.00100594 -0.00187376 0.00908988 -0.00255886 -0.00185059 0.011161 0.00297777 4.55424e-05 0.00482846 0.0025525 -0.00239623 -0.00211452 0.000388765 -0.00600315 -0.00125077 -0.00493789 0.00210274 -0.000884011 0.00319052 0.00552221 -0.00338431 -0.0103523 -0.00553053 0.00494879 -0.00499098 -0.00338946 -0.00127435 -0.0023667 -0.00453456 0.0106308 -0.000976525 -0.00322042 0.00555742 -0.00549501 -0.000140126 -0.00589826 0.00682783 -0.00641177 -0.0104815 -0.000187378 0.00177833 0.00145168 -0.011883 -0.00855713 0.0139208 0.000290264 0.0247047 0.00123098 0.00137273 0.986514 -0.091581 -0.0564184 -0.0292947 0.0159729 0.00251935 0.000825813 0.00184525 -0.00126796 0.00342918 0.0112046 -0.0130584 0.00587054 -0.00406732 -0.00941056 -0.00255163 -0.00315388 0.00681873 -0.00380458 -0.00379266 -0.00267943 -0.00736319 -0.000946049 -0.000443649 0.000445147 -0.00135652 -0.00240215 -0.00261802 -0.00539386 -0.00279221 -0.00202347 -0.00612965 0.000953391 -0.00136546 -0.00213256 -0.00270571 8.20831e-05 -0.00132865 0.000946462 0.00217835 0.00262835 -0.00152494 -0.000761352 0.000492551 -0.00069672 -0.00319045 0.0010243 -0.00545883 0.00301394 0.00208852 -0.00142778 0.000905436 -0.000796018 -0.000526571 0.00272466 0.0037594 -0.0013255 -0.00192401 0.00425836 0.00174359 4.70716e-05 0.000114326 0.00364372 0.00220932 0.000304461 0.00114452 -0.000769614 0.000564316 -0.00224839 0.00226257 0.000321438 0.00225898 -0.000387637 0.00145138 -0.00104654 0.000502784 0.00110814 0.000976334 0.00106119 0.00267381 -0.00221506 -0.00118607 0.00070684 -0.00224758 -0.00169539 -0.00146624 -0.00126333 -0.00344242 0.0011363 -0.000868287 -0.000769825 -0.00354604 0.00143963 -0.00207676 0.00157334 -0.0009204 0.00227715 -0.00483398 -0.00144978 0.00116192 0.000772301 0.00125046 -0.00098431 -0.000737037 -0.0024145 -0.000733195 -0.00454736 0.00312219 -0.000242568
-0.000302164 0.00221791 -0.00143252 0.000686366 0.00473739 -0.000739915 -0.000557969 0.000991727 -0.00351163 0.00205116 -0.00244935 0.00613848 0.00131167 -0.000186689 0.00155627 0.00165343 0.00239916 -0.00924519 0.0118629 -0.00698176 -0.0136899 -0.00872965 -0.0163187 0.0367675 0.00207715 0.0276932 -0.000148191 -0.00797025 -0.00173243 -0.00101031 -0.0172938 -0.010067 0.0193726 -0.0188307 -0.00407519 -0.00435757 0.0217524 0.0018048 0.000397402 0.00260987 0.00229444 -0.00610667 0.00313877 -0.00361873 -0.00336959 -0.0002997 -0.000330329 -0.00182445 -0.00351565 -0.000120596 -0.000786425 0.00588706 -0.00238323 -0.00216138 0.00379898 -0.00395045 0.00130397 -0.000453537 0.000620708 -0.00397263 -0.0022729 -0.00508922 0.00519785 0.000818087 0.00371894 0.00107703 0.00570615 -0.00292952 0.00119692 0.00103015 0.00692941 0.00616189 0.00838332 -0.0106956 0.00812069 -0.000546701 -0.00632513 -0.0198527 -0.00892244 0.00210158 0.00428714 0.0106523 -0.00261041 -0.00029195 -0.00711298 -0.00470177 -0.00222797 -0.00958738 0.00488279 -0.00644863 0.0064603 -0.00924762 -0.000381767 0.00259216 -0.00841188 -0.000838583 0.00504934 -0.00432697 -0.000520918 -0.00399853 -0.0066084 0.00694094 -0.00579723 -0.00084671 -0.00415976 0.000467717 0.000267215 0.00213494 -0.0121898 0.00642258 -0.0119853 -0.00517814 -0.00308902 0.00592255 0.00203297 0.00167616 -0.000506142 -0.00733843 -0.000547238 -0.00130165 -0.0151744 0.0113646 0.00373065 -0.00119322 -0.00585628 -0.00428158 -0.00150244 -0.00170059 0.0125522 0.00347377 0.0023104 0.00279463 0.000238612 0.000490725 0.00172664 -0.000295229 0.010595 9.10467e-05 -0.00676696 -0.00502675 0.00649566 0.000961451 0.00157754 0.00099595 -0.0016498 0.00385566 -0.0130029 0.000647399 0.00351843 0.00298596 -0.00218661 -6.72933e-05 -0.00212615 0.0046436 0.00435345 -0.00316643 -0.00292716 -0.00404921 0.00194143 0.000596958 0.00441393 -0.00319937 -0.0066836 -0.000832686 0.00238049 -0.00282381 -0.00857013 0.00589575 0.00209124 0.00260393 -0.00165648 -0.00713638 0.00787274 0.00514606 -0.00151674 0.0022668 -0.013134 -0.0238007 -0.00532742 0.0256704 -0.0509943 0.0359346 0.0155727 0.0907288 0.98323 0.0436805 -0.0165123 -0.0079853 0.00732348 -0.0141203 0.00140755 0.00931917 0.00226484 -0.0109084 0.00239291 -0.00469025 -0.00417187 0.0109364 -0.00685805 0.00727613 0.0023085 0.00175131 0.00242746 -0.0115147 -0.00378702 -0.000434569 -0.000850033 -0.00368682 -0.00519439 0.00566331 -0.00506329 -0.00445541 -0.000380918 -0.0035396 -0.00497854 0.0038886 -0.000178673 0.00229366 -0.000473723 0.000461747 -0.00304524 -0.00287548 -0.00231224 -0.00190872 -0.00334062 0.000215204 -0.000595992 0.000266156 -0.00175656 -0.00422049 0.00128767 0.000370943 -0.00295806 0.000313105 -0.00011835 -0.00347621 -0.00134866 0.00073967 -0.00120487 0.000394551 0.000365431 -0.000578285 0.00154065 0.00126864 -0.000924162 0.00466009 -0.000154284 -0.00193973 0.000741602 -0.00199489 -0.000791369 -0.000485065 0.000444721 0.000162297 0.00185309 -0.00384229 -0.000420661 -0.00140897 -0.00144971 0.000928569 0.000974556 0.0025256 -0.000415494 -0.00246272 1.15164e-05 -0.000449396 0.00064163 -0.00233688 -0.000634041 -0.00282734 -0.000507764 -0.00110565 -0.00332124 0.000259347 -0.00122196 0.00207908 -0.00153874 -0.00101857 0.00202184 0.00151041 -0.00416866 -0.00035774 0.00190204 8.49579e-05 0.000671472 0.000103505 0.00141149 -0.00275943 2.35468e-05 -0.00152179 0.000130709 -0.00413022
-0.000735266 -0.00132193 -0.00136706 0.000807633 0.000941437 0.00137245 0.000268443 9.57952e-05 0.00727601 0.00148162 0.00111334 -0.000415478 -0.00041767 0.000439995 -0.00250513 0.000283289 -0.00301849 -0.00268648 0.00357775 -0.00408378 0.00369095 -0.00295113 -0.00298541 -0.0114207 -0.0011497 -0.0147689 0.00760902 0.00530669 -0.0142974 0.0211014 -0.0178647 0.00353651 0.0141526 -0.0209546 0.000900358 -0.00923167 0.00234556 -0.00214627 -0.00117419 0.000393799 -0.00322868 0.0107448 0.000454511 -0.00221573 -0.00117475 -0.00513931 0.0025752 0.00994312 -0.00503191 -0.00178384 -0.0034515 0.00306686 -0.00332167 0.000805356 -0.0046147 0.00378481 0.00638093 0.00219057 -0.00176746 0.0035667 -0.00179918 0.00211921 0.00158665 0.000291265 0.00793222 0.00284835 -0.000843499 0.00265797 -0.000579152 0.00637438 0.0075399 -0.00360157 0.00904367 -0.00200763 0.00321181 -0.00395812 0.0053621 0.00434612 -6.3398e-05 0.00410713 0.00604007 -0.00639061 -0.00620745 0.000240267 -0.00424413 0.00120709 0.00655305 0.0100302 -0.000981229 0.00852666 0.0024378 -0.000246733 -0.00528279 0.00559867 -0.00571247 -0.00257891 0.00312184 -0.0102225 -0.0071673 -0.00156278 0.0138832 0.00796618 0.00316438 0.00602281 -0.0017402 0.00357408 -0.00241227 0.00146705 -0.00236758 0.00370254 -0.00340892 -0.00401221 0.000467397 0.00565613 -0.00234868 -0.00250413 0.00440911 -0.00409928 -7.83964e-05 -0.00432019 -0.00707358 0.0100538 -0.00761354 0.0036136 -0.00913859 -0.000240786 0.00208456 -0.00826732 -0.00162275 -0.00127376 -0.00371509 0.0004633 -0.00102994 0.00309791 0.00223547 0.000436867 0.000397364 0.00309988 0.00274031 -0.00225913 0.00522296 -0.00167809 -0.00471961 -0.00313272 0.00515108 0.012398 0.00578222 0.00194276 -0.00604448 -0.00468044 0.00282266 -0.00168658 -0.00643629 0.00550515 -0.00514538 -0.00117601 0.00228793 -0.00295629 0.000697995 0.00275732 0.0102462 0.00393056 -0.00881424 -0.000444284 -0.00416091 0.00312836 -0.0111437 0.00464435 -0.00439544 -0.00235457 0.00320432 0.00785797 -0.0019283 0.00601213 -0.00883235 -0.00180763 -0.0139929 -0.0370501 0.00526455 0.023212 -0.0226032 0.0431557 -0.0132707 0.0551392 -0.0546441 0.988185 0.0170733 0.0269496 0.000417246 0.00213906 -0.00203548 0.0259498 0.0113146 0.00283432 0.00410216 0.00901697 0.00125234 0.00342892 -0.0112186 0.00341454 0.00453114 0.00485879 -0.00083182 -0.000543875 -0.00445827 0.00185724 -0.00014167 0.00148406 0.00318333 -0.00554905 -0.00412037 -0.000844787 0.00375103 -0.00065258 -0.000717966 0.0016707 -0.0002051 0.00315484 -0.000721482 0.00214427 0.00276353 0.00179689 0.000174918 0.00125822 0.00206975 -0.0005212 -0.0014928 -9.82778e-05 -0.000662303 0.000687286 0.00121959 -0.00158634 0.00110795 0.000772112 0.000216747 0.000476773 0.00102488 0.00119996 -0.00175739 0.00197672 0.000285085 0.000134926 -0.000621581 0.00120134 0.00157439 -0.000911483 -0.00240799 -0.000140243 -2.96106e-05 -0.000165668 0.00146113 0.000475774 -0.00170685 -0.00239656 0.000577812 -0.00269787 0.000636238 0.000260745 -0.00041038 0.0020029 0.000840195 0.00107053 -7.30546e-05 0.000156308 0.00218095 -0.00196226 0.0012228 -0.00150896 -0.00155327 -0.00162639 0.000410259 0.000155783 -0.00178003 0.00183593 -0.00205731 0.00132795 0.000940715 0.00037212 0.000648606 -5.99455e-05 0.00195462 0.0023111 0.000490181 -0.00202755 0.000600262 0.00124343 0.00107398 0.00302523 7.85058e-05 -0.00175414 2.444e-05 -0.000995344
0.00016366 -0.00214748 -0.00116225 -0.00112202 0.0021152 -0.00171418 -0.00372314 0.000918881 -0.00644572 0.00073569 0.00381478 0.00966572 0.00153677 0.000102819 0.001334 0.00146805 -7.74161e-05 -0.00227168 0.0163311 -0.0187844 -0.00958604 -0.021277 -0.0139274 0.016215 -0.00345413 0.0418733 0.00520651 -0.0094606 -0.00548081 0.011981 -0.00184966 -0.00681624 0.0181594 -0.0115953 -0.00927948 0.00100875 0.0247157 0.00736497 -0.00468176 -0.0110979 -0.0034422 -0.0075176 0.00363232 -0.00314625 0.00188761 0.00423922 0.000539363 -0.00759531 -0.00109877 -0.00117039 0.00196969 0.00475486 -0.00273807 -0.00398348 0.00841446 -0.000516495 -0.00406485 0.00150931 -0.0016078 -0.00582446 -0.000934055 -0.00211714 1.47679e-05 0.000120952 0.0067194 0.000953226 0.00520671 0.00207004 -0.00238452 0.00175169 0.00230694 0.00190259 0.000917244 -0.000130872 -0.00730253 -0.00210992 -0.00879366 -0.0221179 -0.00273053 0.0032864 -0.000688274 0.00218075 -0.00245345 -0.00755338 0.000515026 -0.00608508 -0.00679586 -0.00759395 0.00490997 0.0020564 -0.00189983 -0.0109809 0.000912674 -0.00653795 -0.00854234 -0.0016086 0.000505564 -0.00185906 0.00019828 -0.00817856 -0.0115412 0.00139569 -0.00489986 -0.016457 -0.00606739 0.00116523 -0.00840762 -0.00327668 -0.00769918 0.00401013 -0.0149792 -0.011336 -0.00235268 -0.00209864 0.00505345 0.00306545 -0.00902491 0.003293 0.000866627 -0.000982564 -0.00310452 0.0121304 -0.00127166 -0.00396008 -0.00497936 -0.00489155 -0.00561322 -0.00302173 0.00487244 -0.0034503 -0.00490787 0.000714352 -0.00152997 -0.00326543 -0.000168478 0.00138967 0.00778197 -0.00448707 -0.00890164 -0.00584229 -0.000717309 -0.00524421 0.00144698 0.00212488 -0.00127393 0.00441638 -0.00637243 0.00517969 -0.00107273 -0.0049378 -0.00294308 0.000380601 -0.00300952 0.00575306 -0.00130579 -0.00445182 0.00715685 -0.000647268 0.00369631 0.0037367 0.00180507 0.000428567 0.000645483 7.34544e-05 0.00718725 -0.00658364 0.00138638 -0.00419531 -0.00273013 -0.0167608 -0.0008607 0.00268221 0.00755405 -0.00116803 0.0139607 0.0140438 -0.0081444 -0.0127626 0.00973405 -0.00797663 0.0125691 -0.014142 0.00219934 0.0241815 0.00388255 -0.0171371 0.988245 0.0120978 0.0329392 -0.0283117 0.00399992 -0.0171562 0.00268822 0.0106009 -0.0158049 0.00686932 -0.00532037 0.00820071 -0.00573007 -0.0032943 0.00184207 -0.00365394 -0.0052854 -0.0259934 -0.0139873 0.00415734 -0.00279465 -0.00177725 -0.00374189 0.00864268 -0.0117084 -0.00780438 -0.00210064 -0.00045357 -0.00555225 0.00175301 -0.00530886 -0.00078366 -0.000480488 0.00455549 0.00129901 -0.000711591 -0.00116961 -0.000255204 -0.00372784 -0.00028302 0.00101264 0.000169558 -0.000881266 -0.00245443 0.000670914 0.000911417 0.000796066 -0.00356946 -0.00168578 -0.00417222 -0.00211981 0.00244877 -0.00271442 0.00212584 -0.00151324 0.00120333 0.00406085 0.00179555 -0.0025668 0.00553485 0.00177447 -0.000826004 -0.0017856 -0.00294161 -0.000178443 0.00259609 -0.000396138 0.00110465 0.00153882 -0.00170199 0.00217786 -0.00272712 -0.000772868 -0.00149196 -0.000204613 0.00385502 0.0018068 -0.00138554 -0.000686695 0.00236373 -0.00135712 -0.00160467 -0.00230982 -0.00351 -0.000151898 -0.00187721 -0.00319162 -0.000967664 -0.00428473 0.0025023 -0.0044094 -0.00226917 0.00392408 0.00208334 -0.00252235 -0.000131177 0.0052512 -0.000741009 0.00238748 0.000184298 0.00119416 -0.00485413 -0.000311035 -0.00348869 0.00102405 -0.00621024
0.0016571 -0.00151504 0.00145782 0.00071399 -0.00214363 -0.000151697 5.28331e-05 0.00102294 -0.00153053 0.00133211 0.000412158 -0.00667266 0.000865789 0.000727184 -0.00483806 -0.00153922 -0.00647731 -0.000160924 -0.021432 0.0178963 0.00566885 0.0150561 0.0101655 -0.0241796 0.000244764 -0.0160958 -0.000918721 0.0238736 -0.000582172 -0.00595022 0.0154548 0.00678424 0.00500937 0.000216689 -0.000819787 -0.000771482 -0.0156972 -0.00255407 0.00168739 0.00186065 0.00931262 -0.00104646 -0.00107533 0.0066719 0.00127973 -0.000898741 0.00408676 0.00963813 -0.000300742 0.000374883 -0.00268248 -0.000579896 -0.00143975 0.00242684 -0.00353508 0.00711279 0.00472892 0.000656172 -0.000560652 0.0072371 0.00259278 0.00076788 0.00156057 -0.0013277 0.000395696 0.00193292 0.00438599 0.00749372 0.00792132 0.00587013 0.00444895 0.000635431 0.00779955 -0.0108383 -0.014188 -0.00408904 0.00658662 -0.00743728 0.0125261 0.00445211 0.00616786 0.00401174 -0.005227 0.010625 -0.0070668 -0.00183601 0.00590097 -0.00377286 0.000140302 -0.00173581 0.00261996 -0.00260745 0.0045825 -0.00427208 -0.0079768 -0.00495547 -0.00122124 0.00140721 -0.0111006 0.00645881 0.0107454 0.00290657 0.00775775 0.00864654 0.00227172 -0.00829551 0.00196541 0.00479804 0.0100068 -0.00986016 0.00781497 0.010291 0.00851694 -0.00540257 -0.00559156 0.00333912 0.0083333 0.00155277 -0.0105869 -0.00264885 0.00148646 -0.00349147 -0.00798359 0.00266922 -0.00500727 -0.00222349 0.00429126 0.00970346 -0.00516076 0.000996563 -0.00647187 0.00431363 -0.00113331 -7.97528e-05 0.000528823 -0.00181338 0.00144253 0.000208186 0.00592725 0.00913615 -0.00558262 0.000227217 -0.00317124 -0.000743589 -0.00214006 0.00220803 0.00613898 0.00495267 -0.0056801 -0.00723834 0.00280254 7.97827e-05 -0.00653029 -0.00290703 -0.00983661 0.00166227 0.00770533 -0.00174675 0.000399916 -0.00120131 -0.000931329 0.0115317 0.00798154 0.00169048 -0.00712498 0.00872523 -0.00304617 0.00301533 0.00276117 0.0111717 0.0145308 0.0104511 -0.00752889 -0.00393315 -0.0116476 0.00925587 0.00299878 0.00411675 0.00430954 -0.0066966 0.00808082 0.0276712 0.0129651 -0.0137897 0.0177644 -0.0267545 -0.00575282 0.982222 0.105156 0.0619037 0.0323357 -0.00447034 -0.00620412 -0.0128377 -0.0142755 0.0126186 0.0110712 0.000573775 0.0202739 -0.00990959 -0.0136708 -0.011523 -0.00239621 0.0048443 0.00378007 0.000424287 0.0021373 -0.00119486 0.00153974 -0.00715508 0.000409727 0.000479774 0.0008016 0.00243729 0.00250053 -0.00290833 0.00203151 -0.00406474 0.00503188 0.000960973 0.00329404 -4.92921e-05 0.00310327 -0.00308079 -0.00239146 0.00306542 -0.000207445 -0.00310435 0.00156292 0.00516504 0.000758522 -0.00151795 0.000709322 -0.00294108 0.00126321 0.00136619 0.00354732 0.00342321 -0.00317291 0.00169687 0.00223309 -0.00515212 -0.00293066 -0.00347296 -0.000714371 -0.00425273 -0.00108065 0.000182714 -0.00327333 0.000983589 0.0012136 0.00161833 -0.00366426 0.00119995 -0.00364479 0.00434915 -0.000722248 0.000756588 -0.000231857 -0.00222547 0.000428075 -0.000523068 -0.000395944 0.00271609 0.000176421 0.00120425 -0.00235135 0.00256513 0.00272484 0.0017596 0.000607972 0.00109345 0.00204589 -0.00104163 0.000909657 -0.000644082 0.00370391 0.000599061 0.00150548 -0.00165018 0.00429169 0.000130784 0.000219771 -0.00256074 -0.000643523 0.00209723 -0.000720502 0.00309634 0.000379153 -0.000679275 -0.000698338 0.00185079
0.000221772 0.00596229 -0.000628675 -0.0044151 -0.0113453 3.94737e-06 0.00273887 -0.00120053 0.00858001 -0.000150123 -0.00441891 -0.00743462 -0.00192403 -0.00281624 -0.00112603 -0.00101569 -0.0035945 0.0111911 -0.0170137 0.010249 0.0206035 0.00646594 0.0377533 -0.0369276 0.0294014 -0.0471443 0.0172443 0.00219957 0.0445854 -0.0178234 0.013208 0.023026 -0.0328084 0.0261887 0.00986308 0.000167739 -0.0101539 -0.0030904 -0.00479013 -0.00662727 0.00533805 0.0140739 -0.00760682 -0.00157059 -0.00167581 0.00209816 0.0049863 0.00324341 0.00484847 0.00498436 -0.000146781 0.0052056 0.00245797 0.00783574 0.00152059 -0.00119572 0.00144551 0.00134837 4.07601e-05 0.00383547 -0.000291293 -0.00678309 -0.00991702 0.00245071 -0.0149837 0.00963043 0.00165691 0.00249642 -0.00359006 -0.00607956 -0.00615436 -0.0174997 0.00157269 0.0130668 -0.000834802 0.00156191 0.0240202 0.013971 0.00327185 -0.00723208 -0.00248958 -0.0111168 -0.00737766 -0.00140005 0.00390695 -0.00103539 -0.0076232 0.00804311 -0.00537249 0.0119229 -0.000772852 0.00248707 0.00277693 -0.00750925 0.00758875 0.0063537 0.00207156 0.00693273 -0.0022921 0.00672391 0.00556301 -0.00252918 0.0004474 0.00312652 0.0136064 -0.00835332 0.00251249 0.00123665 0.01368 -0.0105716 0.0107283 0.00747866 -0.00702547 -0.0183299 -0.00946821 0.00158838 0.0199483 -0.00292462 -0.0113632 0.000280644 0.0190265 -0.0141115 -0.00769049 -0.00168231 0.00842904 0.00252162 0.00675679 0.00156198 -0.0128087 -0.0027308 0.00925586 0.00332825 -0.00245607 0.00192213 -0.0049486 -0.00170522 0.00369906 0.000435087 0.0112102 0.00154153 -0.00185866 -0.000717783 0.000359457 0.00613177 1.11411e-05 0.000656086 0.00243668 -0.00321564 0.0037266 -0.00261429 0.00205215 0.00190764 -0.00294938 -0.00162656 -0.000691395 0.00218123 -0.00293021 0.00454528 -0.000978534 -0.00272854 -0.000858964 -0.00858039 0.0026289 0.00650106 -0.00285394 -0.000486668 -0.00211399 -0.00679916 0.00925864 0.000825759 -0.00123648 0.000936449 -0.0025667 5.22393e-05 -0.00357989 -0.00412355 -0.00595172 0.00566796 -0.0127427 -0.00327529 -0.00346528 -0.00144169 -0.00642851 0.00586797 0.0251255 0.0013214 0.0472407 0.097099 -0.974689 -0.00487648 -0.0231789 0.00707899 0.0017336 0.00281942 0.00236267 -0.0149109 0.00710257 -0.0113182 0.00284803 -0.00130682 -0.00556809 0.00533122 0.00784928 0.0235417 0.00946327 0.00575591 0.00159269 -0.00463102 0.00358352 -0.00743691 0.0151766 0.00511288 0.00295044 0.0049755 0.00840439 -0.0104887 0.00184139 -0.000110294 -0.00270612 -0.00109067 0.00137924 -0.00168736 0.00338014 0.00412329 0.00538982 0.00345777 -0.00256391 0.000954447 0.000855894 0.00739182 -0.0011195 -0.0012782 0.000912179 0.00381702 0.00355368 0.00570364 0.00146959 -0.000347043 -0.00039006 -0.000599705 0.00128703 -0.00310944 -0.00401074 -0.00255198 0.000304889 -0.00861455 -0.0037763 0.000527825 -0.000794938 0.00421781 -0.000825119 -0.001063 -0.00506888 -0.00216992 0.000945871 0.0019467 -0.00222602 0.00370882 -0.000144004 0.000230241 0.000146536 -0.00494219 -0.00412056 0.00382896 -0.00287759 -0.000466206 0.00116335 0.00550819 0.0041499 0.00792171 0.000367451 0.0024937 0.00716784 -0.000187073 0.00784731 -0.00289851 0.00656968 0.0033517 -0.00572177 -0.00301985 0.00807289 -0.000527675 -0.00847761 -0.00598734 -0.0021205 -0.0013012 -0.00213336 0.00324143 0.00164632 0.00151846 -0.002054 0.00880876
0.000128776 0.00358353 0.00216607 -0.000930948 -0.00578977 -0.00315204 -0.00119406 0.000746334 -0.000656491 -0.00137379 -0.00193506 -0.00362192 0.000185718 -0.00076792 -0.0025757 0.0012112 -0.0056677 0.00683824 -0.0144817 0.0133735 0.0192809 -0.00162317 0.0308689 -0.0121209 0.0172903 -0.00038953 0.000272443 0.00100692 0.0131712 -0.0167804 0.0093279 0.0153083 -0.0242698 0.0106285 0.00446844 0.00297252 -0.00142723 -0.00194095 -0.00109031 0.00526687 0.00784661 -0.000427982 -0.00416363 0.00456436 -0.000477345 -0.000303551 0.000516459 -0.00449296 -9.87747e-05 -0.00317803 -0.00498343 0.00112511 -0.00205128 0.000770102 -0.00235319 -0.00572288 0.00394555 0.00278662 -0.00534012 -0.000914807 0.00672085 0.0061278 -0.0042542 0.000951593 -0.00347908 -0.000567469 -0.000977344 0.00201575 0.00405399 0.00416636 0.0113466 -0.000969782 0.00518593 0.0054786 0.000744207 -0.00125149 0.000913332 -0.0199088 -0.00622971 0.00455966 -2.30303e-05 0.006849 -0.00582769 0.0063381 0.00225093 0.00341329 -0.00309346 -0.00793423 0.00376637 -0.00166019 0.00835855 0.00528142 -0.000132627 -0.00685571 -0.00853322 -0.00374748 -0.00194908 0.00729247 -0.00389566 0.00462052 0.00106844 -0.00602528 0.00359457 -0.00855533 0.00530303 -0.00448319 0.00326248 0.00514853 0.00483212 -0.00166602 -0.000594437 0.00602494 -0.00343824 -0.00369568 -0.00672167 0.00144821 0.0101424 0.00353585 -0.00568229 -0.00304892 0.0063822 -0.00246456 -0.00474906 -0.00337324 0.0103691 0.00670282 0.00858571 0.000772333 0.00485034 0.000357893 -0.00145074 -0.00138552 -0.00305383 -0.00100387 -0.00306986 0.000905667 0.00204217 -0.00204284 0.00374427 0.000323809 -0.00878099 -0.000353937 -0.00376008 -0.00284176 0.00659845 0.0012886 -0.00106729 0.00136221 -0.00777088 -0.0112323 3.38437e-05 0.00210913 -0.00114757 0.00213078 -0.00341345 0.000400784 8.10669e-05 0.0011558 0.00824565 0.000337728 0.00699546 0.00522912 -0.000491335 0.0016684 -0.00560701 0.00327847 -0.000863692 -0.00313791 0.00303236 0.0106479 0.00805988 0.00969406 -0.00215525 0.0032799 -0.00822018 -0.00219559 -0.00963532 -0.00319762 -0.0031382 -0.00112412 -0.00263364 0.013093 -0.0146691 0.00065654 0.0186126 -0.00026933 0.03575 -0.0689286 0.00483395 0.983962 -0.0199538 0.0897437 -0.0161597 0.0146183 0.00485932 0.00224839 0.0289967 -0.0251871 0.0153617 -0.00750257 -0.00814778 -0.00599411 0.000650016 0.0118139 -0.00285691 0.00736069 0.00253676 -0.000765648 0.001616 -0.00878018 0.0114941 0.00356533 0.000567424 0.00167058 0.00544259 -0.00941706 -0.00150096 -0.00146468 -0.00271059 -0.00185605 -0.00159218 0.00160563 0.00418945 0.00326305 0.0045737 -0.000493205 -0.00053546 0.00249799 -0.00111757 0.00353319 0.00221768 -0.00166782 -0.0011665 0.00148885 0.00140794 0.00166841 0.00431658 0.00380301 0.00216448 -0.000677865 -0.000921935 0.00153563 -0.00121488 0.000467797 0.00162369 -0.00611244 -0.00389839 0.00237326 0.00145882 -0.000812528 -0.00195224 0.00131189 -0.000313806 -0.000407375 -0.00124635 0.000512056 -0.00110351 0.0021149 -0.00139581 0.00119769 0.00124346 -0.00514192 -0.00212576 0.00292689 -6.77158e-05 0.00127091 -0.000608729 0.00148249 0.000296487 0.0052733 -0.00230891 0.000770363 0.00312279 -0.000734991 0.00399313 -0.00204869 -0.00114735 0.00121633 -0.00337439 -0.00345069 0.00183361 0.00235677 -0.00603404 -0.00343494 -0.00104476 -0.000794825 -0.000156445 0.00208856 0.000757866 -0.00399139 -0.00172245 0.00534329
-0.000550828 0.000475468 -0.00180064 0.00146132 0.00166185 -0.00159657 -0.00219617 -0.000114198 -0.00219538 0.000423715 -0.000277854 -0.00192492 -1.35111e-05 -0.000682692 0.000865715 -0.00111247 0.000168226 0.00773033 -0.00710859 -0.00521183 -0.000583462 0.00348333 0.00092564 -0.00482281 0.006817 0.000833473 -0.0074131 -0.00179651 0.00231299 -0.00642128 0.0142287 0.0020138 0.00047209 0.0115752 0.00368307 -0.000194468 0.00274553 0.00141469 -0.00387151 -0.00677495 -0.000695014 -0.00764652 0.00403145 0.00329601 0.00410987 0.00438031 0.0024988 -0.00703015 0.000540014 0.000945604 -0.00317853 -0.00195838 0.00146138 -0.00213763 0.00705951 0.00290759 -0.00155401 -0.00183272 -0.00203526 -0.00109495 0.00601826 -0.000635558 -0.00202562 -0.000134636 -0.00458904 0.000801753 -0.000739259 -0.00187643 0.00115511 5.05935e-05 -0.000173006 -0.00424047 0.0012304 0.00367499 -0.00443834 -0.000865712 -0.0050095 -0.00528397 0.00581304 0.00255959 -0.00241023 -0.00930159 0.00183799 -0.00892782 0.00711077 0.00266934 0.00246829 0.00478992 0.00520534 0.00784161 0.000249785 5.77987e-05 -0.00177715 -0.000335227 -0.00855786 0.00439119 0.00246559 0.00239498 -0.00410479 -0.00484591 -0.00471657 -0.00460111 0.00102722 -0.00852558 0.000702667 -0.00192972 0.00135668 -0.00379416 -0.00269978 0.000149514 -0.000253947 -0.00765622 0.00112912 -0.00563709 -0.00210569 -0.00144549 0.00320224 -0.00114853 0.000190166 4.28646e-05 0.00440085 -0.00569845 -0.00100755 -0.00217454 0.00356193 0.004261 -0.000512238 0.00138348 0.0021223 0.00283245 0.0015263 0.000370869 -0.00280642 4.62146e-06 0.000214147 -5.13166e-05 0.00190233 0.000597337 4.58042e-06 -0.00421736 -0.00256705 0.00356006 0.00368777 -0.00198515 0.00344 0.00381294 0.000742314 0.00165952 -0.00296034 -0.00566445 -0.00238341 -0.000929029 -0.00345652 0.00483601 0.000482879 -0.00135595 0.000656558 0.0040128 0.00465831 0.00310065 0.0022718 -0.0046757 -0.000868138 0.00238382 -0.00374449 -0.0029503 -0.000252051 -0.00301125 0.00362688 -0.00803842 -0.000369582 0.000390314 -0.00306606 0.000262094 -0.00124229 -0.00374242 -0.00306343 -0.00106975 -0.00223872 -0.00383044 0.00487539 -0.00938528 0.00146849 -0.00133972 -0.00192415 -0.00299391 0.00102064 -0.0267992 -0.0190971 -0.0124335 0.947223 0.309253 -0.0078147 0.00587228 0.00764312 -0.017614 -0.00820656 0.00986988 0.00549434 0.00987875 0.00277697 6.61481e-07 0.0019946 -0.00743071 -0.00241725 0.00336734 -0.00691166 -0.00217324 0.000876973 -0.000876157 -0.00174657 0.00243924 -0.0014962 -0.00154729 -0.00325157 -8.3196e-05 -3.16985e-05 0.000868021 0.00100838 -0.000305977 -0.00134409 0.000169594 -0.00140804 -0.00148407 -0.000779049 -0.00195811 0.000914008 0.00320934 -0.00207333 -0.00217238 -0.00232086 0.000160193 -0.000569915 0.000238531 -0.000354009 -0.00145159 -0.00104784 -0.00194053 0.00175825 -0.00162821 -0.00406876 0.00450557 -0.000753891 0.000676173 0.000838527 -0.00123485 0.00143297 0.00208353 0.00274329 0.00135103 1.18312e-05 -0.00122283 0.000760507 -0.000217636 -0.00218736 -0.00213165 0.000328789 8.23113e-05 -0.0015895 0.00241146 -0.00134128 -0.00175983 -0.000399885 -0.000980709 0.00304815 -0.0019292 0.000848623 -0.00133418 -0.000367815 0.00164977 0.000466137 -0.000368798 -0.000531653 0.000305128 -0.00079845 -0.000413815 -0.00105558 -0.00211019 -0.00125566 0.00102406 -0.001956 -0.000237872 -0.000723499 0.00301681 -0.00163425 0.000717285 -0.00104738 0.00115471 -8.76027e-05 0.000840179 0.00100779 0.000299554
-0.00114055 -0.00263413 -0.00197092 -0.00149252 0.00170072 0.000658504 -0.00198108 -0.000376443 -0.00124963 0.000389536 0.000806287 0.00872539 -0.000835113 0.00135678 -0.00268445 0.00355346 -0.000927738 -0.0037081 0.00859725 -0.0149538 0.00104151 -0.0215751 -0.00710433 0.0143215 0.00445835 0.03339 0.00892301 -0.0118424 -0.0126592 0.0288402 -0.0176296 -0.00840439 0.0183556 -0.0160688 -0.0130299 0.00116389 0.0202885 -0.000900593 -0.000260008 -0.0102464 -0.0175034 0.00774796 0.00222151 -0.00331109 0.00251023 -0.00063967 0.00333596 0.00663057 -0.00120729 -0.00711507 0.00239982 -0.00129488 -0.00145986 -0.00131999 0.00180897 0.000181699 -0.00168974 -0.00147893 -0.000949248 -0.00584689 -0.00608424 0.00456076 0.00117589 0.0010162 0.0113123 -0.00199525 3.75996e-05 0.00444819 0.00330797 0.0065662 0.00683625 0.00925891 -0.00924639 0.00299634 -0.014324 0.000804 -0.00990681 -0.00690098 0.0166088 0.0137725 -0.00280641 -0.00272246 0.00665539 -0.00298011 -0.0101564 -0.0045384 0.00197126 -0.00251302 0.00626786 0.0088275 -0.00515999 -0.00237334 -0.00908331 -0.000312193 -0.0053751 -0.00253923 0.00141385 -0.010235 -0.00125091 -0.0118006 -0.0111867 -0.00572184 -0.00209999 -0.0112994 -0.0075115 0.00307365 -0.00429379 -0.00186032 -0.0141205 0.00203902 -0.015264 -0.00248429 -0.0012132 0.00381144 0.00626442 -0.00288768 -0.0118868 0.00458445 -0.001447 -0.00515764 -0.00741658 0.0115967 -0.00485764 -0.000130306 -0.00335106 -0.00414793 0.00136257 -0.00861723 0.00713081 0.00284641 -0.0112966 -0.000910819 -0.00507415 0.00325382 0.00835787 -0.00362254 0.00159955 -0.000590528 -0.00788747 -0.00315778 0.00184748 -0.0048528 0.00226553 0.00177508 -0.0015799 0.00575883 0.00545787 9.73447e-05 -0.00119902 0.00623697 0.00164819 -7.30743e-05 -0.000143485 0.00747378 -0.00148989 -0.00135461 0.00477464 -0.00366157 -0.0044563 0.0084624 0.00425989 0.00753633 0.00619062 -0.00305816 0.0040094 -0.00138422 -0.00242496 0.00301226 -0.0097548 -0.00662997 0.0013767 0.00919749 -0.00560222 -0.00571888 0.000123004 0.018034 -0.00591141 0.00192415 0.00393724 -0.017649 0.0131278 -0.00124032 0.00922393 -0.00237591 -0.0154359 -0.0297003 0.000429524 0.024427 1.56473e-05 -0.0833119 -0.305014 0.935351 -0.0353108 -0.00750046 0.0134515 0.0103964 -0.0152634 0.00539333 -0.00258473 -0.0051198 -0.0137428 -0.00973843 -0.00949053 -0.0162093 -0.00453393 -0.00573164 -0.0104819 0.00515824 0.00405757 -0.002066 -0.00658419 -6.23162e-05 -0.00184009 -0.00171752 -0.00211858 0.00177435 -0.000267872 0.000195309 0.00369252 0.00206648 -0.00279031 0.000798334 0.000887308 -0.000977536 -0.000235424 0.0048921 0.00232799 -0.00222641 8.33495e-05 -0.00191187 -0.00107964 0.00126438 -0.000848432 -0.00147565 -0.00134922 -0.00352249 -0.00215442 -0.00147037 0.00176617 0.00160818 0.00019417 -8.88077e-05 0.00106683 -0.00142734 -0.00118209 0.00271554 0.00374581 -0.00169652 -0.00134311 -0.00125748 -0.00189182 0.000958832 0.00123356 0.00292562 -0.00174489 0.00162995 0.00114936 -0.00397377 -0.000103655 -0.00193649 6.13708e-05 0.00356965 0.00186152 -0.00216613 -0.000107522 0.00105064 -0.00358769 -0.00209101 -0.00225009 -0.00341761 0.00130255 -0.00280762 -0.00391044 0.001042 -0.00432949 0.00333262 -0.0037388 -0.00354276 0.00509139 0.00179253 -0.00383445 -0.000752512 0.00431769 0.00338995 0.000396846 0.00152105 0.00150411 -0.00324453 0.00052919 -0.00355908 -0.000279009 -0.00301128
-0.00138029 0.00182791 -0.00296277 0.00280429 -0.000425841 0.000492022 -0.000385629 -0.00137281 -0.00555074 0.00129485 -0.000426043 -0.000776597 -0.00121643 -0.00284736 -0.00292085 0.000646445 -0.000404811 -0.00148032 -0.0136516 -0.00248615 0.00208329 0.012262 0.0122576 0.0124305 0.00533359 0.0029155 -0.00964509 -0.0064674 0.00265488 -0.00682964 -0.0042158 0.00544088 0.013434 0.00937767 -0.000260682 -0.00370049 0.00276012 8.33259e-05 -0.00794194 0.00177934 -0.00207416 -0.0156533 0.000561419 0.00517926 0.00503465 0.00200495 -0.00432438 -0.00410563 0.00391552 -0.00175818 -0.00457306 -0.000258457 0.00245023 -0.00446509 -0.00332045 0.00475276 -0.00278 -0.00657953 0.000388494 0.00401099 0.00410182 0.00167281 -3.73907e-05 0.00224521 -0.00277434 -0.00316889 -0.000774954 -0.000648877 -0.000311007 0.00429039 -0.00177174 0.00978636 0.00476929 0.00313661 -0.0108335 0.00199611 -0.00114185 -0.00872759 0.00580802 0.0103233 -0.000971493 -0.00105456 0.00506317 -0.00168694 -0.00632193 0.00357163 0.000316192 -0.00771274 0.0110615 0.00156102 0.004498 0.00709142 -0.00511404 0.00337432 -0.00211691 -0.0059271 -0.000164128 0.00305307 0.00281302 0.00089881 -0.00552652 -0.00272131 -0.00648615 -0.00307048 0.00265992 -0.00826694 0.00425611 -0.00152899 -0.00538873 -0.00193665 -0.000854179 -0.00155006 0.00149568 -0.0021692 -0.00112753 -0.000992809 0.00811172 -0.00454874 0.00152151 -0.00478551 -0.00435726 3.07114e-05 -0.002792 0.00570736 0.00317915 -0.00300681 -0.000275954 0.000982397 0.0051254 -0.000476756 -0.00486813 0.000258612 -0.0010599 -0.00093831 -0.00553295 -0.00365458 -0.00372033 -0.0023774 -0.00100334 -0.00123333 -0.00345832 0.00224558 0.00562052 0.000156806 0.00196045 0.0027109 -0.00135673 0.00199305 0.00117115 -0.00241991 -0.00204941 0.00182487 -0.00458987 0.00326338 -0.00159245 -0.00156653 0.00313184 -0.00372081 -0.00198773 -0.00278255 -0.00277048 -0.00153718 0.000591784 0.00107779 -0.00318316 0.000904463 -0.000145086 -0.00240253 0.00610007 -0.000765357 0.00544162 0.00361832 -0.00302747 -0.0104381 -0.00143285 -0.00360894 -0.00578444 0.012284 0.00266162 -0.00886065 -0.00610843 -0.00422973 -0.0196634 -0.00530027 -0.00220198 -0.00969893 -0.00236658 0.00502677 0.00235612 0.0112046 -0.00599746 0.0358788 0.993659 0.0128373 -0.0103422 -0.0433433 -0.00392308 0.000136545 -0.00419725 -0.00279068 0.00101566 0.0109569 -0.00152276 0.00355991 -0.00125233 -0.00988464 -0.000629756 -0.00517887 -0.00221664 -0.00144496 -5.3507e-05 -0.000448964 -0.00421192 -0.000671687 -0.00458052 -9.54822e-05 -0.00342826 0.0023519 -0.000438239 -0.000990858 -0.00264433 -0.000228928 0.000606099 -0.000513523 0.00101268 -7.3511e-05 0.00126329 0.000458726 -0.000556344 0.00098342 -0.00210773 0.00194645 0.000640248 -0.00121323 -0.0017161 -4.49022e-05 0.000116707 -0.000698322 -0.00033574 -0.00273488 -0.00128962 0.000652432 0.000592141 0.000264081 0.00117697 0.000428219 -0.00218029 -0.000944109 0.00182105 0.00150352 -0.000757849 0.00241888 -0.000258131 0.000334042 -0.0006532 -0.000837687 0.000962329 -0.000720067 0.000431599 0.00118925 -0.000698376 -0.000174833 -0.00214975 -0.000337548 -0.00192821 -0.000900602 0.00071496 0.00151025 0.000158673 7.28091e-05 0.0020715 -0.00076485 -0.000663787 -0.00167068 0.0026611 -0.000535383 -0.00125239 0.0013093 0.000467935 -2.80144e-05 -0.00215553 -0.001294 -0.00226466 0.00023556 -0.00151526 -0.0011027 0.000677964 0.000256188 0.00230512 0.000243703 -0.00376123 0.00209703
-0.000281281 -0.00444438 -0.00225245 0.00205261 0.00557639 -0.00153263 0.000459653 0.000543647 -0.00553607 0.00316457 0.00485359 0.000107838 0.000751133 0.00111399 -0.00688946 0.00115041 -0.000983809 -0.0080998 -0.0153781 0.00712647 -0.00664949 0.0128844 -0.00994307 0.00204801 -0.00677409 0.0203265 -0.0192446 0.00426047 -0.0256759 0.0104467 -0.0162331 -0.0147678 0.0357642 -0.0179517 0.00187139 0.000199433 -0.00174027 -0.00592665 -0.0086614 0.00828003 -0.00760166 -0.0164843 -0.00252874 0.0134585 -0.00206337 -0.0026996 -0.00713377 0.00359759 -0.00502316 -0.00667943 0.00416092 -0.00561983 0.00186172 -0.00332348 -0.00569559 0.0090462 -0.000689304 -5.64554e-05 0.00308853 0.00863169 0.00229008 0.00364892 0.00431835 0.00429099 0.0038183 0.00148353 0.00490928 -0.00136191 0.0062275 0.00690874 -0.000523006 0.0131894 0.00857887 -0.0185401 -0.0175089 0.00554994 0.00335332 0.000802891 0.0129962 0.00708829 0.00500714 -0.00729832 -0.00100847 -0.00449358 0.000316175 0.00657015 0.0128805 -0.0068577 0.00953481 0.0047714 0.00100121 -0.00203011 -0.00481032 0.00249407 -0.00263656 -0.00587937 0.000771236 -0.00542536 -0.00892333 -0.00320044 0.0043866 0.00382888 -0.00595232 0.00138993 -0.00515996 -0.00932845 0.0121683 0.00103964 -0.00418336 -0.00211965 -0.0105825 -0.000272554 0.0029111 0.00974162 -0.00432949 -0.00507146 -0.00234835 0.00133147 -0.00245809 -0.0124499 -0.0121794 0.00157891 0.00108315 0.0111179 -0.00922227 -0.00466942 -0.00697101 -0.000600561 0.00486064 0.00349767 -0.00889053 0.00796957 0.00393422 -0.000975993 0.00122638 -0.00531329 0.00258519 0.00275527 -0.000414997 0.00537372 0.00488207 -0.00572485 -7.70374e-05 -0.00114092 -0.00415109 4.63411e-06 -0.00209712 0.00274224 -0.000368459 0.00163672 3.12824e-05 5.62326e-05 -0.001627 0.00632805 -0.00635619 -0.0027327 0.00506871 -0.00908303 0.00429629 -0.00465126 -0.00158053 0.00282691 -0.000538515 -0.000873817 -0.00491343 -0.00448788 -0.000362121 0.0100365 0.00314438 0.00236708 0.000997689 0.00797126 0.00192495 0.000257848 0.00412838 -0.00111745 0.00486548 -0.0108156 0.00324695 0.0127746 -0.00745415 0.00242893 0.0122376 -0.00944327 0.00527369 -0.00677532 -0.0138784 0.0105508 -0.0117444 -0.00845734 -0.0044867 -0.00214983 -0.0167554 0.988994 -0.00498829 0.000755662 -0.00622081 -0.0142026 0.00759605 -0.000128752 -0.0103607 -0.0196718 -0.00377788 -0.000316342 -0.00197773 0.00385621 0.000613919 -0.00287045 -0.00187452 -0.00097675 -0.00932199 -0.00313989 -0.0051291 -0.00463647 -0.000791663 0.0032468 0.002477 -0.0009292 0.00349429 0.00101614 -0.0019215 0.000397233 0.000758507 -0.0048955 -0.00379963 2.30768e-06 -2.01742e-05 0.00138995 0.000616665 -0.000634718 -0.00262623 0.000153455 -0.00113819 -0.00121713 0.000340087 0.000309037 -1.28794e-05 0.000845988 -0.00238749 -0.000312919 -0.000570018 0.000777627 -0.000265044 -0.00127605 -0.000701849 0.000439858 0.00373229 -0.00161577 -0.00175402 -0.00170714 -0.00207115 -0.000805324 0.000389757 0.000735689 -0.00188296 0.00171777 -0.000428502 -0.0015572 -0.000801488 0.00020174 0.00227353 0.00210478 -5.84247e-05 -0.00180691 -0.00059146 0.000632387 -0.000785048 -0.00255609 -0.00102693 -0.00120139 -0.00187851 0.000113381 -0.00278529 0.000604372 -0.00113019 0.000634703 -0.00195937 -0.00256036 0.00247061 -0.000410987 -0.00336033 -0.0016858 0.00298461 0.00036148 0.000915789 0.00092758 0.000116714 -0.000427896 -0.000451975 -0.00058679 0.00174944 -0.000964194
0.000132011 -0.00194154 -0.00250679 -0.000520541 -0.00314209 -0.00282592 -8.22881e-05 0.00206615 0.00266371 0.00148176 0.00163117 0.00320574 0.00242375 0.00131383 -0.00124271 0.00284792 -0.000753956 -0.00148296 0.00795393 -0.00749742 0.0116589 -0.00158527 0.00126905 -0.0150996 0.00763436 0.0171995 -0.00486449 0.00882843 -0.000535857 0.0196563 0.00244244 -0.00320942 -0.0106973 0.010757 0.00262717 -0.00826156 0.00249035 0.00176039 -0.00154251 -0.000594309 -0.014564 -0.00683342 0.00231105 -0.000180325 0.00183369 0.00589929 0.00388467 0.00132042 9.25523e-05 -0.00478348 -0.00157848 0.00673843 -0.00150958 -0.00269526 0.000167418 -0.00142793 -0.00210076 -0.00107457 -0.000220602 -0.00388644 0.00210558 0.00210432 0.00119916 0.000566433 -0.00138025 0.00414121 -0.00469921 -0.00120625 -0.0184495 -0.00389599 0.00553038 -0.00867828 0.00347433 0.0115638 0.010775 0.0124318 -0.00470622 0.000542257 0.0108871 0.00784801 0.00709168 -0.0040385 0.00626339 0.000650973 -0.0136257 -0.0130786 0.00248878 0.00386247 0.00146409 0.011899 -0.000431538 0.0111792 -0.00367281 -0.000455048 -0.00410396 -0.00144596 0.0131039 -0.00104849 0.00128576 -0.00698457 -0.000392197 -0.00826129 -0.00485199 -0.00382059 0.00181939 0.00035744 -0.00261768 -0.00277167 -0.00203609 -0.000584546 0.00267293 0.0017206 -0.000156633 -0.00268683 -0.00396792 -0.00931923 0.00524858 0.00220893 0.00367554 0.00144947 -0.000765782 0.00416159 -0.00400903 0.0035748 0.0012902 -0.00297568 0.00330665 -0.000196488 -0.00458878 0.0026102 -0.00413074 0.003284 -0.00408321 0.00640792 -0.00182596 -0.00183535 0.00216708 -0.00144021 0.00573069 -0.00288371 -0.00186765 0.000671286 0.000501708 -0.000517452 0.00381573 0.00358839 0.00533912 -0.00517002 0.000469455 -0.00278965 0.00272418 0.00127646 0.00105126 0.00854516 -0.00124342 -0.000749568 0.000762126 2.72149e-05 0.00186305 0.00281151 -0.00326349 -0.00173176 -0.00523871 -0.00153972 0.00085845 -0.00315393 -0.00797243 0.00146832 -0.000390477 -0.00232727 0.000891464 -0.000549061 -0.00234049 -0.000278807 0.00324042 0.00389429 -0.00735682 -0.0095463 -0.000354318 -0.00201294 -0.0151635 0.0122927 -0.0239483 0.014807 -0.00345974 -0.00749671 0.014217 0.0173921 0.00832782 -0.00401307 -0.00461453 -0.0185809 0.00395322 0.0061709 0.983686 -0.131725 0.0117719 -0.0211339 -0.0197604 -0.016303 -0.00335635 0.00710462 0.00365296 0.00441237 0.0127812 -0.00574994 -0.00458632 -0.00236306 0.00247626 -0.00487603 0.00911998 0.00428048 -0.00623664 -0.000866125 0.00189469 -0.00432812 -0.00170566 -0.00532232 -0.0026697 -0.000748747 -0.00470149 -0.000776111 0.000346015 0.00122862 0.00178695 -0.00302576 0.00106048 0.00315639 0.000570879 0.00199539 0.000447573 0.00128631 0.00223369 0.0012697 -0.00163821 -0.000800818 -0.00106451 -0.00308671 0.00241979 -0.00533511 -0.00143146 -0.00179045 -0.00107306 0.000549426 7.67303e-05 -0.00118655 -0.00364398 0.00107652 0.000159287 -0.000117635 -0.000575353 0.00235589 0.000202791 0.00148345 -0.000707175 0.00119453 0.000729701 -0.00136082 0.0012755 0.000763161 -0.00116345 2.64557e-05 -0.00149538 0.00298564 -0.00444941 0.000126612 0.000782246 0.00176034 0.000672326 0.00147494 0.000127348 0.00101753 0.000862484 -0.00286684 0.00146347 -0.00181164 4.12042e-05 -0.000919873 -0.0022664 -0.00273214 0.000618118 -0.00108408 -0.00292925 0.00134723 -0.00131148 -0.000309526 -0.00107035 0.00099859 -0.000842952 -0.00284443 0.000916285 0.00129356
0.000125632 0.00275603 0.000616032 0.00172663 -0.00343318 -0.00128486 -0.00084193 -0.000669023 -0.00675951 -0.00132946 -0.00282777 -0.00286933 -0.000260252 -0.000932288 -0.00278566 -0.00140347 0.000266555 -0.00133913 -0.0187242 0.0129259 0.00473675 0.0165507 0.0139616 0.00175417 0.00639975 -0.00967738 -0.00696292 0.00500963 0.00343614 -0.0269683 0.0134998 0.0064284 -0.00925577 0.00736801 0.00581811 0.00126873 -0.00328139 -0.00271369 0.0034099 0.00418061 0.0136277 -0.0102444 0.000371676 0.00337029 0.00404625 0.00240443 0.00230511 -0.00504099 -0.000213379 0.00368211 -0.00494712 -0.00447429 0.00218656 0.00120297 -0.00422569 0.00246593 -0.00392904 -0.0029665 0.000193213 0.00644527 0.00596553 0.00316577 -0.0040755 -0.00209294 -0.00272858 -0.0021178 -0.00140385 0.00133514 0.0101841 0.0116653 -0.00323918 0.0104601 0.000514202 -0.00632496 -0.0127572 -0.000280431 -0.0067578 -0.00931986 -0.00118872 0.00193674 -0.00180488 -0.000252987 -0.000891601 -0.000729359 0.0059564 0.00681387 -0.00144294 -0.0016289 0.00499074 -0.00728142 -0.000454972 0.00179963 0.00246559 0.000566783 -0.00503474 -0.00324943 -0.00150832 0.00364309 0.000630385 0.00530446 -0.000877524 -0.000331642 -0.00100527 0.00257079 -0.00376284 -0.00928968 0.00467005 0.00588972 0.00641196 -0.00358906 0.00619257 0.00201892 0.000373095 -0.0037168 -0.00254032 0.00238012 0.00951296 -0.00499247 -0.00312719 -0.00155681 0.00413498 -0.00989567 0.000291232 0.00449445 0.00346827 0.00852762 0.00376779 0.00166252 -0.00557265 -0.00150566 0.00458449 -0.00120131 0.00111803 -0.000279835 -0.00152733 0.00176533 -0.00227692 0.0021374 0.000890192 0.000600597 -0.00187294 0.00100716 0.00524375 0.000231173 0.000128879 -0.00494425 0.00299966 0.00123283 0.00240274 -0.000696246 -0.00015817 -0.0011965 -0.00277961 -0.00323583 0.0053226 0.00359541 -0.00439336 0.000603864 -0.00252734 -0.00217479 -0.000296705 -0.00264477 0.00457113 0.00162302 0.00066726 -0.000813456 0.00167506 0.0027468 0.00398231 0.00844601 0.00523027 -0.000887367 -0.00119193 0.00238375 -0.00586119 -0.00211731 0.00234974 0.00282645 0.000702266 0.00265628 0.00341846 0.00676462 -0.0127941 -0.00617612 0.00906684 -0.00496356 0.0015149 -0.0148266 -0.00982269 -0.01009 0.0146357 0.00187247 0.0404147 0.00153081 0.1346 0.983376 0.0034604 -0.0240714 -0.0158956 -0.0132468 0.0191652 0.0196262 0.00248067 0.0215104 -0.0089553 -0.00719307 0.0120742 0.0029003 -0.00126875 0.000476535 0.00362904 0.00220434 0.00391077 0.00291126 0.00283133 -0.00594067 0.000807536 0.000907412 -0.00174222 -0.00114986 0.00648209 -0.000253336 0.000863661 0.00103921 0.00502159 0.00367819 0.000355683 -0.00237144 0.000390795 0.00558631 0.00159348 -0.00362314 0.00263713 0.00128285 -0.000140855 0.0036715 0.00200539 0.000396401 0.00172187 -0.00214622 0.00188448 -0.00385481 -0.00214394 -0.00177944 -0.00153012 -0.00289132 -0.0043272 0.000844357 -0.000898456 0.0028597 -0.00043229 0.000955531 -0.00351683 0.00116818 -0.00063909 0.000138613 -0.000630628 0.00193655 0.00188194 -0.00240028 -0.000969853 -0.00101802 -0.00194059 0.00331116 -0.0017273 0.00125539 0.000211974 0.00291166 0.00275395 0.00384846 -0.00117063 -0.000248552 0.00203558 -0.00172366 0.00405198 -0.00119531 0.00313257 0.000383043 -0.00150559 -0.00309535 0.00308124 0.00160283 -0.00542268 -0.00358893 -0.000334683 -0.0012483 -0.000245949 -0.000406395 0.000375974 -0.000754718 0.000770487 0.00199856
0.000358485 -0.0028322 0.00046865 0.000837976 -0.00130066 0.000822973 -0.00133563 0.000619503 -0.00150728 -0.000478549 0.000421799 0.0011349 -0.00225766 0.0024998 -0.00201321 0.00287859 -0.00180813 -0.00234565 -0.00374464 0.000618649 0.00635537 -0.00848354 0.00554831 0.0046393 0.00570346 0.0182148 -0.00879217 0.000354787 -0.00995177 0.0141066 0.00520667 0.00216765 0.00185767 -0.00369598 -0.00526248 0.0148845 0.0054611 0.00271516 0.00135931 0.00924824 -0.00391924 -0.00720976 0.00123931 -0.00193379 -0.000712979 -0.00276896 -0.000365999 -0.00567595 -0.0029105 -0.00175242 0.00133724 0.00127912 -0.00379309 -0.00360747 0.00109335 -0.00661282 -0.00410945 -0.00304982 0.00158789 0.00306831 -0.000748589 0.00153114 0.00270537 0.00115402 -0.00154374 0.00021773 -0.00138016 -0.00228796 0.00291289 0.00410544 0.0120125 0.00450711 0.00204719 0.0105526 -0.004352 0.00113331 -0.00336069 -0.0111029 -0.00279717 -0.00860123 -0.00703075 0.00440406 -0.0114612 -0.00200446 0.014442 0.00502677 0.00055242 -0.00658857 0.000341771 0.00161997 0.00232077 0.00288105 -0.00411653 -0.00536294 0.000339268 -0.00563715 0.000224607 0.00624943 0.001479 -0.00207085 -0.000226654 -0.00128565 -0.00636087 -0.0054792 -0.00378123 0.0029429 0.000380679 0.00208091 -0.00246329 0.00026949 -0.00272421 -0.0022983 -0.00487174 0.00204235 0.000634744 0.00164683 -0.00683961 0.00499553 -0.00193989 -0.00453972 -0.00183036 0.00867114 0.000794852 0.00728706 0.00257687 0.00463626 0.00593833 0.00247477 0.000580191 0.00324196 -0.00123302 -0.0024365 0.00016286 -0.00368977 0.0012397 -0.00115316 0.00193171 0.000472731 -0.00163944 0.00212214 0.0010455 0.000386739 -0.00498287 -0.00498989 0.000611346 -0.00253176 0.00185717 -0.000391096 -0.00369316 -0.00305451 -0.00348403 -0.00762 0.00225048 0.000450894 -0.00223275 0.00176132 0.00238316 0.00120091 -0.00286894 0.0023584 0.00214157 0.00353882 -0.00323039 -0.000981431 0.0009078 -0.00682184 -1.4354e-05 -0.00594153 0.000569776 0.00214971 0.000278661 0.00199733 -0.00279567 0.00137797 -0.00223142 -0.000742481 -0.00188968 0.00234316 0.00515672 0.000753448 0.0130902 -0.00111352 0.00856618 0.00543731 -9.1848e-05 0.000279283 -0.00169813 -0.0108167 -0.00226906 -0.0273721 0.00115004 0.0084893 0.00454649 0.00564431 -0.00207128 0.00543113 0.953938 0.240814 0.150186 -0.00248803 -0.00253613 -0.0142806 0.00884385 -0.00465698 -0.0134521 0.00655191 -0.00207501 0.00826456 -0.000202669 0.000401325 -0.00369134 0.00436781 0.00346314 -0.00137889 -0.0026788 0.00167876 -0.00233551 -0.00130598 0.000641764 -0.000771534 -0.00197382 -0.000997747 -0.000739501 0.0025588 -0.00258932 -0.00312315 -0.0011646 0.000161772 0.000798827 -0.00120764 0.00131054 0.000155165 0.00360048 -0.00140827 -0.00202195 -0.00250468 0.00263297 0.00209404 0.00211695 0.000583941 9.263e-05 -0.000355092 -0.000862034 0.000984753 -0.00191933 0.00165189 -0.000110745 0.0026263 0.00129414 -0.00206074 -0.00017205 0.000718413 -0.00042032 0.0018131 -0.000718772 0.00185437 -0.00073803 2.16057e-05 -0.00183621 0.00028928 -7.73622e-05 -0.00018569 0.00109472 -6.483e-05 -0.000628793 -0.000684067 -0.000113982 0.000440911 -0.000894307 0.000516012 -8.1826e-05 -0.000825749 0.00122757 -0.00144149 0.00219691 -0.00156856 0.000462161 0.00183979 -0.000191501 -0.00184293 -0.00278603 -0.000240765 -0.000623949 -0.00301651 0.000511515 -0.00173092 -0.00134463 0.000149014 -0.00182594 -0.00305964 0.00242052 0.0040496
0.00283193 0.00902693 -0.000826115 -0.00118655 -0.00612688 0.00116877 0.00093951 -0.00142514 -0.00307685 -0.000888622 -0.00766444 -0.00718882 -0.00333984 -0.000228041 -0.00169695 -0.00240455 0.00135837 0.0107972 -0.0159161 0.0166971 0.00506498 0.0132748 0.0240898 -0.00973391 0.0370835 -0.040313 -0.000712546 -0.00448084 0.0208589 -0.0305804 0.0183647 0.0074019 -0.0136541 0.0212571 -0.00259573 0.0131112 -0.0067147 -0.00660716 0.00512782 -0.00868437 0.00321317 -0.00185084 -0.0050303 0.00292903 -0.00456197 0.00883406 0.000894946 -0.00216505 0.0055797 0.00420332 -0.000274694 0.00168646 0.00576015 0.000161425 0.000334825 0.00590077 0.000218224 0.000199614 0.00507922 -0.00102934 -0.0023068 -0.0113426 -0.00343617 0.00271988 -0.00661225 0.00292505 0.0102963 -0.00178903 0.00452344 0.00421173 -0.0130771 0.0024481 -0.00822918 -0.00880979 -0.0026435 0.00394244 0.00243393 0.00574253 0.00242086 0.00180619 0.00164473 -0.00507592 0.00502916 -0.00178745 0.00732494 0.00256865 -0.000499999 0.00209703 0.00128123 0.00145981 0.00323155 0.0041684 -0.00829634 -0.00273418 0.00110315 0.00487397 0.0064747 0.00599489 -0.00226254 0.00289744 -0.0147841 -0.00842663 0.00236669 0.00140585 0.00362493 -0.00294598 0.00870889 0.000560277 0.0071661 -0.0120709 0.00711101 0.00694119 -0.0033837 -0.00822876 0.00523469 0.00410765 0.00543893 -0.00585132 -0.00286502 -0.000304637 0.01657 -0.0141969 0.00165135 0.00192723 0.002384 -0.000977301 0.00616192 -0.00104958 -0.00336409 0.0032921 0.0151039 0.00183715 0.00106449 0.000772216 -0.00248683 0.00637983 0.00205608 0.00381358 0.00434514 -0.00365041 -0.00304132 0.00217734 0.00472684 0.000327066 0.00109853 -0.0063044 -0.00151562 -0.00369251 -0.00224662 -0.000802677 -0.00461315 0.00225466 -0.00272325 -0.00396357 -0.00481575 0.00531261 -0.00602944 -0.000367435 0.000229705 -0.000824459 0.00191519 -0.00854088 -0.00318261 0.0043113 -0.00182694 0.00484082 0.00750794 -0.00194625 0.0185529 0.00689638 -0.00574502 -0.00533105 -0.00347344 -0.0023275 0.000634733 -0.0101923 -0.00409091 0.00280757 -0.00875558 -0.00290625 -0.013259 -0.000598146 -0.0117396 0.0058258 -0.00399219 2.64034e-05 0.00245856 -0.00188075 0.0093365 0.0230028 -0.0136383 0.000827337 -0.00446852 0.0213539 0.0213974 0.00978595 -0.206527 0.945731 -0.172382 -0.039678 -0.0516729 0.0283313 0.0203581 0.0323525 0.00282431 0.00983713 0.0129379 -0.0208972 0.00442408 -0.00791031 0.00550792 -0.00900776 -0.00776352 0.00370262 0.000217307 -0.00645082 0.00234876 0.00207916 -1.46547e-05 0.000286498 0.00208272 0.00171215 0.00147814 3.76781e-05 -0.000776602 0.0046616 0.00103754 -0.000678394 -6.6938e-05 0.00575771 -0.000822587 -0.00282334 0.00502279 0.00631812 0.00133421 1.29407e-05 0.000525157 -0.00309272 -4.06834e-05 -0.00179237 0.00226105 -0.000281118 -0.00185602 -0.00142808 -0.000577761 -0.00396084 -0.00374857 1.78031e-05 -0.00258972 0.000514347 0.00172502 7.80467e-05 -0.00163921 -0.00025571 -0.000678945 0.000886237 -0.00086938 0.000596408 0.00139129 -0.00115782 -0.00141196 -0.00225162 -0.00371396 0.00305185 8.20116e-05 0.00122145 -0.000205082 0.00382049 0.00136095 0.00360689 -0.000573305 4.12736e-05 0.00178296 -0.000594045 0.00383589 -0.00195278 0.000755158 0.00117172 -0.00238026 -0.000474615 0.00578058 0.00106663 -0.0046873 -0.00353325 -9.21895e-05 -0.000451093 -0.00337004 0.000757264 -0.00105928 0.00147707 -0.000625453 0.00408121
0.0015416 0.00492082 0.00132079 0.000241157 0.000145854 0.00300422 0.00140711 -0.0019044 0.00266394 0.00156196 -0.0029928 0.00641205 -0.000726615 -0.00101084 -0.00130942 0.00354238 -0.00399404 -0.00299603 0.017393 -0.00586732 0.00676574 -0.00133778 0.0132046 0.0187341 0.00675942 0.00695336 0.0162003 -0.015483 0.0140397 0.00307817 -0.0215167 0.000268041 0.00438145 -0.00814078 -0.00628593 -0.00231568 0.000259105 7.98782e-05 -0.000769958 0.00169664 0.0038894 0.00371118 0.00225113 -0.00921757 -0.00395039 0.00093613 -0.00419599 -0.00267373 -0.00280893 -0.00455366 -0.00117665 0.00493539 -0.0038678 -0.0011013 0.000582203 -0.00295833 -0.00210407 0.0032662 -0.00390294 -0.00426046 -0.00389363 -0.00370299 0.00454936 0.00657765 -0.0030156 0.005066 -0.00165335 -0.000559926 -0.0133654 0.00244073 0.00743831 -0.0101995 0.00163828 0.00578182 -0.00117849 -0.00733725 0.0102575 -0.00604738 -0.0100486 0.00519685 0.00504497 0.000524309 -0.00773397 0.00256543 0.00283525 -0.00316889 -0.00241663 0.0016227 0.00405573 0.0044226 0.00523681 -0.00653221 -0.00455965 -0.00203846 0.00282635 -0.00632159 -0.00683016 -0.00277884 0.0024202 0.000887578 -0.00454402 0.00958928 0.000642846 -0.00880607 0.00232594 0.00773887 -0.00693823 0.00198135 -0.000245874 0.00806559 -0.00570722 0.000423099 -0.00324834 0.00113519 -0.00389848 0.000733476 0.00279793 0.000507314 -0.00495532 -0.00139716 -0.00532169 0.0109516 0.000430016 -0.00317992 -0.00115729 -0.00410489 0.00226891 -0.00349004 0.0103984 -0.00333133 -0.00611574 0.00177766 -0.00294574 -0.000369101 -0.000412702 0.00284037 0.00543098 -0.00373748 -0.00180126 0.00361394 0.00371075 -0.00716869 0.00123161 0.000615743 -0.0034106 0.00472719 -0.0018679 -0.0016121 -0.00181269 -0.0111794 0.000498031 0.00246433 -0.000958171 -0.000787376 -0.00542865 -0.00261974 0.00568888 -0.00269565 0.00253693 -0.00159818 0.0063103 0.00453106 -0.0081105 -0.00130292 0.00141693 -0.00116126 -0.00103107 -0.00358891 -0.00134798 -0.00764394 0.00308781 0.00177941 4.42453e-05 -0.00264813 -0.00315435 0.00481627 -0.00111994 -0.00127094 -0.000890437 -0.00344599 -0.0117192 -0.000430351 -0.00893994 6.34017e-06 -0.000950851 0.00844088 -0.000696395 -0.0131168 -0.000936296 -0.00831168 -0.00393186 -0.00634133 0.00350245 -0.0035626 0.0243589 0.0174079 -0.185388 0.131491 0.962031 -0.0829962 -0.00449369 0.0500454 0.0185858 -0.00341072 0.00400729 0.0100114 0.00476704 -0.00735871 -0.000273413 -0.00054796 0.0104988 -0.00358519 0.00182186 -0.00209467 0.00206509 0.00403131 -0.00224929 -0.00622808 -0.0040708 -0.000675084 -0.00129735 0.000128778 -0.000897901 -0.000187492 0.000137267 -0.00441021 -0.00197071 0.00255914 -0.000757904 0.000366008 6.47077e-05 0.00189535 0.000225936 -0.00258076 -0.000748799 0.000339496 -0.00103968 0.00344947 0.0020589 0.000667918 0.000953143 0.00223728 0.00127382 0.00215825 -0.00103985 -0.00229414 -2.35524e-05 0.000454394 -0.00039544 -0.0025434 -0.000671192 0.000109392 -0.00133565 0.000312081 -0.00114597 -0.000679389 0.000566982 0.000382644 0.00108328 0.000892486 8.60736e-05 0.00159145 -0.000200289 1.3555e-05 -0.00254353 9.49214e-05 -0.00158845 -0.000773899 -0.00122082 -0.00105395 0.00127619 -0.000827124 -0.00189406 0.0010467 -0.000238735 -0.00026952 0.000132572 -0.000793522 0.000836926 0.00271744 -0.00174298 0.00123646 -0.000355099 0.0016411 -0.000533055 -0.000157699 0.000851608 -9.19491e-05 -0.00151755 -0.00470203 -0.00140999 -0.00100405
0.000409639 0.00299654 -7.54619e-05 -0.000606212 -0.00301392 0.000223707 0.000900106 0.000118751 -0.0010269 6.44829e-05 -0.00256228 0.000200172 -0.000195615 0.000411718 0.000777716 -6.13656e-05 -0.000614446 0.00152496 -0.000522809 0.00200316 0.00460495 0.00291895 0.00717443 0.00483218 0.00997881 -0.00220674 0.00534665 0.00167532 0.0158801 -0.00509175 0.00750787 0.00203523 -0.0137693 0.0127271 -0.000399871 -0.00438013 -0.000944887 0.00230528 0.00171618 -0.00085953 -0.00150928 -0.000286516 0.000336235 -0.00134531 -0.000833848 0.00387636 0.005168 0.00144384 0.00307759 -0.000856338 -0.000905334 0.00138982 0.00206516 -0.00263762 -0.00149216 0.000814082 -0.00192482 -0.000366077 0.000966473 -0.000300484 0.000395266 -0.00120638 0.000252147 0.00233694 -0.00368285 4.03276e-05 -2.3257e-05 -0.00187154 -0.00763991 0.000420289 0.00125047 -0.00180848 -0.0046355 0.00443287 5.16962e-05 0.00952894 -0.00453288 -0.00334943 0.0112156 0.0089302 0.00265668 0.00158409 0.00878199 0.00462403 -0.00966396 -0.00517076 -0.00021638 -0.00388835 0.0023427 0.00266466 -0.000730927 0.00378837 -0.000405247 -0.000608668 -0.00180585 -0.00255371 0.00430206 -0.0012237 0.00239471 0.000578824 -0.00497196 -0.00641317 -0.00212008 -7.11484e-05 0.00345849 -8.13806e-05 -0.00309348 -0.00130538 -0.00121448 -0.00339559 0.00685624 0.00626774 -0.00105669 -0.00743911 0.000132001 -0.000726478 0.00835517 0.000191754 0.000227251 0.00217889 0.00219796 -0.000812634 -0.00295432 -0.000440009 0.00450183 -0.00143863 0.00433302 0.00190471 -0.00141003 0.00130087 -0.00019094 0.00142233 -0.00480037 0.00448772 -0.00207359 -0.00111416 0.00105684 -0.00243121 0.00353845 -0.00152485 -0.004824 -0.000242315 0.00354597 0.00214802 0.00121063 0.000173454 0.00346547 -0.00440515 -0.00099971 -0.000408834 -0.00028309 4.2877e-08 0.000277013 0.00356655 -0.000523585 -0.00134541 -0.00128911 -0.000899345 -0.00125089 0.00300907 0.00013457 -0.00362662 -0.00123611 0.000245265 -0.00147092 0.000915815 -0.00172802 -0.000894014 0.00285086 0.000653624 -0.000196694 0.000569242 -0.00374764 -0.00302802 -0.00118506 -0.0004137 -0.00163651 0.00175864 -0.000519081 -0.00398366 -0.00189741 0.00339239 -0.0137036 0.00146444 -0.00501491 -0.000799606 0.00549279 0.00630002 0.00565987 0.00363006 -0.0122037 0.000395671 0.00155209 0.00361738 0.0161258 0.0139932 -0.0179434 0.0410355 0.075463 0.989827 -0.077085 -0.0106601 0.00354772 0.000165156 -0.00129863 -0.0111076 -0.0054634 -0.00670862 0.00398398 -0.0105474 0.00670221 0.000508821 -0.00915207 -0.00261032 0.00183686 -0.00486962 0.00175376 -0.00175079 -0.000343582 0.000224182 -0.00131169 0.00231358 0.00399449 0.000691368 0.000894623 6.6904e-05 -0.000207987 0.000864452 -0.00033019 0.0034478 0.00136033 0.000617067 0.00119028 0.00167734 -0.000539051 0.00256213 -0.000821922 -0.001903 0.00219048 -0.00197483 -0.000417716 -0.000845203 0.000309311 -0.000358053 0.00206299 -0.00234481 -0.00118583 0.000692817 -0.00161072 0.000764419 -0.00219676 0.000663583 0.00117936 0.000634331 0.0014307 0.00241734 0.00102021 -0.00100865 0.000127336 -0.000582914 -0.00132962 -0.000890713 -0.00305456 0.0034022 -0.000417938 0.00015451 -0.0012409 0.00233711 0.000733564 0.00236907 0.000780181 0.00150032 0.00207736 -0.000764459 0.00162486 -0.00122516 0.000236233 0.00111719 -0.00133636 -0.000309392 0.00355168 0.000178513 -0.00274819 -0.000916391 -0.00113731 -0.000958473 0.000162054 0.00142219 -0.000735262 0.00435164 -0.00196472 0.00183647
-0.000605485 0.00323241 -0.0017649 -8.09184e-05 0.00207333 0.00231735 0.0010105 -0.00130542 -0.00299881 0.00131783 -0.00158874 -0.00678705 -0.00167633 0.000827525 0.0176044 -0.00827845 -0.00179169 0.000900494 -0.00757573 0.0060299 -0.0174519 0.0057287 -0.0278577 0.0411521 -0.0102581 -0.0153921 0.0130224 0.0171011 0.0380333 -0.0193899 0.0433276 0.0190548 -0.0110708 0.0218419 -0.00310973 -0.00845195 -0.0122159 0.00531978 -0.000893606 -0.0103901 0.00496246 -0.00442854 0.000871449 0.00151499 -0.00346281 -0.00531634 0.0112728 -0.000230704 0.00562983 0.00432364 0.00436159 -0.000260005 0.0025629 0.000816415 0.00148717 0.00713363 0.000799293 0.00392762 0.0027223 0.00109232 0.000254588 -0.00361571 -0.000207178 -8.0027e-06 -0.00167967 0.000500923 0.00208013 -0.00224765 -0.00221969 -0.0080163 0.00547539 0.00189871 0.00845303 -0.010864 0.0164103 0.0051901 0.00124316 0.00314636 -0.00088845 0.000589776 0.00377906 0.0222605 -0.00200694 0.0116836 -0.0140867 -0.00994494 0.00188492 -0.0183246 -0.00123646 -0.0197706 0.00131932 -0.0120168 0.0021789 0.00732518 -0.00145471 0.000258419 0.000731603 -0.00258111 -0.00526315 0.00161598 0.0041821 0.0069654 0.00662843 0.0100143 0.00618941 0.00169139 -0.00558764 0.00318593 -0.0106655 -0.0107734 0.0124088 0.010072 0.00081099 -0.0234181 -0.000844163 0.00321154 0.0112272 -0.000821403 0.0013241 0.00956668 0.00697778 -0.00438356 -0.000877525 -0.0041535 0.00475351 -0.00276542 0.00334877 0.0118664 -0.00488405 -4.00217e-05 0.00967933 -0.00074251 -0.000978964 0.00316503 0.000374731 -0.00258906 0.00278789 -0.00145365 0.00454632 -0.000779064 -0.00875428 -0.00457542 0.00514734 -0.00180829 0.00215016 -0.000461414 0.000610986 -0.000724251 -0.00609337 -0.000946936 -0.00114775 -0.000908176 -0.00176101 0.00220859 -0.0021142 -0.00559243 0.00165392 -0.00302705 0.00445901 -0.00272883 6.78245e-05 -0.00417079 -0.00214204 -0.00348984 -0.00291702 0.00265174 -0.0035637 0.00433222 -0.00232855 0.00130238 -0.00304626 0.00661744 -0.00296528 0.00421884 -0.00229492 -0.00093721 0.00847526 -0.00730074 -0.00381296 0.00141702 -0.0040844 0.0111338 -0.00369842 -0.00544972 -0.0040909 -0.000683428 0.00340781 0.0105801 0.00119892 0.00672444 -0.0114125 0.0215696 -0.00317216 0.0178665 0.00465793 -0.0217112 -0.00339096 0.0470142 0.00438753 0.0692876 0.979008 0.0304775 0.0191114 0.0427156 0.0205475 0.00237484 0.0165405 -0.00795648 0.007499 -0.00448418 0.0111604 0.00420167 -0.0068342 -0.0035359 -0.00173002 0.0012247 0.00100045 -0.00835482 -0.00364091 -0.00183221 0.000472132 0.0010795 0.00323596 0.00388541 -0.00147823 0.00176322 0.00101614 -0.00138545 0.00194435 0.00380088 0.00116908 0.00133156 -0.000841615 -8.81951e-05 0.00255729 0.00262762 0.000575459 -0.000623401 -0.00190074 -0.000849869 0.00354565 -0.0066132 -0.00119122 -0.000588124 -0.00187193 -0.00356103 -0.00194629 0.00114843 -0.00324053 0.00102955 -0.000312948 -0.000952191 -0.00255506 -0.000175196 0.000881449 0.00390543 -0.000524185 0.00258624 0.000929536 -0.0012678 -0.000549928 -0.00503621 -0.00404958 0.00282729 -0.00231015 -0.00156566 -0.00122632 0.00110762 0.00190392 -0.000400405 0.00046409 0.000513637 -0.000160532 0.000882507 0.00250309 -0.00182383 0.00364577 0.000888982 -0.00264803 0.000128064 0.00741007 -0.000333102 -0.00148481 0.00268159 -0.00190455 0.00283925 -0.00100645 -0.00180071 0.000370814 -0.000314098 -0.00141698 0.00291944
0.00203735 0.00383621 -0.00141956 0.00209503 0.00542936 -0.00251684 -0.00214598 -0.00170322 -0.000679149 -0.000493767 -0.0066846 -0.000649183 -0.00273132 -0.00406732 0.00819899 -0.00298463 0.00106287 -0.00599292 0.000363254 -0.0117306 -0.0287225 -0.00697675 -0.0177788 0.0451007 -0.00472758 -0.00520788 0.00809586 0.00608661 -0.00364989 -0.0147916 -0.0111008 0.00239404 -0.000992192 -0.00779017 -0.0119274 -0.00428876 -0.00197676 0.00229613 0.00635053 -0.00280814 0.00484574 1.58683e-05 0.00184769 -3.22796e-05 -0.00125724 0.00595851 0.00276215 0.00285937 0.0038099 0.000235347 -0.00769449 -0.00563297 0.00306729 0.00475737 -0.000526692 0.00540978 0.00042711 -0.00262032 -0.00198323 -0.000582383 0.00149086 -0.000376615 -0.000699944 -0.000506681 -0.00126185 -0.00413601 0.00333075 0.000955045 0.0140544 -0.00418739 -0.00459673 0.0117954 0.00637037 0.000451054 0.00904626 0.00706152 -0.00136271 0.00257977 0.000360018 -0.0015045 -0.00560785 0.014719 -0.00761752 -0.000676228 -0.00954812 -0.00357808 -0.00472759 -0.00348395 -0.00259465 -0.0143379 -0.00442135 -0.00621263 0.00715927 0.0063405 -0.00400158 0.00618971 0.00608492 0.00242397 -0.00111889 0.00806054 -0.00770749 0.00714856 0.0099603 0.0145535 0.00123527 0.00226322 -0.00783004 -0.000774816 -0.0145263 0.00449559 0.00148627 -0.00332457 0.00186758 -0.00321153 0.00809216 -0.0020192 -0.00853147 -0.00127555 0.000587495 -0.00339961 -0.00806472 -0.00584986 -0.00591976 0.000226829 0.00333779 0.0063834 0.00138095 0.00096865 -0.00158941 0.00274537 0.000386359 -0.0011951 0.00389944 0.000351089 0.00600444 -0.00146247 0.000947839 0.00379426 -0.00204711 0.00504918 0.0025459 0.001182 -0.000675266 -0.00310596 0.00103565 8.28454e-06 -0.00138631 0.00453055 0.000327821 0.00402197 0.00150736 0.00018734 0.000599422 -0.00217658 -0.00218232 0.00472903 0.00402351 0.00202385 -0.00163677 0.00191246 -0.00303666 0.00121098 0.00357414 -0.00167756 0.00548183 0.00181906 -0.00251292 0.00670747 -0.00846262 0.000773551 0.00342582 0.00544538 -0.00210226 0.00169483 -0.00028724 0.000522695 0.00099011 0.0012168 0.00452215 -0.00858255 -8.14743e-05 0.00242131 0.0160263 0.00188847 -0.00823578 -0.00496191 0.00239962 0.013747 -0.000478645 0.00956329 -1.41319e-06 0.00896321 -0.0123077 0.0193549 -0.0069015 -0.0184409 0.0300719 -0.0301527 -0.0396671 0.013132 -0.04208 0.986555 0.0538814 0.0120288 0.0156668 -0.013227 0.00300303 0.00512898 -0.00700307 -0.00148814 -0.0105674 0.00160121 0.000406569 -0.00221276 -0.00146026 -0.00836059 -0.0037975 -0.00230653 0.00366581 0.0042408 0.00334695 -0.000521616 -0.00209578 -0.000615389 0.000968573 0.000523279 0.0022631 0.00161212 -0.00298202 -0.0053164 5.41215e-05 -0.00100066 -0.00309618 0.00176451 -0.00137194 -0.000448879 0.00105445 -0.000224685 0.00217192 9.72902e-05 0.000497778 0.000556089 -0.00198243 0.00095155 -0.00233766 0.00122926 -5.89255e-05 -0.00102081 -0.00109243 -0.0009911 -5.28689e-05 0.00257085 -0.000413321 0.000274839 0.00079282 -7.55043e-05 -0.00050737 -0.00218841 0.00130641 0.000384616 0.000254282 -0.00131291 -0.000168046 0.000337044 0.000436142 -0.0013153 0.000626637 -0.00301108 -0.000666603 -0.00339447 -0.000194491 -0.00161885 -0.00261164 0.00123531 -0.000394873 -0.000186608 -0.000450945 -0.00185292 0.00120274 0.00181114 -0.000305343 0.000652252 0.00114606 0.00438375 -0.0001009 0.00144426 8.34533e-05 -0.00144794 0.000841943 -0.000300766 0.000397561 -0.00225749
0.00104518 0.00181335 -0.00196836 -0.00118978 0.00334502 -0.0002428 0.00201366 -0.001885 0.0023628 -0.000939519 -0.00257162 0.00422442 -0.00181816 -0.00276168 0.00453906 0.000818944 -0.00107216 -0.00510497 0.00985854 -0.0150695 -0.00736688 -0.00914253 -0.0109052 0.027857 -0.00510115 0.00452916 0.0138394 -0.00700581 0.0064215 0.00651831 -0.0100442 -0.00742351 0.000619763 -0.00764055 -0.00686776 -0.00583412 -0.00379664 -0.00105004 -0.00197735 -0.00525821 -0.00323344 1.50821e-05 5.01716e-06 -0.00539743 0.000396454 0.00347353 -0.00214459 -0.00197761 0.0030427 -0.00230839 -0.00503263 -0.000191627 -0.00108915 0.00308161 0.00243208 0.000840489 0.000191325 -0.000354029 -0.00447358 -0.00375721 0.000222696 0.00107595 -0.000992441 0.000503095 -0.00163895 -0.00153682 0.000425997 -0.00214078 0.00174359 -0.00177279 0.00374053 0.00226596 -0.00140432 0.00894902 0.00722459 0.000841773 0.00790646 0.00209625 -0.00919375 -0.00029148 -0.00435084 0.00711381 -0.00732428 0.00178274 -0.00275206 -0.00197923 -0.00700619 -0.00139206 -0.00207586 -0.0078455 -0.00354009 -0.00296075 0.000237017 0.00241336 0.000641186 0.00335143 0.00347069 -0.000222568 0.00114308 0.00354436 -0.00468591 0.00672264 0.00517804 0.000954652 0.00152502 0.00435523 -0.00897697 -0.00171266 -0.00822721 0.00917333 -0.000865222 -0.000529852 -0.0038156 -0.00109726 0.00305989 -0.00500439 -0.00708851 0.00201533 -0.000371793 -0.000322818 -0.00659513 0.000402855 -0.00677631 -0.00156151 0.00384157 0.00270813 -0.000521957 -0.00202577 0.00287012 0.000694317 -3.25177e-05 0.00146843 -0.00266625 -0.000935123 0.0052681 -0.000459139 0.00455519 -0.00135036 0.000638997 0.00416088 0.00219247 -0.00321735 -0.00161283 -0.00119092 -0.00171223 0.000399019 -0.00113919 -0.00193368 0.00361568 -0.00209077 0.00325667 0.00303083 0.00301457 -0.00070499 -0.000850697 -0.000145941 0.00230799 0.00268579 0.00141428 0.00240776 0.001444 0.00317607 0.000683491 -0.00175141 0.00280224 -0.00112159 -0.000995162 0.00169216 -0.00888741 -0.00419209 0.00421886 0.00352011 -0.00220941 -0.000168661 0.00153011 0.00039127 -0.00165675 0.00217573 -0.000683626 -0.0044053 0.000206362 -0.0032999 0.00869501 0.00173377 -0.00786887 8.19011e-05 -0.000691356 0.00703729 0.00176415 0.00315757 -0.000968577 0.0037551 0.0035254 0.00417072 -0.00243072 0.00409774 -0.00304167 -0.0171432 -0.01912 -0.00265543 -0.0172137 -0.0634045 0.991646 -0.0536033 0.0185691 0.00728234 0.00181081 -0.00258555 -0.00901279 0.00254799 0.00433271 0.00217561 -0.000221901 -0.00192246 0.00184226 0.000439976 -0.00145416 -0.00117653 -0.000723876 -0.000124079 0.000937622 -0.00137241 -0.00201175 -0.00103818 0.00542368 -0.00437964 -0.00105976 0.00389501 0.00202192 -0.00282491 0.00209437 -0.00359968 -0.00188979 0.001403 -0.0019064 0.000986343 -0.00111368 0.000857098 0.00133617 0.00327556 -0.000823474 0.00206456 -0.00220052 -0.000700055 -0.000842413 0.000638841 0.000386632 -0.000935765 -0.00112926 -0.00109247 -0.000515416 -0.00117369 0.00230797 -0.00268474 0.000258706 0.00102176 -0.000379486 -0.000140834 0.00147623 -0.000588855 -0.00135724 -0.00122886 0.000407299 -0.00156314 -0.00082927 -0.000257453 -0.00052107 -0.000584433 -0.000495175 -0.0020374 -9.94366e-05 -0.00170224 -0.000256691 -0.000497443 -0.00109309 0.000474168 -0.00147752 -0.00245527 -0.00104122 0.00138254 -1.50437e-05 -0.000871117 0.0010843 0.00163717 0.000201561 -9.81112e-05 -0.00247829 -0.000629468 0.00218526 -0.000144112 0.000874012 -0.0019697
-0.000268227 -0.000820182 -0.000754429 0.00181625 0.0113601 -0.000480343 0.000470277 0.000275766 0.000612621 0.000270926 0.000642169 0.0198647 0.000865039 -2.46035e-05 -0.0189611 0.00898099 0.00387691 -0.0200505 0.0277156 -0.0241856 -0.00629243 -0.0112718 -0.0127553 0.0385281 -0.00497113 0.0486877 -0.00241168 -0.0314267 -0.0545035 0.0385371 -0.101119 -0.0547563 0.0562942 -0.0620952 -0.00427361 -0.0198386 0.0105419 -0.00342459 -0.0121113 0.0162317 -0.00763418 -0.00241845 0.0069679 -0.00670884 -0.00144614 0.00235694 -0.0160077 0.0149003 -0.0114089 -0.013403 -0.00509584 -0.00647403 -0.00295714 -0.00596657 -0.00511913 0.00732873 0.00101766 -0.00633995 -0.00512855 0.00376821 0.00331776 0.00956084 0.00956489 0.00906547 0.00618726 0.00405792 -0.00573877 0.00138757 0.00595087 0.0122274 -0.000950609 0.00559925 -0.0137811 -0.00296571 -0.0232415 -0.00461014 -0.00834126 -0.0111704 0.00822544 0.0167606 -0.00208159 -0.0236345 0.0112995 -0.0106612 0.00641162 0.00646286 0.00336438 0.0167972 0.0141989 0.0147662 -0.0148444 -0.00475873 0.00470218 0.0164208 0.00244374 -0.00531196 -0.00246373 -0.0273262 -0.000365049 -0.00101741 -0.00273296 0.015415 -0.0144362 0.00243342 -0.0164729 0.0037565 -0.0116816 -0.00274332 -0.0128676 0.025393 -0.015384 -0.0179433 4.38317e-05 0.0344637 0.00991114 -0.0115485 -0.0153004 0.00158702 0.00199559 -0.0182629 -0.0395098 0.01637 -0.00183259 0.00395383 -0.0195603 -0.00298592 -0.0200652 -0.021073 0.016698 -8.36241e-05 -0.0234906 0.0123143 -0.00141929 0.00113384 0.00802664 -0.00181006 -0.00468085 -0.000744193 -0.0126879 0.00289636 0.0201829 -0.0062187 -0.00605113 0.00469799 -0.00990256 0.00810692 -0.00657288 0.00309378 0.00625158 0.00745132 0.000410428 -0.000604275 0.00115815 0.00518653 0.0034393 -0.000493151 0.00573634 -0.00498558 0.00333099 0.0123018 0.00376866 0.00892507 -0.00211462 -0.0025995 0.00148623 -0.0079921 0.00495454 0.00921191 -0.00923423 -0.0115433 0.00793153 0.00751391 0.00366454 -0.00695591 0.00105014 0.00381574 0.0093435 -0.00747389 0.0067524 -0.000146924 -0.00923519 -0.0254386 0.0131924 -0.00103266 -0.00953043 -0.0133486 0.00648304 0.0110501 -0.0156908 0.00939983 0.0166162 -0.00839558 -0.00585335 -0.0254195 -0.00478272 -0.00706787 0.000528368 -0.00279301 -0.00592348 0.00879393 -0.0101446 -0.0205112 0.0408042 0.947735 -0.0509429 -0.000687399 -0.0122751 0.00428569 -0.00799563 0.00454107 -0.0338398 -0.0171719 -0.00467315 -0.0141209 -0.0120491 0.0110512 -0.00762561 0.0095637 0.00394608 0.00461638 -0.00754065 -0.001144 -0.00250572 -0.00398384 -0.00849656 -0.000621581 0.00462158 -0.00484243 -0.00253398 -0.012453 -0.000491682 0.00386115 -0.00633263 -0.00118844 -0.00105958 -0.0100139 -0.00303358 0.000118595 0.00318533 0.00270651 -0.00279898 0.00660648 0.00214398 0.00684788 -0.00142934 0.0125072 0.00891947 -0.00570909 0.00349851 -0.00480299 0.00253902 0.00453422 0.00572503 0.00266889 -0.000310224 -0.00296753 0.00327169 -0.00573677 0.000408448 -0.00172638 0.00124665 0.00836857 0.0098944 -0.00738476 0.001884 0.0003015 -0.00144359 -0.00887741 -0.0106846 -0.0111796 -0.000454386 -0.00223142 -0.00994349 0.00171374 -0.010397 0.00539217 -0.0062431 -0.00736809 0.0115355 0.00668119 -0.0128322 0.00079393 0.0124146 0.00795563 0.00227968 0.00187036 0.00143653 -0.00574267 0.000256201 -0.000365412 0.00231085 -0.0125361
0.00113791 0.00101798 0.00113159 0.00131302 0.00209559 0.00119023 -0.000598669 -0.000626397 0.000520408 1.75279e-05 -0.0018083 0.0120337 -0.00165765 0.0015776 -0.00891698 0.0056561 0.00138328 -0.00934357 0.0185553 -0.0118004 0.0045124 -0.00613203 0.00863873 0.0269305 0.00898743 0.0297354 -0.000352077 -0.0192978 -0.0219871 0.0202317 -0.0468712 -0.0217047 0.0154269 -0.0240617 -0.00479099 -0.000755443 0.00356468 0.0030275 -0.00218311 0.0152043 -0.00144815 -0.00356101 0.00478381 -0.00787836 -0.00511954 0.00105658 -0.00621256 0.0043587 -0.00791805 -0.00944181 -0.00022505 -5.43282e-05 -0.00422045 -0.00694665 -0.00448071 -0.0016474 -0.00201331 -0.00337294 -0.00354517 0.00117705 0.00226983 0.00374424 0.00760586 0.00823335 -0.00200685 0.00295462 -0.00560348 -0.00204566 -0.00191162 0.00331416 0.00698551 0.00112257 -0.0070152 0.0073699 -0.00632002 0.00162295 -0.00653461 -0.0120689 0.00183041 0.00542982 -0.00294329 -0.00365154 0.000485891 -0.00345976 0.008434 0.00348153 0.00179155 0.00291579 0.00801276 0.00558972 -0.00803285 -0.00396793 0.00190594 0.00551407 0.00273558 -0.00715493 -0.00235237 -0.0132094 0.00241876 -0.000581531 -0.00412293 0.00642418 -0.0100417 -0.00230329 -0.00636849 0.00691508 -0.00916045 0.00157038 -0.00551931 0.0142566 -0.00635756 -0.00609179 -0.00339376 0.0144872 0.00435142 -0.00654334 -0.00897713 0.00565466 -0.00295111 -0.00936223 -0.0169657 0.0113072 0.00263968 -0.000120046 -0.00566594 0.00134173 -0.0046434 -0.0095219 0.00796914 0.00229643 -0.0119837 0.00488733 -0.000764535 -0.000334456 0.00102055 0.00155778 -0.000890032 -0.00127784 -0.00526181 0.0037646 0.0084003 -0.00427893 -0.00201081 0.00107375 -0.00448862 0.00259805 -0.00343846 0.000168143 0.00182207 0.00156389 -0.00287859 -0.00193279 0.00338719 0.00145958 0.00101297 -0.000867083 0.00238276 -0.00343751 0.000891746 0.00625995 0.00632295 0.00304523 -0.00448308 -0.00209362 0.00118418 -0.00863071 0.00152639 0.00138696 -0.00422679 -0.00414687 9.28664e-05 0.00439444 0.000587375 0.000210316 -0.00128336 0.00290204 0.00902589 -0.00577499 0.0058062 -0.000956748 -0.0045964 -0.0104258 0.00323718 0.00304756 -0.00661439 -0.000693674 0.00442275 0.00487673 -0.00695523 0.00892922 0.00822641 -0.00555323 0.00122471 -0.00680622 -0.0118065 0.0171491 0.00799664 0.00997162 -0.0116192 0.00438806 -0.00625406 -0.016158 -0.0250109 0.00865427 0.985882 0.0418963 -0.00633042 -0.00374777 -0.0040108 0.0144041 0.00680355 -0.0184545 -0.0102748 -0.00778244 -0.000203314 0.00212093 -0.00072742 0.00564941 -0.00802863 -0.00633567 -0.00737551 -0.00168094 -0.00435058 -0.00262547 0.00187125 -0.00632428 -0.00441503 0.00306987 -0.00154619 -0.00636485 0.00649315 0.00138354 -0.00712537 -0.000190528 0.000761894 -0.00108132 -0.00504598 0.000692634 0.000915324 -0.00250552 -0.00483988 0.00463136 0.00239473 0.00554301 0.000861089 0.00442771 0.00207995 -0.00235995 0.00445916 0.000112111 7.16133e-05 -0.000158782 0.00142875 0.00192106 0.000774442 -0.00466937 -0.00280125 -0.001023 -0.000455853 0.000611045 0.00207191 -0.000584495 0.00204551 -0.00469966 -0.00110695 -0.000110657 0.000399546 -0.000994077 -0.00382862 0.000329492 -0.000814356 -0.00111703 -0.00361901 0.000727581 -0.00350936 0.00299071 -0.00295288 -0.00238902 0.00203503 0.0016765 -0.00668503 1.82502e-05 0.0011981 0.000510263 0.00127752 -0.000806341 0.00165848 -0.00241204 -0.000817902 -0.00248352 0.00118058 -0.00731103
-0.000137538 0.00051395 0.000132417 0.000813617 -0.00172436 -0.00018758 -0.000348004 -0.00050714 -0.00101524 0.000733858 -5.18016e-07 0.00302452 0.000177599 -0.00104404 -0.00615775 0.00230076 -0.00106262 -0.00323542 -0.00200965 -0.00133715 0.00779827 0.00376303 0.0144313 -0.00579575 0.00367018 0.00406843 -0.00311234 -0.00430963 -0.00394549 0.000282637 -0.0102126 -3.68238e-05 0.00646422 -0.00236975 0.000852961 3.51216e-06 0.00261015 -0.00129418 -0.00223404 0.00301063 0.000201413 -0.00440144 0.00105892 0.000551709 0.00262137 0.00187551 -0.00187334 -0.000717004 -0.00145696 -0.00103018 -0.00249806 0.0011266 -0.00152143 -0.000540595 -0.00238466 0.000245936 -0.00181126 -0.00189945 -0.000590995 0.000193883 0.0022584 0.0028593 0.000992233 0.00216731 0.000104798 0.000673932 -0.00155252 0.00181384 -0.00150791 0.00497515 0.000711001 0.00140736 0.00180284 0.00184141 -0.00686462 -0.0015781 -0.000133625 -0.00480389 0.00183028 0.00458411 0.00097305 -0.00510879 -0.000370167 -0.00157859 0.000222988 0.00132961 0.00040311 0.00247474 0.00371284 0.0052571 0.00120032 0.00179781 -0.00302702 -0.00160837 -0.00108485 -0.00394621 0.00078641 0.00152288 -0.000132598 0.00107267 -0.000998691 -0.000566921 -0.00283557 -0.00464542 -0.00119145 -0.0024651 0.000566796 0.000690376 0.00166341 0.00274501 -0.00322058 -0.000532456 0.00162615 0.00242673 -0.00233812 -0.00200267 0.00211896 -0.000386622 -0.00252637 -0.00524111 -0.00135265 0.00062635 -0.000824715 0.00170961 -0.000601522 -0.00131622 0.000538367 -0.00304607 -0.000295808 -0.000831857 -0.00430173 4.51952e-05 0.00179804 -0.000150018 -0.000877747 -0.000268048 -0.000929547 -0.000169452 0.000305194 0.00150361 0.000884413 0.00099584 0.000852465 0.00127396 -0.00182535 0.000728685 0.00218943 -8.26289e-05 0.00297462 -0.00278028 0.000826439 0.00135459 -0.00156395 -0.00111451 -0.00066342 0.00196173 0.00375011 -0.000266983 -0.00170893 -0.00124322 0.000959579 0.00335588 0.000778175 -0.000145472 4.11687e-05 -0.000683758 0.000204393 -0.00123367 0.00134026 -0.000452597 0.00485845 0.000732285 -0.00166579 -0.0030164 -0.00377073 0.00135505 -0.0034159 0.00119965 0.00113547 -0.00497539 -0.0013331 -0.00127514 -0.00127311 -0.000496874 0.000522382 -0.00336928 -0.00584874 -0.000493446 0.00505876 -0.00861964 -0.00463097 0.00107778 0.00760732 -0.00614401 0.00562433 0.0047068 -0.00452365 -0.0109511 -0.0109723 0.0128528 0.00487533 0.0166548 -0.00491744 -0.00792841 -0.044745 0.995865 -0.0283365 0.0261124 0.00497161 -0.00370201 -0.0163615 0.0117635 -0.00236308 0.00375558 0.00536207 0.00973727 0.00401146 -0.00973573 0.00752306 0.00211996 -0.00202211 0.00618359 0.000938385 -0.00230023 0.00205373 -0.00598538 0.00345063 -0.00500363 0.00374023 -0.00128314 -0.00489935 -0.0018549 0.00378282 -0.00222518 -0.00399773 0.00307528 -0.000461834 -0.00253338 0.00424388 0.00289272 5.01897e-05 -0.000116782 -0.00520452 -0.00275931 -0.000913642 7.94958e-05 0.00122842 0.00460723 -0.00485723 -7.071e-05 -0.000231118 -0.000118318 -0.000157127 0.00489629 -0.00372736 0.00261126 -0.000774614 -0.000382063 0.000779324 -0.00204004 -0.000455571 -0.00095557 0.000518284 0.00145017 -0.00217508 0.000126617 -0.00354068 0.00104622 -0.000306316 0.00216134 -0.000223291 -0.00194866 0.000843526 -0.00171499 -0.000563851 0.000950939 0.000492801 -0.000936438 -0.000229414 -0.000196848 -0.000917698 -0.00206776 0.000318562 -0.00375669 0.00101855 0.0010314 0.000407016 2.86611e-05 -0.000547701 -0.00238053 -0.00155422 5.27338e-05
-8.21916e-05 -0.000680465 -0.000351241 0.00112419 0.00255971 -0.000428553 -0.000143534 -3.19526e-05 0.000415395 0.000143461 0.000435791 0.00299919 -0.000342554 -0.0002971 -0.00156649 7.16229e-05 -0.00126112 -0.00518913 0.00215602 -0.00531826 -0.00335223 -0.00175622 -0.0057718 0.0161319 -0.00622779 0.0101583 -0.000735724 -0.00042826 -0.00831942 0.00864952 -0.0163786 -0.00581257 0.0111694 -0.0118078 -0.00243286 -0.00504279 0.000840118 -0.000501978 -0.00433752 0.00450569 -0.000145441 -0.00254384 -8.75929e-05 -0.000365514 0.000515107 -0.000987605 -0.00301868 0.00278442 -0.00210348 -0.00206489 -0.00155878 -0.00160619 -0.000798314 -0.00137277 -0.000808669 0.00219587 -0.00052123 -0.000508544 -0.00127498 0.00221246 -0.00189244 0.00251096 -0.000859613 0.00117786 0.00134681 -0.000336871 -0.000634612 0.000430128 0.00146462 0.00253014 0.00313346 0.00235764 0.00442942 0.000862177 -0.00394322 -0.00180644 0.00307794 -0.00253902 -0.00117099 -8.23843e-06 -0.000837749 0.000194033 -0.00346502 8.06685e-05 0.00181672 0.00182967 0.000390052 7.04454e-06 0.00034891 -0.00151512 -0.000912597 -0.00408345 0.00143992 0.00370252 -0.00188851 -0.0014873 -0.000902123 -0.00331168 -0.00186079 0.00146038 0.00346334 0.00595127 -0.00223899 0.00327966 -0.00289851 -0.00011687 -0.00369586 0.000282981 -0.00341789 0.00552453 -0.00345126 -0.00305719 -8.78495e-05 0.00440247 -0.000484079 -0.0031816 -0.00324138 0.00175315 0.000674001 -0.00410253 -0.0111749 0.00489381 -0.00235467 0.000192641 -0.00106214 0.00215241 -0.0047603 -0.00206808 0.00331061 0.000509468 -0.00543302 0.00395579 -0.000436118 -0.000211553 0.00162997 -0.00120231 -0.000582846 0.000173539 -0.00126031 0.0023491 0.00292341 -0.00194945 -0.00211949 -0.000268821 -0.00207366 0.00154714 -0.000713289 0.00128849 0.000724049 -0.000784497 -0.000699165 -0.00190539 -0.00174103 -0.000417721 0.000579443 -2.46282e-05 0.00380741 -0.000428542 0.00168983 0.00145592 0.000351218 0.00317736 -0.000426427 -0.00119063 2.82005e-05 -0.000408877 0.000613751 0.00279727 -0.00363479 -0.000810564 0.00544818 0.00438775 -0.0015241 -0.00182346 0.000543255 0.00181257 0.00290024 -0.00344675 0.00256885 0.00114732 -0.000285626 -0.0031298 0.00455969 0.00078591 -0.00340536 -0.00317959 -0.000199982 0.000345398 -0.00744409 0.000241717 0.00645021 0.0071733 0.000593534 -0.00570399 0.00482166 -0.0107118 0.000280165 -0.00292063 -0.00463215 0.00869627 -0.0132209 -0.00747111 -0.00570499 -0.00509601 -0.00115591 0.0230458 0.985258 0.151303 0.00963461 0.00503054 0.00325251 0.0191114 0.00890176 -0.00304156 -0.0090942 0.0032913 -0.00323468 -0.00719016 0.00218227 -0.00141706 0.00406915 -0.00286888 -0.0012728 0.00232506 -0.00159381 -0.0030573 0.000791019 -0.00415282 -0.000227353 0.0035935 0.000670267 -0.00156099 0.00210034 -0.00293061 -0.00268069 -0.000887268 0.00177679 0.00243346 0.000614592 -0.000570949 0.000327793 -0.00198325 -0.00216547 -0.00107837 -0.00254842 -0.000537551 -0.0003653 0.000285708 -0.00191859 -0.00175368 0.00253623 -0.000556632 -0.000199358 -5.91952e-05 -0.00198063 0.000455845 0.00173803 -0.00248428 0.00038172 -0.00137865 0.000402095 0.00526879 0.000104967 0.000213626 0.00119874 0.00244686 -0.00142198 -0.00387052 0.000813743 -0.00617475 -0.000318998 -0.00216593 -0.0023978 9.13259e-05 -0.00175463 0.00102475 -0.000398724 -0.00110961 0.00167066 0.00226176 -0.000219242 -0.000748605 0.00366019 0.00104533 0.000800817 0.00259135 0.00048566 -0.00119722 -0.000262276 -0.00081867 0.000309227 -0.00318828
0.000159949 0.000792466 0.000706969 -0.000442319 0.00094248 9.47751e-05 0.00132936 0.00046285 0.000615101 -0.000975594 -0.000907952 0.00102088 0.000261588 0.0005394 0.000821661 0.000334817 0.00014224 -1.88949e-05 0.00532734 -0.000800943 0.00117689 -0.00426184 -0.00420862 0.00581106 -0.000497513 0.00148251 0.00168665 -0.000305451 0.00152297 0.00301336 -0.00165415 -0.0072418 -0.0041456 -0.0036808 -0.00153945 -0.00107339 0.00105273 0.0001726 0.000761916 0.000632029 -0.00165859 0.00215432 1.09067e-05 -0.00212048 0.00177768 0.000341697 0.00164733 0.000661497 -0.000381226 -0.000585219 -0.000189219 -0.000956941 1.80683e-05 0.000323858 0.000786835 -0.00144963 -0.000810292 -0.000683518 2.21659e-05 -0.00126801 -0.000406494 0.000330561 0.000417003 -0.000625443 -0.000366029 -0.0040314 -0.00190567 0.00181681 -0.00207861 0.00216454 0.00284464 -0.000333545 -0.00392448 0.00375585 -7.91608e-05 -0.00280767 -0.00285237 -0.000254025 -0.00236012 0.00134159 -0.00254769 0.00118788 0.000954667 0.00117177 0.00102461 -0.000179082 0.000573484 0.00406513 -0.000849544 0.000566276 0.00125005 0.000846904 0.000769854 -0.000838606 -0.00120512 0.00174641 -0.00026353 -0.00104234 0.00261373 -0.00101694 -0.00181051 0.000134758 0.000548187 0.000670492 -0.00230553 0.0024832 -0.00403811 -0.00144965 -0.00149789 0.00226378 0.000951892 -0.000381744 -0.00179486 0.00256733 0.000616493 0.00133094 -0.0020462 -0.000224782 0.000404846 0.00055378 -0.00177733 0.000658666 -0.00133682 -0.00159075 0.00168801 0.00216399 -0.000403541 0.000233822 0.000181027 -0.00217473 -0.000451857 -0.000530102 -0.00195346 0.00205034 0.00317096 -0.000411334 0.000448328 -6.35357e-05 0.000431362 0.0015115 0.000985265 0.00158322 -0.00185667 -0.00163053 -0.000244603 -0.00136093 0.00172397 -0.000675166 0.00026188 0.000266157 0.00172344 -0.00206916 0.00279908 0.000805235 0.00148558 -9.98336e-05 9.32027e-05 0.000379332 -0.00127982 0.00197747 -0.00119536 -0.00118432 0.000233133 0.000320498 0.00077901 -0.000934885 0.00147443 -8.41691e-06 -0.00215969 0.000930722 0.00249858 -0.000704999 -0.00229327 0.00197951 7.27321e-05 0.000440114 0.0013969 -0.0010736 0.000632167 -0.000633103 0.00547144 -0.00278754 0.00554728 -0.000603327 -0.00390578 0.00150681 -0.00248351 -6.45674e-05 0.00310955 -0.00123305 -0.00187868 0.00467601 -0.00353211 -0.00203072 -0.00161831 0.0020431 0.0132983 -0.0196281 -0.00397829 -0.00405292 -0.00838064 0.00281688 -0.00482372 0.00314262 -0.00509186 0.0289956 0.148739 -0.985041 -0.00257885 0.032477 -0.015497 0.0441049 0.0130995 0.0215623 0.00648169 0.01467 -0.002501 0.00358444 0.00970802 -0.00978357 0.00607049 0.0010195 -0.00571871 0.0101965 -0.000899383 -0.00526859 0.0017856 -0.00430596 0.00663956 -0.00783922 -0.00488083 -0.000451368 0.00425596 -0.00196423 -0.00435087 -0.00210768 0.000129825 -0.000554176 -0.0013873 0.00300389 0.00179424 -0.000164359 -0.000924053 -0.000508054 -0.000209328 0.0036485 0.00346255 0.0008344 0.00067587 -0.000400732 0.00202728 -0.00156175 0.000163036 -0.00113868 -0.00184627 -0.00074529 -0.000986026 -0.00291879 -0.000600027 -0.00286012 0.000212695 0.00295471 -0.00115085 0.000668753 -0.0014412 -0.000946793 0.00105891 -0.00276387 0.000329271 -0.000299906 -0.000250527 0.000356259 0.000899849 0.00142277 0.0015525 0.00463708 0.000117358 -0.000837772 -0.00165133 -0.00032598 -0.00121411 0.000905984 0.00209236 0.00207506 0.000482443 -0.000293909 -0.000120685 -0.000541498 0.00170801 0.000548322 0.00376765 -8.58677e-05
-0.000136333 -0.00067285 0.000618919 0.00191818 0.0026412 -5.59188e-05 0.00147152 0.000648115 -0.00349819 -0.000456416 0.000253985 0.00576439 0.000211488 0.000336491 -0.0051063 0.00238796 0.000755041 -0.00471915 0.00776746 -0.00332482 0.00120294 0.00298073 -0.00101094 0.0156069 -0.00527041 0.0136924 -0.00523799 -0.00753411 -0.0136936 0.00831946 -0.021102 -0.0153126 0.0135446 -0.0197224 -0.00173834 -0.0029002 0.0053032 0.00152201 -0.00301238 0.00634695 0.000766333 -0.00184357 0.00065118 -0.000564357 0.00102985 0.000274559 -0.00496601 0.000578009 -0.0040377 -0.00344252 -0.00109168 -0.00141212 -0.000749442 -0.00290338 -0.00202517 0.00164791 -0.00174585 5.08935e-05 -0.00085494 0.00180442 -0.000134949 0.00293583 0.00414332 0.00159362 0.00429894 -0.00152411 -0.000802945 0.000669432 -0.000500894 0.0097998 -0.00242898 0.00608757 -0.00613077 -0.00265048 -0.00964474 -0.00291098 -0.00254134 -0.00505827 -0.00280407 0.00914937 -0.00225062 -0.0032209 0.00365088 -0.00010234 0.00329577 0.00308437 -0.000249962 0.000740105 0.00764044 0.00103016 -0.00202148 -0.000956129 0.00132726 -0.000993559 -0.000646291 -0.00207344 -0.00261454 -0.00510555 0.000634949 -0.000674912 -0.00314535 0.00240699 -0.00505259 -0.00132518 -0.0060008 -0.000488917 -0.00262109 -0.000833884 -0.00239584 0.00534637 -0.00539287 -0.00524301 -0.00101779 0.0111287 0.00258488 0.000303758 -0.00362607 -0.000257368 7.66564e-05 -0.0033861 -0.0105098 0.0050488 9.26343e-05 0.00139712 -0.00462219 -0.00188468 -0.00560588 -0.00248714 0.00438363 -0.00124193 -0.00458228 0.00508839 -0.00142938 0.000883323 0.00154556 0.00019402 0.001033 4.61057e-05 -0.00296347 0.00270382 0.00466122 0.000362187 -0.000933164 0.00098534 -0.00345232 0.000643987 -0.00207818 0.000447761 0.00192496 -0.00100834 -0.00117132 -0.000698356 0.000699671 0.00123765 3.88832e-05 0.000147691 0.00175641 -0.00234974 0.000483003 0.000681296 0.000672026 0.0017773 -0.000788775 -0.000794967 0.00131607 -0.000129053 0.000856444 0.00259716 -0.00314918 -0.00101587 0.00323507 0.000848244 0.000310654 0.00011564 0.0011631 -0.000590843 0.00159636 -0.00200487 0.00401073 0.00266572 -0.00264594 -0.00668107 0.00286045 -0.00140679 -0.000486275 -0.00543337 -0.00156712 0.00232318 -0.00796671 0.0038589 0.00411772 -0.0104746 0.000990488 -0.00502197 -0.00150624 0.00329243 -0.00162808 0.0021604 -0.00389259 -0.00175259 0.000668727 0.00577121 0.00649191 -0.0167468 -0.00581934 -0.00727379 -0.0134766 -0.00407111 0.995409 -0.018865 0.00691267 0.0168016 0.00562999 -0.00217027 -0.00563433 -0.00672505 -0.00351101 0.00950733 0.00623949 0.000457703 -0.00225264 -0.00175865 0.0023182 -0.00232922 -0.00302247 0.00229418 7.73387e-05 -0.00164672 -0.00218664 -0.000617402 0.00134955 0.00292101 -0.00378456 -0.00144091 -0.000201085 -0.00355235 -0.000812071 0.00106162 -0.00126797 0.00104498 -0.000681408 0.00389751 0.00240973 0.00355171 -0.000557987 0.00230482 0.00227139 -0.00173943 0.00393405 -0.0016318 -0.00187152 0.000950626 0.00110192 0.000693157 -0.00125483 -0.00507092 0.00201632 -0.000595014 0.00132852 -0.0012112 0.000830343 0.00550683 0.00338641 -0.00206004 0.00265974 -0.000999536 0.0010204 -0.00163809 -0.00393828 -0.00208519 -0.00110857 -0.00146882 -0.000971224 0.000186521 -0.0047745 0.0020965 -0.0020741 -0.0017495 0.00337914 0.00260106 -0.00283109 -4.55595e-06 0.00405804 0.00337628 0.00210597 0.00111262 0.00141908 -0.00164947 -0.000788128 -0.00072177 -6.08335e-05 -0.00349917
0.000384118 0.00189485 -0.00166419 0.000107298 -0.000956352 -0.000318282 0.000382591 0.000101403 0.00425658 0.00108144 -0.0016788 -0.00309159 -0.000433443 -0.000230125 0.00515757 -0.0016118 0.000697104 0.0051205 0.00372066 -0.00400728 0.000456957 0.000275524 0.000742242 0.000240559 0.00764249 -0.011244 0.0047962 0.00576219 0.0132478 -0.002804 0.00707345 0.00637806 -0.0107381 0.0142123 0.00190261 -0.000890537 -0.000648916 0.00137424 -0.00162847 -0.00388646 -0.0037294 0.000587192 1.57658e-05 -0.00181051 -0.000489207 0.00162664 0.00227747 -0.0013972 0.00143567 -0.00168032 -0.00114193 0.00341507 0.000164533 0.000306715 0.00405154 -0.00122101 -8.70021e-05 -0.000352304 -0.000666507 -0.00683605 1.34016e-05 -0.00296909 -0.00101696 -0.00123052 -0.00164755 0.000762548 -0.000206096 -0.00210561 -0.00906387 -0.0103695 0.00200456 -0.00487724 0.0041418 0.00465814 0.0170058 0.00189272 0.00136989 0.00426015 -0.00538895 -0.00318784 0.00150186 0.00261771 -0.000611075 -0.000145559 -0.000886225 -0.00296374 -0.00135084 0.00217962 -0.00198642 0.000675082 0.00348441 0.00035863 0.00118546 0.00261554 0.00369857 0.00251221 0.00684332 0.000665866 -0.00133814 -0.00179056 7.22217e-05 -0.000618168 0.00290182 8.8534e-05 0.00497464 0.00280363 -0.00304582 -0.00111972 -0.00275592 -0.00110148 0.00289124 -0.000115901 -0.00337906 -0.00741882 -0.00145413 -0.00143121 0.00118753 -0.00166011 0.00203054 0.0057764 0.00506075 -0.00281772 -0.0017843 -0.00211282 0.00476123 0.000308735 0.00179889 0.00133667 -0.000638113 0.00191601 0.0048765 -0.000470987 -0.0015495 0.00144354 -0.00307171 -0.000860842 -0.000209213 -0.000835087 0.00174699 -0.00077724 -0.00385089 0.00173661 0.00224821 0.000276158 0.00210222 0.000876745 0.000533445 -0.00184986 -0.000899646 -0.000431629 -0.000490986 -0.00125263 -0.000831984 0.000296769 0.00217861 -0.00120389 -0.000813045 0.00242996 0.00141467 0.000229364 -0.00192825 -0.00475052 -0.000656438 0.000393137 0.000556742 0.00203297 0.000635335 -0.00196601 -0.000446391 -0.000750912 -0.000802091 -0.000834272 -5.7198e-05 0.000631678 0.00219083 -0.000372972 0.00184907 0.00232807 -0.00218745 -0.00337059 -0.00150731 -0.000906028 -0.00196151 0.00378401 -0.00242212 0.0072281 -0.00241532 0.00782444 0.00503383 0.00323553 -0.00201198 0.00804867 0.00202438 0.0103125 -0.000186668 -0.000635422 0.00215091 0.00182472 -0.0021129 0.0057199 -0.00587535 0.00384591 -0.00294984 0.0181872 -0.0119475 0.00832061 -0.00792987 0.0253819 0.0207337 0.951837 0.294377 -0.00781024 0.00108813 -0.00882909 -0.00581103 0.0068134 -0.00206563 -0.0138519 -0.0109491 -0.00410069 -0.00618112 -0.000642882 -0.0047557 0.00232172 0.00224201 0.000107606 0.000396203 0.00454124 0.0031914 -0.00328815 0.00317247 0.00365775 -0.00123995 -0.000376035 -0.000482765 0.00118571 -0.00279258 -0.00230322 0.00406081 -0.00163637 0.000867736 -0.00469222 -0.00412082 0.000527477 -0.00217676 -0.00224671 -0.00202188 0.000500214 -0.0027085 -0.000461509 0.00122579 0.000443073 0.000829052 0.00362727 -0.00111783 0.00222007 0.000309515 -0.00138069 0.00175423 0.000319639 0.000578639 -4.89287e-05 -0.00090656 0.00301367 -0.000929414 0.00162187 -0.000681876 0.00026155 0.00128008 -0.00064348 0.000318608 3.82727e-06 -0.00164948 -0.000897225 0.00166868 -0.00277401 0.000509823 -8.6175e-05 -0.00224661 -0.000242136 0.00169911 -0.00181212 3.87436e-05 0.00206716 -0.00102142 0.000315337 -0.00021018 0.000220795 -0.000533303 0.00151715 -0.00180672 0.000807964
0.000367312 -0.00105541 0.000211108 0.00112061 0.00599351 -0.000160194 -0.000252598 -0.000547879 -0.00176493 0.00179555 0.000509293 0.0145602 -0.000189307 -9.07912e-05 -0.0130121 0.00715802 0.00137231 -0.0137521 0.0176618 -0.0160786 -0.00288571 -0.00593202 0.00227839 0.0232046 0.000790202 0.0407395 -0.000778216 -0.0235328 -0.0336848 0.0255185 -0.0619392 -0.031522 0.0324678 -0.0386709 -0.00140874 -0.0086375 0.00646651 -0.000437729 -0.00585291 0.0160438 -0.00266161 -0.00700295 0.00503096 -0.00570198 -0.00246188 0.000576913 -0.0108785 0.00506518 -0.00997406 -0.0114151 -0.00417493 -0.00393024 -0.00344452 -0.00710301 -0.00489285 0.00210951 -0.00141293 -0.00472077 -0.00602212 0.001611 0.00204262 0.00742018 0.00413816 0.00696267 0.00460776 0.00129884 -0.00155047 -3.68356e-06 0.00153296 0.00630852 0.00826308 0.00567844 -0.003141 0.0024003 -0.0140831 0.002634 -0.00437019 -0.0130379 0.00574417 0.00871618 -0.00010739 -0.0109199 0.00142404 -0.00663452 0.00279272 0.0054085 0.00351755 0.0051526 0.00959701 0.00987863 -0.00712006 -0.00387646 0.000767446 0.00864855 -0.00189118 -0.00853056 -0.00351453 -0.015567 0.00150719 -0.00132762 -0.00206832 0.00785114 -0.0102488 -0.00386677 -0.00885214 0.00345265 -0.00712345 -0.00057442 -0.00658136 0.0166363 -0.0106071 -0.010033 0.0013246 0.0199996 0.00173853 -0.00684389 -0.00840719 0.00237739 -0.00217032 -0.0115792 -0.0243589 0.00998384 -0.000782251 0.00343017 -0.00840559 0.00169978 -0.00965707 -0.0137977 0.0104824 -7.74836e-05 -0.0172418 0.00772766 -0.000364089 0.000599115 0.00315594 -0.00146191 -0.00165517 -0.000585251 -0.00701704 0.00522668 0.0110379 -0.00681874 -0.00243642 0.00134913 -0.00528222 0.00607622 -0.00401059 0.00160122 0.00327769 0.00218683 0.00149608 -0.000748299 0.00129952 0.00229422 0.00169461 -0.000983376 0.00411414 -0.00329606 0.00144453 0.00594373 0.00314465 0.00757945 -0.00389863 -0.00332365 0.000892453 -0.00667177 -0.00177146 0.00359681 -0.00757535 -0.00673688 0.00549322 0.00512393 0.00217412 -0.0028321 -0.00103768 0.00400781 0.00628248 -0.00443186 0.00778198 -0.00184436 -0.007006 -0.00707047 0.00762284 -0.00202677 -0.00721276 -0.00613216 0.000451064 0.00780574 -0.00789697 -0.00213407 0.00880865 -0.0115527 -0.00264211 -0.00682833 -0.0113687 0.00551989 -0.0015201 0.010876 -0.0211507 -0.00218049 0.00922037 0.00799716 -0.0105898 -0.0256831 -0.0296201 0.0062806 -0.0114504 -0.017553 -0.0295495 -0.277145 0.929312 0.126357 -0.00537526 -0.00154337 0.0192033 0.0069257 0.00453971 0.000149513 0.00888476 -0.0163943 -0.0201715 0.00429573 -0.00276499 -0.00831556 0.00079016 -0.00459315 0.00087109 0.00173369 0.000378731 -0.0101645 -0.000998755 0.00357268 -0.00779042 -0.00260949 -0.00277594 0.00249606 -0.00546505 -0.00153687 0.00165537 0.000144684 -0.000643087 0.0039853 0.0027085 0.00325476 -0.00382727 0.000472564 0.00468187 0.000800754 0.00100342 -0.00384181 -0.0001795 -0.00110217 0.00104358 -0.00364863 -0.00299398 -0.00177937 0.00266675 -0.00640625 -0.00222926 0.000798523 9.69566e-05 0.00757091 0.00662121 -0.00653253 0.00331568 -0.000553282 -0.00194322 -0.00349645 -0.00289971 -0.00304513 -7.82478e-05 -0.00108012 -0.00490574 0.00197553 -0.00653663 0.0041294 -0.00531299 -0.00390692 0.00630182 0.0039233 -0.00830131 -4.42676e-05 0.00626408 0.000970432 0.00149194 0.00269555 0.000894697 0.000270182 0.000593205 -0.00180617 0.00143072 -0.00704499
-0.0023649 -0.00519483 -0.000632928 -0.00113792 -0.00138506 -0.0018204 -0.000696791 0.00132001 0.002167 -0.000118377 0.00581499 -0.00419124 0.00269521 -0.000704738 0.00396806 -0.00187012 0.000530219 0.0042724 -0.00657879 -0.000645722 0.00246898 -0.00262241 -0.00718553 -0.0294108 -0.0148093 -0.0031261 -0.00197386 0.0111073 0.00257531 0.000195796 0.0228879 0.00971483 -0.00666566 0.0136888 0.00709438 -0.00275922 0.00615644 -0.00131748 -0.00207185 -0.00765665 -0.00361462 0.00315353 -0.00274133 0.00461156 0.00413255 -0.00438269 0.00502934 -0.00129242 0.00341032 0.00417784 0.00244333 0.00185134 0.000182389 0.0026878 0.00250268 -0.00375561 0.00184384 0.00123667 0.00146052 -0.00393101 0.000908444 0.0010059 -0.00313985 -0.00563286 0.00334707 -0.00393445 -0.000207472 0.00312963 -0.000368851 -0.00627111 0.000215516 0.000682465 0.00517811 -0.000422217 0.00751782 -0.00268202 -0.00103225 0.0054637 -0.00297505 -0.0038584 0.00022862 0.00112983 0.00220215 -0.000498994 -0.0070693 -0.00173402 -0.000346719 -2.88854e-05 -0.00544353 -0.00117965 0.00299498 0.0036026 0.000217423 -0.00118982 -0.000655357 0.00310845 0.00150374 0.00467438 -0.000399811 -0.00301202 0.00733975 -0.00664097 0.00346631 -0.00194984 0.00258569 -0.00380793 0.00463672 -0.00149856 0.0038955 -0.00421639 -0.00103111 0.000738951 0.00394812 -0.00486011 -0.00390572 0.000810277 0.00281383 -0.000723151 0.00507676 0.00611501 0.00881499 -0.00360097 -0.00145531 -0.00118779 0.0033488 -0.000746916 0.000334584 0.00245296 -0.00592458 -0.00137144 0.00292224 -0.00652157 -0.000990314 -0.000781615 -0.000133546 -0.00163458 -0.00339539 4.30587e-05 0.00193558 -0.00597423 -0.0051968 0.00292888 0.000331472 0.00078896 0.00260372 -0.00188413 0.00177371 0.000733616 0.00155612 0.00179483 0.00282082 0.000640726 -0.000317818 -0.000202532 0.00338501 -0.000562829 -0.00080678 0.000496601 -0.00112539 -0.00235116 -0.00418392 -0.00061363 0.00629331 -7.29787e-05 0.00151816 0.00148439 -0.00120301 -0.00103383 -0.00379685 0.00304694 -0.000556133 -0.003221 0.00300075 0.000392783 9.70865e-05 0.000445179 -0.00433495 0.00173978 -0.00115687 -0.000778601 0.00868924 0.00212497 -0.000200801 -0.000419322 0.00274514 0.000555697 -0.00294018 -0.0036468 0.00320977 -0.00149116 -0.000170563 0.0055409 0.00162651 0.00228242 0.00180074 -0.000428889 0.00893493 -0.0103947 0.00290639 0.000282465 -0.000695748 0.00608402 0.00559025 0.00723657 -0.00674126 0.0156949 0.0272409 -0.0402528 0.0198798 -0.0494885 0.131031 -0.978428 0.086896 0.0450499 0.0313282 0.0101439 0.00342249 0.00187804 0.01638 -0.00664653 0.0201793 0.00378334 -0.00716 -0.00372241 -0.00229241 0.000339959 0.00382482 -0.00394303 0.00211869 0.00160293 -0.00186543 -0.00578756 0.00033216 0.0012262 -0.00494605 0.000743887 -0.00175841 -0.00209899 -0.00544566 -0.00127477 0.00375173 -0.00359827 -0.00179738 -0.00365162 -0.000829984 0.00248932 0.000505252 0.00213727 -0.00211477 0.00131319 0.00274455 0.000456684 0.000595847 0.00215336 -0.00241163 0.00336027 -0.00233768 -0.000388493 0.00107398 -0.00153899 -0.000541126 -0.00100457 -0.00113839 0.0030135 -0.00199814 -0.000296997 -0.000708054 -0.000666915 0.00400971 0.00298879 -0.000141685 -0.00144561 0.00290462 8.59926e-05 0.00297027 -0.000231087 0.00190073 0.00258553 -0.00230498 -0.000586191 0.00174213 -0.00110518 -0.000720627 -0.000744137 0.00167983 0.000434226 0.00111344 -0.000287942 0.00180177 0.0014278 0.00158968 0.00284136
-0.000141921 7.93858e-05 -0.000762595 0.000515313 0.00203273 0.000408893 0.000766595 -0.000214227 -0.00567828 -0.000588281 -0.000868683 0.00446468 -0.00120921 0.000409459 -0.00361563 0.00246368 0.00235021 -0.00257294 -0.0028155 -0.00249486 0.00197338 0.00122241 0.000617033 0.0161451 0.00430744 0.0136356 -0.00455618 -0.0109208 -0.00892395 -0.00255961 -0.00648712 -0.0166857 0.0124112 -0.00954716 -0.00123286 0.00197648 0.00651752 -0.003493 -0.00173152 0.00396468 0.000827888 -0.0100098 0.000349635 -0.000674135 -0.000384895 0.000414887 -7.26676e-05 -0.00124748 -0.00115204 -0.0024448 -0.00123619 -0.00286059 -0.000847075 -0.00237514 -0.000764579 -0.000333455 0.000115843 -0.00487001 0.000999993 -0.000893981 0.0053275 0.000682738 0.00138587 -0.00147664 0.00113474 -0.00399582 -0.00081601 -0.00052356 0.0088924 0.00613701 0.00953921 0.016919 -0.0041051 -0.00519064 -0.00394891 -0.00109632 -0.00833059 -0.0132366 -0.00430671 0.0071398 -0.00301767 0.00248624 0.00251717 -0.00168282 0.0060625 0.00832835 0.00233967 -0.0044084 0.00674405 -0.00338605 0.000308348 -0.00258058 -0.00434122 0.00501266 -0.00515012 -0.00322606 0.0018727 -0.00565626 -0.00207088 -0.00150903 -0.0056306 -0.00237292 -0.00484971 -0.00307688 -0.0065557 -0.00133804 0.000940379 -0.000116924 -0.00414847 0.00283496 -0.00396949 -0.00181643 -0.00129449 0.00528916 0.00428825 -0.00176005 -0.00381917 0.000691462 0.00231806 -0.00449072 -0.00666708 0.00121665 -0.000745423 0.00256286 -0.000685586 0.00240784 -0.0043721 -0.00296078 0.00607069 0.00284657 0.00279383 -0.00288085 -0.00130009 -0.00122657 0.00361916 0.00172587 0.000517535 2.58987e-05 -0.0045514 -0.000745157 0.00252464 0.00304737 -0.000785248 -0.00106384 -0.00318839 -0.00292308 -0.00284256 -0.0001827 0.00291008 0.00134292 -0.000388882 -0.000953545 0.00220991 0.000651371 0.00352885 -0.000270908 -0.000819565 -0.00305642 0.000181297 0.00399914 0.00266184 0.00116916 0.00087107 -0.00128917 -0.00209888 -0.00433081 0.00028966 0.000101991 -0.000202625 0.0011964 0.00247277 0.00135967 -0.000527295 -0.00245401 -0.000239841 0.000299227 0.000891327 0.000636007 -0.000983126 0.00145404 -0.000690015 -0.00159578 0.00586638 0.000259646 -0.00559791 -0.00362673 -0.00191672 0.00292203 -0.00657081 0.00151832 0.00211027 -0.00338152 0.00173963 7.21551e-05 0.00719036 -0.00599161 -0.00895147 0.0109434 -0.00393709 0.0106799 0.00958375 -0.00264918 -0.00210451 -0.00929675 0.00416977 -0.000202247 -0.0150792 0.0136961 -0.0119304 0.00693614 -0.0143368 0.0795712 0.989927 -0.0285927 0.0302506 -0.0507606 -0.0136163 -0.00859518 -0.00543438 0.00506796 -1.6085e-05 0.00230381 -0.00568253 -0.00447638 0.00261561 0.0124768 0.00698057 -0.00441551 -0.000660509 -0.00303731 0.0118965 -0.00411043 -0.00570862 0.00268888 0.00197057 -0.00310276 0.000959002 0.00210963 0.00108657 -0.00224738 0.00588236 -0.00537302 -0.00115445 0.00158207 -0.000897476 0.000420665 -0.00552717 -0.00295473 -0.0058701 0.00398544 -0.00301059 -0.00263821 -0.0013265 -0.00187069 -0.000520665 0.00355259 -0.000206562 0.000475163 0.000262934 -0.00085906 -0.000218898 0.00159327 0.00185851 0.00156284 0.00203803 0.0023389 -9.31121e-05 0.000799592 0.00334159 -0.00212924 0.000722893 0.00111268 -0.000183671 -0.00167555 -0.000667295 9.55864e-05 -0.0016618 -0.00153999 0.00213038 -0.000891074 -0.00129902 0.000395728 -0.000378454 -0.00230618 -0.00107889 0.000456414 -0.000318088 0.00116675 -0.000302286 -0.0015604 -0.00182495 -0.0003622
-0.000685316 0.000785316 -0.000928433 -0.000325772 -0.000515855 -0.000550936 -0.000813537 -7.53009e-05 0.00408951 -0.00392343 -7.70467e-06 0.0077491 -7.38597e-05 0.00023378 -0.00882647 0.00434207 0.000987164 -0.00410865 0.00594261 -0.0100477 0.0186345 -0.0127133 0.00665592 -0.000436314 0.00866211 0.00873466 -0.00410951 -0.0162128 -0.0169558 0.0130865 -0.0340057 -0.0155847 0.0105172 -0.00702094 -0.0042536 -0.00380029 0.00518933 -0.006467 -0.00715079 0.00294962 -0.0050408 -0.00242836 -2.18248e-05 -0.00314008 0.00167422 0.00396699 -0.00480892 0.00641884 -0.00256777 -0.00525614 -0.00136459 0.00163012 -0.00114565 -0.00159252 -0.000794883 -0.000523832 -0.000892816 -0.00558492 -8.474e-05 -0.00216033 0.0028043 0.00177002 0.00109093 0.00519122 -0.00122725 0.000963761 -0.00306659 -0.000623878 0.00251587 0.00297736 -0.00249398 -0.00361205 -0.00807703 0.00973374 -0.00601697 -0.00685854 -0.00313029 -0.00400745 0.000257618 -0.00202919 -0.00240078 -0.00958867 0.00525494 -0.00514215 0.00958417 -0.000421601 -0.00499396 0.0107797 0.00103174 0.00625627 -0.00511612 0.0029266 -0.00216732 0.006431 0.00178096 0.00283088 0.00427091 -0.00424564 0.000583604 -0.000897012 -0.00201924 9.01702e-05 -0.00573445 -0.0003553 -0.00352137 0.00153184 -0.0051299 0.00192631 0.00303999 0.00736881 -0.00194736 -0.00179331 -0.00272185 0.00949469 0.00830548 -0.0117058 -0.0044989 0.00295896 0.00276612 -0.00664082 -0.00690662 0.0052879 4.37319e-05 0.00142991 -0.00120248 -0.0013905 -0.00690434 -0.0081081 0.00352261 0.00169395 -0.00623377 0.00477857 -0.000278612 0.00151112 0.00327998 0.00502173 -0.00403063 -0.000648205 -0.0027173 -0.00217914 0.0052592 0.000692315 -0.00321502 0.001857 -0.00263369 -0.00171495 -0.00404281 -0.000304295 0.00292271 0.00254817 -0.00126817 0.00233194 0.00255235 -0.000656851 0.00264823 0.00324106 0.00340122 -0.00253123 -0.000195227 0.00685229 0.00153267 0.000734822 -0.00016686 -0.000646221 0.000792872 -0.00225865 0.00507686 -0.000155378 -0.000988958 -0.00282067 0.00163583 0.00016242 0.000128672 -0.00358948 -0.000361654 -0.000767788 0.00161217 -0.000895807 -0.00518937 -0.00437254 -0.00424843 -0.00693127 -0.000134276 0.00625434 0.00222141 -0.00230904 -0.00158726 0.00280527 0.00255388 4.2129e-05 0.00511172 -0.00358751 0.00214308 0.00204234 -0.0023519 -0.000575091 -0.000459884 0.00331648 -0.00236964 0.00522498 0.0178009 0.00486278 -0.000912801 -0.00722204 -0.00438902 -0.0100676 -0.00105997 0.0254319 -0.00132446 0.020167 -0.0238464 0.0448696 0.00196153 0.884622 0.445859 -0.0128149 -0.0138697 -0.0140927 -0.0229192 -0.0121874 0.00763827 -0.0025846 -0.0123304 -0.000236374 0.00394469 0.00530248 -0.00720121 -0.0077314 0.0113697 0.00647352 0.0193354 -0.0040866 -0.00275076 0.00840331 0.00315306 -0.0022218 -0.0028895 -0.00488512 0.00163899 -2.78225e-05 -0.00348522 0.00172768 0.00527868 0.00267289 0.0052156 0.00143822 -0.00412753 -0.00648551 -0.0021731 -0.000578146 0.00140242 0.00189298 -0.0010796 0.00389109 -0.000184947 0.00242657 0.000957819 -0.00507472 7.03973e-05 -0.000800226 0.000174035 0.00320847 0.004029 -0.00167831 -0.000614516 0.00205216 -0.00111909 0.000990531 -0.000885286 0.00113385 -8.17566e-05 -0.00150187 -0.00225453 0.000274272 -0.0027302 0.00120245 -0.00195455 -0.00111568 0.0023308 0.000687733 -0.00339356 0.000504061 0.00198505 0.00375932 -0.000298378 -0.000231737 -4.85718e-05 -0.00221043 -0.00103824 0.0020071 -0.000426338 -0.0013663
-6.75627e-05 -0.00154574 0.000208933 -0.000343238 0.00194613 -0.00106504 -0.00104842 0.000106248 -0.000267649 -0.000479201 0.000862002 0.00700372 -0.000146561 0.000403768 -0.000560324 0.00140657 0.000562032 -0.00265624 0.0112826 -0.0129609 -0.00627886 -0.0182528 -0.0107374 0.00864536 -0.00212856 0.0192605 0.00347663 -0.00479958 -0.00940053 0.0136751 -0.0131748 -0.00828114 0.00804453 -0.0131253 -0.00709654 -0.00285142 0.0110263 6.95878e-05 0.00154239 0.00056823 -0.00774092 0.00402292 -0.000725435 -0.00340796 -0.00383012 -0.00122426 -0.00287017 -0.00100039 0.00197755 -0.000848572 0.00185298 -0.000995576 -0.00230281 0.000246697 0.00129538 -0.00223518 -0.000685292 0.000494325 -0.00224094 -0.00414933 -0.00137033 0.00104964 -0.000547825 0.000671727 0.00349926 -0.000406909 0.00272473 -0.000484018 0.000628844 0.000743018 0.00149056 0.00265086 -0.00221304 0.00552308 -0.0026078 0.00278782 0.00109009 -0.000290399 -0.00172671 0.00278193 -0.00489095 -0.00103453 0.000400657 -0.00120753 0.00258351 -0.0017477 -9.28451e-05 -0.00378241 0.000380758 0.00228482 -0.000716321 -0.000172717 -0.00272585 0.00033686 0.000443836 -0.00320627 -0.00211928 -0.0026511 0.002443 -0.00227429 -0.00590233 0.00131133 -0.00408678 -0.00432646 -0.00385434 0.00603416 -0.0029825 -0.000981587 -0.00650133 0.00451235 -0.0078607 -0.00347131 -0.00117041 0.0075402 0.00367335 -0.00126103 -0.00935988 0.00152692 0.00572166 -0.00092392 -0.0059325 0.00693486 -0.00253128 -0.00179645 -0.00290327 -0.00316966 -0.00332525 -0.00651938 0.00354534 -0.00140625 -0.00315473 0.00195243 0.000587645 -0.00197971 0.00350144 -0.000170007 0.00100397 -0.000874214 -0.00550966 -0.00152055 0.00322144 -0.00581012 -0.00166365 0.000830931 -0.000582936 -0.000300431 -0.00363726 0.00154737 -0.000810552 0.000653247 -0.000253006 0.000966302 0.00041913 0.00198917 -0.000594333 -0.000854683 0.00409823 -0.00276311 -0.000416944 0.00274181 0.00304995 0.00169794 -0.00338168 -0.00374578 0.00396147 -0.0023892 1.79688e-05 -0.000441115 -0.00727144 -0.00441416 -0.00285178 0.00197863 0.00219818 -0.00249919 0.00594036 0.00152044 4.69285e-05 -0.00253437 0.00450475 0.00352394 -4.67064e-05 -0.00518727 0.00306215 0.0033499 -0.00354596 -0.00217574 -0.00394388 0.00584789 -0.00565553 0.00276671 0.00627663 -0.00640567 0.00509724 -0.00457191 -0.00244731 0.00456237 -0.00195724 0.00911912 -0.00685814 -0.000648434 0.00558027 -0.00108077 -0.00687659 -0.0145413 -0.012398 -0.00422249 0.00469291 -0.0029226 0.000259117 0.0121501 -0.0285438 -0.00343212 -0.0437593 -0.452515 0.885376 -0.0125302 0.0141029 -0.0107631 0.00446963 -0.0020938 -0.0127794 0.00993605 -0.00323777 -0.0123334 0.00870353 0.00326251 -0.00707889 0.00141189 0.000390265 -0.00366551 0.00367624 -0.00672648 -0.00237299 -0.000824893 0.000874769 0.00284769 -0.00563866 -0.000343188 0.000920171 -0.00431303 -0.00485496 0.00229895 -0.00076115 -0.000581698 -0.00185551 0.00045694 0.000330654 -0.000281972 0.000191282 0.00166803 0.00453858 0.0011003 0.000609637 0.00293395 0.000345858 -0.00516685 0.000182656 -0.00230566 0.00240394 -0.000149775 0.00148746 0.00324752 0.00243919 -0.0045537 0.00204801 0.00186629 -0.00242176 -0.00191477 -0.00396888 -0.00374082 -0.00184508 -0.00218166 -0.00215448 0.000575219 -0.00355137 0.00382713 -0.00329214 -0.000945639 0.00447792 0.00170134 -0.000726559 0.000815551 0.00438094 6.71255e-05 0.000317896 0.00257192 0.00152126 -0.000475108 -0.000770805 0.000704718 0.00118697 -0.00711943
0.00170033 0.00823858 0.000874889 -0.00123682 -0.0011204 -0.00242812 -0.00108902 0.000279511 -0.00225129 0.000401603 -0.00530431 -0.00231739 0.000971655 -0.00107509 0.00193558 -0.00121084 -0.0002061 0.00418216 -0.000779369 0.00936906 -0.00566315 -0.000983517 0.00608177 0.00537824 0.018871 -0.0116989 0.00756303 0.000551932 0.0203885 -0.0277121 0.00146616 0.00527537 -0.00943619 0.00723651 0.00146734 -0.00585455 -0.00159655 -0.00103207 0.00157447 -0.00514983 0.00915461 -0.000893686 -0.000259569 0.000330174 0.000109391 0.00572815 0.000108579 -0.0048131 0.0044543 0.00319158 -0.00436175 0.00143941 0.00126902 0.00217949 -0.000456771 0.00393865 0.0023955 0.002129 -0.000276947 -0.00102484 0.000126919 -0.0046789 -0.00118323 0.000230412 -0.00262162 0.0022499 0.0004728 -0.000373031 -0.000568446 0.000829862 -0.00611906 -0.00696464 0.00285106 -0.00762541 0.00185288 -0.00160077 -0.000579188 -0.00915782 -0.00406592 0.00408084 0.00819633 -0.00112724 0.00329368 0.00153752 -0.00105754 -0.00349848 -0.00484013 0.000884947 -0.000891968 -0.00298969 0.00631624 -0.00210866 0.00327105 0.00129516 -0.00398174 -0.000176485 0.000612321 0.00296713 0.00100896 0.00311362 -0.00681793 0.00274119 0.00441149 -0.000619451 0.00332636 -0.00176435 0.00068258 0.00191943 0.00256387 -0.00104167 0.0028826 0.0034578 -0.00243097 -0.00530715 -0.00240316 0.00567815 0.00989537 -0.0066324 -0.000376615 0.00358269 0.00446791 -0.00655971 0.000776504 -0.00359423 0.00184486 -1.40091e-05 0.00256812 -0.00165633 0.0033916 -0.00349162 0.00515409 -0.000699062 0.000983926 -9.34132e-06 -0.00349759 0.000606454 0.00243334 -0.00167304 -0.00104603 -0.00126696 -0.00120388 -0.00210288 0.00287067 0.00243988 0.000782962 9.30037e-05 -0.00352607 0.00184048 -0.00116934 -0.00305131 -0.000243615 0.00394955 -0.0021549 -0.000368918 -0.00121596 0.000382141 -0.000875418 0.00121789 0.00244007 -0.000668365 0.00202232 -0.00148022 -0.00201943 0.00183464 0.000106723 0.00239792 0.00015872 -0.000890463 0.00551212 -0.000606429 -0.000222574 -0.000120495 -0.00241009 1.27023e-05 -0.00423831 -0.00105554 -0.00153461 -0.000744182 0.000156791 -0.00188519 -0.00559527 -0.00250411 -0.00292831 -0.00366292 -0.0031515 0.000850204 0.00246541 0.000973708 -0.000972823 0.00390694 -0.00256123 0.00426957 -0.000692754 0.00240928 0.00623388 0.000791232 0.00373898 -0.00316274 -0.00489131 0.00186216 -0.00807431 0.0068278 0.00111727 0.0029086 0.00443897 -0.00994112 -0.00313402 0.0147194 0.00947224 -0.00888225 -0.00384718 0.0150141 0.0520914 0.00619488 0.022796 0.988226 0.0829502 0.00297808 -0.015714 -0.0396564 -0.00234509 0.00706222 0.00458502 -0.00583563 -0.0409393 -0.00425328 -0.0132937 0.00320755 -0.00451719 0.0110799 0.00159299 0.00465425 -0.00124967 -0.00125716 0.00623997 -0.00109649 -0.00495445 0.00264485 -0.00615708 0.000951668 0.000202104 -0.00214257 -0.00231451 -0.00142443 -8.44531e-05 -0.0030125 0.0019355 0.00632607 0.0020012 0.000276985 0.000143349 -0.000269966 -0.000265916 0.00345743 -0.00216553 0.00070205 0.00253356 -0.000601677 -0.000363358 -0.00205804 0.000886824 -0.00172761 -0.00346349 -0.000228449 -0.000966447 0.000490233 0.000170112 -0.00142766 0.00225423 0.00148605 0.000911388 -0.00050882 0.00201801 0.000142806 0.00320294 -0.00181157 -2.31746e-05 0.00164178 -0.0015549 -0.000472419 0.00067855 -0.00291141 -0.000230211 -0.00129035 -4.73919e-05 -0.000322175 -0.000915664 0.00281734 -0.00147645 0.000257126 -0.000883966 -0.000169006
0.000724767 0.00068027 0.000257856 -0.00115498 0.00268642 0.00125534 -0.000237798 -0.000600014 3.05559e-05 0.000653595 -0.00162529 0.0039484 -0.00137449 -0.00079465 0.00262279 0.000667716 0.000231729 -0.00091638 0.00703917 -0.0111586 -0.00831645 -0.00412663 -0.00692498 0.0142214 -0.00140179 0.00672146 0.00808338 -0.00584106 0.00261611 0.0044399 -0.00429931 -0.00603932 0.00405899 -0.00609395 -0.00292218 -0.00269276 0.000873108 -0.000336798 0.00318012 -0.00309528 -0.00061964 0.00352071 -0.000424686 -0.00409532 -0.00620227 -0.000873996 -3.64463e-05 0.000579137 0.00193493 0.000226017 0.001993 -0.000555381 -0.00210136 0.000248712 0.00376864 -0.000532684 -0.000500235 -0.000376097 -0.00264489 -0.00232038 -0.000164358 -0.000783616 -0.00168638 -0.000308775 0.00163069 0.00032423 0.0038011 0.000670758 0.00196318 -0.00185443 0.00144572 0.00339663 -0.00242449 -0.00199343 0.00297258 0.00593725 0.0035619 0.0029204 -0.000371629 0.00482207 -0.00249518 0.0020455 -0.000494904 -0.000413425 -0.00335371 -0.00357976 0.00124761 -0.00422729 -0.00115695 -0.00141271 -0.00515021 -0.00554362 -0.00187364 0.00152453 -4.35139e-05 -0.000514672 -0.00199331 -0.00439219 -0.000139842 -0.000562483 -0.00495891 0.00194401 0.00108825 -0.00188364 -0.000202717 0.0054225 -0.00293815 0.00124664 -0.00413739 0.00275434 -0.000753207 -0.000432934 0.000486587 -0.000103803 0.000347472 -7.39577e-05 -0.000904243 0.00106843 0.00211546 -0.000205606 -0.00241769 0.000181369 -0.00218065 -0.00122851 -0.000690472 -0.00167091 -0.00234881 -0.00385065 0.00256337 2.0454e-06 -0.000280265 0.00152081 -0.000966836 -0.000612795 0.00140917 -2.04545e-05 0.0022948 0.00058835 -0.00176865 0.000246171 0.000529961 -0.00389101 0.000978546 -0.00050383 -0.00152932 0.000998774 -0.00118129 0.000823525 -0.000613178 0.000850632 0.000267845 0.00123203 -0.000953742 0.00214692 -0.00234264 -0.00077731 0.00113814 -0.0013424 -8.34951e-06 0.000293385 0.00246722 0.000831281 -0.001239 -0.00236375 0.00263382 -0.0021207 -0.00253259 0.00174689 -0.00454721 -0.00299848 -0.00289758 0.0011919 0.000818397 0.00101398 0.001562 0.00212196 0.00144359 -0.00131764 0.000201856 -0.000229469 -0.00294854 -0.00119859 0.000413831 0.000527453 -0.00376797 -0.00130848 0.00155343 0.00116896 -0.00240654 0.00493498 0.00219053 -0.00320825 0.00424571 -0.00264693 0.00303361 0.000789666 0.00296495 0.00095626 0.00189131 -0.00156886 -0.000647321 -0.000682852 -0.00180742 -0.00074473 -0.00238361 -0.00172366 0.00290929 -0.00101771 -0.000355434 0.00844231 -0.00649588 0.00282304 0.00976934 0.0214179 -0.00800442 -0.0796213 0.981266 0.13547 0.0652961 0.0411783 0.0327512 0.0231523 -0.0019405 -0.0120012 0.00779111 0.00876369 0.00468513 0.00777215 -0.00930542 -0.00855505 -0.00482357 -0.00333652 -0.00765582 0.000266965 0.00270615 0.00489581 0.0046655 -0.00281047 -0.00405695 0.00190396 -0.00029359 0.00195355 -0.00313984 0.00205893 0.0029283 -0.00261326 -3.39828e-05 -0.000479874 0.00307009 0.00098534 0.00216177 0.000915824 0.0026637 0.00154802 -8.15479e-05 -0.00351651 0.00138487 -0.00119901 -0.00129393 0.00204864 0.000822831 0.000342245 0.00156765 -0.00312227 0.00132021 -0.00227867 0.000639065 -0.0031017 -0.00175776 -0.00130219 -0.00105648 -0.000256457 -0.00363429 -0.00230829 -0.00111118 0.000527211 -0.00178302 -0.00146973 0.00132269 0.000924802 -0.00169352 0.000266536 0.00218953 0.00334883 -0.000640395 0.000768279 0.00126775 -0.00295051 -0.0016306 -0.000439385 -5.56537e-05 -0.00204574
0.000524147 0.000953345 -0.000488908 0.000863603 0.00164528 -0.00158936 -0.000548161 0.000124738 -0.0029032 0.00065901 -0.000656262 -0.000343204 0.000154351 -2.49695e-05 0.000642625 -0.00112957 0.0010013 0.000801518 -0.00276744 0.00297299 -0.0081623 0.00342773 -0.00427435 0.00127098 0.00218165 -3.27322e-06 -0.0061193 0.00101701 0.00041316 -0.00907473 0.0106076 -0.000149424 -0.00207049 0.00741347 0.000244568 0.00028266 -0.000138872 0.000200072 0.00209876 -0.00375048 -0.00265875 -0.00633557 0.000127305 0.00287674 0.00103724 0.00459109 7.11266e-05 -0.00315134 0.00271475 -3.54489e-05 0.000128577 -0.000363985 0.00267066 -0.00181039 0.000431403 0.00234462 -0.00110196 0.000352445 0.000269709 -0.00262495 0.00210107 -0.00211151 -0.000609878 -0.000638426 0.00189558 -0.00172263 0.00359111 0.000996119 0.000321049 -0.00101143 -0.00523927 0.00638548 -0.00357136 -0.00616139 -0.000341676 0.0107892 -0.00818977 -0.000100646 0.00920839 0.00624535 0.00238683 0.000991583 0.0096049 -0.00120532 -0.0091538 -0.00164816 0.0030642 -0.00376816 0.00171636 0.000549211 -0.00128256 0.00386474 -0.000596678 0.000364272 -0.00194657 0.000740231 0.00447305 0.00100063 0.000578636 -0.00118955 -0.00617374 -0.00710377 -1.1887e-06 -0.00133415 0.00146795 -0.00128466 0.00250754 -0.00292687 -0.00277292 -0.00480282 0.00266781 0.00237864 0.00311467 -0.00289851 0.00186063 -0.000219194 0.00427862 -0.000623863 0.000876909 -3.54923e-05 0.0021132 -0.00461943 0.000568657 0.00329103 0.0014974 -0.00169796 0.00127697 0.00130151 -9.91514e-05 0.00199039 0.000805773 -0.000540541 -0.00143305 0.00093766 0.00308647 0.000164694 0.000736181 0.000277933 0.00133738 -0.0030493 -0.00468303 0.000855763 0.00249815 0.000187479 0.000347897 -0.00320558 0.0015063 -0.000158004 -0.000993992 0.000231702 -0.000355881 0.00141582 -0.000440721 0.00208379 -0.00213902 0.000749182 3.23344e-05 0.000822595 -0.000890843 -0.000441993 -0.000162456 -0.0023938 0.00157174 0.000812967 -7.01417e-05 -0.000608401 0.000924267 0.00196129 0.00430113 0.000507579 -0.00203095 -0.00313008 -0.000418205 -0.00104978 -6.89552e-05 -0.000588029 -0.00285336 0.000325091 -0.0028226 -0.000815132 -0.00144675 0.0012842 -0.00320288 0.00108141 -0.00214224 -0.000658612 0.000395246 0.00305331 -0.000788835 0.00177237 -0.0021664 -0.000976148 -0.00442897 0.000287174 0.00419069 -0.00298719 0.00193905 -0.0032022 0.0103919 7.21303e-05 0.00558392 0.000975142 0.00264741 -0.00575959 -0.00151408 0.010034 0.00660265 0.00735488 -0.00916291 0.0133883 0.00629052 0.00648311 0.00580381 0.00714361 0.0195496 0.00689914 -0.141519 0.980948 0.0936139 -0.0306834 0.0362445 0.0139987 -0.00192748 0.0120548 -0.0129438 0.0274889 0.00420067 -0.0179057 -0.00266295 0.00222294 -0.0117553 0.00100837 0.000219045 -0.000270429 0.00298332 -0.00296437 0.00370644 -0.00440706 -0.00120607 -0.00377956 0.00283182 -0.000621414 -0.00109198 0.00154192 0.00268179 -0.00051912 -0.0045677 -0.00141337 0.00627997 0.00132924 -0.00225497 0.000117767 0.000680366 -0.00204093 0.00354882 -0.00505627 -0.000699451 0.00394498 -0.00173161 -0.00117693 0.000923849 -0.00268949 0.00174888 0.000822061 0.00472797 -0.00405666 -0.00134906 0.00060654 -0.00134231 0.00266009 9.55858e-06 0.00104363 0.0012906 -0.000962047 0.000938569 -0.000947408 -0.000310723 0.00101467 -0.000182217 0.00101554 0.00200123 0.000864354 -0.000147671 -0.000407787 8.04002e-05 0.00303855 0.00141593 -0.00262053 -0.000362872 0.000691023 -0.00127498 0.00337088
7.22655e-05 -0.00242291 -0.000817845 0.00127392 0.00145735 0.000579502 -2.64125e-05 0.000278498 0.00069316 -0.000603299 0.000981266 -0.00185895 9.53455e-05 -4.54056e-05 0.00164996 -0.00120027 0.000746653 -0.0020326 -0.000368267 -0.00508366 -0.00290722 0.00123308 -0.0116779 0.0014496 -0.0130364 -0.00224234 -0.00283738 0.00615282 -0.00903607 0.00908659 0.000607637 0.000874151 0.00396015 -0.000578195 -0.00265429 -0.00311586 -0.00451565 0.0020997 -0.000471268 -0.000780249 -0.0049926 -0.00081952 0.00327892 0.00315504 0.00292518 6.77534e-05 0.00161 0.00325228 0.00136835 -0.00341922 0.000744773 -0.00111566 0.000287289 0.00211749 0.00166716 0.00331824 0.000359236 -0.00153031 -0.000170866 0.00263036 0.00122481 0.0030628 0.000212987 -0.00148163 0.00341001 -0.00152804 -0.00274928 -0.000588186 -0.00162202 -0.00240643 -0.000904468 -0.000446052 0.00271244 0.00181001 0.00485193 0.00109629 -0.00178326 0.00621285 0.00573722 -0.000366651 0.000159433 0.00203817 -0.000118749 0.00144136 -0.00621408 -0.00197998 0.000172957 0.00402498 -0.00208717 -0.00335436 -0.00151897 0.00312776 -0.000392799 0.00302541 -0.000258329 0.00109306 0.004565 -0.00137529 -0.0026974 -0.00064745 0.00461967 0.000942272 0.00105766 0.00499494 -0.00068058 0.000787459 -0.00120825 -0.00209938 -0.00335064 4.39438e-05 2.51165e-05 -0.000220711 0.00272714 0.000425739 0.00293112 -0.00474822 -0.00414695 -0.000969649 0.00394121 0.000617681 -0.00197984 0.0020213 -0.000317134 -0.00147107 -0.00182178 -0.000700779 -0.00410102 0.00151588 -0.00211248 0.00107079 -0.00378548 -0.000309124 -9.27776e-05 0.0035821 -0.000588535 0.000354875 -0.0032436 -0.000715317 0.00119931 0.000929448 -0.000960229 0.000645539 -0.00244609 -0.00102467 0.00202454 0.000269286 0.00261296 -0.000231122 0.000185298 0.00194907 0.000622818 0.000308096 0.000847714 0.000965597 0.00130799 0.00163647 0.00196798 0.000669735 0.00190564 0.00259446 -0.00171524 0.00178427 0.00168264 -0.00274226 0.000323117 0.00302039 -0.000844305 0.00184648 -0.00405548 -0.00161943 0.00182799 0.000425131 0.000992784 -0.000818406 0.0021407 -0.000348927 0.00215431 -0.00349262 0.00151262 0.000217482 0.00294193 0.000554159 0.00276311 0.000253018 -0.00015819 -0.00307107 0.000377277 0.00547559 -0.000360347 0.000202562 0.000567244 0.00288539 -0.000196487 0.00163441 -0.0039445 0.000981457 0.000789435 0.00276011 -0.0016447 -0.000387018 -0.00485313 0.00221647 -0.00137674 0.000745593 -0.00964986 0.00913543 0.003903 -0.00981074 0.00536185 -0.0124708 0.00467494 -0.0150123 -0.00217751 -0.0184317 -0.00588211 -0.01868 0.0530705 0.104063 -0.986123 -0.0284661 -0.0663534 0.0421391 -0.0234944 0.0200102 -0.00267882 -0.027361 0.00314535 0.0191712 0.00999832 -0.00172556 -0.00221139 0.000515251 0.00439659 0.00915627 -0.0065646 -0.000187374 -0.00993157 0.00510779 0.00551454 0.00131939 -0.00423263 -0.00298904 0.00483714 -0.00231218 -0.00163936 0.00444789 0.00331458 -0.00345889 -0.00506935 -0.00373762 0.00288706 0.000552026 0.00412503 -0.00223764 -0.00152197 -0.000510057 0.0017608 -0.000862627 -0.000644786 0.000594993 0.00108063 0.00193466 0.000761093 0.00134221 -0.00290436 0.00110106 0.0013825 -0.00295387 -3.86571e-05 -0.00186136 0.00216494 -0.00123476 -0.00212512 0.00193888 -0.00188259 0.000891319 0.000656794 0.000922627 0.00186434 0.000215569 -0.00122952 -0.0050309 0.00403301 -0.0011612 -0.00059844 -0.000255371 -0.00198066 0.00386431 -0.000218326 0.000730889 -0.00101204 -0.00280719
-0.000253664 -0.00208863 0.00044409 -0.000593151 -0.00169893 -0.00135347 0.000111484 7.45743e-05 0.000728066 -0.00016477 0.00144729 -0.00400736 -0.000503822 0.000343858 0.00355217 -0.000252618 -0.000225776 0.00354573 -0.00335284 -0.000871579 0.00328525 -0.00210358 -0.00043766 -0.0114844 -0.00337842 -0.00277924 -0.000669099 0.00609891 0.00249415 0.00325283 0.0140103 0.00764361 -0.00516835 0.0059187 0.000724213 0.00103777 0.000601764 -0.00145882 0.000518327 -0.00512882 -0.00553379 0.0028239 -0.0031074 -0.000689941 0.00113803 -0.0011534 0.00216201 -0.00296923 0.00241701 0.0025221 0.00151698 0.00135226 -0.000597988 0.00245484 0.000214791 -0.00238991 -0.000765623 0.000616286 0.000648343 -0.000923174 0.000371062 -0.000712356 -0.00360726 -0.00340097 0.00085457 -0.000852253 0.00161392 0.000640397 0.000264043 -0.00260953 0.00198834 0.00235687 0.00373254 0.00148718 0.00356813 0.00242129 0.00364253 0.00801971 -0.0029908 -0.00447204 -0.00259061 0.00280409 -0.00463111 0.000244725 0.000506269 -0.00418374 0.00105049 -0.00378754 -0.00534696 -0.00063767 0.000944042 0.000727702 -0.00327529 -0.00332292 -0.000399056 0.00154326 0.000654473 0.00425597 -0.00143845 -0.00234197 0.000348001 -0.00312362 0.00251615 -0.00301544 0.000982221 0.00036841 0.00472708 -4.30244e-05 0.000306945 -0.00295361 -0.000860001 0.00134136 0.000110397 -0.00429631 -0.00132953 0.000885327 -0.00233492 6.3821e-05 0.0022403 0.0012628 0.00610814 -0.0014218 -0.00196214 -0.000323774 0.0045455 -0.000494075 0.00205774 0.00435274 -0.0027129 0.00161546 0.00449025 -0.00354231 0.00154697 -0.00104988 -0.000650806 -0.00100423 -0.000543949 0.00143859 0.00231485 -0.000342964 -0.00329151 0.00103004 -0.00115376 -0.00157382 0.00120933 -0.000644683 0.00232097 5.29865e-05 -0.000699399 0.00179062 -0.000435197 -0.0020504 0.00123483 0.00192371 -0.000183185 0.000305082 -0.00015225 3.70049e-05 -0.00200806 -0.00149218 -0.00122179 -0.00085328 0.000834664 -0.000317373 5.51138e-06 0.00235652 -0.00298685 0.000242907 -0.00151928 0.001669 -0.00149789 0.000120026 0.00049459 0.0021805 0.00286078 0.000111549 -0.00106528 0.00282747 1.8733e-05 0.00150311 0.0024906 0.00370007 -0.000624112 0.0025459 0.00365202 -0.00195119 -0.00277112 -0.0032693 0.00320499 2.22464e-05 -0.000230557 0.00124244 0.0027331 0.00219601 0.000624699 -0.000548749 0.00106051 -0.00217124 0.00343658 -0.000330433 -0.00161311 -0.00338337 0.000894199 0.0109376 0.0134478 0.000372711 0.00366473 -0.00756045 0.00369132 -0.0047111 0.0281263 0.00696648 -0.00106504 0.00894261 0.0133735 0.0422436 -0.045436 0.0179112 -0.0413308 0.966058 0.22415 0.0643451 0.0086559 -0.00440456 -0.000888374 -0.0030509 -0.00960581 0.0131292 -0.0112942 -0.0158568 -0.01299 -0.0200227 0.0112622 -0.0037363 -0.0033951 -0.00305074 0.011183 0.00664215 0.0037866 -0.00304141 -0.00171472 0.00283745 -0.00360809 -0.00407858 0.00397351 0.00246743 -0.00333888 1.94632e-05 -0.00124466 -0.00043781 0.00581822 0.00122414 0.00183108 0.00387615 -0.00304836 0.00293325 -0.00138986 -0.00152609 0.00420042 0.00660645 0.00248801 0.000264869 -0.000679995 0.000450312 -0.00142246 0.00229639 -0.00214657 -0.000321298 6.25341e-05 -0.000626758 -0.00110179 0.00108448 -0.00246748 -0.00429507 0.000833391 -0.000625504 1.97192e-05 0.00093895 -0.00200645 -0.000192835 -0.000643629 0.00126815 -0.00311062 0.00203127 -0.00207626 -0.00165708 -5.37428e-05 -0.00328095 -0.0014327 -0.00465106 -0.00363772 -0.00109843
-0.000682561 0.000404195 -0.00073853 2.88936e-05 0.00178217 -0.00021923 -0.000194051 -9.9543e-05 -0.00340769 -0.000585729 -0.000370135 0.000880393 0.000228843 7.38377e-06 -0.00261665 0.0021153 0.00183057 -0.0026823 0.00398214 -0.00184891 -0.00302191 -0.00176123 -0.0042258 0.0107901 -0.00102324 0.00618815 -0.00180238 -0.00547084 -0.00610583 -0.00120688 -0.0123245 -0.00950339 0.00594699 -0.00666717 -0.00066324 -0.00487231 0.00123191 0.00188073 -0.00212095 0.003321 0.00207166 -0.00173271 0.00399719 -0.00108341 -0.000845258 -2.14455e-06 0.000494642 0.000138499 0.000425501 -0.00218425 0.00116971 -0.00300347 0.000701388 -0.00185103 -0.00042388 0.0028309 -0.00274736 0.000401339 -0.000642587 0.000508322 0.000614703 -0.000908857 0.00110738 0.00139812 -0.000998035 -0.000719973 0.00059984 0.000218972 0.00302443 0.00155452 -0.00459157 0.00275975 -0.00342759 -0.00313298 -0.00513566 -0.00257659 -0.0027675 -0.000210499 -0.000978936 -0.000343183 -0.000844006 -0.00295364 0.00333694 -0.00262824 0.00279713 0.000305031 -0.00122318 3.74006e-05 -3.5962e-05 -0.00142711 -0.00340751 -0.00361085 0.00184476 0.00346936 0.00145979 -5.02068e-05 -0.00145589 -0.0037855 0.000791039 -0.000132724 -0.00428049 0.0012903 -0.00209427 6.3846e-05 -0.00306137 0.000318116 -4.60779e-05 -0.000343884 -0.000517793 0.00193214 -0.00294198 -0.00222619 0.000436074 0.00363921 0.00298632 -0.00118408 -0.00280776 0.000129327 0.00289025 -0.00126209 -0.00449184 -0.00100406 0.00230567 0.000169621 -0.00239822 -0.000190981 -0.00453694 -0.00192968 0.00383275 0.00149387 -0.00143274 0.00193699 0.00103219 -0.000464654 0.00159656 0.000395105 -0.00157963 0.000406737 -0.000425438 -0.000672171 0.000383983 -0.00127903 -0.00089142 0.00110215 -0.00212826 -0.000986211 -0.00211914 0.00167374 0.00166816 0.00159572 -0.00102096 0.00098583 0.000323485 -0.00227625 0.000109068 0.00135822 0.00137351 -0.000848617 0.000671191 0.00122698 -0.000809626 0.00145718 0.000425428 -0.000381919 0.000491337 -0.00124045 0.00395661 -0.000214484 0.000303649 -0.000182567 2.64902e-05 1.20496e-05 0.000579479 -0.0015933 0.000154326 -0.00263292 0.00404812 -0.000880647 -0.00110105 -4.11191e-05 -0.00191597 -0.00497763 0.00237574 0.000245819 0.000228318 -0.00171199 -0.00218856 -0.000509031 -0.00350952 0.00357262 0.00140884 0.0017495 0.00152386 -0.000873207 0.00472875 -0.00673361 0.00125248 0.000884857 0.000346958 0.00216964 0.000336558 -0.00381106 -0.00230047 -0.00188864 0.00125446 0.00205758 -0.00820012 0.00634891 -0.00061088 0.00302517 0.0099526 0.0173404 -0.00442878 -0.0188826 0.00222582 -0.00883603 -0.0139693 -0.0399883 -0.0640674 -0.226132 0.96578 0.0127073 0.0304489 -0.0168611 -0.0601312 0.00935066 -0.00155388 -0.00817845 0.000985968 0.0283102 -0.007476 -0.00967014 0.0185544 0.0037981 0.00127654 -0.00663576 0.00471549 0.00847387 -0.000867576 -0.00110736 -0.00751949 -0.000276832 -0.00222527 -0.00020079 0.00176157 0.000667534 -8.51517e-05 -0.000762488 -0.00347956 -0.00159968 0.00519089 0.000899485 0.0023134 0.00110337 -0.00169583 -0.00592128 0.000241047 -0.000944247 -0.00111876 -0.00320766 0.00170965 0.00229072 0.00330222 -0.00392056 0.00270677 0.000620485 -1.04388e-05 -0.00402775 -0.00207131 -0.00299993 -0.00108002 -0.00532891 -0.000620473 -0.000587696 5.43228e-05 0.00186406 -0.000737522 -0.00143158 0.00390316 -7.27198e-05 -0.00263611 6.35611e-05 0.00172467 -0.00328785 0.00206535 5.91299e-05 0.00342488 -0.00358403 4.47535e-05 -0.00597915 0.00238746 -0.00344547
-0.000739658 -0.000125244 0.00120641 6.71961e-05 -0.000447079 -0.000337318 -0.000494138 0.000346623 -0.000270717 0.000643539 0.00193223 0.00190394 0.000302362 -0.000218576 -0.000184777 -0.000220182 -0.00181768 0.000218109 -0.000259912 0.000141773 0.00140187 -0.00220807 0.000568172 -0.00168144 -0.000273825 0.00665629 0.00123801 2.37837e-05 0.00245795 0.0023918 0.00120953 0.00238721 0.00307536 -0.00230851 0.000764259 -0.00105829 0.00446653 -0.000468635 -0.00235572 -0.00209079 0.000429028 -4.40773e-05 -0.000590496 0.00126469 0.000362491 -0.00188461 -0.00106731 -0.00039274 -0.0014606 0.000564693 3.27932e-05 0.00145639 -0.00049869 0.00073056 0.00247502 -0.00211088 -0.000301221 0.0013656 -0.000400196 0.00120233 -0.00147304 -0.000454316 -0.000136131 0.000255136 -0.000702122 0.0014512 0.00128401 0.000997869 -0.000842288 0.00210127 0.0014852 -0.00269647 0.00110483 0.000387333 -0.00498354 -0.00181627 0.00265727 -0.00444277 -0.000945985 -0.000138262 0.000298466 -0.00059328 -0.00291329 -0.000326706 0.00162508 -0.000319065 -0.00147919 -0.00246622 0.00274552 0.000988186 4.40367e-05 -0.00320893 5.37988e-05 -0.00423344 -0.00135873 -0.00039074 -0.00219675 0.000812775 -0.000291727 -0.00172501 0.000685648 0.00161472 -0.00129145 -0.00401078 0.00116028 -0.00285546 -0.00141242 0.00120976 0.00017286 0.000298047 -0.00291416 -0.00185873 -0.00151569 -0.00159769 -0.00301008 0.00280675 0.000674043 0.00076972 -0.00445478 -0.00145327 -0.000324275 0.00272772 -0.000184139 -8.94527e-07 -0.000883751 -0.0014019 -0.000570112 0.000800422 6.8848e-05 -0.00105504 -0.00152541 0.00116153 -0.0014702 -0.000984371 -0.000439533 -5.62133e-05 0.00292351 0.000155724 -0.00210957 0.000205018 0.000960926 -0.00120132 0.000980038 0.000363847 -0.000997863 0.00254548 -0.000456416 0.000762029 -0.000671389 -0.00174342 -0.00206484 -0.000490249 -0.00181624 -0.000281591 -0.00068317 -0.00287756 0.000999473 -0.000928702 0.000183308 -0.000487068 0.00241288 0.000769887 -0.000652924 0.00128105 0.000471129 -0.00116753 -0.0015395 -0.000398084 0.000554202 -0.00254384 0.00252967 0.00165277 0.00110852 0.00352592 0.000663402 0.00181661 -0.00156456 0.000893393 0.00100044 0.000991115 0.00127206 -0.00166653 0.000455321 -0.00166406 0.00235123 -0.00130015 -0.00167171 -0.000345497 -0.00186209 -0.00244233 0.000285224 -0.00274948 -8.94372e-05 -0.00132139 0.000685746 0.000511716 0.000151681 -0.000292854 -0.00160362 -0.0020462 -0.000484057 0.0015666 0.00172438 -0.000121702 0.00169948 -0.00708987 0.00209735 0.00192869 0.000698419 0.00360081 -0.00643067 0.00198613 -0.00179359 0.00792292 -0.00822946 -0.00685384 -0.0204652 -0.0211871 0.0396438 -0.0588493 -0.0272752 0.990693 0.0957486 0.0208205 -0.000959815 0.00213699 0.00376753 -0.00654691 0.00206142 -0.0117334 -0.00787812 -0.00235641 -0.0125516 -0.00495767 -0.0042666 0.00494205 0.00666279 0.00337461 0.0040691 -0.00150054 0.00453113 0.00793937 0.00192797 0.00429887 -0.00513381 -0.00114075 0.00157888 0.000476963 0.00329787 -0.00103464 -0.00359293 0.00244705 3.27287e-05 -0.00113166 -0.00154372 -0.00315526 -0.00255914 -0.00118011 0.00138314 0.000353535 -0.00116781 -0.00121185 -0.00126184 0.00109399 0.00277154 -0.000428871 0.00246535 0.000801827 -0.00282682 0.000794873 -0.000842027 0.000302992 -0.00146263 -0.000247515 -0.00131438 9.04165e-05 -0.00117425 -0.000519269 0.000338363 -5.11771e-05 -0.000514143 0.000774402 0.00144515 0.00101214 -0.000567297 0.00173392 -0.00292207 0.000100271 0.000860703 0.00262093 -0.000365378 -7.85544e-05
-0.00112867 -0.00228639 -0.00171607 -0.000146491 0.00028319 -7.19187e-05 0.000111827 0.000374224 0.000327252 0.000191832 0.000821709 0.0018985 0.000281697 0.000748623 -0.00129341 0.000290754 -0.000105405 -0.000700481 -0.00167926 -0.00127642 0.0025381 -0.000794712 -0.00323965 -0.00295659 -0.00319559 0.00645467 -0.00492067 -0.00299559 -0.00514425 0.00632611 -0.00101468 -0.00200419 0.00616671 -0.00339228 0.00158649 -0.000229674 0.00349301 -0.00244548 -0.0026529 -0.00078989 -0.00421736 -0.0011193 -0.000883166 0.00124933 0.00420148 -0.000127782 -0.00139508 0.000512717 -0.000410283 -0.000859021 0.0016298 -0.0004533 -0.000866519 -1.08899e-05 0.000899047 0.000453614 -0.000424097 -0.00146607 0.000207375 0.00111473 -8.82411e-06 0.00124175 -0.000257716 -0.000351104 0.00290357 0.000143209 -9.77588e-05 0.00021568 0.000308383 0.00237027 0.00182304 0.00158181 0.000740373 -0.000557438 -0.00197012 -0.000197359 -0.00170682 0.000992291 0.00200306 0.00135221 -0.000576847 -0.00407123 0.000888045 -0.00170021 2.20192e-05 0.000561819 0.0015963 0.00186464 0.00026695 0.00279406 -8.03006e-05 0.0024926 -0.00353602 0.00101978 -0.00174577 0.000555212 0.000242813 -0.00101916 -0.00183875 -0.00361713 0.00173441 -0.000567126 -0.00350226 -0.00227777 -0.00186825 -0.000804502 0.00261652 -0.000445855 -0.00106565 -3.19964e-05 -0.00107158 -0.0021698 -0.000917015 0.00194564 -0.0010242 -0.00178758 -0.000641299 -0.000691273 0.000773631 -0.00098792 -0.00106208 0.00273842 -0.000418279 0.00111224 -0.00134458 -0.000884126 -0.00233833 -0.00145629 0.000561312 -0.000586683 -0.000995033 -0.000148302 0.00014946 0.000579708 0.000492658 -0.000796151 -0.000955477 -0.000979545 -0.00180516 -0.00114146 0.000533608 0.000160398 -0.000590612 0.000320079 -1.22867e-05 0.000364072 0.00054979 -0.000350102 0.000805126 0.000335585 0.000573545 -0.00064323 -0.000474549 0.00225213 0.00161313 -0.000949283 0.00130957 3.6538e-05 0.000475037 0.00039492 -0.000242129 0.00150592 0.00085688 -0.000827297 -0.00078315 -0.000699928 -0.0013937 0.00135886 -0.00095812 -0.00162255 -0.000382234 0.000444457 -9.20602e-05 -0.000687827 0.0014043 0.000963896 -0.00147662 0.000101162 0.00151375 0.000379153 0.00107605 -0.000582283 0.000282748 -0.00113147 0.00114188 -0.000960534 -0.000723729 -0.00193085 0.000259165 -0.00246108 0.00214429 -0.00320202 -0.000971568 -0.00333015 -0.00160207 0.000441523 -0.000557026 0.00133635 0.00052539 -0.00277414 9.14509e-05 0.0036208 0.00229714 -0.00325667 0.0020971 -0.000505519 0.00155537 -0.00563019 -0.00369787 0.00570022 0.00165524 -0.00729899 0.00581197 0.00872531 0.00798597 -0.0024638 0.00510139 0.00703883 -0.0238671 0.00317007 -0.0294469 -0.0963008 0.993074 0.0174738 0.00691164 -0.00754594 0.0029723 -0.000418157 -0.0114587 -0.00691642 -0.022809 0.00609993 -0.00599 0.00147 -0.00233861 -0.00257237 0.00184995 -0.00815351 0.00755511 0.00540625 -0.000360293 -0.00171625 -0.00228879 -0.00275401 0.00140756 0.00303563 0.00221728 -0.000763094 0.0033886 -4.3963e-05 -0.00158825 0.000533403 0.00526004 -0.000262115 0.00118904 -0.00151697 0.00112073 0.000876599 -0.00226231 0.000849989 0.000918022 0.000654033 0.00289443 -0.00144586 0.00130184 -0.00307509 -0.00055794 -0.000383 -0.00167822 0.00348743 0.00108709 -0.0002534 -0.000189321 0.000364151 -0.000645642 0.000242202 -0.000855843 0.00153907 -0.00119292 0.00114892 -0.00200046 -0.00138745 0.00397921 0.00309557 -0.00166295 -0.000943802 0.00341104 0.000580328 0.000401021 0.000641348 -0.00210536 -0.00066269
-0.00130045 -0.00114529 -0.000164372 0.00216031 0.00130271 -0.000271877 -0.000112506 -8.00059e-05 -0.0016329 -0.000633142 0.00281025 0.000357778 -0.00024914 -0.00105615 -0.0054326 0.00145654 0.000306547 -0.0057794 -0.0100438 -0.00291686 0.00466048 0.00796756 -0.00047007 0.00466431 -0.00419434 0.00615089 -0.0148914 0.000754 -0.0170099 0.00621803 -0.0156428 -0.006876 0.0176447 -0.0028385 0.000475156 -0.00306421 -0.0017217 -0.0015024 -0.00806193 0.0067457 -0.00565908 -0.0096782 -0.000295854 0.00699784 -0.000260289 0.000403028 -0.00160611 0.0050088 -0.00127406 -0.00365241 -0.000468838 -0.00303225 -0.000106442 -0.00394002 -0.00572252 0.00520719 0.000275419 -0.00310538 0.00130621 0.00636146 0.00358589 0.00306759 0.000318985 0.00298696 -0.000112487 0.00208105 0.000287359 -0.00169313 0.00397569 0.00460016 -0.00531744 0.00489098 0.00233185 0.000254769 -0.00736597 0.00164747 0.000584423 0.00150255 0.00636761 0.00102977 -0.00238216 -0.00611095 0.00160014 -0.00155661 0.00216591 0.00425565 0.0024999 0.000346786 0.00291187 0.000243594 -0.00324845 0.00399567 -0.000938374 0.00438889 0.000243428 -0.00046716 0.00179974 -0.00105241 -0.0039969 0.00227295 0.00226794 0.00165987 -0.00512051 0.00385552 -0.00206866 -0.00534915 0.00374677 0.000667526 -0.00267068 0.000663857 -0.00204029 -0.00181435 0.00130172 0.00721295 0.000839767 -0.0068233 -0.0025158 -0.000983196 0.00174087 -0.00633219 -0.00774976 0.00171026 -0.00167993 0.0030832 -0.000628989 0.000263847 -0.0051849 -0.000959918 0.00213005 0.00310729 -0.00578313 0.00437376 0.00197163 -0.000304596 0.000713493 -0.001254 -0.00399705 -0.000168635 0.00293549 -0.000337292 0.00287758 0.000580972 -0.00293175 -0.000684813 -0.00150499 0.000298498 -0.00221316 -0.000514498 0.00330665 0.00125817 -0.0016597 0.000299045 -0.000343623 0.0015774 0.000440418 0.00242294 0.00276313 -0.00299653 0.00220646 0.000167553 -0.00219182 0.000974414 -0.000590168 -0.00151922 -0.00310693 -0.00116669 0.000481448 0.00194183 0.00252867 -0.000180868 0.00213375 0.00232956 0.00164748 -0.00197428 0.00102115 -0.00400472 0.00147174 -0.00398057 0.000334643 0.00147911 -0.0026258 -0.00411341 0.00155563 0.000306532 0.00127621 -0.00389053 0.000598193 0.00313741 -0.00115024 -0.000696227 0.00199213 -0.000758003 -0.00275801 -0.00333445 -0.00212703 -0.00169423 -0.00464477 0.00321361 0.000106722 0.0009627 0.00208405 0.000976585 9.95642e-05 -0.00908328 -0.002799 -0.00104283 -0.00696104 0.00856478 -0.000703598 0.000271149 0.000454035 -0.00575677 0.00266183 -0.00880023 0.00707926 0.0150374 0.0130673 -0.00904606 0.0202129 0.00311081 0.0267685 -0.0166073 -0.019845 0.975854 0.171181 -0.0647132 0.0180752 0.00474463 0.0107853 0.05661 0.00293045 -0.00400656 0.0361397 0.00960131 0.00135793 -0.00703809 -0.000105987 -0.00156578 0.00116207 -0.00624328 0.00256051 0.0127474 0.00326368 0.00205804 0.000809821 -0.00083311 0.00110276 0.00486222 -0.00190773 -0.00181982 0.00100402 0.00226613 0.00101885 -0.00168768 0.00530348 0.00413924 0.00196325 -0.00236655 0.00134033 -0.00170375 -7.58108e-05 -0.00142283 0.0028124 -0.000495697 -0.000140129 0.0017077 -0.00362876 0.000314596 -0.00227373 0.000490797 0.000383319 0.00079401 0.00154816 -0.0015324 -0.00303564 0.000889036 -0.000628389 -0.00213689 -0.000869479 -6.68311e-05 -0.00241052 0.00092635 0.000717171 -0.00106474 -0.00171995 -0.00126877 -0.00233586 0.00178463 -0.000665829 -0.00139476 -0.000598885 0.000357297
0.000817459 0.0025992 0.000472715 0.000399986 -0.00321064 0.00145053 -0.000280509 -0.000124381 0.00227245 0.000251159 -0.00179456 -0.00220908 0.000956322 -0.000694227 -0.000741928 -8.88444e-05 -0.0012485 0.00344115 -0.00351235 0.0080652 0.00680785 0.00529261 0.0152099 -0.00750602 0.0101031 -0.00858137 0.000384775 0.0028184 0.0080491 -0.0106094 0.00303279 0.0093007 -0.00920587 0.00703954 0.000569863 0.00450376 -0.000507838 -0.000403525 0.00329933 0.00324294 0.00449319 0.00132984 -0.00230819 -0.000498725 0.000533423 0.00289358 0.00164202 -0.00269895 -0.00176139 0.00210679 -0.000824968 0.00212713 -0.00119832 0.000622967 -0.000350838 -0.00196043 -0.000423546 -0.00159603 0.00031967 0.00145513 -0.00176904 -0.00166164 0.000284208 -0.000699369 -0.000270629 0.00146344 -0.00169694 4.70558e-05 -0.00346939 0.00134578 -0.00230599 -0.0036428 0.00245186 -0.000427226 0.000789213 -0.00299243 -0.000479775 -0.00500894 -0.00300776 -0.00165222 0.00485182 -0.000373948 -0.00088276 -4.50985e-05 -0.00131542 3.12187e-05 -0.00208986 0.00289034 -0.000790424 0.000785603 0.0065507 0.00510782 -0.000635516 -0.00119812 0.00200384 -0.00350385 -0.00280887 0.00503599 0.0026361 0.0018417 0.00015779 -0.000270212 0.000685087 -0.00017922 0.00304766 -0.000476702 0.00199878 0.00137573 0.00473753 -0.00215394 0.00245117 0.00336594 -0.00232863 -0.00174564 -0.00364792 0.00275107 0.00531528 -0.00355101 -0.00137244 0.00230613 0.00543709 0.00148687 0.00224415 -3.18999e-05 0.000453492 0.00117512 0.00727511 0.00246639 0.00155006 -0.00293077 0.000918019 -0.00335248 0.00103055 -0.00128678 -0.00312429 0.00113132 -0.000419903 -0.00251485 0.000933766 -0.00122898 0.000124434 0.000519012 0.00299878 0.000914341 0.00371137 -0.00095094 1.8005e-05 0.00144488 -0.000569172 -0.00297598 0.000120529 0.00201597 -0.000994935 -0.00054404 -0.0016758 0.00174356 -0.00296974 -1.97198e-05 -0.00161023 -0.00419129 -0.00153223 -0.00127182 -0.00131823 0.0018972 0.000667743 0.00350252 0.000961483 -0.000731628 0.00401208 0.00340231 -0.000223046 -0.00270658 -0.00226985 -0.000748335 -0.0059243 0.000352601 -0.00209279 0.00317866 0.00246713 -0.00202754 -0.000526534 0.00338875 -0.00677723 -0.00284572 0.000409698 0.00349301 0.000954085 -0.00509641 0.00382408 -0.00269119 -0.00227742 0.00446594 0.000152926 0.00110317 0.00127085 0.00116595 -0.000293774 -0.0081235 -0.000194928 -0.00114323 -0.00289374 0.00322676 0.00866072 0.00453241 0.00671402 0.00235605 0.000637333 0.000921947 -0.000447046 -0.00164993 0.00824564 0.0029186 0.00293766 -0.000519842 0.0142057 -0.0450254 0.0114369 -0.0123572 0.00615334 0.0150072 -0.0544082 -0.00547773 0.00247793 0.175978 -0.976414 0.0145877 -0.050256 -0.02825 -0.0193273 0.0284748 -0.0096526 -0.00297765 -0.0110782 -0.00176644 0.00822756 -0.00534057 -0.00756964 0.00949421 -0.0127895 0.0079796 0.00594364 -0.00259575 -0.00230736 -0.00336971 0.00368201 -0.000578119 0.00311371 -0.000496328 0.00686553 -0.000517775 -0.00403308 -0.00327438 -0.000626171 0.00196678 -0.00399595 -0.000889524 0.00179115 -0.000461914 -0.00294907 -0.00407907 -0.00286529 0.00128827 -0.00242987 -0.0024473 -0.00652461 -0.00225456 -0.000644096 -0.0019646 0.00234671 0.00558953 0.00182563 0.00270048 0.00391983 0.000372564 0.00346699 -0.00133642 0.000429858 0.000467244 -0.00409168 -0.00152453 0.00173561 -0.00310696 3.93482e-05 0.00327046 -4.87993e-05 -0.000653769 -0.00158089 -0.00112019 0.000608651 0.000609129 0.00416939 0.00352088
-0.000561505 -0.00149919 -0.000676819 0.000727471 -0.000981048 0.00105037 0.000226625 -0.000759074 -9.13157e-05 -0.00119317 0.00124696 0.0031871 -0.000618695 -1.83127e-05 -0.00374583 0.00153369 0.0016 -4.65208e-05 0.00011153 -0.00678125 0.00706964 0.00124871 0.000323014 0.0034859 -0.0012434 0.00582058 -0.00475856 -0.00838949 -0.00588338 0.00556653 -0.00195016 -0.00569221 0.00302805 0.00357843 -0.00213207 0.00116736 0.000271608 0.00145422 -0.00193365 0.0017003 -0.00238251 -0.00833468 0.00367604 -0.00273596 -0.00116377 -0.00115305 0.00191124 -0.000778895 -0.000619182 -0.00414189 -0.000827441 0.000437764 -0.00134561 -0.00227564 0.000257819 -0.0011381 -0.00152765 -0.00200609 0.000707074 -0.00297922 0.0023804 0.00163593 0.00042868 -0.00114071 0.00104543 -0.00286851 -0.00316142 -0.00184194 0.00283024 0.00135141 0.00323021 0.00708716 -0.00503905 0.00294593 0.0020309 -0.000281304 -0.00777919 -0.00244419 -0.00313837 -0.00055413 -0.00264962 -0.00101398 0.00203792 -0.00491104 0.00361127 0.0045082 0.000460554 0.00355391 0.00214002 -0.000634039 -0.00359793 0.00341359 -0.00371123 0.00424595 0.00083037 0.000612621 0.00252161 -0.00353026 0.00235149 -0.00168677 -0.000317832 -0.00390455 -0.00473749 -0.000907981 -0.00280665 0.000232536 -0.00236704 0.000545432 -0.000862248 0.00315884 -0.00190364 -0.00273656 -0.000958683 0.00219414 0.00205152 -0.00522908 -0.004152 0.000793987 0.00184732 -0.00212233 -0.001181 0.00131045 0.00282407 0.00141313 -0.000236345 0.00209769 -0.00171345 -0.0055575 -0.000544606 0.00150808 0.000976578 -0.00195617 -0.00122583 -0.000940567 0.00283002 0.00160467 -0.00261889 0.00250949 -0.0018103 -0.001826 -0.000584396 0.00262509 0.00281988 -0.000140772 0.00112068 -0.00212758 0.00138952 0.000496328 -0.000405308 0.00111067 0.000188064 0.000324312 -0.000451021 -0.00112947 0.00243241 0.000474878 -0.00231434 0.000447893 -0.00192262 -0.00060873 0.00137293 -0.000878173 0.00165574 0.00025072 0.000673003 -0.00376072 0.00332969 0.00051499 0.00166452 -0.000377441 -0.00144959 -0.00137478 -0.00134365 0.00122011 -0.000860351 -0.00176944 -0.0014279 -0.000446929 -0.00232398 -4.61305e-06 0.00153322 0.000683545 -0.001055 0.000376434 -0.00103783 0.00106359 -0.00137073 7.4196e-05 -0.000558677 0.00192506 0.00379254 -0.00639428 -0.000648577 -0.000627443 0.00115097 -0.00391551 0.00125631 -0.00226603 0.0053298 0.000125625 0.000821282 4.25184e-05 0.00370956 -0.00587316 0.00305551 0.00527122 0.00260347 -0.00424738 -0.00322255 -0.000543839 0.00133432 -0.00221559 -0.015597 -0.00601213 -0.00746386 0.0103756 -0.00175918 -0.0259524 -0.0285563 0.00662584 -0.0100486 -0.00306364 0.00496418 0.0591219 0.0196966 0.989325 0.0994266 -0.0261772 0.0167786 -0.00859476 0.0101727 -0.013974 0.0145805 0.00314567 0.00763546 -0.0092289 -0.0113117 0.000119831 -0.00155767 -0.0115183 0.00900729 -0.0064369 0.00220028 0.00242688 0.00148385 -0.00386035 -0.00413857 0.0014114 -0.0037071 0.003411 -0.0013207 0.00379323 0.00487557 -0.00663783 -0.00167934 -0.00372751 -0.00229972 -0.00083407 -0.00266021 -0.00638141 0.00316694 0.000383443 0.00497744 -0.00372141 0.0041718 -0.00210089 0.00134852 0.000144623 -0.00221179 -0.00284861 -0.00220718 -0.000227166 0.000437224 0.000779757 -0.00365758 0.0032665 -0.00048457 -0.000898201 0.00365927 0.00182923 -0.00111313 0.00149888 0.00351698 -0.00175306 0.00122816 0.00130922 -0.001349 -0.00278512 -0.000428049 0.00435798 -0.000285507 0.00391861
0.000865262 0.00224424 0.000483126 -0.000628087 -0.00195896 -0.00211952 -0.00103597 0.000451262 0.000684746 0.000246262 -0.00212732 -0.00236548 -0.000808954 0.000345377 -0.00372602 0.000458188 0.000521173 0.000676371 -0.00528324 0.00717914 0.000407881 0.00263875 0.0110906 -0.00768037 0.0110445 -0.00502066 -0.00667006 0.00114719 0.000214555 -0.0078379 0.000411433 0.00369843 -0.00854622 0.00408344 0.00362556 0.00452695 -0.00149449 0.00015994 -0.000742635 0.00405132 0.00232638 -0.00369138 -0.00118205 0.00119573 0.00163079 0.00132172 -0.00343784 -0.0043777 -0.00125491 0.000910641 -0.000587987 -9.17564e-05 -0.000760983 0.000887384 0.000213104 -0.000433959 -0.00137238 -0.000294305 -0.00164443 -0.00073472 0.00268064 0.00025338 -0.00110877 0.00125336 -0.00487638 0.000464916 0.000144925 -0.00198017 0.00359516 -0.00259432 -0.000690699 0.000334051 0.00116362 -0.00123506 -1.00509e-06 0.00111094 -0.00106818 -0.00389586 -0.00244143 -0.00452391 -0.0027452 -0.00366372 -0.00112874 -0.00522996 0.0107514 0.00602531 0.00178964 0.00268471 0.000683777 0.00421075 0.00152541 0.00299219 0.00374601 -0.000485398 0.00308541 0.00209911 0.00101498 0.00227033 0.000402816 0.00270951 0.00170025 -0.00182061 -0.00245705 0.00222561 0.00127007 -0.00398427 0.0031989 0.000744816 0.00154295 0.000561496 0.00253776 -0.00137997 -0.00297247 0.00049715 -0.00296068 0.00220465 0.00209389 0.000133731 -0.00421909 -0.00236413 0.00346963 -0.00639249 0.00343344 0.00325197 0.00132142 0.00335212 0.00168719 -0.0020288 -0.00344201 0.000463772 0.00293767 0.000837089 0.00256615 -0.00388312 -0.000222632 -0.00153777 0.000481048 0.000847801 0.000978722 0.000944178 -0.00214907 0.002835 -0.000421196 0.000304871 5.8925e-05 -0.00250275 0.00145523 0.0023779 -0.000986776 0.000663933 -0.00131027 -0.00234578 -0.000949979 -0.000589651 0.00112367 0.000585617 -0.00443927 0.00292082 -0.00177896 -0.00259533 0.000416471 -0.00320421 0.000900399 0.00369943 -0.000941277 -0.00209766 0.00248297 -0.00114098 0.00799371 0.0043938 -0.00234157 -0.000826901 -0.00143575 0.00332102 -0.00125723 -0.000846053 -0.0020155 0.00438689 6.89853e-05 0.000461825 0.000958271 -0.000390612 -0.00159078 -0.00122049 0.00322989 0.00369717 0.00222959 -0.00231857 0.00202617 -0.00201107 -0.00178559 0.00125751 -0.00183164 0.00106178 0.000467333 -0.00396975 0.000595123 -0.00485161 0.00449944 0.000409108 0.000807163 0.000347944 0.00505454 -0.00110784 0.00722629 -0.00637411 -0.00177968 0.00250284 0.000739141 0.000679819 0.00238137 0.00490825 -0.00693144 5.72995e-05 0.0110844 0.00954579 0.00360427 -0.00807176 -0.00613567 0.0138275 -0.0012037 -0.00379278 -0.00409117 -0.0163164 -0.0356438 -0.099177 0.901573 -0.408511 -0.0461672 0.0264175 -0.0204767 0.0225818 0.00463366 -0.00043169 -0.00593886 0.0143578 0.01158 -0.00594609 0.000618781 -0.00862848 0.0102835 -0.0120774 -0.00529873 -0.00341822 -0.00545243 -0.00603979 -0.00858062 -0.00235916 -0.0013369 0.00403529 0.00456067 0.00439484 -0.0109027 -0.00425152 0.0034775 -0.000862048 -0.000755147 0.002648 -0.00153632 -0.00370074 -0.00128345 -5.95214e-06 0.000497296 0.00070165 0.00464845 0.00193377 -0.0015568 0.00358296 0.00105429 0.00178467 -0.000331882 -0.00208388 0.000131996 -0.0033071 0.000231141 0.000531152 0.00170471 0.00270052 0.0025867 -0.00129115 0.00502023 0.00128579 -0.00261938 -0.00432051 -0.000218378 0.00161758 0.00364488 -0.00281537 -0.0018951 0.00153331 -0.00217794 0.00529383
-0.000132365 -0.00202639 0.000513554 -0.000113734 -0.000434322 -0.0012613 -0.00110027 0.000433402 0.00157311 0.000743116 0.000900301 0.00137205 0.000150176 0.000969265 0.00255331 -0.000809681 -0.000921909 0.00160246 0.00293423 -6.00603e-05 -0.00099825 -0.00557558 0.000694651 -0.00222664 -0.00329328 0.00775019 0.00135701 0.00596376 -0.00220026 0.00505572 0.00441558 0.00437451 -0.00186311 -0.00459243 -0.00118203 0.000667958 0.00289839 0.00319561 0.00213646 0.00183459 -0.000579931 0.00217013 2.39406e-05 0.000356866 0.000171401 -0.00109429 0.00241776 -0.00129852 -0.000674136 0.000791646 0.000532982 0.00215476 -0.00185597 0.00091521 -0.00318257 -0.00392576 0.00073449 -0.000495906 -0.00087409 0.00157962 -0.00117814 0.000143933 -0.000707329 -0.000290577 0.00146781 0.000163162 0.00182851 0.00157194 -0.00463338 -0.00181078 0.00612451 -0.00100028 0.00421397 0.00645176 0.000819314 0.00467245 0.000159715 -0.00391738 0.00289781 -0.000829726 -0.00144548 0.00570413 -0.00357913 0.00325557 -0.00339142 -0.00228673 0.0010415 -0.00767221 -0.000357036 0.00105522 0.00266766 -0.00104259 0.00265521 -0.00519347 -0.00102714 -0.00374811 0.00139208 0.00180868 -0.000194842 0.000557406 0.00197392 -0.000306621 0.000158823 -0.00181369 0.00153884 0.00210688 -0.00281858 -0.000947977 -0.00238829 -0.000315493 -0.00475248 0.00102597 0.000671831 0.000589001 -0.00102753 0.000292619 -0.00400325 0.000859626 -0.00187909 0.00101735 -0.00134321 0.00542029 -0.00410358 -0.00298617 0.00178628 -0.00065168 0.00198286 0.00266546 -0.001711 0.00032984 -0.00247884 -0.000533268 9.05042e-06 -0.000211512 -0.00218947 -0.000435888 0.00266402 -0.00184856 -0.00148245 0.00119437 0.00143121 -0.00123596 -0.000567846 -0.000338829 5.07981e-05 0.000322305 -0.00146406 -3.97869e-05 -0.00070341 0.000178995 -0.00304134 -0.00281299 0.00249193 0.00269694 -0.00209152 -0.00189398 0.00372851 -0.00168192 -0.000267422 0.00222669 2.40624e-05 0.00124744 -0.00168344 -0.0015834 0.00255586 -0.00102762 -0.00257632 0.00121942 -0.00443332 -0.00244824 0.00229043 0.00147199 0.000998422 -0.00142502 0.00310332 0.00228071 -0.00174216 -0.00107252 0.00314078 0.00207065 0.00492149 0.00300304 0.0017328 3.71962e-05 -0.0011924 4.84414e-05 -0.00313304 0.00328226 -0.00263396 -0.0014194 -0.00232637 -0.00192785 0.000209535 -0.00128231 -0.00361787 0.005307 -0.00249851 0.0038621 -0.00267077 -0.000397309 0.000673779 -0.00284926 -0.00388062 0.00208494 -0.00227012 0.00290158 0.00363108 -0.000141351 0.00147054 -0.0032362 -0.00530026 -0.000303399 0.00257527 0.0107194 0.00643642 0.00397227 -0.0123463 0.0104158 0.0203741 -0.0126491 0.0101268 6.22207e-05 -0.000914983 0.00547685 -0.0525351 -0.0155582 0.409186 0.895669 0.0396149 -0.139333 -0.00133299 0.0180208 -0.0219025 -0.00970432 -0.0161495 0.027551 -0.00421601 0.00272411 0.00647801 0.00391388 -0.0103185 0.00582458 -0.00291608 0.00979133 0.00261314 -0.00230377 0.00268153 0.000618948 0.0109073 0.000768099 0.00190113 0.00194406 0.011086 -0.00295775 0.00440535 -0.00221676 0.00132794 -0.00551053 -0.00208454 0.00836099 0.00121652 -0.000830501 0.000181363 -0.0015431 0.00181084 -0.00169552 0.00322819 -0.00200509 -0.00415538 -0.00248602 0.00499516 0.00347384 -0.00159069 -0.00020511 -0.00365949 0.000332092 -0.0033134 -0.0013995 -0.0037719 0.00321921 -0.00209567 0.0013548 -5.64985e-06 0.0047468 -0.00181339 -0.00474861 7.39963e-05 0.00896684 0.000181879 0.00648062 0.00038516 0.000902911
-0.000406003 -0.000174308 0.000135877 0.000668859 0.00337039 -0.000872011 -0.000413045 0.000311128 0.00350778 -0.00217028 -1.64198e-05 0.00591888 0.000819586 0.000524389 -0.00410921 0.00196541 -0.00110553 -0.00608797 0.0084185 -0.00575982 0.00178625 -0.0121686 -0.00576298 0.0111725 -0.00356903 0.00532859 0.000162993 -0.00686788 -0.0145193 0.00453831 -0.0240002 -0.0115283 0.0114926 -0.0188894 -0.00418883 -0.00529215 0.00637867 -0.00415553 -0.00136469 0.00432972 0.00216045 0.00422252 -0.000390053 -0.000339441 0.00160621 0.000511751 -0.00195217 0.00376887 -0.0021342 -0.00126532 -0.00222505 -0.00282024 -0.00126594 0.000547069 -0.00262953 0.000195314 0.00147425 -0.00267776 -0.00115759 0.00206808 -0.0030571 0.00210325 0.00205349 0.000622731 0.00144001 0.00145559 -0.00137717 0.000898032 0.00326332 0.00889138 -0.00507404 -0.00315013 -0.00175834 0.00136442 -0.0101958 -0.0104828 0.00108378 0.00150319 -0.00113252 -0.00134501 -0.000648893 -0.00715189 0.00197517 -0.00192074 0.00832315 2.76364e-05 -0.00199625 0.00809609 -0.00335226 -0.000687067 -0.000397364 -0.00369702 -0.000507974 0.00315922 -0.00271898 0.00306464 -0.00300307 -0.0020612 -0.000320406 -0.00157245 -0.00103848 0.00531896 2.50333e-05 0.00165012 -0.00604477 0.00334888 -0.00227135 0.000148358 -0.00148261 0.00633823 -0.00633305 -0.00303886 -0.000504494 0.0100417 0.00388481 -0.00439115 -0.00519437 -0.00186579 0.00205697 -0.00246516 -0.00908993 0.00781735 -0.00188448 -0.00132481 -0.000664534 0.000748105 -0.004343 -0.00551089 0.00710722 -0.000785601 -0.00729347 0.0032253 -0.00107411 -0.00171556 0.00602664 0.00127329 -0.0026187 0.00105176 -0.00150249 -0.000404321 0.00932272 0.000282575 -0.00430841 0.00232404 -0.00337682 0.000855154 0.00162928 0.00338099 0.00187476 -0.000198314 0.00131943 7.10954e-05 -0.0003124 0.000796143 -0.000933014 0.00242678 0.00242342 -0.000407219 -7.03218e-05 0.00273425 0.00101633 0.00439479 -0.00102719 -0.00163865 0.00260878 -0.000449758 0.00340752 0.00195371 -0.00246888 -0.00131439 0.00322334 0.000829029 -0.00229532 4.9238e-05 0.000562697 -0.0016882 -0.00014464 -0.0058521 0.00137268 0.00142721 -0.000434547 -0.0030082 0.00517947 0.00036162 0.000233117 -0.00463734 -0.00155805 -0.00170976 -0.00177944 0.0019538 0.00503976 -0.00250558 0.000103707 -0.00417949 -0.00128598 -0.00274251 -0.000100645 -4.29972e-05 -0.00303956 0.000561683 0.00490856 0.00402191 -0.0015684 -0.00881869 -0.00154261 -0.00204817 -0.00611112 -0.00577098 -0.00348555 0.00644447 -0.000974492 -0.00310693 0.000475893 -0.0118524 -0.00878854 -0.00478913 0.00693594 0.00626507 0.00758947 0.0228085 -0.0294222 0.0137403 0.0119658 -0.0676124 -0.000128375 4.10095e-05 0.0434512 0.115776 0.318757 0.904733 0.000144986 -0.0800939 0.198394 0.0579379 -0.0134121 0.00156407 0.00661918 0.0097804 0.00123764 0.0146788 -0.00484458 -0.00280485 0.00622385 -0.00863626 0.00860433 0.00337246 0.00233625 -0.00362388 -0.00675504 -0.002315 0.00234629 0.00227104 -0.00408781 0.000886546 -0.00367543 0.000492153 -0.00407262 -0.00583993 -0.000670817 -0.00577567 -0.00193692 0.00271583 0.00235711 4.67027e-05 -0.000102239 0.00302249 -0.00228174 0.00207248 -0.00159591 0.00306766 0.00439952 0.00294203 0.00477227 -0.00185534 -0.00281125 0.00322829 -0.00216175 -0.000657258 0.00231148 0.00170354 -0.00482806 -0.00077683 0.00346248 0.00132588 0.00114812 -0.00033869 0.000362126 0.000902371 -0.000449313 0.000545823 0.00293547 -0.00174001
-0.000282928 -0.00403096 -0.00101568 0.000232231 0.000833353 5.27528e-05 -0.00114793 -0.000446358 0.00250334 0.00185693 0.00328539 -0.00151809 0.000742134 0.000661819 -0.00221711 0.000186715 0.000738911 -0.00234384 -0.00294772 -0.00215436 -0.00435439 0.0031036 -0.00491819 -0.00929115 -0.00338864 0.0027584 -0.00197997 0.00547587 -0.00651664 0.00988741 0.000990761 0.000439724 0.0106071 -0.0004216 0.00192632 -0.00126874 -0.00227963 -0.000221562 0.000365999 -0.00213773 -0.00605926 -0.000120559 0.000562653 0.000595154 -0.00239791 -0.00272199 0.000636897 0.000654726 -1.85811e-05 -0.00180974 0.000397637 -0.000286158 -0.000691868 0.00131317 0.000886438 0.000802701 0.00158372 -0.00166845 0.000140289 0.00118654 0.00101432 0.00199559 -0.000359706 -0.00169124 0.00343716 -0.00211393 -0.00100531 0.00270085 0.00107554 -0.00336827 -0.000575121 0.000904685 0.00340396 -0.00616126 -0.00178702 0.00294438 -0.00263894 0.00601044 0.00717369 -0.00273757 0.00218658 -0.00513666 -0.000373215 -0.00448226 -0.00329471 0.000552296 0.009147 0.00329113 -0.00190751 0.00375329 -0.00139729 -0.00124999 0.0011145 0.00249882 0.00267871 -0.00186686 -0.000516202 -0.00303607 -0.00137934 -0.0031209 0.00500659 0.0013044 0.000246214 0.00108246 -0.00142851 -0.0029418 0.0047523 -0.000459963 -0.00172532 -0.00167204 -0.000791109 -0.00232992 0.00336201 0.00029046 -0.00419273 -0.000953969 -0.00384311 -0.000599532 -0.000178957 -0.00100722 0.000521598 -0.000832402 0.00236367 0.00217171 -0.003982 -0.000794253 -0.000890075 0.000531937 -0.000823965 0.00201935 -0.00218029 0.000397081 7.13413e-05 -0.0012923 -0.000631974 -0.00375353 -0.00222673 0.000184423 0.00152165 -0.000107313 0.00310826 -0.0007792 0.00187807 0.00230397 -0.000220713 0.00252356 0.00508384 0.00422813 -0.000986928 0.0034023 0.00174836 0.000875833 -0.00110519 0.00153263 -0.00132383 -0.000174697 0.000334762 -0.00075244 -0.000987211 -0.00143546 -0.00320829 0.00156086 0.002125 -0.00201813 0.000439384 0.000557206 9.48991e-05 0.00197319 0.000640442 2.44362e-05 0.000148296 -0.00160649 0.000741059 -0.000239006 0.00227784 0.00314744 0.00126925 0.00287639 0.00206952 -0.000466975 0.0025702 0.00192233 0.000908269 -0.00190522 0.00175899 -0.00205067 0.000460893 -0.00170243 -1.23921e-05 0.00124936 -0.00168889 -0.00128258 -0.00131815 -0.00398672 -0.00136356 0.00022874 0.00131729 0.00083704 0.000937718 0.000350708 0.00238149 0.000148643 0.00474343 0.000317695 0.00302572 0.00260065 -0.000120905 -0.00715158 -0.0008507 0.0045603 0.00241219 0.00142965 0.0048169 0.0128091 0.00858122 -0.00456883 -0.00638396 -0.00575595 -0.00625639 -0.0102828 -0.0116322 0.00553149 -0.0146936 -0.0129008 0.0234947 0.0238276 -0.0170325 0.0939637 -0.898061 0.286407 -0.278771 0.0393795 0.112709 -0.0444006 0.00199399 0.0392057 -0.00772979 0.00760404 -0.00170244 -0.0262509 0.0174057 -0.00771567 -0.00394419 -0.00955935 0.00297574 -0.000433482 0.00963163 0.00704838 0.000638387 -0.00367908 0.00549863 0.0010775 -0.000824729 -0.00164906 -0.0017855 -0.00132568 0.00380869 0.0014069 -0.00167322 0.0029355 -0.00214754 0.00186496 -0.00107085 0.00646113 -0.000341243 -0.0051985 -0.00395334 0.00200589 -0.00151053 0.000390277 -0.000532735 0.000945325 0.00160315 -0.00152365 0.000464919 0.000313985 4.55714e-06 0.000394819 -0.000436451 0.000350388 0.000655192 0.000335291 0.000479549 0.000129369 0.000662216 0.000197894 -0.00198339 -0.0012524 0.00119695 0.000457722 0.00215902 -0.0010939
-0.00016925 -0.00153652 0.00022938 -0.000459919 -7.47376e-05 -0.00047116 -0.00148869 -0.000611573 -0.00355472 -0.000969132 -0.000486444 -0.000191059 0.000846478 -0.000193382 0.0029871 0.000193968 0.000225098 0.00157586 -0.000909725 -0.00155367 -0.000376135 -0.00433091 -0.000716274 4.8943e-05 -0.00149388 0.00203051 -0.00185391 -0.00246804 -0.00165977 -0.00419925 0.00571012 0.000256438 -0.00661515 0.00588028 -0.000848531 0.00323729 -0.000258455 -0.0012902 0.003942 0.00255137 0.00180097 0.000395977 0.00218621 0.000870285 -0.000876993 0.00211999 0.000259872 -0.000468358 0.00144655 0.0015904 9.81833e-05 -0.00393974 0.00112979 -0.000930874 0.000246021 -0.00195564 -0.00377116 -0.000628637 -3.88428e-05 -0.00118885 0.00111895 0.00186999 -0.000311172 -0.00193511 0.000493008 -0.00323935 -0.000998144 -0.000402473 0.0022688 -0.00068835 0.00242573 -0.000781564 -0.000271777 0.00640513 0.00350832 -0.00112264 -0.00605016 -0.00360744 0.000117002 -0.00428971 -0.00253136 0.00393192 0.000117626 0.000718364 2.33416e-06 -0.00325552 -0.0020078 -0.00115576 -0.00268683 -0.00287333 0.00208705 0.00430639 -0.00253594 -0.000366476 -0.00227199 0.000436017 0.00213347 0.00476421 0.000929148 -0.000828153 -0.00237898 -0.00334937 0.00148188 -0.00156188 -0.000613222 0.00242459 -0.000703155 -0.00104058 0.0013395 9.15544e-05 0.00159682 0.00364338 5.82926e-05 -0.000447567 0.00491491 -0.00201368 -0.000108821 0.00049635 0.00399534 0.00173227 0.00298161 -0.000565717 0.00299603 -0.00129685 0.000900709 0.00084924 0.00199623 0.000352621 -0.00218364 0.00158921 0.00178079 -0.00230561 -0.000656732 0.000646528 -0.000156043 0.00253577 0.000624399 -0.000968748 -0.00328033 -0.00377933 -0.0044682 4.73253e-05 -0.00255951 -0.00413733 0.00271745 -0.00205316 -0.00243651 -0.00190025 -0.00057114 -0.00185305 0.00124693 -0.0014011 0.00256232 -0.00241398 0.00192827 0.00356604 0.00042248 0.00331202 0.000444762 0.00227449 -0.000779956 0.000717713 6.60949e-05 -0.000975006 0.0019445 0.00096929 0.00136065 -0.00118874 -0.00187223 0.00127312 -0.00212687 -0.00194743 -0.00137616 0.000684941 -0.000906501 0.000434732 -0.000499871 -0.00236697 -0.00184747 -0.00106907 0.00204547 0.00292051 -7.88442e-05 0.00419697 -0.00150941 -0.000344648 -0.000661261 0.000708516 -0.000706417 -0.00488652 0.000510138 0.00172895 0.00250836 0.00539947 -0.00113711 -0.00295431 -0.00143014 -0.00177535 0.00161789 -0.00246537 -0.00157851 -0.0017173 -0.00215523 0.0052575 -0.0051587 0.00672184 0.000968051 -0.00757301 -0.00030567 -0.00310711 0.00477896 -0.000492034 -0.0124337 -0.0123098 -0.0110841 -0.00131555 -0.000244296 0.0107266 -0.00293791 0.00410789 0.00433682 0.00745729 0.0196514 -0.00217535 -0.0017359 -0.00779404 0.0199554 0.0235183 -0.283906 0.0906202 0.912942 -0.227149 -0.0943398 0.0855266 -0.00245513 -0.0491499 0.0327517 -0.0296964 0.00395914 0.0168773 -0.00740895 -0.0106007 0.0111327 0.00446739 0.000964884 0.00809746 -0.0102754 -0.00562601 -0.00156007 0.006441 0.00340847 0.00384611 -0.00317559 0.00625827 -0.00361007 0.00568217 0.00100115 -0.00536182 -0.00101081 -0.00783752 0.00154034 0.00546875 -0.000247337 0.00137676 -0.0037242 0.00629332 0.00204493 -0.00280404 0.00663324 -0.00610871 -0.000750972 -0.00077097 -0.0014829 0.000443159 0.00115527 0.00166977 0.00250484 -0.000656087 -0.00144976 0.0014696 -6.47039e-05 -0.0010134 -0.000323315 0.000169062 0.00040142 -0.000237778 -0.00206357 0.00129934 0.00107806 -0.0011155 0.00199819 0.000225896
-1.88074e-05 -0.000505411 -0.000228422 0.00016676 -0.000938338 -0.000104651 0.00138559 0.000226649 -0.000886228 -1.26356e-05 0.000862583 -0.000672888 0.0011877 -0.000440346 -5.97613e-05 -0.000539124 -3.49296e-05 0.000278906 -0.00154257 0.00197987 0.00353044 0.0060233 0.00265533 -0.00135144 -0.00133546 -0.00181784 -0.00284707 0.0032122 0.00216211 -0.000293731 0.00272104 -0.00027175 -0.00372351 0.00206701 0.00136624 -0.00058066 -0.000541213 0.000651834 -0.000580527 0.00206201 -0.00066105 -0.00255503 -0.0010218 -0.000158627 0.000607497 0.00230614 -0.000624331 -0.000153793 -0.00114076 0.00119302 -4.81922e-05 -0.000320447 -0.000658569 -0.000166585 -0.000730985 -0.000546477 -0.00197136 -0.001249 -0.00023485 0.00107146 0.000983038 0.00201386 0.000203673 -0.000730749 0.000736872 -0.00129384 -0.00283687 -0.0003725 -0.0036755 0.000767431 0.000309119 0.00039329 -0.000305878 0.000246388 0.00180947 -0.00127652 -0.0024834 -0.00283228 -0.000196335 0.00463859 0.00052216 0.00199641 0.00260465 0.00311992 -0.00331175 0.00218518 0.000721834 0.00138941 0.0016232 0.000265568 0.00161442 0.00229921 -0.000121935 -0.00139478 -8.3164e-05 -0.000902754 0.000114674 -0.000346105 0.00187269 -0.000356078 0.00164274 -0.00212471 -0.00154697 0.000486033 0.000333292 -0.00288863 -0.00153737 -0.00188223 0.000142198 -0.0010917 0.00170835 0.000700587 -0.00111995 0.000551798 -0.00224913 0.00169789 0.00273352 0.000566916 0.000928784 0.00168348 -0.000131948 0.00096841 -0.00157409 0.000533745 -0.00128079 0.000956768 0.000245997 0.00101858 -0.000749819 -0.0023077 -0.000904729 -0.00125577 -0.00147219 0.00113656 -0.00299375 -0.000927826 -0.000490922 -0.00221218 -0.000803965 -8.15369e-05 0.000803518 0.00207751 0.00249868 -0.00108208 0.00304756 0.000716845 -0.000566926 -0.000806836 0.000839536 -0.00302639 -0.000496098 -0.000582017 0.000239095 -0.000321634 0.00091934 0.00161341 -0.00259358 0.00104043 -0.00123105 -0.000673848 -0.00161337 -0.000150678 0.00127707 0.000463993 -0.00325145 0.00286207 0.00019354 -0.00223548 0.00111739 0.00038412 -0.000220279 -0.00124003 -0.000574357 -0.00229415 -0.00236185 0.000290467 0.00163061 0.00146921 0.00165777 -0.00068947 0.00322071 0.00204993 -0.000273471 -0.00191218 0.000649153 0.00197354 0.000305042 -0.000513177 0.000151451 -0.000707415 0.000285434 0.000276048 -0.00225069 0.00078842 -0.00159882 0.00190159 0.000362807 0.00205836 -0.00205563 -0.00210153 -0.00256095 0.0019812 0.00418183 -0.000615347 -0.00211102 0.00357504 0.00254041 -0.00321392 -0.00341433 -0.00349229 -0.00212688 -0.00497625 0.000991686 -0.00289292 0.00587553 -0.00643729 0.00287689 0.00138475 -0.00232155 0.0228257 0.0170098 0.00545982 1.44456e-05 0.00311647 0.003007 0.0163406 -0.018285 0.00469905 -0.00114749 0.123707 0.21307 0.953172 -0.158531 -0.0356666 0.00629095 0.0168587 -0.0243421 -0.0050669 -0.00745016 -0.00114225 0.00493526 -0.00506809 0.00785721 0.00034312 -0.00956207 0.00677941 0.000678848 0.00601397 0.00983778 0.00071987 -0.00381523 0.0016791 -0.000365455 0.00524933 -0.00458613 -0.00790558 0.000334245 0.00213431 -0.00217841 -0.00130999 -0.00163574 -0.00132783 -0.00414284 -0.00136541 -0.000823968 -0.00383338 7.16869e-05 -0.000438744 0.000968952 0.00325639 -0.000940113 -0.00245018 0.00227329 0.000242348 0.00114659 0.000486674 0.000650494 0.00119219 -0.000696309 -0.000263819 0.000694466 -0.00314985 -0.000471717 -0.00378612 0.000153025 0.00206373 -0.000971575 0.00110464 -0.000589443 0.00111653 0.00308133 0.0010649
0.00102887 0.00207112 0.000826309 0.000701414 0.000793479 0.000537221 0.000670427 -0.000613505 0.00392878 0.000646747 -0.00345908 0.00185286 -0.000810835 -0.00146075 -0.00175365 0.000233779 0.000504621 -0.00258796 0.00376977 -0.00204241 -0.00497201 0.00423599 0.0038934 0.00423901 -0.000413463 -0.00507041 0.00465318 -0.00210552 -0.00194963 -0.0038985 -0.0106585 -0.00299514 0.00127438 -0.00930548 -0.00105276 0.000769718 -0.0020489 -0.000207238 0.00193765 0.00300956 0.00341119 0.00372525 0.000733215 -0.00275666 -0.0018984 0.0010999 -0.00153444 0.000366546 -0.0013285 -0.00118679 -5.27876e-05 -0.00104979 0.000489159 0.00171183 -0.00118013 -0.00203876 0.000628786 -0.00141421 0.000608877 0.00273862 0.000264948 -0.000830853 -0.000237471 0.00121693 -0.00151278 0.00178779 0.000618936 -0.00127932 0.00112797 -0.000565156 -0.00407806 9.09408e-05 0.0013199 -0.00123041 -0.00140257 0.000584957 0.00390201 0.00521044 0.000426856 -0.00050225 0.000302988 -0.00460368 -0.00397161 -0.00526068 0.00335344 0.00309005 -0.000411258 0.00528081 0.000803423 0.00182021 -0.00310392 -0.00353123 0.00233654 0.000491494 0.00458288 0.00104657 0.000730863 -0.002111 -0.00137968 0.00358312 -0.00136268 0.00399817 -0.000374181 0.00323516 0.000433981 0.00166634 0.000331614 -0.000500309 -0.000496216 0.00236417 -0.000940094 -0.00388409 -0.00140087 0.00325295 0.000433668 0.000471472 -0.00289813 -0.00173708 -0.000613068 -0.00252349 -0.00354639 0.000145983 0.000447823 -0.00140148 -0.000174819 0.00187048 -0.000806813 -0.00192844 0.00128236 0.00149999 -0.00111381 0.0019438 0.000326964 -0.000807792 0.00126188 0.00185583 -0.00114404 -0.00015827 0.000564885 0.00214026 0.00470355 -0.00137564 -0.00112587 0.00153656 -0.00102566 0.000251485 0.00331292 0.00170519 0.00141966 0.000983284 -0.00153172 -0.00119904 -0.00143461 0.00164544 -0.000478995 0.00306617 0.00181385 -0.000369123 0.00128806 0.000600043 -0.000232222 -0.00267912 0.00174579 0.0013743 0.00111387 -0.000910517 0.00108109 4.29445e-05 0.00165814 -0.00161676 -0.000335592 -0.000214696 0.00078159 -0.00164198 0.000957598 -0.00192983 0.000813643 -0.00149284 -9.45509e-05 0.00122016 2.79124e-05 -0.000550524 0.00170224 -0.00210751 0.00134405 -0.00194082 -0.000297019 0.00139635 -0.000767531 0.00361772 0.000847483 0.0014421 -1.16908e-05 0.000126207 -0.000539411 -0.000844573 -0.00216898 -0.00383124 -0.00143791 0.000554528 0.00365796 0.000325045 0.000254022 -0.00313088 0.00179053 -0.00363057 -0.00264921 0.00419621 0.00148216 -0.000493903 0.00122141 -0.00268075 0.00361125 -0.00053285 0.00114174 0.000666196 0.00641348 0.00381928 0.00721895 -0.00506436 -0.0130169 0.0103927 0.00842409 -0.0208409 -0.0224253 -0.0130018 -0.00683005 -0.0102243 0.00868287 -0.204819 0.156376 0.15231 0.947833 0.0625192 -0.0457672 0.0198074 -0.0233937 0.0103786 0.00595399 -0.0152908 -0.00487796 -0.00388221 -0.000257459 -0.00743731 0.000533123 -0.00188738 -0.00536074 -0.00442556 -0.0129934 -0.0066625 -0.00864321 0.00861216 0.000519368 0.000172439 -0.00073785 0.00223609 0.00119347 -0.00222133 0.00154648 -0.00235298 0.00125332 0.00304837 0.00202836 0.00406285 0.00142929 0.00178897 6.49015e-05 0.00507756 0.00175022 0.0015175 0.00371895 0.00200969 0.0015123 -0.00148903 -0.00262507 0.00186872 0.0017815 -0.00119586 0.00118302 0.000374584 0.000425566 3.22087e-05 -0.000272065 -0.00110566 -0.00124942 -0.00247692 0.000329128 0.00365782 0.000457029 0.00366016 -0.00168342 0.00147687
-0.000710617 -0.00213351 0.000388513 0.000242592 0.00104945 0.000409828 0.000664014 0.000813761 0.00142746 0.000115778 0.00285364 0.00177571 0.00059241 0.000909688 -0.00173575 0.000790193 0.00060282 -0.000605893 0.0061127 -0.00186668 0.00365959 -0.00210104 -0.00435242 -0.00233794 -0.00501903 0.00608082 -0.00196653 0.0010156 -0.00541877 0.010561 -0.00174498 -0.00375547 0.00410513 -0.00402054 -0.00132761 -0.00185362 0.00431392 0.00118506 -0.00215865 -0.00127461 -0.00427362 -0.000489243 0.000720688 -0.00297 0.00165119 0.000597322 0.0019088 0.000113614 -0.00189551 2.94776e-05 0.000698573 0.00201855 -0.00257109 -0.0019577 -7.53578e-05 -0.00125813 0.000877323 0.000207707 -4.39439e-05 -0.00370338 -0.00137623 0.00010233 0.00189801 -2.61373e-05 0.00360266 -0.00146472 -0.00134682 0.000350757 -0.00337225 0.00187575 0.000694259 -0.00057402 -0.00294143 -8.50442e-05 0.000981696 -0.00264459 -0.00212558 0.00405502 -0.0013442 0.00345068 6.71837e-05 -0.00095216 0.00202419 0.00219207 -0.00198264 -0.000155025 0.00172371 0.00215776 2.55294e-06 0.00178905 -0.001178 0.000380706 -0.00223749 -0.00110299 -0.000593801 -0.00143774 0.000670181 -0.00100655 0.000325156 -0.0032341 0.000179507 -0.000759143 -0.000928366 -0.00093397 -0.00279878 0.00317921 -0.00162102 -0.000555542 -5.83828e-05 0.0015633 -0.00192335 -0.00193114 0.000314614 0.00377032 0.0012256 -0.00154731 -0.00377991 0.00121816 0.00223641 0.00111887 -0.00283556 0.00422676 -0.00042138 -0.000259278 -0.00107864 -0.00187717 -0.000128858 -0.00155985 0.00193166 0.0003821 -0.000638816 0.000305329 -0.00138674 0.000681914 0.00141064 7.44484e-05 -0.00252835 -0.000306662 0.00112678 -0.000534136 0.00285992 0.00101512 -0.000714271 0.00181968 0.000631653 8.53224e-05 0.00105456 -0.00123988 0.000163121 0.000374686 0.00023599 -0.0001496 0.000786742 -0.00074444 -6.29735e-05 0.000225508 0.00117098 -0.00222137 -0.00115469 0.00109383 0.00098786 -4.17182e-05 -0.00101353 -0.000648639 0.000307909 0.00178191 -0.00118482 -0.000553551 -0.00243411 -0.00208489 0.000174354 -0.00169507 0.000612895 -0.00192352 0.000954147 -0.00150652 -7.37207e-05 -0.00209705 -3.29691e-06 0.00124757 -7.25854e-05 0.000143154 0.000479179 0.00123691 -0.00160642 -0.00258349 0.00158247 0.00455119 0.00030401 0.00135901 0.000754237 -0.0014945 0.00199635 -0.000516584 -0.0025138 0.00209717 0.00134732 -0.00152104 0.00287128 -0.000658408 0.00290206 -0.000750469 -0.00171159 -0.00574385 -0.00244854 0.00223272 0.0028308 -0.00130962 -0.000296966 0.00150288 -0.00149067 0.000140944 -0.00260626 -0.00658516 -0.00457209 0.00371406 -0.00281685 -0.00184669 0.00873259 0.00392065 -0.00106357 0.00397682 -0.0044482 -0.00528354 -0.00249206 -0.00137603 -7.40678e-05 0.00556956 -0.0336732 -0.0346854 -0.0919577 0.051034 -0.0604955 0.984253 0.103512 0.0164998 0.012672 -0.00696239 -0.0104271 -0.0243789 0.00751178 -0.00329438 -0.000810712 -0.00695851 0.00435454 0.00034399 0.00119101 -0.00424008 -0.00965784 0.0049434 0.00396122 0.00148675 -0.000568506 0.00359235 -0.00322221 -0.00145705 -0.0012862 -0.00472203 0.00267077 -0.00206262 -0.00167249 0.00342821 -0.000914605 0.000356305 -0.000593038 0.00208257 -0.00337466 0.00192286 0.00295402 0.000356495 -0.00271061 -0.000134099 0.000205099 0.00110576 0.00108404 -0.000165525 9.59562e-06 0.000186022 -0.000238886 0.000458714 -0.000969558 0.00208924 -0.000279195 0.00238901 0.00247246 0.00205262 -0.000728241 -0.0029942 0.000788447 0.000605316 0.00181533 -0.00267553
-0.000290669 -0.00233755 -0.00112587 -0.00103787 0.000934193 0.000139156 -0.00166141 0.000107748 -0.000669566 0.000559851 0.00193448 0.00555731 2.47398e-06 0.000842011 0.000198926 0.00245547 0.000242044 -0.00345877 0.00832941 -0.0100976 -0.00139059 -0.00774843 -0.00712427 0.0042733 -0.000820909 0.0163987 0.00247758 -0.00483411 -0.00811712 0.0140454 -0.00755718 -0.00569187 0.0110707 -0.00741058 -0.00363077 -0.0012121 0.00735875 -0.00099197 -4.84155e-05 -0.00380976 -0.00759109 -0.000597237 0.00211385 -0.0042776 0.00275246 0.00191405 -0.00232077 -0.000114684 -0.00227716 -0.000412846 0.00142672 0.000524932 -0.0018097 -0.00139334 0.000757671 0.000123654 8.7421e-05 -0.00114094 -0.000228079 -0.00169246 -0.000803981 0.000799426 0.000631671 -0.000386809 0.00616897 -0.00131992 -0.00108359 0.000128231 -0.000983332 -0.000395128 0.00107927 0.00120199 -1.63324e-05 0.000460439 -0.000354858 0.000690779 -0.00348005 -0.00214197 0.00182028 0.00243235 0.0012111 -0.00105321 0.00106327 -0.00306499 -0.0043693 -0.00360379 0.000271123 -2.56372e-06 0.000518905 0.0011333 -0.00208165 1.40323e-05 -0.00187144 0.00236069 -0.00100876 -0.00266618 -0.000544684 -0.00332326 0.00258471 -0.00659568 -0.00284891 0.000740427 -0.00210507 -0.00658927 -0.00167865 0.00153915 -0.00175428 -0.000794719 -0.00518709 0.00313788 -0.00748595 -0.00169311 -0.00065174 0.00116356 0.000702787 -0.0017918 -0.00715109 -0.000369124 0.00185657 -0.00131397 -0.00331806 0.00667353 -0.000898932 -0.0010229 -0.00380721 -0.00173036 -0.00198157 -0.00294856 0.00344744 -0.00113149 -0.00377783 0.000276691 -0.000622972 0.000842665 0.00029156 -0.000262045 0.000258766 0.000808722 -0.00541438 -0.00220497 0.00199928 -0.00231973 -0.00124376 0.000704642 -0.00127786 0.00272878 -0.00100238 0.00178959 0.000581807 -0.000556241 0.000533462 -0.000101574 -0.000213147 0.00166709 0.000749395 -0.000503595 0.00124519 -0.000973436 -0.00047945 0.00176245 -0.00224015 0.00361767 0.000429221 -0.00155414 0.00151704 -0.00110207 0.00038713 -0.000826683 -0.00450269 -0.0037744 0.000674369 0.000854702 0.00318769 -0.00163359 0.00295318 0.00296163 0.00105293 -0.00102784 0.00390014 0.000640308 0.00096744 -0.0030721 0.0020535 0.000559857 -0.00167516 -0.00266144 -0.00296879 0.00183725 -0.00230964 0.00305664 0.00342358 -0.00305782 0.00125637 -0.00337271 0.000264781 0.00110655 0.000401509 0.00638504 -0.0023787 -0.000256318 0.00019965 0.00113476 -0.00190237 -0.00526031 -0.00598924 -0.000880623 0.000286317 -0.0035032 -0.000291979 0.00327174 -0.00806231 -0.00473426 -0.000456808 -0.000484809 -0.00913394 0.000905554 -0.00746233 0.00110542 -0.00509016 0.00490355 0.00473098 -0.00175952 0.00375687 0.00424931 -0.00146359 0.000592598 -0.00867035 -0.0117374 0.0224925 -0.00211159 0.0517118 -0.0309526 0.0124536 -0.0687203 0.58232 0.801105 -0.0166323 -0.0447689 -0.0498027 0.00696215 -0.00448676 0.00474064 -0.000554017 -0.00477452 -0.0103219 0.00569198 -0.00116908 0.00968456 0.00718533 0.00284515 0.000561079 0.00339489 -1.46889e-05 0.00815033 -0.00463858 -0.00485656 -0.00332381 -0.00757967 0.00276754 0.00306261 0.00212134 0.00313325 0.00230302 -0.00466628 0.00161632 0.00149112 -0.00216091 -0.00257162 -0.00271756 -0.000788017 -0.00098909 -1.92752e-05 0.0012184 -0.00142302 -3.2259e-05 0.00183222 -0.00120761 0.00235605 0.00217633 -0.000181419 -0.00272587 -0.00403571 0.00446429 -0.00324932 0.00100337 0.00204125 -0.00300065 -0.00117774 -0.00218067 -0.00247175 -0.00024868 -0.00239453
0.000485945 3.27994e-05 0.000467962 0.000723741 -0.000651953 -0.000823988 0.00120974 0.000673322 0.00152701 0.000151515 -0.00116156 -0.00258002 0.00120281 -0.000201379 -0.000806711 -0.00122557 4.88014e-05 0.00197652 -0.00283115 0.00619774 0.000820912 0.00397311 0.00475534 -0.00490414 0.00124687 -0.00566121 -0.00158371 0.00602255 0.000424263 -0.00442681 0.00407364 0.00247914 -0.00774704 0.00196087 7.4957e-05 0.00241047 -0.00210174 -0.00109084 0.00458529 0.00326983 0.00211185 0.00187625 -0.000707744 0.00118184 0.00102605 0.0013218 0.00230042 -0.00186467 -0.000475197 0.000294906 -0.000293091 -0.000910724 0.000395951 0.0035293 -0.000855011 -0.000479626 0.000112407 0.00117875 -0.000989997 -0.00195277 0.000233128 0.00103871 -0.00121504 -0.000995529 0.00170454 -0.00146759 -0.00284411 0.0014417 -0.0014048 0.00162927 -0.00164224 0.00189985 0.000470044 -0.00374389 0.00255983 -0.00175144 0.000428317 0.000723525 -0.00308507 0.00337357 0.00152404 -0.00102104 0.00421391 0.00393547 -0.00304224 0.00100292 0.00199351 0.00364354 -0.00227031 -0.000378005 0.00392365 0.00231887 0.00100424 -0.000380692 -0.00100474 -6.88528e-05 0.00102543 0.000770533 0.00109667 -0.000174234 0.000851942 -0.00119349 0.00170957 0.00179272 0.000427329 -0.00131511 0.00133519 -0.000401132 0.00312586 -0.00103998 0.00178639 0.00289142 0.000399483 0.00127423 -0.00181264 0.000704318 0.00200618 0.000381165 -0.00025983 0.00182054 0.00332945 -0.00162809 0.00210785 0.00188673 0.000670646 0.00142933 0.00151909 0.00119369 -7.53585e-05 -0.00187315 0.00181346 -0.00193395 -0.000501776 0.000818103 -0.00123324 -0.00179061 -0.000513456 5.91238e-05 0.00402137 0.00219834 -0.00165882 0.00319952 0.00109804 0.00138805 0.00141376 -0.00384033 0.000927969 0.000264842 0.00340605 -0.000468272 0.00237988 0.00283651 0.000653862 -0.00040928 -0.000286071 -0.000522262 -0.00177135 0.000686679 -0.00191099 -0.00139495 -0.00103015 0.00140455 -0.00026261 0.000377513 0.00109951 0.000664916 0.00185639 0.0036074 -0.000749379 0.00590698 0.000550632 -0.00203623 -0.00251803 0.000580095 -0.00190264 0.00073809 -0.000398499 0.00083834 -0.00238898 0.000395652 0.000571164 0.00392493 -0.00283548 -0.00147345 0.000403081 0.000586891 0.00160207 -0.0028214 0.00212862 -0.00234031 -0.000772396 0.00161693 0.00158794 0.00107534 0.000955848 0.000433004 0.00179371 -0.0030128 0.00216579 0.00130026 -0.0016605 0.0020712 0.00375795 0.00186291 0.00189353 0.0051139 0.00311655 -0.00163619 -0.000489018 -0.00174175 0.00782184 -0.00166767 -0.00180312 -0.00136996 0.00253823 -0.00759878 0.00223896 -0.00263107 -0.00327635 0.000874874 -0.0046884 0.00837579 0.00204636 -0.00809687 0.011008 -0.0139589 0.0235823 0.0236458 -0.00441085 0.00348353 -0.0126743 0.0114435 0.0549082 -0.0706856 0.794665 -0.58273 -0.0891701 0.0567775 -0.0592116 0.0285165 0.00736371 -0.021943 -0.000711951 -0.0170622 0.0160793 0.00181717 0.0116237 -0.00395222 0.00350077 0.0022331 0.00294976 -0.00695207 -0.0037182 -0.00852544 0.00196997 0.00307385 -0.00191471 0.0023802 0.000307011 -0.00326954 0.00447984 -0.00172821 -0.000866079 -0.00552115 -0.00382328 -0.0039052 -0.000616493 -0.00209345 0.00145175 0.00353071 -0.00117351 0.00141329 -4.20087e-06 0.00235853 0.00266513 -0.000464248 -3.85462e-05 0.00207341 0.000124934 0.000754094 -0.000535396 -0.0023185 0.00190765 0.00218934 -0.00024731 0.00152948 -0.00270771 -0.0033641 -0.000535854 0.000114201 0.00265761 0.000646808
-0.000369957 -0.000696118 -0.000871825 8.64458e-05 0.00152064 0.000373821 -0.00128332 -0.000825481 -0.00276294 -0.000765623 0.000367979 0.000443244 -0.00100809 -0.000235207 -0.0026637 0.00067621 -0.000923808 0.000816431 -0.00530006 -0.0024354 0.00298849 -0.000486749 0.000724141 0.00448578 -0.000140755 0.00751361 -0.00194567 -0.0054091 -0.00432983 0.00156715 -0.000946653 -0.00172515 0.00503307 0.000700527 -0.00210089 -0.000937416 -5.82247e-05 0.000839278 -0.00194906 -0.00071166 -0.000320918 -0.00530806 0.00243043 -0.000533739 0.000977931 -1.77525e-05 0.00176776 -0.000255565 -0.000190699 -0.0021918 0.00085674 -0.000817614 -0.00129045 -0.00193907 -0.000973771 0.000712949 -0.00115295 -0.000698281 -0.000512002 -0.000276504 1.18569e-05 0.00107031 -0.00156992 -2.62457e-05 0.00177108 0.000741473 0.000954543 0.00152853 0.00709994 0.00381393 0.000438006 0.00332086 0.00017357 0.000281813 -0.00612948 -0.00136663 -0.00130668 -0.0037376 0.00331154 7.89999e-05 -0.00131785 3.85459e-05 -0.00193213 -0.00152102 0.00167226 0.00163135 -0.00241923 -0.0031442 0.00181367 -0.00183264 -0.000401961 0.00100674 -0.00489723 8.97249e-05 -0.00354463 -0.000632462 -0.000502241 0.000715096 -0.0008208 -0.00103664 -0.00153319 0.000979921 -0.00295537 -0.000425865 -0.00321906 -0.0031129 0.00146495 -0.000382813 -0.000443389 -0.00140966 0.000240199 -0.000821173 0.00152695 0.0012448 0.00146045 -0.0017186 -0.000281465 0.00198284 -0.00214252 -0.00422348 -0.000530366 -0.00161052 0.000988136 0.00285891 -0.00146121 -8.93747e-05 -0.00118005 1.4349e-05 0.00301184 0.00136642 -0.00322091 -0.00125037 -0.000830622 -0.00124412 0.00350217 -0.00139396 0.00133968 -0.000683193 -0.000886992 -0.00259935 -0.00238942 -0.000420446 0.000370903 6.37967e-05 0.00300669 0.000312256 -0.000235156 0.0017759 -0.00260742 0.000316116 -0.00278154 0.00116765 0.000241206 -0.000247351 -0.00135704 -0.000464582 0.00357301 -0.000681351 0.000404763 0.000107795 0.0015766 0.000131842 -0.000421645 -0.0011439 -0.000408771 0.000194516 -0.00128295 0.000334078 -0.000136522 -0.000992117 0.000446762 -4.07431e-05 0.000704928 -7.13788e-05 -0.000542808 0.000458232 -0.00374458 0.000462742 -0.00143039 -0.000610951 6.17128e-05 0.000776334 0.00169084 -0.0001859 -0.000256807 -0.000800696 -0.000175052 -0.00347747 -0.00178204 -0.00504917 0.000525449 -0.000540882 -0.00152906 -0.00270128 0.00160011 -0.00244937 -0.00466936 0.000228101 -0.000547358 0.00181082 0.000969178 -0.000969796 0.000943011 -0.00187726 0.00270148 0.00040995 -0.00280708 -0.000989839 -0.000661873 0.00312995 0.00386995 -0.00412164 -0.00255885 0.000176673 0.00541407 0.00461282 -0.00196882 -0.00347122 -0.0096479 -0.0101027 -0.0105513 -0.00743883 -0.00304543 0.000464481 -0.00648504 0.010271 -0.00779208 0.00728268 0.0012023 -0.00937794 -0.0161652 0.0348903 0.0232033 -0.0212652 0.0806094 -0.0270722 0.979032 0.153188 0.0497169 -0.0113195 -0.00344771 0.0122569 -0.0417096 0.00831618 0.00257937 -0.0154676 -0.00753831 -0.00136494 0.0122021 -0.00840945 0.0122055 0.0151688 0.00404366 -0.00467923 0.000279828 0.0015958 0.00709911 0.00507892 -0.0019129 -0.0042577 0.00278122 0.00220815 -0.00231834 0.00667057 0.00787337 -0.00449263 0.00232177 -0.00389897 -0.00220526 -0.00193057 -0.00149193 0.000878728 -0.00341949 -0.00146888 -0.0028667 0.000812351 -0.00207543 -0.0015181 0.000117472 0.00182186 -0.00164941 0.00124379 0.00251441 0.00595475 -0.0010043 0.00180764 8.59181e-05 -0.00185131 -0.00246208 -0.000526864 -0.00246186 -0.00341659
-2.14532e-05 -0.00167276 -0.00176491 -0.000227387 -0.0016275 -0.000358473 0.000926963 0.000849762 -0.00100637 0.000669558 0.00111755 0.000622515 0.000513434 0.00110167 0.00274388 -0.000764248 -0.000987755 0.00326781 -0.00263086 0.00193103 0.00277392 0.00309515 -0.00130689 -0.00454947 0.00484236 -0.000203962 -0.00223279 0.00539456 0.00309541 -0.00035395 0.0104534 0.00128215 0.000739106 0.00662661 0.00358979 0.00206378 0.000624844 -0.00107701 -0.00186304 -0.0038371 -0.00325932 -0.000823107 0.00146295 0.00408384 0.00217666 0.0022496 0.00175252 0.000566028 0.00145775 0.00148334 0.00153212 -0.00120844 0.0007196 0.000307322 -0.000972903 0.00429032 0.000655832 0.000123058 0.00165069 0.000204732 -0.00107721 -0.000599621 -0.00139848 -0.000982288 0.00223095 -0.00228291 -0.00165481 0.000553389 -0.0030442 0.000214723 0.000681082 0.000113579 0.00134652 -0.00307159 0.001997 -0.00381375 0.000861101 0.00383846 -0.00351095 0.00427354 0.00168587 -0.00172809 0.00085792 0.00158406 -0.000914251 -0.000638553 0.00359762 0.00383388 -0.00158783 0.00197788 0.0014819 -9.0995e-05 -0.0029982 0.00131508 1.05318e-05 -0.00106256 0.00227509 -0.000145316 -0.00229564 -0.00498197 -0.000749068 -0.00246635 3.05125e-05 -0.00246769 -0.00159615 -0.000469393 0.00248085 0.000478026 -0.000415984 -0.0035574 0.000727833 -0.000391027 -0.000748954 -0.00392222 -0.00131181 0.000738591 0.000912845 0.000103961 0.00367189 0.00312949 0.00501475 -0.00172324 7.72705e-05 0.00171523 0.00127378 -0.00239169 0.00146748 -0.000303426 -0.000415763 -0.000476061 0.0028526 -0.00168475 -0.00102781 0.0012174 -0.00190784 -0.000712912 -0.000133699 0.000585357 0.000443311 -0.00101641 -0.00401397 -0.00132615 0.000455385 -0.00369474 0.000831332 -0.00190446 0.000322743 -0.00196075 0.0030331 -0.00282896 0.002988 -0.00165852 -0.00164866 0.000303053 -9.01016e-05 -0.00195462 0.00149474 0.00172532 -7.5391e-05 -0.00200591 0.00012363 -0.000511428 2.38641e-05 0.000883627 0.000773001 -0.000651235 0.00243979 0.000620959 0.000711492 -0.000221028 0.000221853 -0.00032808 -0.00177861 -0.0018647 -0.00158188 0.000815415 -0.00087755 0.00245609 -0.00121687 -0.000559882 0.00151283 0.00253728 -0.00204118 -0.00047194 0.000937065 -0.000712396 -0.00163602 -0.00452822 0.00161658 -0.00435235 0.000205995 0.00251179 0.000390839 -0.00045439 0.00231503 -0.00129381 -0.000411463 0.000359372 -0.00234511 0.00126823 -0.00191615 0.002272 0.000546392 0.00736323 0.00211001 0.00283218 -0.000745877 -0.000509804 0.000400167 0.000130396 0.00465796 0.0020452 -0.00139871 0.00500717 0.00352561 -0.00413226 0.00211368 0.00500003 0.00667471 -0.00342561 -0.00544399 -0.00362144 0.0091252 0.00151872 0.0133725 -0.0012749 0.00556394 -0.00794006 -0.00359261 -0.00432133 0.0336582 -0.0101184 -0.0209732 0.0132368 -0.0412576 0.0726547 -0.13675 0.973826 -0.138464 0.0319402 0.00715972 0.012327 0.0109695 -0.00826984 0.0155524 -0.000171347 0.00749163 0.00634326 -0.00902789 -0.010247 0.00105242 -0.00856789 -0.000508722 -1.90604e-05 -0.00717457 0.0103862 0.00338854 -0.000555248 -0.00218337 0.00275552 -9.38229e-05 -0.000220353 0.00348468 0.00115624 -0.00595688 0.00160352 -0.00305573 -0.00223252 0.00451447 -0.00231446 0.00262869 0.0040705 0.00208404 0.00115759 -0.0010223 -0.000292268 0.00338633 -0.002333 -0.000976701 0.001583 0.000675471 -0.000916214 0.00206964 0.000887361 0.000587265 -0.00506923 -0.00401984 0.0070568 0.000259311 0.000536799 0.000861801 0.00235248
-0.000273626 -0.00199286 -0.000411052 9.49726e-05 9.41441e-05 -0.000345998 0.000834091 0.000229947 0.000870288 0.000243475 0.00259431 -0.00236517 -0.000697622 0.000551883 0.000300083 -0.00147232 -0.00117322 -4.58331e-05 -0.00784444 0.000334623 0.000420916 0.0055404 -0.00415192 -0.00826241 -0.00417302 -0.00326947 -0.00217563 0.00775056 -0.00338025 0.00458989 0.00649681 0.00173563 0.00459278 0.00340323 0.00373236 -7.17871e-05 -0.00659818 -0.00157246 -0.00206774 -0.00192099 -0.000890784 -0.0032559 -0.00295825 0.00471759 0.00124738 -0.00281354 -0.000551639 0.00227659 0.000149622 0.000444979 -0.000749023 -0.000806118 -0.00107553 0.000927025 -0.00061399 0.00183938 0.00282414 0.00129635 0.000334521 0.00340717 0.00176642 0.00205802 -0.00213322 -1.71167e-06 0.00058355 0.000363661 -0.000736998 0.000566839 0.003533 0.00065797 -0.00011049 -0.00245286 0.00116741 -0.000505414 -0.00061173 0.00257382 0.00394906 0.00486453 0.00202742 0.000322454 -0.00255061 -0.000376433 -0.00379789 0.0032778 -0.000781212 0.000876305 0.00170552 -0.000512981 -0.00206359 -0.00108365 -0.00395574 0.00190356 0.00109418 -0.00200607 -0.000299109 0.000705836 -0.00302986 0.000696788 -0.0041795 0.000298267 0.00588008 0.00360199 0.00239279 0.00257321 0.0029276 -0.00379402 -0.000555106 0.000707625 0.00176963 -0.00273164 0.00357127 0.000184403 0.000906591 -0.00287088 -0.00506847 0.000573501 -0.000406611 0.00207092 -0.00133399 -0.00128494 0.00164737 -0.00144313 -0.00281075 0.00177145 0.000637458 -4.26335e-05 -0.00110982 0.00170632 -0.00226687 -0.00025272 0.000108657 0.00328115 0.000753594 -0.00106359 -0.000554712 -0.000597323 -0.00211106 0.000876232 0.00276837 0.00102092 0.000450482 -0.000610688 -0.00312489 -0.000844264 -0.000891287 0.000701322 0.000182236 0.000264495 0.000779111 -0.000451479 -5.76686e-05 0.00024826 -0.00128145 0.000263837 -0.00104147 -0.00161224 0.000197114 0.000561092 -0.00144671 -0.00176193 -0.000848148 0.00109415 -0.000494336 -0.000881873 -0.00256244 0.00109124 -0.0016689 -0.000417506 -0.00145784 -0.000442782 0.0012956 0.000460252 0.00245852 0.0017502 -0.000681255 -0.000656021 0.00123568 -0.00226775 0.00240203 0.000419887 0.00149994 0.00134493 -0.000685915 -0.00120012 0.00396612 0.000847892 0.00412522 -0.000421095 0.00119668 -0.00249815 -0.00175083 -0.000468135 0.00109887 0.000460514 -0.00136149 -0.00173042 -0.00194005 0.000556435 -0.000966092 -0.000986877 0.000990639 -0.00100896 -0.000892801 -0.000105622 0.00171339 -0.00366997 0.00015259 -0.00222616 0.00188566 -0.00327403 2.15887e-06 -0.00389851 0.00119908 0.000464718 0.000743125 0.00500775 0.00485178 0.00239151 0.00780448 -0.00360471 0.000999345 -0.00377221 -0.00696943 -0.000222554 -0.00987385 0.00316141 -0.0010499 -0.00801289 -0.00326382 0.00181421 0.00186642 0.00457103 -0.00568652 0.0074003 0.0672641 0.017762 -0.0729185 0.125402 0.97793 0.111227 -0.00389734 0.0369942 0.00684194 -0.00611034 -0.0150428 -0.00389892 0.0163864 0.0124357 -0.00746601 -0.00384109 -0.00267304 0.00137506 0.00631623 -0.00040504 0.00651771 0.0130766 0.0021275 -0.00425407 0.00396948 -0.00411262 -0.0027263 -0.00462955 -0.00106928 0.00178918 -0.00101867 -0.00197921 -0.00350532 0.00294356 0.00229005 -9.18906e-05 -0.000528611 0.000200335 -0.00219097 -0.000313462 -0.000801267 -0.00010207 0.001469 -0.000593997 -0.00239577 -0.00196133 -0.000539557 -0.00101406 0.000464753 0.000684067 -0.00340746 -0.00056389 -0.00151311 0.00158831 -0.00583084 0.000266529 -0.00184231 0.00264029
0.000120599 0.000864182 -7.75592e-05 -0.000193906 -0.00090966 0.000820796 0.000979064 0.000375656 -0.00506459 -2.35572e-05 0.000622934 0.00308093 0.000348225 0.000618521 0.000111726 0.000739193 -0.000697196 0.00142759 0.00434054 -0.000760263 0.00535695 -0.000916427 0.00275671 0.00335981 0.00388799 0.0107064 0.00147913 -0.00451216 0.00872912 0.00156489 0.00727955 -0.00463625 -0.00343884 0.00136097 -0.00180277 0.00102834 0.00850939 0.00438952 -0.00104934 -0.00161998 -0.00448629 -0.00339945 5.65957e-05 -0.0035611 0.00114453 0.00227387 0.000828639 -0.00467311 0.00197933 -7.55049e-05 0.000354675 0.00275368 -0.000721428 -0.00458333 0.00281879 -0.00354096 -0.00319063 0.000255005 0.00164683 -0.00293988 -0.00080079 -0.00148879 0.000178848 2.28858e-05 0.000766893 -0.000535515 -0.000742783 -0.00288504 -0.00581155 0.00648932 0.00187079 0.00310232 -0.00391764 0.00157801 -0.00262368 0.00127451 -0.00354844 -0.00839183 -0.00226294 0.00516521 -0.000530949 0.00112621 0.00104568 0.00182038 -0.00130334 -0.0020427 -0.00274293 -0.00451927 0.00366866 -0.000439796 0.00396416 0.00339748 -0.00310542 -0.00670387 -0.00427592 -0.00295604 0.00314321 0.00212147 0.00423623 -0.00368392 -0.00841624 -0.00381683 -0.00468617 -0.00975902 -0.00230988 -0.00137626 0.000714166 -0.0018735 -0.000727628 0.000429645 -0.00262208 0.000670391 -0.00321592 -0.000737683 0.00121252 0.00222871 0.000402488 7.1476e-05 5.93704e-05 -0.0001466 6.26155e-05 0.00200772 0.000890839 0.0016524 -0.00103353 -0.00140322 0.00119207 0.00162381 0.00117266 -0.00137095 0.00285875 0.000120208 -0.00313695 0.00142286 0.000891106 0.000928362 0.00372667 -0.00241772 0.000824469 -0.000278753 -0.00332212 0.000765017 0.00187727 -0.00172972 0.00122942 0.000393832 0.000785564 -0.00272808 -0.000443455 -0.00388807 0.00027196 -0.00132983 0.000581283 9.07966e-05 -0.000786838 -0.000327891 0.000350946 -0.000148927 0.000767412 -0.000179471 0.000169285 0.000167811 -0.000492071 -0.000913777 0.00192163 -0.000369268 8.46497e-05 -0.000853277 -0.000377311 -0.00166937 0.00213474 -0.000306572 -0.00145962 -0.00119202 0.00203053 -0.000218453 -0.00366038 -0.00045059 -0.000219304 0.00233256 0.00187255 0.000670209 -0.000265987 -0.00181122 -0.00219532 -0.000119939 -0.00569217 0.000175858 -0.00171183 0.000207238 0.00193652 -0.00352693 0.00159386 0.00143064 0.0037995 0.0014039 -0.00163234 0.000515034 -0.00212494 0.000717334 0.00102415 0.00186971 -0.00332792 -0.000839948 0.00240286 -0.00342459 0.000758954 0.00397744 -0.00176877 0.00193935 0.000744232 -0.000951929 0.0011062 -0.001081 0.00367701 -0.00101814 -0.00370458 0.00140061 -0.00122062 0.00211335 0.00248696 0.00177514 -0.00623719 0.0063743 0.0103208 0.0106279 0.00572737 -0.00669095 -0.0244304 -0.0095763 -0.0236905 0.0104557 0.016967 0.0225772 -0.0309883 0.00848267 0.0246217 -0.0449914 -0.102067 0.989008 0.00280512 0.00583423 -0.0216294 -0.016007 0.00950318 -0.00558617 0.0133806 0.00540313 0.011628 0.0144761 0.00114276 -0.0140477 0.00435295 0.0093418 -0.00026555 -0.00430474 -0.00186148 0.00168699 0.00239632 -0.00702583 -0.00160678 -0.00322 0.00606319 -0.00253989 0.00574628 -0.00233964 -0.00413745 -0.00253629 -0.0022679 -0.00249518 -0.00156437 -0.00122354 -0.00103291 0.00356191 0.00145692 -0.00278738 -0.000393963 0.0018762 0.000468854 -0.00287367 0.000219 0.00116952 0.000159426 -0.000510753 -0.0018975 0.00409268 0.000307011 0.00079997 -8.76946e-05 0.000359103 -0.00112471 -0.00477643
0.000619229 5.1189e-05 0.000471339 0.00065249 0.0005377 -0.000171425 0.00092602 -3.56746e-05 -0.00385825 -4.52269e-05 -0.00206063 0.00134309 0.000437661 0.000466267 -0.000952982 0.00176419 0.00159055 -0.00278728 0.00730459 -0.00499869 0.00107544 0.00207164 0.00109395 0.00260555 0.00111778 0.00476892 -0.00248542 -0.00489282 -0.00813091 0.000392798 -0.00930294 -0.0120941 0.00478311 -0.00767439 -0.000226656 -0.000914437 0.00206694 0.000551654 -2.54387e-05 0.00466368 -0.000834257 -0.0018048 0.00399524 -0.00173221 0.000102297 0.00291721 -0.00656396 -0.00101442 -0.00241454 -0.00140784 -0.00166619 -0.00136707 -0.00127502 -0.00121315 0.000526039 -0.000503036 -0.00177506 -0.00176708 -0.000968421 0.000155267 0.00308759 -0.000177339 4.83943e-05 0.00066727 0.00014476 -0.00174191 -0.00117999 -0.00156224 -0.00162142 0.000535392 0.00343101 0.00495974 -0.00139342 -0.000250086 0.00247157 0.00120574 -0.00476093 -0.00732811 -0.00733701 0.000496692 -0.00049435 -0.000834555 0.00031 -0.00339555 0.00489018 0.00544266 0.00018391 0.00164041 0.00125376 0.00113181 0.000933143 0.000485732 0.00041278 0.00113044 -9.90567e-05 -0.000510196 0.000105829 -0.000934886 0.00251449 -0.00129321 -0.00278896 -0.00116043 -0.00257767 -0.00163277 -0.00095878 0.00155536 -0.00139229 -0.00112453 -0.000593472 0.00518032 -0.00267493 -0.00211878 -0.00104951 0.00386589 0.000662225 0.000200504 -0.00333987 -0.000290801 0.00342099 -0.00153239 -0.00453282 -0.000374514 0.00164322 0.00173525 -0.000456926 0.00181495 -0.00338311 -0.00169904 0.00317842 -5.99447e-05 0.00208872 -0.000809646 0.000380216 2.8747e-05 -0.00233029 0.00154284 0.00188621 -0.000262207 -0.00359371 -0.00013332 -0.00131146 0.00042979 -0.000280731 -0.0029284 -0.000455093 0.00197472 -0.00241694 -0.00173351 0.00345875 -0.000121004 0.000683845 -0.00271803 0.00149263 0.00315226 0.00249354 3.65641e-05 -0.00369156 0.000608933 -0.000708834 0.00248128 0.00139495 -0.00193036 -0.000664527 0.00262773 -0.00161861 -0.00296763 0.0028067 -0.00202398 0.000516236 0.000900302 8.28865e-05 -0.00225391 0.000105321 0.00110361 -0.000810351 -0.000905217 0.000197612 0.00192479 0.00242097 0.00128393 -0.00285061 -0.0031854 0.00417203 0.000525701 -0.00372137 -0.000809863 -0.000647278 0.00017535 -0.00350046 0.00282894 0.00528692 -0.000107279 0.000940444 -0.00118381 0.00091502 -0.00222084 -0.00136379 -0.000275016 -0.00200669 0.00163353 -0.000104091 -0.000840405 -0.000563553 -0.00605562 0.000207725 -0.00136687 -0.0024987 0.00185216 -0.00116546 0.000768792 -0.00556473 0.000272562 -0.0104567 -0.0012592 0.00232917 0.00127576 0.000802442 -0.000979282 -0.00435179 0.00174987 0.00686974 -0.00266648 0.000161676 -0.0031081 0.00303175 -0.0108359 -0.00743967 0.0155047 0.016236 -0.00581817 0.00938465 -0.00718026 0.00158192 -0.00666732 -0.0052682 0.00726174 0.00660766 -0.00272114 0.0126671 0.000573238 0.983419 -0.154108 0.00400358 0.00585594 -0.0129059 0.0162903 -0.0428231 -0.000259934 -0.0307181 0.00746858 -0.00933944 -0.00529527 -0.0280956 0.00306952 -0.0116895 0.00770507 -0.0120722 0.0019159 -0.00295303 -0.00222387 0.00264308 -0.00289787 0.0047644 -0.00279848 -0.00537878 0.0109316 -0.00076682 -0.00417193 0.00446123 -0.00330964 0.00500591 0.00314743 0.00130539 0.000542587 -0.00158212 0.00179292 -0.000406921 -0.00205212 0.00351737 0.00106443 -0.00215118 -0.00297343 0.000846446 -0.000384832 -0.00078643 0.00139315 0.000788033 0.00247003 -0.00185431 0.000134192 -0.00111905 0.00201912
6.43e-05 0.000209803 0.000883873 0.000180704 -0.00113207 -0.000702046 0.00078418 9.81363e-05 0.000343566 0.000557559 -0.00404628 -0.00487356 0.000422589 0.00149704 0.00179007 -0.00219823 -0.00196858 0.00159779 -0.00610078 0.00647565 -0.00137417 0.00259664 -0.000457654 0.00190731 0.00228587 -0.00734282 0.00254095 0.0101149 0.00898902 -0.00426978 0.0127169 0.00933046 -0.00938785 0.00453559 -0.000348281 -0.00212699 -0.00328288 -0.000983308 0.00455351 -0.000351109 0.00288229 0.00214173 -0.00219 0.00076792 0.00122142 -0.00075705 0.00405445 -0.000313291 0.00122528 0.00122188 0.00159502 0.000294249 0.00168187 0.00578828 0.000615947 -0.00224557 0.000162164 0.000428226 -0.00127101 -0.000257785 -0.000307635 -0.00105848 -0.000964058 -0.000394282 -0.00120994 0.00111127 0.000616848 0.00015452 -0.000543906 0.00129971 -0.000247013 -0.000577028 0.002055 -0.0014364 -0.00145461 0.00227864 0.0044484 0.00418127 0.00485098 0.00451988 -0.000234923 0.00297792 0.000683351 0.00608675 -0.00486586 -0.00252588 0.000760017 -0.0043286 -0.000991512 -0.000883893 0.00159449 -0.000365736 3.03227e-05 -0.00273417 -0.000381865 -0.00185534 -0.000197765 0.0030074 -0.00420755 -0.000746188 0.00106764 0.00092186 0.000668599 0.00258683 0.00284668 -0.000368153 0.00297231 0.00173997 -0.00114359 -0.00503823 0.00424264 0.0038411 0.00071346 -0.00455936 -0.00226369 0.00239866 0.0061127 -0.000415949 -0.00252095 0.00142853 0.00362688 -0.00243029 -0.00262545 0.000830726 0.00284614 -0.00182338 0.00225854 0.00326854 -0.00304479 -0.00206973 -0.000756506 0.000288238 -0.00114067 0.00117279 5.95898e-05 -0.00151969 -0.000476997 0.000652652 0.00485917 0.00244054 -0.00158138 -0.000212407 -0.000470286 0.00197448 0.00151079 -0.00206396 0.00530076 0.00107068 -0.00118599 -0.000668736 -0.000964861 0.00166083 -0.00202477 0.00306606 -0.00280999 0.000346851 -6.86741e-05 -0.00139585 -0.00135214 0.000559832 0.00117913 0.000606712 6.72583e-05 -0.00043749 -0.00127251 0.00340451 -0.00266111 0.000679566 0.000909796 0.00132064 0.000876181 0.00137241 -0.0021091 0.00135829 -0.000194911 0.000742299 0.000279279 0.00284631 0.00136575 -0.00131784 0.00098239 0.00313253 -0.000626571 -0.00322972 0.00334755 0.00100402 0.00235262 0.00125267 0.00263974 -0.00403399 -0.00474805 0.00147307 -0.000596947 0.001301 0.00215598 0.00154616 0.00285551 -0.0032626 -0.000129691 -0.000873991 0.00028994 -0.000891378 -0.000433637 0.00558818 0.00128495 0.00198733 0.00383873 0.000361651 -0.00124026 0.00248231 0.00459306 -0.000204406 0.00684919 0.00172243 0.00249463 -0.000526454 -0.00104839 -0.00155159 -0.00507287 -0.00314582 0.00134148 -0.00803638 0.00204093 -0.0119333 -0.00182983 0.00573258 0.00875148 -0.0074054 -0.00626957 0.00863818 0.0107966 0.00154261 0.00668852 0.00327975 0.0117463 -0.0136007 -0.00781104 -0.0188861 -0.0346721 -0.0100209 0.159892 0.981634 0.014834 0.0252497 0.0262352 -0.00833646 0.020562 -0.0094642 0.0209264 -0.0105726 -0.00583571 -0.0155944 0.0142797 -0.0183732 0.0219498 -0.0166101 0.00217036 0.0038643 0.00101969 0.00608505 -0.000225467 0.00160022 -0.00207969 -0.00313433 0.0113493 -0.013489 0.00410475 0.000576351 -0.00754097 0.00542523 -0.00125548 0.00244453 -0.00375513 0.00244605 0.0046461 -0.00295892 -0.000400561 0.0013405 -0.00415788 0.00032722 -0.00140373 -0.00242754 -0.00393037 0.00625051 -0.00288788 0.00336098 0.000901537 -0.00119783 0.001746 -0.000325551 -0.00294393 -0.000295071
0.000644446 0.000549939 -0.000737322 0.000461595 -0.00101499 -0.000753831 0.000932727 0.000621725 0.00120277 -7.29158e-05 -0.00183605 0.000121686 0.000599477 -0.000391286 -0.00148707 -0.000294927 -0.000228742 0.00104173 -0.00269963 0.00236235 0.00336243 0.00523611 0.00519845 -0.00373714 0.00513155 -0.00335301 -0.000454238 0.00202113 0.00722461 -0.00483033 0.00478745 -9.7174e-05 -0.00989809 0.00731273 -0.000414136 -0.00291375 -0.000165073 -0.000422886 0.00181122 0.00156074 0.000169751 -0.00274649 0.000447109 -0.00261416 0.00197022 0.00230439 0.00153493 -0.00277808 0.00286618 0.00132884 -0.00192864 0.000366949 0.00169349 -0.000650101 0.000752172 -0.00226653 -0.000910981 -0.000832709 0.000173852 -0.000779834 0.00426428 2.61602e-05 -0.000317993 -0.00187211 -0.00228123 -0.00102731 -0.00362807 0.000137383 -0.00373174 0.00167619 -0.00123631 -0.000889162 0.000593083 0.00512127 -0.00226109 0.0023749 -0.00100246 -0.000853275 0.00445004 0.00253132 0.00101467 -0.00124599 0.00318639 0.000875753 -0.00311473 0.000171516 -0.000751494 0.00217998 -0.000634145 0.00258631 0.00341066 0.00658974 -0.000536856 0.0002714 -0.00227851 -0.000504376 0.00212511 0.00176579 0.00273636 0.000956831 -0.0023213 -0.00413818 -0.00307712 0.00287254 0.000587657 -0.00303114 -0.000293928 -0.00169855 0.00143633 -0.00176509 0.00608076 0.00206787 -0.000430039 -0.00121149 -0.00177862 0.000120001 0.0056829 -0.00229769 7.79627e-05 -0.00101884 -0.000520568 -0.00225417 -0.00112229 0.00286979 0.000325385 0.000150124 0.0006926 0.00210755 -0.00224125 -0.00184777 3.50905e-05 -4.21595e-05 -0.00122571 -3.62333e-05 -0.000871459 -0.00105771 -0.0010666 -0.000629196 0.00333744 0.000610715 -0.00122802 0.00188379 0.000336018 0.000180004 0.00132131 -0.00223041 0.00222353 0.000646301 0.000966865 -0.0012372 -0.00157569 0.00104928 9.31804e-05 -0.00075065 0.00150166 0.00138139 0.00083315 0.000255557 -0.000318243 -0.000173915 -0.000385323 -0.00175717 0.000740634 0.000465087 -0.00178659 0.000514545 0.000565585 -0.00258158 0.00377358 0.000961179 -0.000539041 -3.4837e-05 -0.00230879 -0.00331815 -0.000654556 -0.00265702 -0.00182068 0.000167922 0.00149829 0.00093315 0.0027971 0.00227678 -0.0041288 -0.00246757 0.00116852 0.00218206 -0.00128566 0.00148046 0.000878356 -0.00122736 -0.000645095 0.00144822 -0.00209623 0.00238333 -0.000439821 -2.45381e-05 0.00181392 -0.00147785 -8.93084e-05 -0.00206244 0.000247875 0.00303574 0.00398759 0.00433064 0.000476158 0.00498894 0.00362254 7.99927e-05 -0.000788246 0.00290345 0.00237685 -0.000384024 0.00253723 -0.00427975 0.00132851 0.000826004 0.00388054 -0.000354278 0.00410459 0.00244538 0.00368801 -0.00179639 0.00188363 -0.00210666 -0.0013725 -0.00136629 0.00412162 0.00132532 -0.00264771 -0.00613288 -0.0154815 -0.00397692 0.00437993 -0.000334912 0.00309632 0.000692659 0.044294 -0.00514774 -0.00476673 0.0184173 -0.00546584 -0.0148364 0.995452 -0.0276186 -0.0298135 0.0170869 0.00602932 -0.00868003 0.0212157 0.00471039 -0.00824188 -0.00986694 -0.0104166 -0.00458474 0.00948203 -0.0151918 0.00952319 0.00732309 -0.00101418 -0.00468549 0.0029227 0.000133399 0.00202144 -0.00880127 0.00239874 -0.00879101 0.00676152 0.00340834 -0.00605772 0.00377293 -0.00351947 -0.000593824 0.00175059 -0.000496913 0.00182534 0.00348998 0.0054121 0.00206306 0.00140653 -0.00155774 0.00241866 -0.00240786 -0.000180761 -0.00486907 0.00292789 0.0033524 0.000653697 -9.45569e-05 -0.00240363 0.00457382 0.000168644 -0.000891008
-0.000332223 0.000301089 -5.51121e-05 -0.000218215 -0.000736143 0.000173933 -0.000666933 -0.00107968 -0.00218406 0.000288309 -0.00047343 -0.00167195 -0.000383539 -0.000856641 0.00130222 -0.000822606 -0.000147048 0.00134479 -0.00570706 0.00161285 -0.000621761 0.00309231 0.00327155 0.000528772 0.00112583 -0.00237917 0.00161832 -0.000114239 0.00940046 -0.00745745 0.00946253 0.00369109 -0.00416106 0.00623143 -0.000289942 -0.00184176 -0.00179869 0.00112497 0.00324501 0.0001632 -6.26082e-05 -0.00262027 0.00128939 -7.83378e-05 -0.000702797 0.000432683 0.00139211 -0.00255571 0.00193055 0.000899852 -0.000789782 -0.000682159 0.00277337 -0.00160368 0.000157151 -0.00136102 -0.00289143 -0.00306878 0.000680586 0.00103197 -0.00226866 0.00101499 -0.00332495 0.000452036 -0.00498612 0.000767556 -0.000970074 0.000250904 0.00178897 -0.000644632 0.0011517 0.0022423 0.00102324 0.00296191 -0.00167533 0.0053757 -0.00516994 -0.00569984 0.00684369 -0.000480544 -0.000689636 0.00312593 -0.000132643 -0.000555729 -0.00402284 -0.0029373 -0.000945685 -0.00750098 0.00243177 -0.000865734 0.00150341 0.00429712 0.00131892 5.24039e-05 -7.66513e-05 -0.00442604 0.00142512 0.0023161 0.000456872 0.00120341 -0.0017278 -0.00208715 -0.000357464 -0.00115742 0.000213339 -0.00129798 0.000271203 -4.20805e-06 -0.000382015 -0.00222566 0.0036902 0.0022291 -0.000178419 -0.00487686 -0.000682444 0.000716721 0.00341515 -0.00260654 -0.000441383 0.00299449 0.00138316 -0.0012214 -0.00132985 -0.000427057 0.00213825 0.00231037 0.00123005 0.00350793 -0.00129132 -0.000250974 0.00278174 -0.000822405 0.00106975 -0.000226718 0.000922893 -0.000285567 0.00232263 -0.00037147 -0.00151173 -0.00214352 -0.00271208 0.000583065 0.00103132 -0.000610401 6.5585e-05 0.000985794 -0.00146723 0.00107395 -0.00224713 -0.001308 -0.00195652 -0.000815316 0.00137094 0.000489572 -0.00159185 0.000875026 0.000874199 0.000140877 7.20181e-05 6.04581e-06 -0.00374275 -0.000774833 0.000858926 3.81201e-05 0.000275832 0.00300169 -0.000429945 -0.000675257 0.000623069 0.00170054 0.00151759 -0.000871148 -0.00143458 -0.000707756 3.02013e-05 -0.000952616 -0.000614563 0.00183173 0.000881587 -0.00235317 -0.00011877 0.00251184 -0.00191098 -0.0015805 -0.000382268 0.00110906 -0.00112735 0.00215597 0.000541335 -0.00315862 -0.00223888 0.00239104 -0.00219923 0.00324944 -0.00111825 -0.000345522 -0.000535645 -0.0020812 -0.000843932 -0.00173658 -0.00312476 -0.00181461 0.00149695 0.000825345 -0.00272908 0.00359038 0.00265667 -0.000839709 -0.00175766 -0.00177862 0.00157853 -0.00272023 -0.000600372 -0.000783181 0.00212384 -0.000163523 -0.000545739 -0.00350191 -0.00319399 0.00405353 0.000743942 -0.00394047 0.00252405 -0.00160568 -0.00147965 -0.00246691 -0.00188154 -0.00821697 -0.00559015 0.0125907 -0.00888482 -0.000240723 0.0130205 0.00824776 0.0163093 -0.00452751 -0.0114983 0.0109135 0.00230024 0.0179167 -0.00920321 -0.0250491 0.0226366 0.990024 -0.0559571 0.0256104 -0.0561095 -0.0124858 0.0593702 0.00236421 -0.0138782 0.0355769 0.0240809 0.00569637 0.0250453 -0.0234383 -0.0149616 0.00264242 -0.00798416 -0.00711845 0.005323 -0.0176917 -0.0083495 0.000306619 0.00809202 -0.00343877 -0.000479163 -0.00296264 -0.00178179 0.0017907 -0.00407477 -0.00354325 0.00178483 -0.00447851 0.00181384 0.000646113 -0.00132903 0.00136524 -0.00161669 0.00201579 -0.000333439 -0.00221833 -0.002875 -0.00300285 0.00273115 0.000813285 8.99944e-05 0.00316286 -0.0015854 -0.000936489 0.00287687 0.000922224
-0.000159731 0.000892747 -0.000200957 -0.000957102 0.0011954 0.000138424 0.00099384 -5.70326e-05 0.000878181 2.19708e-05 0.000308494 -0.000644152 0.000182745 -0.00123134 -0.000299886 0.000760682 0.000121909 0.0012208 0.00295982 -0.0014411 -0.00292556 -0.00403864 -0.00405598 0.00379367 -0.00275274 -0.000978698 0.00660078 -0.00133276 0.00295013 0.000884549 -0.00825901 -0.00342468 0.00237783 -0.00653805 -0.00218582 -0.00389183 -0.000296398 -0.00216868 -0.000160707 -0.000649017 -0.00136117 0.00377287 -0.00215161 -0.000542121 -0.000809455 -0.00201261 0.00245613 0.00327965 0.000529341 -0.001066 -0.000409388 0.000619877 3.30717e-05 0.00168283 -0.00157635 -0.000307005 0.00175569 -0.000386316 -5.20434e-05 0.000294971 -0.00107113 0.000401605 0.000440486 -0.000916977 0.00281288 -0.00117097 0.00189032 -0.000131492 -0.0010393 0.000820031 -0.0036655 0.000551511 0.000261533 -0.00145203 -0.000936785 -0.00176414 0.00194409 0.00386005 0.00197254 0.00190139 0.000703459 -0.00048796 0.00126648 -0.000935044 -0.00417661 -0.00201109 -0.000671075 0.00129476 -0.00103366 0.00053118 0.000380265 -0.00239029 -0.000243473 -0.000175188 0.000889763 0.00181164 0.00215246 9.41188e-05 -0.00144626 -0.000876383 -0.00211598 0.00252982 0.00371518 -0.000320656 -0.00142913 0.000138863 -0.000195501 -0.00118352 -0.0014344 0.00159721 -0.00354264 8.97439e-05 -0.000839736 0.00151969 0.000450902 -0.00129781 -0.00141115 -0.000251481 0.000543869 6.64962e-05 0.000470317 0.0011448 -0.00128544 -0.00166607 0.00244211 -0.00214397 0.00108468 -0.00232806 0.00301209 -0.00117208 -0.00308568 0.001465 -0.00208062 0.000636684 0.00386614 -0.000177145 0.00116616 -0.000176493 0.00169955 -0.00163763 0.00403844 -0.000392377 0.000273555 0.0018313 -0.00103763 0.0024565 0.00126092 0.00190467 0.00105163 0.00245245 0.000224402 0.000436023 9.92685e-05 0.00120147 -0.00105986 -0.000563948 0.000694621 -0.0014044 0.000134129 0.0017662 -0.00157552 0.00128427 0.00141708 0.000765799 0.000936127 0.00165087 -0.000342082 0.00123695 -0.00530221 -0.000463005 0.000360941 -0.00124476 -0.00127653 -0.000653322 0.00102453 0.00267478 0.00124013 -0.00026825 -0.0015131 -0.00322771 -0.00227251 -0.0024457 0.00285481 0.000152144 0.000295064 -0.00285727 0.00206726 0.00145313 -0.000168024 -0.000137986 0.000342038 -0.00109711 -0.000326674 0.000446362 0.000294711 0.00312782 0.00294579 0.00273631 -0.000538886 -0.00200865 0.00191178 0.00103957 -0.00052672 -0.00275834 -0.00231554 0.00135187 0.00164867 -1.20262e-05 -0.00033465 0.00151604 0.00118045 -0.00214339 0.000870916 -0.00589454 -0.00227339 0.000639302 -0.00380579 -0.00285675 -0.00152004 -0.00237401 -0.00218534 0.0044085 -0.00100999 -0.000568255 0.00209984 -0.00245196 0.00283136 -0.00756981 0.000368716 -0.00729393 0.00386309 0.00992394 -0.00455594 -0.00506627 -0.00505169 0.0170352 -0.00189216 -0.0139258 0.0185901 -0.00772047 0.0123784 -0.0324256 0.0338475 0.060248 0.983374 -0.141793 0.0323179 -0.0130202 0.0183334 0.0162664 0.0219823 -0.00922433 0.024903 -0.0160874 -0.00474958 0.00572478 0.0123455 -0.0108581 0.00152792 0.00815265 -0.000478214 0.00880901 -0.00274666 0.00154363 -0.00436267 0.000922618 0.000411902 0.000205466 0.000878847 0.00739334 -0.00035749 0.00385374 -0.000728422 0.000340464 -0.000884217 -0.00290919 -0.00625807 0.000437434 -0.00470364 0.00147774 -0.00404553 -0.00113577 0.000581988 0.010018 0.000665372 0.00189118 -0.000293894 -0.00367664 -0.00359585 -0.00195243 0.00235245 -0.0032791
-0.000697442 0.00441288 0.001944 0.000131746 -0.00301988 -0.000106391 0.000288106 0.000168112 -0.00281132 1.44168e-06 -0.00138521 -0.0076993 -0.000288764 -0.000682321 0.00448269 -0.00374204 0.000455752 0.00200885 -0.00646763 0.0086289 0.00206259 0.00503297 0.00731908 -0.00149819 0.00614083 -0.0143114 -0.000585168 0.00378356 0.0176371 -0.0150031 0.0175752 0.0142782 -0.0159491 0.0153359 0.00158048 -0.000315458 -0.00184126 0.00359369 -0.00033446 -0.00499098 0.00282602 0.00370203 6.73017e-05 0.00252872 0.00120355 0.00097065 0.00253933 -0.00127166 0.0031633 0.00352609 -4.12158e-05 0.0019339 0.0020117 0.00052566 0.000221346 0.000323012 0.00076136 0.00248034 -0.000414566 -0.00254719 0.000434126 -0.00248647 -6.28765e-05 -0.000270841 -0.0046556 -0.00211483 0.000988852 -0.00317231 -1.85046e-05 -0.0044917 -0.000995912 -0.00233785 -0.00016916 -0.000805561 0.00659273 0.000909403 0.00159659 0.000127062 -0.00224038 0.000490087 0.000539507 0.00710176 0.00302165 0.00554505 -0.00584835 -0.0031702 -0.00280675 -0.00581118 -0.000258826 -0.00476741 0.00327767 0.00135099 0.00175133 -0.00284632 0.000488061 0.000991806 0.000961149 0.00559024 0.000192438 0.0026033 0.000445634 -0.00142238 0.00365799 0.00153709 0.00599833 -0.00175573 0.00111159 0.00240259 0.001474 -0.0047753 0.00571219 0.00489266 -0.00133888 -0.0100724 -0.000512156 0.00278043 0.00829645 -0.000384522 0.000970361 0.00242102 0.00605347 -0.00501929 -0.00127943 -0.00429026 0.00493976 0.000177569 0.00576983 0.00540248 -0.0025437 0.000244172 0.00441687 -0.000659244 0.000917067 0.00266816 -0.00319037 -0.000449283 0.000943923 0.00157936 0.00395413 -0.000358016 -0.00649813 0.000321507 0.00207896 -0.00152903 0.00315079 -0.0015218 -0.000882481 -0.00360222 0.000177553 -0.000528397 -3.56185e-05 0.000639538 0.000380888 -0.000650629 -0.000881982 -0.000993284 -0.00205061 0.00211992 -0.0015785 -0.00320076 -0.00240609 -0.00272827 -0.0012291 0.00145233 -0.00163772 0.00209062 -0.00160601 -0.00153558 0.00332 0.00317022 -0.000555757 -0.00162747 -0.002447 -0.000644892 -0.00096748 -0.0006976 -0.000847476 0.00388167 -0.00254934 -0.000779904 -0.00119635 0.00304861 -0.00472249 -0.00387677 7.86085e-05 0.00466703 0.00160116 0.000900158 0.0030698 -0.000846897 -0.00163515 0.00512173 -0.00179969 0.00667057 0.00106124 -0.000969552 0.00175392 -0.00411858 0.00517956 -0.00213616 -0.00543698 -0.00113294 0.00150466 0.0113103 0.0049418 0.00274293 0.00420325 0.00359466 0.00310438 -0.00515471 0.0135076 0.00765493 0.00266026 0.000841531 0.00635759 -0.0016867 0.00373331 -0.00311182 0.00299941 -0.0060022 0.0002161 0.00211634 -0.00189045 0.00448795 0.00459847 0.00545664 0.00535624 -0.00109916 0.000648071 0.000303411 -0.0106205 -0.00228226 0.00607611 0.00128098 -0.00324851 0.00449216 0.0140403 0.0018677 0.00928941 0.00237358 -0.010655 0.00143677 -0.0194897 -0.0298429 0.141651 0.970206 -0.0646087 -0.112298 0.0929475 0.0259692 -0.015574 -0.0345307 0.0196553 0.00344716 0.0321727 -0.00218872 0.0105843 0.00345792 0.00689291 0.00152081 -0.00270291 -0.00220155 -0.00455508 -0.00232525 -0.0018471 0.00153105 0.00983402 0.000808469 0.0079907 -0.00182083 0.00122737 0.00115839 -0.00338875 0.00182034 0.00386691 -0.00329821 0.00255744 -0.00190404 -0.00319056 -0.00149474 0.00159073 -0.0011039 -0.00500502 0.00201434 -0.00217408 -0.000708668 -0.00144221 0.00210919 -0.000821265 0.000918948 -0.0019369 0.00171676
-0.000406816 -0.00119848 -0.00252383 0.000231575 -0.00262857 0.0008882 0.00225986 -0.0012558 0.00220732 3.3739e-05 0.00149143 -0.00273347 0.000717363 -0.00128616 0.00192267 -0.00139595 -0.00109585 0.00312168 -0.00368237 0.00233716 0.00593124 0.00752668 0.00370934 -0.00862875 -0.00378111 -0.0147744 0.000434516 0.00594147 0.0145404 -0.00201273 0.0113294 0.00833659 -0.00692149 0.0110734 0.00226994 -0.0036831 -0.00514962 0.000572286 0.00037395 -0.00274892 -0.000972656 -0.000217774 -0.00359816 0.000479103 0.00244001 0.000198895 0.00137651 -0.00302944 0.00154101 0.00242416 0.000184764 0.00199923 -6.21811e-05 0.00147836 -5.96831e-06 0.00087327 0.000408226 0.000250215 -0.000385239 0.0022517 0.000826415 -0.00107398 -0.000295078 -0.00077948 -0.00388793 0.00088426 -0.000760668 -0.002177 -0.00665214 0.0013271 -0.00313893 -0.00518504 0.000790016 0.000327675 0.00277317 0.000437337 0.00440802 0.0036981 -0.0025532 0.00169341 -2.11441e-05 0.000555342 0.00201346 0.00542706 -0.00366715 -0.00248858 -0.000441607 -0.0010476 -0.00159491 -0.00227695 3.63596e-05 0.00265336 -0.000508192 -0.00442432 0.000903245 0.00026797 -0.000722548 0.00191938 0.00260318 0.00101684 0.00607702 -0.000520762 0.000832826 -0.000475346 0.00261953 -0.00118143 -6.57482e-05 -0.00091353 0.00300944 -0.0020868 0.00388722 0.00307605 -0.00230397 -0.00666303 -0.00552711 0.000825373 0.00713482 -0.00140749 2.61946e-05 0.00244543 0.0046978 -0.00021422 -0.00219538 -0.0013624 0.00300153 -0.000831878 0.003219 0.00542476 -0.00260536 -0.00207168 0.00164805 0.00186875 -0.00147964 0.00188568 -0.00222586 3.2284e-05 0.000499172 -0.00209465 0.00557435 0.00189222 -0.00242269 0.00153998 0.00508442 0.00195489 0.00182928 -0.000442841 0.000824044 -0.000968429 0.000966505 -0.00290639 0.001234 0.00062542 5.10286e-05 0.00152134 -0.00232044 -0.0027681 -0.00249738 0.00086022 -0.00135087 -0.0050538 -0.00191232 -0.000422527 0.0012009 0.000471418 -0.00377375 0.00350502 -0.000590615 -0.000451659 -0.000141292 0.00144635 0.00170652 -0.00155349 -0.000961018 -0.000830341 -0.00200418 -0.00318428 0.000182353 0.00016047 -0.00169267 0.00140079 -0.00139786 0.00314987 -0.00457755 -0.000725041 0.00428084 0.00369467 0.00323043 -0.00184262 0.00420328 0.000390716 -0.00272694 0.00179743 0.00217018 0.000729301 0.0026245 0.00200282 0.00179395 -0.000252978 0.000960049 -0.00100962 -0.00300261 0.00248127 0.00164518 0.00592062 0.00469782 -0.00048393 0.00239295 0.00409359 0.000727181 -0.00125708 0.00397938 0.00539452 0.00845494 0.00571629 0.00748495 -0.00501689 0.000117191 0.00284474 0.0020342 0.00152301 0.00364984 -0.00161432 -0.00161656 -0.000488121 0.00579561 0.00449986 0.00758724 -0.00761239 0.00723806 -0.000231315 0.013726 -0.00595349 0.00714709 0.00365661 -0.00862755 0.00703186 0.013006 -0.00879232 -0.0124115 -0.0169787 0.0418457 -0.033925 -0.0101706 0.0476934 -0.0274617 0.0653147 0.977611 0.0973424 0.089836 -0.0267134 -0.0305836 -0.0677563 0.0557612 0.0198836 0.0135856 -0.00697412 0.00459544 -0.0016426 0.00829882 0.00929769 -0.00442214 -0.00306802 0.00520755 -0.0133618 0.00100015 -0.0105247 0.00110299 0.00225707 -0.00382456 0.00559469 -0.00429847 0.00030916 0.00154025 0.00207871 0.00317028 -0.00234094 0.00161666 0.0023243 -0.0032952 -0.00177752 0.00310282 -0.000679506 6.17173e-05 0.000574231 -0.000261471 -0.00229032 0.000944789 -0.000886839 0.00408476 -0.00318583 0.00125378 0.000396756
-0.0014385 -0.00144155 -0.000401686 -0.000460205 0.000528808 -0.000983101 -0.000933967 0.00176742 0.00238835 0.000465155 0.00162023 0.00174682 0.000917731 0.000328178 -0.000433742 0.00115543 -0.000922807 -0.00067914 0.00288626 0.000881467 0.00222906 -0.00829141 -0.00178515 -0.00325551 0.00113076 0.0061674 -0.000818696 -0.00127145 -0.00115019 0.00594447 -0.00409884 0.0015977 0.00326877 -0.00445287 0.000967413 -0.000643081 0.00279992 0.000642799 -0.000697592 -0.00252242 -0.00414874 0.00328447 0.00179212 0.00134355 0.00076536 -0.00164571 -0.00184622 0.00012547 -0.000766858 -0.000986193 0.00174602 0.000122649 5.9921e-05 0.00224611 0.00262629 -0.000336469 0.000410987 0.00132304 -0.000480231 0.000172942 -0.00224849 -0.00121622 0.00117978 0.000424612 -6.36558e-05 0.00162294 0.0019831 0.000650635 8.38174e-05 -4.99608e-05 0.000595228 -0.00285541 0.000253622 -0.00171511 -0.0016961 -0.00200964 -0.000388973 0.000282263 0.000202663 -0.00093154 -0.000112419 -0.00223281 -0.00127559 5.62626e-05 -0.000130702 -0.000961399 -0.000550802 -0.000795509 0.000188891 0.000642998 -0.00112012 -0.00151171 0.00187294 -0.0012955 0.000639852 -0.000153036 -0.000994453 -0.00225185 -0.000813238 -0.00139474 0.00400054 0.00322157 -0.0001044 -0.00143658 0.000168344 -0.00281233 -0.000103871 0.00251464 -0.00294112 -0.000109837 -0.00492801 -0.00403263 -0.000795057 0.00157098 -0.00124065 -0.000370378 2.98057e-06 -0.000684779 -0.00116754 -0.000190813 -0.000593346 0.00158383 -0.00118539 0.000479803 -0.00244796 -0.00188776 -0.00092238 -0.00153057 6.13667e-05 -6.82696e-05 -0.00173363 -0.000484255 0.000390064 0.00110089 -0.00017481 -0.00377136 -0.00065251 -0.00151568 -0.00118535 -0.00121823 0.000387076 -0.00204435 -0.000648915 0.000357759 0.000923283 0.00233032 -0.00199227 0.00100005 -0.00299017 0.00094991 -0.00223719 0.00163507 -0.000172154 9.53853e-05 -0.00336801 -0.000884077 0.00285117 0.000712261 -0.000363684 -0.00177163 -0.000339758 0.00317109 0.000101043 0.000458202 0.000412587 -0.000804229 0.00116683 0.00131523 -0.00174251 -0.00252066 0.00150698 -1.06123e-05 0.000977644 0.000943277 0.000773079 0.00330584 -0.00226233 -0.00168496 0.00103554 0.00120297 0.000234091 0.000513557 0.00108178 0.000309603 1.70045e-05 -0.00169392 -0.00209372 0.00111011 -0.00191933 -0.00105797 -0.00114431 -0.00125229 0.00126144 0.000569765 -0.00171269 0.00107269 -0.00365913 0.00157617 -0.00201537 0.000444828 0.00112299 0.00159994 0.000866812 0.000724821 0.000660061 -0.00463086 -0.000926992 0.000746087 0.000454009 0.00143581 -0.00305432 0.00180447 0.0021889 0.00399122 0.000896376 -0.00519007 -0.000179346 0.00191538 -0.00311202 -0.000304974 -0.000180971 -0.000754711 0.000121848 -0.00508823 -0.00232224 -0.00145858 0.00278104 -0.00200076 0.00491617 -0.00124167 0.00387907 -0.00604813 0.00339398 0.00542101 -0.00194806 -0.0133524 0.00285646 -0.00644959 -0.00863745 -0.00371622 -0.00316727 0.0112764 0.0095694 0.00540128 0.0326706 0.105537 -0.104583 0.985381 0.00446827 -0.0496402 -0.0130358 0.019577 0.0050427 -0.000416434 -0.00826158 -0.00783621 0.0070665 0.00567733 -0.00587476 -0.00621326 -0.00934145 0.00651761 -3.11407e-05 0.00732711 0.000840195 -0.0045575 0.000592996 -0.00455489 0.00174489 -0.00165238 0.001638 -0.000489794 0.00026639 -0.000540063 -0.000821349 -7.20707e-05 0.00410959 -0.000554701 0.00268964 0.00226822 0.00202461 -0.00353631 0.00123445 -0.00315002 9.96062e-05 -0.00214735 -0.000766592 0.00460338 -1.74683e-05 0.00247823 0.00114076 0.000122097
0.000718259 -0.00147434 -0.00128702 0.00013851 0.00171237 -0.000341737 -0.00102933 0.00112754 -0.000749338 0.000546633 0.000528909 -0.00397531 0.000593349 -0.000140421 0.00231664 -0.00171851 -0.000476407 -0.00263325 -0.000139513 0.000483822 -0.00846293 -0.000765208 -0.00946429 0.00311835 -0.0057504 0.000541668 0.00193898 0.00820353 -0.00450266 0.00256805 -0.00136555 0.00242555 0.00524689 -0.00326395 -0.00504275 -0.00381668 -0.00327789 0.002427 0.00289043 -0.00371405 -8.19137e-05 0.00241831 -0.00148496 0.00396419 6.5832e-05 -0.000543612 -0.000366442 0.0054298 -0.00105177 -0.001159 0.00117447 0.000366601 0.00176581 0.00120332 -0.00133584 0.00309017 0.00169732 0.0003406 -0.000890253 -0.000803731 -0.00159015 0.00177584 -0.00139308 -0.000165442 0.00449505 0.000180472 0.00124124 0.0040876 0.00233505 -0.000481862 -0.00216456 0.000192151 -0.00164886 -0.00576171 -0.00147387 0.00679529 -0.00236254 0.00153258 0.00999204 0.00435834 0.00291952 0.00620528 0.00382455 0.00675888 -0.0135399 -0.00328805 0.00138597 -0.00571424 -0.00119662 -0.00519664 -0.00370999 -0.00155473 0.00235763 0.000877498 -0.00225885 0.000156046 0.000980668 -0.00102198 -0.00261204 0.00276527 0.00118548 0.000926103 0.00465036 0.00349053 0.00289177 0.00136531 -0.00180128 0.001628 -0.00221435 -0.00310645 7.0013e-06 0.00376507 0.00455675 -0.00105642 0.000362286 0.00158092 0.000275833 0.00134273 -0.000718533 0.000729929 -0.00276696 0.00107469 -0.000848064 0.000403469 -0.00263218 -0.00210979 -0.00118942 0.00236488 -2.40116e-05 -0.000329519 -0.00442478 0.000519592 -0.00128623 -0.000271507 -0.00220507 -0.000932542 -0.00118542 -0.000791617 -0.000829065 0.00141335 -0.00291175 -0.0028122 0.000939287 0.00114935 -0.0009214 0.000757604 0.000375513 0.00171588 -0.00450707 0.00288898 -0.00104244 0.00340344 0.00252587 0.0062005 -0.00426595 -0.00203195 -0.000336296 -0.00364163 0.000395735 0.00247712 -0.00232277 0.00277576 0.00101959 -4.23134e-06 -0.00200616 0.00299117 -0.00416027 0.00226803 -0.00369514 -9.55543e-05 0.000330871 0.00183774 0.000860479 -0.00141578 -0.000194457 0.0018077 0.00293788 -0.00180565 -0.000486022 -0.00169476 -0.00149061 -0.000958009 0.00224571 0.00034507 -0.00142229 -0.00115427 0.00228321 0.00122084 -0.00286421 -0.000317189 -0.00121765 -0.00108577 -0.00179503 -0.000166265 -0.000475052 0.00124761 -0.0003593 0.00454112 0.00156166 -0.000196876 -0.0013201 -0.0016026 7.60316e-05 -0.00221598 -0.00323004 0.00575045 0.00148623 -0.000276675 -0.00340104 0.0029658 0.00084266 -0.00160768 0.00484091 0.0042868 0.00137947 -0.00122552 -0.00319303 -0.00959463 -0.00561872 0.00163749 0.00311611 -0.00237531 -0.00430985 -0.000119592 0.00594348 0.000629093 -0.00194428 -0.0109618 0.00235087 0.00635426 0.00347684 -0.00954041 0.0130588 0.0116747 -0.00704596 -0.00343436 -0.0140748 0.0127234 0.00692765 -0.0130585 0.0287692 -0.027336 -0.0216554 -0.0719243 -0.0293319 -0.105424 -0.0915152 0.00319464 0.941689 0.141234 -0.129581 0.00576982 0.175045 0.00147324 0.0619332 -0.0665417 0.0149735 0.0210965 -0.0147459 -0.00677154 0.000839132 -0.0219951 -0.00587364 -0.020223 0.0287755 -0.0348712 0.0112329 -0.00126816 -0.0219317 -0.00154498 -0.00576822 0.0025122 -0.00145241 0.00334529 -0.00338389 0.00106868 -0.0121458 0.00496273 -0.00815924 0.00100605 -0.00481072 -0.000750948 -0.000671758 0.000740671 -0.000474518 -0.000131033 0.000772882 0.000140214 0.00154138 -0.00246499 0.00019398 0.00037581
0.000601702 -0.00012493 -0.000258195 0.000257014 0.00201161 -5.36543e-05 0.000972865 8.98097e-05 0.00195706 -0.000908828 -0.00120596 0.00130793 8.69186e-05 0.000369295 0.0018707 0.000726818 0.00152733 -0.00250451 0.00713319 -0.00493083 -0.00404652 -0.00433903 -0.00821237 0.00793217 -0.00278983 0.00218511 0.00149429 -0.00255961 -0.00487362 0.00457438 -0.00702294 -0.00595543 0.00208296 -0.00669664 -0.00581023 -0.00294705 0.0011211 0.0014905 0.000417654 -0.00306501 -0.00284791 0.00700994 -0.000147199 0.00191111 -0.000105524 -0.000114097 -0.00188364 0.00381275 0.00147449 -0.00207158 0.000540065 -0.00214899 0.00124841 0.0011729 0.0010088 0.00117803 0.00115545 0.00226095 -0.00219809 -0.00125307 -0.00400981 0.00152443 -0.00325386 9.34649e-05 0.00394398 -0.000988362 -0.00111608 0.000798489 0.000952001 -0.000115747 -0.00270195 0.00162991 -0.00540462 -0.00258258 0.00354705 -0.0033233 0.000552594 0.00416092 -0.00525804 0.00512104 -0.00427823 0.00554891 0.00223474 0.00238301 -0.00199312 -0.00530989 -0.00118035 0.000126079 0.000620523 -0.00459566 -0.00487772 -0.00226141 0.00117857 0.00013656 0.000347934 0.00497287 -0.00125427 -0.00452811 -0.00122577 -0.000578218 0.000430472 0.00213198 0.00256202 0.00462241 0.00028798 0.00338632 -0.0054736 0.00216291 -0.00367067 0.00129006 -0.00518121 0.00100913 0.000619872 0.00345715 0.00188794 -0.000766032 -0.00665346 0.000216568 0.000392066 0.000930624 -0.00415788 0.00429161 -0.000426277 -0.00348121 0.000129427 -0.00132286 -0.00465798 -0.00121071 0.00191264 -0.00269131 0.000704715 0.00251683 0.000665177 -0.00067585 0.0032407 0.00160243 -0.000271543 0.00197025 -0.00115528 0.00287541 -0.00092263 -0.00257365 -0.000691059 -0.00213847 -0.00061807 -0.00404512 -0.00450016 -0.00113331 0.00118685 0.00195721 -0.00115246 0.000410461 -0.000580308 -0.000472187 -0.00132284 -0.000583718 -0.000522055 -0.000583058 0.00137945 -0.00105762 -7.93933e-05 -0.000180593 0.000894354 -0.00183534 0.00337638 0.00152252 -0.00103659 0.00225887 -0.00334888 -0.00258196 -0.000745195 -0.000464392 0.0001581 0.0025585 0.00226441 0.000477714 0.00116646 -0.000959071 -0.00131176 -0.000316976 -0.000146493 -0.00125456 0.00550391 0.000331891 -0.00092174 -0.000518493 0.00066195 0.0020218 -0.000944468 0.00436868 0.0011607 -0.00151566 0.00126264 0.000473018 0.00171842 0.000386297 0.00202343 0.00380017 0.0015533 -0.000698203 -0.00196311 -0.00183949 -0.00287926 -0.00136202 -0.0025679 0.000388571 -1.80413e-05 0.000221886 0.000228054 0.000959364 2.42765e-05 -0.000905266 -0.00592634 0.00189579 -0.0027131 0.00175317 -0.00173096 -0.000161842 -0.0019947 0.00161711 0.000285939 0.00130439 1.22131e-05 0.00103298 -0.0034319 -0.00471096 -0.000694415 0.000343764 -0.00319072 0.00134179 -0.00292731 0.0033335 0.0046947 -0.00597294 -0.001686 -0.000681367 0.0123665 0.010561 0.000976066 -0.0138702 -0.00993147 0.00881992 -0.00145403 0.0107735 -0.015699 -0.00961342 0.0142109 0.0521238 -0.189714 0.933644 -0.156857 -0.186892 0.128878 -0.0544271 0.064272 -0.00588611 -0.0241156 -0.00276793 0.00964917 -0.0078223 0.000216622 -0.0140927 -0.00696995 -0.0151552 0.0119258 0.00321178 0.00954558 0.00161843 0.00504419 -0.00795298 0.000845568 0.00131344 0.00105974 0.00463394 -0.000203622 0.00260664 0.00423325 -0.00238412 0.00473766 -0.000782948 -0.000647752 0.000207619 0.00290829 -0.00576108 0.000356039 -0.00432125 -0.0015516 -0.000288653 0.000209605 0.000341629 -0.00116946 0.00159108
0.000435119 0.00233289 0.00145329 -0.0012328 -0.000305286 0.00138529 -0.00166762 -0.00137294 0.00320969 0.000201647 -0.00388947 0.00115808 -0.000396163 -0.000223841 0.000846069 -0.000593044 -0.000157162 0.00111321 -0.000214863 9.36632e-06 -0.0030543 -0.00113203 0.00139513 0.00217159 0.00343536 -0.00615349 0.00791699 -0.00363889 0.00634322 -0.00460974 -0.00153823 0.00496789 -0.00253218 0.00125342 -0.000992008 0.00261502 -0.00180099 -0.00226394 0.00223963 -0.00327329 0.00461736 0.00406574 -0.0012598 -0.00239705 -0.000904527 -1.87446e-05 0.00296449 -0.000251503 -0.000787035 0.00011029 0.000904051 0.000268463 0.000348688 0.000983354 0.000992584 -0.000251693 -0.0021476 0.000596198 3.08439e-05 0.00171708 -0.000731371 -0.00113235 -0.000208979 0.00120146 -0.00326511 0.00165334 0.000351577 0.000707518 0.00353238 -0.00370086 -0.000507838 -0.00372337 0.00140216 -0.000102464 0.00116815 -0.000599011 0.00191877 0.00233939 0.00176597 -0.00693026 0.00102445 0.00105323 -0.00631307 -0.00441057 -0.00117186 -0.00219545 -0.0025421 0.00246544 -0.00234052 -0.000945906 -0.00140779 -0.0044589 0.000802305 0.000432607 0.000200958 0.000645901 -0.000422709 -9.66848e-07 0.00145285 0.000805768 -0.00191888 0.0032517 0.00155518 0.000506304 0.00332558 0.0016335 -0.000634371 0.000270134 0.000821167 0.00350652 -0.000134721 0.00077105 -0.000952727 -0.00396064 -0.000267083 -0.00166426 -0.000326528 -0.00217629 -0.00335328 -0.00239977 0.00321944 -0.000607085 0.00174026 -0.00391039 0.000910868 -0.000595132 0.00236565 -0.00131391 0.000231705 0.00116426 0.00155888 -0.00173925 0.00077674 -0.00112207 0.00247644 0.00211588 0.00398742 -0.000210203 -0.0011198 5.28937e-06 0.000257328 -0.00168809 0.000992702 8.15526e-05 -0.00230158 -0.000225958 1.0439e-05 0.00156931 -0.00241681 0.00121858 -0.00172101 0.00206595 -0.000609893 -0.00295637 0.00177988 0.00093501 0.000591238 0.000316477 0.00186382 0.00164658 0.000983427 -0.00031146 0.00107857 -0.00189825 0.00107707 -0.000656271 -0.00157144 0.00226479 0.000863087 -0.00179569 0.000197174 0.00185037 0.000229877 0.0035001 0.00151946 0.00440326 -0.000367704 -0.000792634 0.00057345 -0.00144549 -0.00100592 0.000173589 -0.000108514 -0.000439228 0.00142269 -0.000529864 0.000416129 -0.00155359 0.00235939 0.000900184 -0.00110407 0.00219913 0.000615966 0.00490912 0.00104356 -0.000370847 0.0013122 -0.0029423 0.000769879 0.00171999 -0.0010076 -0.00199504 0.000515198 -0.000292919 0.000457926 0.000160663 -0.001619 0.00150014 0.00241157 -0.00338474 0.00236809 0.00380845 0.00477738 0.00103153 -0.00439312 -0.00300549 -0.00343407 0.00182939 0.00184165 -0.00548135 -0.0057732 0.00156937 0.00181871 0.00171447 -0.00226422 0.00177034 -0.00534924 -0.00187553 0.00575411 -0.00373618 -0.00207585 0.00310102 0.00702664 -0.00339904 -0.00384173 -0.00249031 -0.0135999 0.00294486 0.0019014 -0.0022568 0.0150318 0.0106205 0.0087992 -0.00236805 -0.0215811 0.0160671 0.0358308 0.0205322 0.0907446 0.228744 0.917678 0.254698 0.0364941 0.152496 -0.0379088 -0.00745665 0.00918787 -0.00789191 0.0037959 0.00585453 0.00869873 0.00837717 -0.0131241 0.00905396 -0.00504928 0.0112264 0.00550394 0.00210633 0.00183017 0.00397485 -0.00106187 -0.000827896 -0.00432924 -0.0053702 0.00307567 0.00168682 -0.00137085 -0.00278904 0.00253458 0.00115509 0.00449489 0.00279463 0.000770369 0.00130273 -0.00135449 -0.004434 0.00216032 -0.00419501 -0.00108001 -0.00409324 -0.0039625 0.000175565
3.49876e-05 -0.0024509 -0.00144672 -0.000423208 -0.00134316 -0.000401265 -0.00259378 0.000821219 0.000542239 -0.000623552 0.00157264 -0.000539664 -0.000159536 0.000675182 -0.000235241 0.000559267 0.000733158 0.00170151 -0.000640573 -0.000536444 0.00218395 -0.00448862 0.000412287 -0.0105618 0.00201164 0.00159932 -0.00344852 -0.000424863 -0.00358017 0.00343582 0.00471264 0.00337214 -0.0027257 0.00463016 -0.00272691 0.00180925 0.0023493 0.00137218 0.00121357 -0.00144835 -0.0016811 -0.000385925 0.000639965 -0.000312331 2.38027e-06 -0.000454758 0.000768435 -0.0008512 0.00054595 0.000396708 0.000957315 0.00163449 -0.00110538 -0.00164643 0.000510654 -0.00385089 -0.00143818 -0.00094265 0.000119012 0.00257315 0.0024404 0.000875187 -0.000228369 -0.0016521 -0.000150191 -0.00229472 -0.000844765 -0.00208671 0.00293732 -0.00253388 0.000918697 -0.00386791 0.000468706 0.0051599 -0.00257898 0.00213713 -0.00437721 -0.00274607 0.00517993 -0.0087047 -0.000874119 0.00136726 -0.000864223 -0.00446925 0.00261964 -0.00136456 -0.00152033 -0.0027517 -0.00199019 0.000331964 0.00059227 0.00636546 -5.32188e-05 -1.55023e-05 -0.00169442 0.000495542 -0.00216506 0.00403615 0.00305339 -0.00020961 0.001239 -0.00199261 -0.00137994 -0.000840953 0.00084357 -0.000161556 0.000629371 -0.000124331 0.00143204 -0.00017492 -0.00135759 -0.000565714 3.51919e-05 -0.00132287 7.80894e-05 -0.000843195 -0.000649511 0.00174157 0.00241923 -0.00199315 0.00230357 0.00320535 0.00125054 -0.000987912 0.00117674 -0.000939769 0.00294094 0.00128204 4.59096e-05 0.000350264 -0.00156685 0.00115369 -0.000879343 -0.00228878 -0.00129189 0.00103899 -0.000315228 -0.000786759 -0.00273626 -0.00450193 -0.00146092 -5.38493e-05 -0.00132296 -0.00025528 -0.00115689 0.000112313 0.000417929 0.00286878 -0.00474393 0.00142334 -0.00272917 -0.000570219 0.00159195 0.00124573 0.000296997 0.00108903 -0.000927191 0.0023203 3.84251e-05 -7.06046e-05 -0.00289261 -0.000763852 -0.000754589 0.000361199 -3.29997e-05 -0.00149336 0.00130214 -0.00195611 0.000963079 -0.000117599 -0.00135392 -0.00085665 0.00150198 0.000479973 0.00141137 0.00222841 -0.00103213 -0.000750259 0.00113475 0.000322168 0.00085863 -0.00136115 -0.00247835 0.00293474 0.00141723 0.00155322 -0.0034264 -0.000976687 -0.000779024 -0.00176168 0.00089984 -0.00235715 -0.00223659 0.000694092 -0.00342257 -0.000369793 -0.00250178 0.000462458 0.000804545 -0.00139904 0.00293379 -0.000400393 0.00257163 -0.00117316 0.000928347 -0.000961971 0.00250568 -0.0018156 -0.000561463 -0.00129601 0.00286455 0.0023871 0.00223257 -0.00193995 -0.0014669 0.000233277 0.000469707 0.000262519 -0.000168279 -0.00113492 0.000692493 -0.00289667 -0.00185366 -0.0010739 -0.000663552 -0.0032114 -0.00185153 -0.000306309 -5.70008e-05 -0.00011581 -0.00676756 -0.00350407 -0.00855842 -0.00356372 0.0028051 -0.00789432 -0.00770367 0.00654715 -0.00626074 0.00905577 0.00577068 0.0166107 0.0074088 -0.0324905 0.0212625 0.0275673 0.0586741 -0.0142233 -0.0703429 0.121754 -0.314716 0.910454 0.0576439 0.194439 -0.0159563 -0.0240581 0.0189532 -0.0228979 -0.00395032 -0.01057 -0.00304016 0.00678972 -0.0120584 0.00862111 0.000319307 0.00172145 0.00220002 0.00593815 0.00568721 -0.00274331 -0.000891794 -0.00306277 0.000365156 -0.0084568 0.000794037 0.00440964 -0.00190874 0.002615 -0.000419482 0.000327063 -0.00101679 0.00228704 -0.000505103 0.000428487 -0.0011324 0.00148243 0.00124946 0.00171522 -0.00010698 0.00273035 0.00134434 0.000800543
0.000666504 0.00135483 -8.6985e-05 9.53739e-05 -0.000864614 -0.000189661 0.000442224 -0.000428236 0.00326701 -3.28008e-05 -0.00121806 -0.00226317 -0.000628192 0.000788171 0.000974332 0.000108898 0.000642736 0.00359999 -0.00318957 0.00365279 0.000832558 0.00189747 0.00599809 -0.00824723 0.00805899 -0.0110925 0.00218864 0.00437988 0.00719052 -0.00135875 0.0066611 0.00610059 -0.0064181 0.00490113 -0.00262633 -0.00160373 -0.00265952 0.00302285 0.000899365 -0.00369441 -0.000307464 0.00415642 -0.00177114 0.00192565 -0.000321611 0.000486012 0.000748552 -0.00245217 0.00280112 0.00164705 0.000305289 -0.000309762 6.09806e-05 0.000921817 -0.00100834 0.00190437 0.000835678 0.000559358 0.0003677 0.00388144 -0.000455099 -0.00327898 8.66316e-05 -0.00149217 -0.000396654 -0.000295142 0.00270435 -0.000493585 -0.00143832 7.20123e-05 -0.00569826 -0.00119146 -0.00130328 -0.000144046 -0.000443357 0.0056231 0.00128029 0.00259775 0.00176772 -0.000334965 -0.000686566 0.00253944 0.00171413 0.00331068 -0.00311735 0.000281875 -0.00210023 -0.00411993 -0.00537853 -0.00273537 -0.00206694 0.001416 0.00208276 -0.00356954 0.00222378 -0.000416685 -0.00139705 0.00258718 0.00234197 0.00241901 0.000888933 -0.00011983 -0.000115811 0.00289015 0.00413752 0.000517684 -0.00228606 0.000825907 0.00155719 -0.00230023 -0.000330871 0.00340313 -0.0020009 -0.00368815 -0.00256974 0.00379998 0.000190317 -0.000940236 -0.000804814 0.000225178 0.00595061 0.000351975 -0.0031127 -0.000102808 0.003352 -8.15254e-05 0.00406394 0.00312224 0.000788426 -0.00265359 0.0017691 0.000113884 -0.00118964 -0.000980587 -0.00407079 0.000371357 0.0014855 9.45252e-05 0.00110347 0.002661 -0.00195566 0.000368013 0.00459675 0.000549131 0.002863 -0.00202527 -0.00152517 0.00120282 -0.000521612 0.00104989 -0.00350238 0.00093077 0.00330049 0.00150001 -0.00261669 -0.00286272 -0.000700245 0.000996152 -0.00126261 -0.00122616 -0.00164832 -0.00133848 -0.0013742 -0.00169752 0.000101981 0.000754884 -0.00387183 0.00159405 0.00192271 -0.000363835 -0.000363742 -0.00222617 0.000229826 -0.000836014 0.00159058 0.000852478 0.000875203 0.000643697 0.00190306 -0.000653023 0.000191334 0.000344493 -0.00405522 -0.0015254 0.00277135 0.00267947 0.00276395 0.000930467 0.00168761 -0.00223035 -0.000153516 0.00223323 0.0010095 0.00269799 -0.000136807 0.00201229 0.00203173 -0.00311845 0.0024173 -0.00313442 -0.00113738 0.000850922 -0.00100529 0.0061899 0.00418139 0.00068603 0.00165023 -0.000228976 0.0021209 -0.00418185 0.00455783 0.00346458 0.00316182 0.00206569 0.00312801 -0.00151226 -0.0012433 -0.00134812 0.00475648 -0.00228977 -0.00219274 0.000864259 -0.00332916 -0.00077478 0.000299659 -0.0040177 0.00444016 -0.0107653 -0.000607131 0.00800916 0.00348353 -0.000140804 -0.00202337 0.00048701 0.00442679 0.000622735 -0.000977232 -0.00325151 -0.00798926 -0.00047721 0.0221334 -0.019869 0.0104888 -0.0196214 -0.0180926 -0.00932541 -0.0505648 -0.0141407 -0.167489 -0.172565 0.034213 -0.0409878 0.956758 0.0254695 0.1093 -0.0265664 0.0207754 -0.013306 0.0163945 -0.00487793 -0.00916152 -0.00475393 -0.00401268 -0.019586 0.0095767 -0.0183401 0.0215322 0.00863114 -0.00906095 0.00219119 -0.000965665 0.0010017 0.00414312 -0.00289688 0.00314366 0.00149926 -0.00538886 0.00722653 -0.00452859 -0.00237097 0.00404942 -0.00101442 -0.000308671 -0.0109886 -0.00213649 -0.00771197 -6.08134e-05 -5.94608e-05 -0.000419516 0.000364419 -0.00189565 0.000354026
-0.000876569 0.00247674 0.00301076 -6.17705e-07 -0.0013053 -0.000556765 0.00087384 0.00127511 0.00152925 0.000201593 -0.000943749 0.00268586 -0.000271755 0.000300828 0.000481321 0.00155879 -0.00119173 0.00181342 0.00174426 0.00131889 0.00351152 -0.00277567 0.00261056 0.000198115 0.000932039 -0.00240489 0.00106222 0.00145979 0.00211567 0.00231827 -0.00142787 0.00067037 -0.0046027 -0.00356317 0.00106234 -0.00131277 0.0061968 0.00224885 -0.00153448 0.00235807 0.000266532 -0.000858673 -0.00140868 0.000106794 0.00290041 0.0014201 0.00122955 -0.000873274 -0.000629303 0.00036981 -0.000615287 -0.00141258 0.00352798 -0.00315181 -0.00447826 0.000819267 -0.00154344 -0.00189343 0.000649827 0.00210035 -0.00036199 -0.000246166 -0.00155487 0.000125359 -0.000266439 -0.0013001 -0.00115426 0.000813272 -0.00514767 0.0030624 0.000615438 0.00360356 0.000821331 0.0039179 -0.00257993 0.0023676 -0.000750737 0.000795909 0.00162625 0.00280454 -0.000255873 -0.000403318 0.00140051 0.000321847 -0.00257403 -0.000347825 0.000277888 -0.00116242 0.00329806 0.00379889 0.00275395 0.000501692 0.00126726 -0.00144315 -0.000286692 -0.00204746 0.00507928 -0.00158292 0.00209968 0.000432612 -0.00217175 -0.0022693 -0.00360563 -0.000920827 0.000458507 -4.75287e-05 -0.00011177 -0.00175008 -0.000282287 -0.000905123 0.000378715 -0.00118708 -0.00227754 -0.000422232 0.00182054 -0.000292403 0.00247218 -0.0033073 0.00152055 0.00026194 -0.00314358 0.00294699 -0.00339707 0.00158188 0.00413473 0.000121597 0.00244442 0.00163986 -0.000840649 0.00217679 0.00194959 0.000470398 -0.00207532 0.00210232 0.00143966 -8.57279e-05 0.00206597 0.000222758 0.00206263 0.000640396 -0.0018227 -0.000179413 0.00155026 -0.00127823 0.000272861 -0.00185316 0.00174701 -0.00325302 -0.000904873 -5.97242e-05 -0.000980645 -0.00141869 -0.000419015 0.00524331 -0.00106295 -0.00181 0.00121939 -0.00289052 -0.00148704 0.00178173 0.000418742 -0.00277018 0.000384938 0.00242826 -0.0025936 0.000742061 0.000536456 -0.00054689 0.000527894 0.00147629 0.00245747 0.00401289 -0.00162786 -0.000849951 -0.000254669 -0.00279928 0.00074813 0.00119258 0.00121347 -0.000768936 0.000159203 0.00233212 -0.000636781 -0.000698687 0.000107695 -0.00310495 0.000195684 0.000838922 0.00236078 -0.00103199 -0.000311292 0.00168278 -0.000926468 0.00111045 7.9765e-05 0.00133458 0.0012377 2.5209e-05 0.000580154 -0.00033344 0.000708663 0.00019662 -0.00213188 0.000432995 0.000625441 0.00441665 -0.000168826 0.00153428 0.00043846 0.00413609 -0.00254953 -0.00245899 -0.000493485 0.00211974 0.00297156 0.00336965 0.00159119 -0.00229112 0.00242815 0.00352894 0.00142521 -0.000864164 -0.000690072 -0.00230453 -0.00330247 -0.00628807 -0.00780791 -0.00231319 0.000237326 0.00143157 0.00706915 0.00204287 -0.00274764 0.00372609 -0.00269678 0.0101673 -0.00768471 -2.07559e-05 -0.00187064 0.0111128 0.00492896 -0.017139 -0.00394625 -0.00574506 -0.0147601 0.0150901 0.0338201 -0.00017492 0.00448038 -0.000296429 0.0940937 0.235879 0.0269755 -0.961204 0.0605104 -0.024765 -0.0188041 0.00956571 -0.0192187 0.0171925 0.0221212 -0.0143608 0.00260991 -0.00694336 0.00656056 -0.00320792 -0.00156383 0.00534157 -0.0133232 -0.00101603 -0.000416737 0.00494527 0.0031236 0.000465275 0.00046574 0.0027321 -0.00143177 0.000361043 1.97686e-05 0.00104368 0.00739094 0.00635221 -0.00156494 -0.00486174 0.0019713 -0.00261475 0.00184372 0.000903983 0.000123727 -0.00168545 -0.00207928 0.00111821
0.000506521 -0.000387403 -0.000603212 -0.000308965 -0.00120631 0.000204634 0.000362835 0.000182846 0.00034196 -0.000122698 -0.0012407 -0.000226343 -0.000245037 -0.000356889 0.000184623 0.000100671 -0.000351597 -0.0024878 -0.000677978 0.000978907 0.00468664 0.00281611 0.00488336 -0.0033832 0.00328666 -0.000878846 0.00253334 -0.00039606 0.00088379 0.00204882 -0.0035539 -0.00231812 -0.00314253 0.000120237 -0.00226868 -0.000617342 -0.00114263 -0.00144891 0.00182496 -0.00112343 -0.00119417 0.00192531 -0.0013192 0.00157039 -0.000197575 0.000598739 0.000355765 0.00261078 -0.00166563 -0.000527916 0.000115445 -0.00253533 0.00157523 -0.000526912 -0.000286754 0.000967944 -0.000385768 0.000305946 -0.000982786 0.000797129 0.00308074 0.000851291 0.000734125 -0.0018533 0.00213816 -0.000245812 0.000690145 0.000293312 -0.000443461 -0.000115205 0.00046236 0.0020027 -0.00278819 -0.00176586 -0.000480833 0.00361208 0.000339614 0.000978321 0.0048715 0.00147338 0.0012282 0.00351786 0.00262724 0.00378114 -0.0066775 -0.00100115 -0.000928622 -0.00238096 -0.00126066 -0.00286529 -0.00259298 -0.00128627 0.000705027 -0.00182823 -0.00136517 0.000485419 0.0050131 -0.000721658 0.00055994 0.000340334 0.000877515 -0.00327556 0.000495823 0.0023152 0.00107069 -0.00208376 -0.00250751 0.000610685 0.00308267 0.000265862 0.00124412 0.00401813 -0.000641542 -0.00296944 0.000270737 -0.00106682 0.000360171 0.000235074 -0.00206462 -0.00303387 -0.00236088 -0.000379429 -0.00197573 -0.00287953 0.000343977 -0.000971677 0.000396178 0.00278477 9.88923e-05 0.00137159 -0.00210033 -6.62589e-05 -0.000509222 0.00146129 -0.000836677 -0.00104776 0.000893887 5.35957e-05 0.00186119 0.0041334 -0.00321748 -0.000233624 0.00227425 -0.00205901 -0.000504128 0.000894486 -0.000373557 -0.00195085 0.000429147 0.0024732 -0.00184626 0.00146772 0.00310158 0.00084841 -0.00228561 -0.00294458 -0.00082236 8.09631e-05 -0.000165522 0.00293985 -0.000957778 0.00173566 0.00298048 0.000853219 -0.000888497 0.00151027 -0.00160916 0.00224341 -0.000727076 0.001048 0.00260214 0.000573096 -0.00078967 -0.000470978 -0.000548373 0.000363218 0.00258706 -0.000505109 6.73613e-05 0.00103537 0.00177132 0.00261064 -0.000711228 -0.00224713 -0.00136801 -0.00166346 -0.000728061 0.00121565 0.00259525 0.000178148 0.00212937 0.0023619 0.000424062 0.00219087 -6.3277e-05 -0.000260508 0.0014805 1.78922e-05 0.00135374 -0.00196136 -0.00113271 -0.00115352 0.000523886 0.00164066 -0.00119907 0.00356653 0.0021318 -0.00153678 0.000770006 -0.000144035 0.0039967 -0.00181799 0.00191689 0.00102806 -0.00056903 0.00178431 0.000209041 -0.00441636 -0.00189445 0.00292453 0.000162581 0.00170064 -3.10661e-05 -0.00291019 -0.00392117 0.00223511 -0.00560648 0.00010331 -0.00058692 0.00340855 0.00507551 0.000819236 -7.6783e-05 0.0023873 -6.80027e-05 0.00439663 -0.00108409 0.00816512 -0.00306999 -0.000291171 0.00603868 -0.0226026 -0.0129205 -0.0239344 0.00967896 -0.0241787 -0.00223075 0.00782762 -0.0508399 -0.0438225 0.0420925 0.0213835 -0.137548 0.0729033 0.951483 -0.239233 -0.0180987 0.0096247 0.0085458 0.00394151 -0.000449963 -0.00260957 0.00140263 -0.00623819 0.0148056 -0.028077 0.0227847 -0.00301803 -0.0161022 -0.00182458 -0.00514887 -0.00093507 -9.49957e-05 0.00285425 -0.00721183 0.00359082 -0.0026518 0.00378709 -0.00454394 0.00189987 0.000786512 0.000202334 0.000557064 -0.00521266 0.00343703 -0.00549891 -0.000193951 -0.00100055 -0.00292431 -0.00246229 0.00153525 0.000912462
0.00048871 -0.00118834 -0.000840065 0.00106928 0.00176992 -0.00101408 0.000626592 0.00218716 -0.00218678 -0.000809709 -0.000513511 0.00200213 0.00036848 0.00086839 -0.00274469 0.00114729 0.00173731 -0.000253426 0.00629439 -0.00127963 -0.000219474 -0.0017458 -0.00305527 0.00741059 0.000275474 0.00669386 -0.00483654 -0.00146178 -0.00688546 0.00425477 -0.00655026 -0.00784625 0.00158386 -0.00756906 -0.000717774 0.000111867 0.0043216 0.00137946 -0.00210251 0.0050161 -0.00122235 -0.00442293 0.00297992 -0.00227684 0.00436268 0.00358423 -0.00139656 -0.00516376 -0.00181793 -0.0017618 -0.00303868 4.20878e-05 -0.00237657 0.000460722 0.000517363 -0.00176856 -0.000426973 -0.00164567 -0.00109912 0.00106811 -0.00113396 0.000404793 5.09999e-05 0.000759458 8.02913e-05 -0.00125908 -0.000868745 -0.00283559 -0.00502394 0.00289123 0.00188559 0.000235561 -0.00241567 0.00372373 -0.000929709 -0.00370754 -0.00218525 -0.00218317 -0.00901495 -0.0023527 -0.00338178 -0.00165357 -0.0011396 -0.00252092 0.0105584 0.00258507 -0.00125791 0.00506063 0.00354479 0.00160954 0.00386219 0.0031611 0.000188757 -0.0034012 0.000107587 0.00173264 0.000789177 0.00186398 0.00417512 -0.00239477 -0.001904 0.00309898 -0.00443793 -0.00404853 -0.00333344 0.000143872 -0.00265149 -0.00282927 -0.000360827 0.00417228 -0.00300199 -0.00689904 -0.0022364 0.00472791 -0.000643548 -7.29788e-05 -0.00491053 -0.00176175 0.00237759 -0.000811882 -0.00423374 0.00379545 0.00114286 0.00129061 0.00312193 0.00154674 -0.00341807 0.000899414 0.00250754 -0.00181235 -0.000368765 0.00161337 -0.000254645 -0.00114661 0.000646611 0.000428665 -0.00142481 -0.00194672 -0.00207224 0.000264197 0.00491043 0.00107905 -0.00259994 -0.00158537 -0.00114602 -0.00204667 0.000529703 -0.00181993 0.00276888 -0.000996848 0.000618229 -0.00234284 -6.58928e-05 -0.00242296 0.00556383 0.000312345 -0.00121263 0.00238309 -0.00184644 0.000212645 0.00029848 -0.00187837 -0.00306543 0.0013978 -0.000740243 -6.91454e-05 -0.000536452 -0.00262672 -0.00147052 -0.00256807 0.00041102 -0.00379211 0.00120856 0.0011077 0.00294104 -0.00257176 0.00134419 0.00124162 0.000478631 0.00217769 -0.000230191 -0.00452336 0.00302046 -0.00113667 0.000482852 0.00288374 -0.00159678 0.00089899 -0.00290247 0.00219649 0.00331796 -0.00157105 0.00102277 -0.00229111 -0.000581524 0.00106152 -0.00441634 0.00183877 -0.00166824 -0.000801776 0.00127809 0.000524009 -0.00258463 -0.00643342 -0.00105254 -0.00210887 -0.00130594 -0.000383964 0.00202129 0.000263258 -0.00357705 -6.88943e-05 -0.00495687 -0.00578044 -0.000338463 0.00122124 0.00274112 0.00549271 -0.00115941 -0.0020391 0.00483978 0.00267588 0.00104812 -0.00561462 -0.0038112 0.00343924 -0.000387069 0.000421203 -0.00225714 -0.00111322 -0.00467489 0.00876289 -0.00310468 -6.36267e-05 -0.000286485 0.00371131 0.000128052 -0.00871608 -0.0134471 0.00141023 -0.00408455 0.0130394 0.0143288 0.011385 -0.00561331 -0.00367052 0.00217165 0.00956234 0.0575699 0.00162998 0.00230927 0.0346065 0.0161104 0.000650444 0.246041 0.952485 -0.130815 -0.0246913 -0.000827783 -0.0324216 -0.0147373 0.0250798 -0.00361596 0.0164056 -0.0305966 0.0307479 -0.0131152 0.012336 0.0192894 0.000525188 0.00617299 -0.000974791 -0.00262134 6.57568e-05 -0.00138513 0.000579555 -0.00318554 -0.0018586 -4.553e-05 -0.000200063 -0.00367413 0.00200713 0.000518945 0.00547268 -0.00453925 0.00509136 0.000470253 -0.0054755 -0.00115195 -0.000527782 -0.00218806 -0.00492006
0.000300246 -0.00191953 -0.00105 0.000109378 -0.000526155 -0.000317909 -0.000928953 0.000376774 -0.000549996 1.9643e-05 0.000688734 0.000385639 0.00100302 0.00142377 -0.000357536 0.000533124 -0.000282906 0.00126296 -0.00141186 0.000930456 0.0019567 -0.000102766 0.000205231 -0.00560048 -0.000165406 0.00223558 -0.000289216 0.00353336 -0.00114572 0.00383473 0.00388947 0.00153595 -0.00127507 0.00259758 0.000231482 0.00140086 0.00167204 -0.000492914 0.00109641 0.000441966 -0.000929115 -0.00164885 -0.000318365 -0.000632413 0.00160447 0.00153019 0.00122623 -0.00326009 -0.000338012 -0.000507124 0.000153316 -0.000190633 -0.000370332 -0.000619998 -0.000608613 -0.000772974 -0.00100989 -0.00122608 0.00114819 0.00296149 0.000618997 -0.000703981 -0.000197521 0.000371989 -0.00210768 0.00176458 -0.00445233 7.30659e-05 -0.0014399 0.000364195 0.000749659 -0.00167979 0.0012903 0.00118844 -0.000226727 0.00224517 -0.00114247 -0.00128811 0.00232209 -0.00263131 0.00155393 -0.00035717 -0.000657306 -0.000668036 0.000579213 -0.00209586 -0.000425627 -0.000850579 5.80864e-05 -0.000458268 0.00135043 0.00331469 -0.000546475 -0.00303452 -0.000182458 -0.00259608 0.00267648 0.00343514 0.00302646 -0.00241925 0.00142752 0.000201139 -0.00266481 -0.00133188 -0.000828835 9.34674e-05 0.000492627 -0.00201271 0.00136178 0.000641268 0.00131957 -0.000719491 0.00148098 -0.0017141 -0.000964193 0.00100505 -0.00101136 -0.00168901 0.000998088 -0.000347777 0.00181304 0.00300882 -0.0016845 -0.000269131 0.000459013 0.000333888 0.00128874 0.00554039 -0.000897249 -0.000819143 0.000688811 -0.00352136 -4.35871e-05 -0.00267755 -0.000750006 0.000222429 0.00114013 -0.00252442 -0.00068968 -0.0015591 -0.000352109 0.000897769 -0.000896516 -0.00028765 0.000816473 -0.00120822 0.00090466 0.000763071 -3.75151e-05 -3.89962e-05 0.000487022 -0.000375446 0.000987345 -0.00155265 0.000175111 -0.000371202 -0.000406238 0.0002247 -0.000842103 -0.000337917 -0.000978699 -0.000126911 0.00115967 -0.000199487 0.000212303 0.00269236 -0.00196356 0.000489189 -0.00187434 0.000976175 0.00207563 -0.00175046 7.77664e-05 -0.000130122 0.00090526 0.000647052 0.00129007 -0.000482768 0.00207993 0.00169384 0.00075728 0.00116592 -7.94567e-05 -0.000648167 0.0019745 7.67749e-05 -0.00170139 -0.000514845 -0.000659039 0.000629143 -8.73516e-05 -0.00045569 -0.000903745 0.000788281 -0.00222531 0.000475882 -0.00025049 0.000482684 3.9923e-06 -0.00169167 -2.10253e-05 0.00164367 0.00117685 0.00122339 0.00489999 0.000880938 -0.000788947 -0.00140479 -0.000317658 -0.000475374 -0.000682553 -0.000842622 3.01469e-05 -0.000952307 0.000710775 -0.00193396 -0.000589028 0.00105837 0.00156551 0.000309404 0.00197886 0.00288118 -0.00032893 -0.00281314 0.00190008 0.00324699 -6.94839e-05 -0.00148433 0.00569778 0.00374026 -0.000392949 -0.000137525 0.000199894 0.00130206 0.00307236 0.0024046 -0.00594737 -0.00580232 -0.00461152 0.0021462 0.0104964 -0.00339013 -0.00807269 0.0174484 -0.0157322 -0.0101303 -0.00442721 -0.00326168 -0.00896572 0.0206291 -0.0024388 -0.014182 -0.0233292 -0.0248413 0.0493418 0.122498 0.986817 -0.0314805 0.00494685 0.0227906 -0.0427025 0.00241675 -0.0220325 0.00145429 -0.0160309 -0.011219 0.00238851 0.00248691 0.00872071 0.00725304 -0.00163259 -0.00122869 0.00209871 -0.00761652 -0.000436072 -0.00733931 0.00698925 -0.00184837 0.000294383 -0.000184216 -0.00160718 -0.00223283 0.00233262 0.00792051 -0.00145651 -0.00368264 -0.00208955 -0.000392164 -0.000740048 -0.00327516 -0.00100105 -0.00250297
0.000564507 0.000252686 -0.00215913 -0.000282166 -0.0008553 -9.06548e-05 0.000164818 -0.000772538 -0.00038796 0.000441395 -0.000858952 0.00368375 -0.000418897 0.00023733 -0.00101014 0.00105065 -0.000458202 -0.00252094 0.00333598 -0.00439434 -0.00130081 -0.0026451 0.000876022 0.0100503 0.00473204 0.00711581 0.00364952 -0.00241725 -0.00203892 0.00619123 -0.0128248 -0.00379919 0.00416341 -0.00365139 -0.00155886 0.000719546 0.00398356 -0.00306874 0.00017057 0.00132983 -0.0044133 -0.00144016 -0.00371977 -0.00178926 -0.00086979 0.000882495 -0.00310086 0.00057361 -0.000732405 -0.00333925 -0.000403246 -0.000711005 0.00050087 -0.00228279 5.94882e-05 0.00077444 -0.00128415 -0.00156845 0.000617727 -0.000582004 -0.00267627 0.0017105 -0.000565627 0.00130997 0.00424723 -0.00184129 0.00180291 -0.000199163 -0.00171921 0.00114215 -0.000675238 0.00245041 0.000595964 2.55217e-05 -0.0011463 0.000916963 -0.00224571 -0.00190744 0.000880769 0.0031919 -0.000950965 -0.00020633 -0.000699766 -0.0015087 -0.00243251 -0.00319532 0.00107851 0.000296824 0.000975931 0.00239154 0.00116436 0.00216574 -0.00125773 0.00146145 0.000135424 -0.00334653 0.00199271 -0.00204555 0.00211648 -0.00195933 -0.0031974 0.00115821 -0.0020345 0.000598999 -0.00173645 0.00116085 -0.000816121 -0.00110376 -0.00431444 0.00181436 -6.74332e-05 -0.00118101 -0.00174488 0.00248324 0.00161029 0.000496577 -0.00355433 -0.000612434 -0.000547407 -0.000869407 -0.00406234 0.00217098 -0.00111751 5.67165e-05 -0.00285788 -0.000110879 -0.000716457 -0.00155731 0.00550843 -0.000223814 -0.00297673 0.00360591 -0.00218941 0.00164544 -0.000813217 -0.000318818 -0.000694556 -0.00117204 -0.000713275 0.00087711 -0.000520504 -0.00351355 -0.000815753 0.000816235 0.000754996 0.00111442 -0.000795051 8.23213e-05 -0.000811071 0.000692724 0.000843149 -0.000664349 -0.00117637 0.000945263 -0.00180952 3.82692e-05 0.000247251 -0.00155888 -0.000642191 0.00221117 0.000119664 0.000371213 0.00145937 -0.00154969 -0.000432205 0.00357675 0.000535502 -0.000209353 -0.00108858 0.0018606 0.000580859 0.00370545 0.000450521 -0.00145677 -0.000844226 0.00157783 0.00249031 -0.000881911 0.00253278 0.00110758 0.000795258 0.000295925 0.0013021 0.000378086 -0.00187831 -0.00124213 -0.000751357 0.000891522 -0.000985563 -0.000325938 0.00121669 -0.00081238 0.000161313 -0.000996532 0.00105418 -0.000148814 -0.00126285 0.00165407 -0.00233703 0.000859735 -0.000361203 0.00119454 -0.00142191 -0.00443918 -0.00353294 -0.000851416 0.000781144 -0.00192225 -0.00139376 0.00240698 0.000335433 -0.00269764 -0.00199943 0.00186659 0.00104489 0.00128542 0.00029647 -0.00354736 -0.000484557 0.00455006 8.96707e-05 0.00219449 -0.00156411 0.000642895 -0.000320103 -0.00145942 0.000184267 0.00658853 0.00161932 0.000501584 0.00404463 -0.00334396 0.000917516 0.00427324 0.00240361 0.00695594 -0.00707708 -0.000460168 0.00406419 -0.00212448 -0.00367088 0.000168212 -0.00570269 -0.00283106 0.0116252 0.00163844 0.0108873 -0.00780616 -0.0273919 0.00220229 0.00545511 0.0155224 0.0148008 0.0159776 -0.00116066 0.02471 0.0332332 0.949781 -0.25549 -0.158195 -0.00993329 -0.0226575 -0.00337379 0.0116301 0.00846384 0.0010925 -0.0156763 -0.0162101 -0.00871863 0.00045585 -0.00274745 -0.00386098 -0.0034355 0.0026454 -0.00269646 0.00457537 -0.00497685 0.00311842 0.00337885 0.00330545 0.00364335 0.000610734 0.00862691 0.00398391 3.34695e-05 0.0035778 0.00101638 -0.000293381 0.00159345 -0.00232852 0.000430971 -0.00317635
-0.000433448 -0.00167169 -0.000688728 -0.00046976 5.56584e-05 -0.000767485 0.000748815 0.00166043 0.000982876 -0.000123341 0.00214632 0.000733292 0.00049658 0.00035293 -0.0016301 0.000211123 4.41484e-05 -0.00277001 0.000865148 -0.00220318 0.00336834 -0.000475219 0.000200247 -0.00356683 -0.00259116 0.00513972 -0.00280896 -0.000883667 -0.00549714 0.00637272 -0.00419298 -0.00308373 0.00219229 -0.00186163 0.00358183 -0.00267515 -0.00176037 -0.00396656 -0.00137199 0.000247947 -0.000612878 0.000598921 -0.00146759 -0.000185626 0.00169512 -0.00216816 -0.00203312 0.000145345 -0.00127586 -0.00088631 -0.00165259 7.56277e-05 -0.000180131 7.87532e-05 0.000950997 0.00022182 -0.000280339 2.99184e-05 -0.00260049 -0.000230601 0.00276748 0.00152143 -0.000994922 0.00153631 -0.00037122 -0.00112655 -0.00173892 0.000856394 -0.000260954 -0.0010074 0.00101576 -0.00200085 0.00281401 -0.000264132 0.00132376 -0.00114774 -0.00092369 0.00117451 -0.00118494 -0.00229028 -0.000314831 0.00101438 -0.000940782 0.000172558 0.00129009 -0.00135425 0.000317506 -0.00082826 -0.00380699 0.00132872 -0.002483 -0.00113804 -6.33726e-05 -0.00036122 -0.000942264 0.0021316 0.00014892 -0.001101 0.000525925 0.000369909 0.00307595 0.000843721 0.000634496 -0.000745459 -0.000313042 -0.000768493 -0.00129038 0.00188987 0.000110747 0.00251311 -0.00144634 -0.00258702 0.00187169 0.00217978 -0.00252792 -0.0031988 -0.000654574 0.00202818 0.00252634 -0.00031783 -0.000869482 6.38452e-05 -0.00322756 -0.00104355 -0.00140662 -0.00110585 -0.00245082 -0.00165889 0.00161745 -5.26886e-05 4.5387e-05 8.70914e-05 -0.000604052 -0.000713706 3.11917e-05 -0.00178871 -0.00031454 0.000198139 -0.000953449 0.000865337 0.000183525 -0.00131109 0.000214505 9.39937e-05 -0.00125458 -0.000477121 -0.00338299 0.000759481 0.00109118 0.00147599 -0.00115848 0.000309568 0.000759645 -0.00223892 0.00162625 -0.00132142 0.00350009 0.000388006 -0.00144034 -0.00177339 -9.21668e-05 0.00252533 0.00108776 -0.000778992 -0.00135389 0.000152989 -0.00187121 -0.000820457 -0.00167851 -0.000512276 -9.97083e-05 -7.78348e-05 0.00317715 -0.000471157 -0.000520967 -0.000472934 -0.00033211 -0.00106395 -0.0011355 0.0018317 -0.00114123 0.000821375 -5.98453e-05 0.00142942 0.00133591 -0.00102399 0.000931882 0.000354356 -0.000531401 0.00114474 0.00165839 0.00121429 -1.70381e-05 8.44303e-05 -0.00190998 -0.00110714 0.00124791 0.00134946 -0.00119113 0.00127641 0.000323199 -3.29289e-05 -0.00179432 -0.00235868 -0.000753208 -0.000735442 -0.00024708 -0.00160223 -0.00186799 -0.00109178 0.0008347 0.00124043 -0.00051201 0.000917916 -0.00208109 0.0016317 0.00150876 0.0015262 -0.000433375 -0.00403141 0.000240489 -0.0015687 0.00161048 -0.000633883 -0.00423037 0.00265614 0.00227812 0.00247519 -0.000694061 0.00199594 0.00264871 0.000871729 -0.00109406 -0.0013212 -0.00135954 -0.000866223 -0.000143098 0.00203624 -0.00294747 -0.0014795 0.00164546 -0.00158105 0.000280769 0.00754932 -0.000184068 -0.00650057 -0.00719443 0.00326322 0.012082 -0.00329968 -0.0038712 0.0155898 -0.00822623 -0.0145642 -0.00872571 0.00840648 0.00104073 0.265036 0.96183 0.0362268 -0.0126551 -0.00072446 0.00296454 0.0102335 -0.0176622 0.00713441 0.00278927 0.014238 -0.00410997 -0.00965834 -0.00202688 -0.00047504 -0.00364362 -0.00139908 0.000852963 -0.00181618 0.00102404 0.00180381 0.00225545 0.00105303 -0.000599619 0.00218307 0.00376107 0.00371361 -0.00157242 -0.00219155 -5.60299e-05 -0.0034572 -0.00209311 -0.00288964 0.00184252 -0.00124899
0.000720767 0.00102185 -0.00135527 0.00121114 0.00279754 0.00014876 -0.000209576 -8.69477e-05 -0.00170622 0.00140854 -0.0029528 0.000878745 -0.00105234 -0.00050199 -0.00109389 -0.000204163 -0.0010641 -0.000676198 0.00170677 -0.00200708 -0.00563699 0.000425635 -1.05977e-05 0.00934107 0.00373808 -0.00206592 0.0043997 0.00142052 -0.000249138 -0.00463621 -0.00419478 -0.00198277 0.00359169 -0.00478403 -0.0011168 -0.000112547 -0.000938442 0.00204926 0.00112755 0.000370966 -4.87077e-05 -0.000762368 0.00265538 -0.00101984 -0.00125738 0.00155698 0.00234724 0.000418061 0.000746339 -0.000869943 -0.00151052 -0.000292689 -0.000680016 0.000973077 -0.000804052 0.000795522 -0.000323656 -0.00147223 0.000438057 -0.000429792 0.00226581 0.000324996 -0.00128565 -0.00101901 0.00222483 -0.00117874 -0.000967339 0.0018588 -0.000378506 -0.000897562 0.00244615 0.00187817 0.003002 -0.00108976 -0.000618486 0.00292282 0.00126532 0.00230251 0.00380694 0.0027345 0.000714989 0.00145834 -0.00310749 -0.000644572 -0.00365172 -0.00177932 0.00349726 0.000735643 0.00158815 0.00260129 0.00183421 -0.00286943 0.000298253 0.00182175 0.000228611 -0.00281757 0.00324275 -0.000137645 -0.00313018 0.000601126 -0.00448445 0.00333568 0.00127927 -0.000595679 -0.00170522 0.00159759 -0.00121875 -0.00198952 -0.00247477 7.03978e-05 -0.0012027 -0.000385792 0.00104586 -0.000124693 -0.00040697 -0.000173089 -0.000942723 -0.000636718 -0.000935013 -0.00154152 -0.00112252 -0.00136284 0.000759202 0.000999748 -0.000294478 -0.00133884 0.00102103 -0.000371592 -1.9289e-05 0.000257493 -0.00164848 0.000114479 0.000744541 0.000678323 0.000177745 7.00764e-05 0.000794415 9.76057e-05 0.00190857 0.00194117 0.00224786 -0.00288843 -0.00189626 -0.000162144 -0.00168972 -0.000765535 0.00174841 0.000676731 0.000963997 0.00179823 -0.00104332 -0.000460129 -0.000864876 -0.00114315 0.000699004 0.00075692 0.00384323 -0.00295837 0.00112348 0.000416952 -0.000436326 0.000409725 -0.0029441 -0.00232368 0.00158624 0.000506548 -0.00524534 0.00288406 -0.0017537 -0.00110591 4.68899e-05 0.00028673 -0.000320899 -0.00145675 0.00325942 0.00349078 -0.000126351 0.000223404 0.00284537 -0.00162465 0.00117891 0.00126668 0.00121379 -0.00204919 -0.00230434 -0.00294309 0.000913353 0.00175835 -0.000738681 -0.000147652 -0.00159284 -0.000110948 -0.00129576 -0.00168573 9.03578e-05 0.00261278 -0.000356305 0.00160137 -0.00200636 0.000486486 -0.000188766 -0.00236194 -0.000235527 -0.000898184 -0.00187414 0.0020032 0.000874864 -0.00267427 0.000546303 0.000401459 -0.00197149 -0.00287909 3.90165e-05 0.00120206 0.000703772 0.00169552 -0.00231836 -0.000560739 0.00061079 -0.00602157 0.00123826 -4.16883e-05 -0.000868183 0.00281201 -0.0041398 0.00596702 0.00139351 -0.00852003 0.00212439 0.00677372 0.00756324 -0.000559961 0.00200881 0.00426149 0.00169111 -0.00465309 0.00287081 -0.00141699 0.00483422 0.0084565 0.000299019 -0.00637908 0.00385837 0.00481087 -0.00774353 0.000266024 -0.00828154 0.00508912 -0.000788925 0.00769673 -0.0141277 0.0056499 0.0113264 0.0216407 0.00373052 0.0329492 -0.0174264 0.144194 -0.0746096 0.973573 0.106996 0.0889445 -0.0355403 0.00732263 0.00886567 -0.00763184 0.0084882 0.00341631 -0.00291424 -0.000963746 0.0018069 0.0111975 -0.00885769 -0.002775 0.0033214 -0.00127334 0.00341899 -0.00730749 0.000245397 -0.00107914 -0.00727445 0.00139759 -0.00181255 0.00257555 0.00283878 -4.28673e-05 0.00221468 0.00280634 0.00116333 -0.00249357 -0.000155658 -0.00504248
0.000452144 0.00240512 0.0020822 -0.000882622 -0.0014457 -0.000229584 0.000289878 0.000872955 0.00150771 -0.000254232 -0.00280979 0.000306925 -0.000173727 0.0014898 0.000392064 -0.000201851 -0.000440828 0.00243439 0.000589146 0.00384316 0.00201057 -0.00192078 0.00596521 -0.000133544 0.00910604 -0.00666694 0.00436938 2.65791e-06 0.00452529 -0.00543585 0.00100274 0.00140191 -0.00891974 0.00148553 0.00161466 0.000819235 -0.00136282 -0.000821196 0.00368726 0.000831942 0.00430631 0.00377651 -0.000377032 -0.00176681 1.533e-05 0.000200771 0.00122995 -2.9381e-05 0.000934622 0.0021211 -0.00193698 -0.00110908 0.000775036 7.52388e-06 -0.00132922 8.26429e-05 -0.000402521 -5.59287e-05 -0.000375047 -0.000111441 -0.000900581 -0.00019496 -9.05154e-05 -0.00025094 -0.000423166 0.00155886 0.000274795 -0.00224889 -0.000639696 -0.000696609 0.000742156 -0.0011675 -0.00118028 0.00081028 -0.000295773 -0.000139446 0.00126695 1.78497e-05 0.00107806 -0.00148516 0.00176042 7.12858e-05 0.000609979 0.000869548 0.00532901 -0.00154269 -0.00123921 -0.0012407 -0.000524287 0.000938791 0.000139564 -0.00155099 0.000407942 0.000516704 0.00291215 -0.00119642 0.000582661 -0.000361999 -0.000644444 0.00168017 -0.00237912 -0.00156688 -0.000555904 0.000601451 0.0011192 0.00135179 0.000669349 0.0018951 0.00101026 -0.000242339 0.00270004 0.00224277 -0.000729682 5.70739e-05 0.0019485 0.00108291 0.00281989 -0.000249466 -0.00044931 0.000165317 0.00258744 -0.00165482 -0.0011869 -0.00183528 0.00454516 0.00017351 0.00149687 -0.00141449 -0.00196368 -0.00105312 0.0012461 -0.00126229 -0.000968229 -0.0010536 0.000452122 -0.000368535 -0.000211482 0.000190779 -0.00128176 0.00172303 -0.0015056 -0.000488227 -0.000178792 -0.00117536 0.00147911 -0.000153498 0.00290687 -0.000251382 -0.000866375 -0.000857305 -0.000499869 -0.000560682 0.00132247 -0.00166487 0.000135289 0.00032687 -0.000830702 0.00176398 -0.0013425 0.00174805 0.00157322 -0.000328969 -0.00105021 -0.000118134 0.00275096 0.00191521 -0.00134406 -2.47288e-06 0.00204214 0.00204515 -0.000326219 0.00133771 -0.000498789 -0.000134312 -0.00142194 0.00105409 -0.000391649 0.00121453 0.00153129 -0.0014312 0.00308976 0.00129718 -0.00244721 -0.00200429 0.00115888 0.000491056 0.0016218 -0.00162158 0.00394728 -0.00326615 0.00148942 0.00137179 0.00113293 0.000619719 0.00121811 -0.000944738 0.000860871 -0.0017332 -0.000395281 -5.09866e-05 -0.000322326 5.57965e-06 0.00197156 0.00287705 -0.000180348 -1.48151e-05 -9.37801e-05 0.000716432 7.34409e-05 -0.00239558 0.00191965 7.37244e-05 0.000875671 0.000442651 -0.000219059 -0.00323356 -0.000183842 -0.000461284 0.000873477 -0.00166877 -0.00190328 0.00157007 -0.000178973 0.00116321 -0.000217834 -0.00266267 0.000137408 0.000141923 -0.00101473 0.0030317 -0.00403013 0.0019109 -0.00166247 0.00185842 -0.00421339 0.00288736 -0.0025828 -0.000854852 0.00226249 0.000926723 -0.00127204 0.00113665 -0.00371536 -0.00393619 0.000881947 0.00105755 0.00322492 0.00840514 0.00024561 -0.00176431 -0.011499 -0.00725277 0.00778759 0.0155669 0.00626111 0.0124464 0.0430695 -0.00394033 0.0183542 -0.113558 0.986747 0.0768228 -0.00622256 0.0334941 -0.0352745 -0.00202633 -0.0153346 -0.00919658 0.00527744 -0.00480582 0.00630047 -0.00445541 0.000813244 -0.00103988 0.000493127 -0.00177022 -0.0034476 0.000692348 0.00107567 -0.00181721 0.00678577 0.00182422 -0.00101211 -0.00474925 -0.00122516 -0.000838017 0.000501698 0.00203435 -0.000239894 0.000485959 -0.00212803 0.00128397
0.000295825 0.00202026 0.000228663 -0.000968249 -0.00119807 -0.000212814 1.38509e-05 -0.000221384 -0.00314107 -0.00030314 -0.000876697 -0.00342267 -0.000679 -0.000721704 0.00280184 -0.00153155 0.000270754 0.0016671 -0.00492639 0.00560071 -0.00234089 0.00119271 0.00128896 -3.19293e-05 0.00312239 -0.00809992 -0.000312075 0.00118074 0.00937334 -0.0124772 0.0122051 0.00555341 -0.00850273 0.00934419 0.00171883 0.00353844 -0.00399996 -0.000543873 0.000892123 -0.0019359 0.0021334 -0.00101764 -0.00163116 0.00147526 -0.000583052 0.000221539 0.000921669 -0.00188645 0.00168695 0.0010169 0.000176493 -0.000303267 0.000584563 -0.000504893 -4.20449e-05 0.00101924 -0.000165156 0.000718563 0.00045869 -0.00126284 0.000172141 0.000431836 -0.000138495 -0.000398592 -0.00731015 0.00147433 -0.00548088 -0.000839883 0.00351393 -0.00207004 -0.000353784 0.000525817 0.000478231 -0.00136316 0.00321677 7.18309e-05 -0.000663273 -0.00255508 -0.00172638 -0.0010484 0.000987448 0.0030675 0.000197878 -7.3124e-05 -0.000267502 0.00154244 -0.000635217 -0.00228812 -0.00232589 -0.00208849 0.00233797 -3.10741e-05 -0.00117758 -0.000972304 -0.000888991 0.00103331 0.000962672 0.00532654 0.00127186 0.00150224 -0.0018868 -0.000898644 0.003136 -0.000360542 0.00207805 0.000615076 0.0022173 8.09584e-05 0.00190049 -0.00384039 0.00283772 0.00271585 8.84573e-05 -0.00556838 0.000640468 0.00251085 0.00411326 0.00207309 0.000730703 0.00123401 0.0070628 -0.00316677 0.000744132 -0.00111277 0.00147556 0.000337534 0.00236859 0.00302897 -0.00210497 -0.00181725 0.00893338 -0.00520257 0.00125252 -0.00258317 0.000672839 0.000827555 0.0024444 -0.000391297 0.000276948 -0.00412128 -0.00311297 0.00246335 -0.000231225 -0.00148018 0.00228571 -0.00313003 0.000452299 0.00098625 -9.92867e-05 -0.0014421 0.000401891 -0.000857209 0.000246763 -0.000942037 -0.00207494 0.00163259 -8.82937e-05 0.000555367 -7.46755e-05 -0.00208357 0.000553786 -0.00283388 9.94052e-05 0.000482691 0.00109803 -0.00153934 0.00120028 -0.00105124 0.00275255 0.00204915 -0.00178853 -0.00104533 -0.000738187 0.0010492 -0.00206926 -0.00054462 -0.000781414 0.00238678 -0.00212847 -0.000981754 -0.00158409 0.000861107 -0.00215308 -0.000982082 0.000105361 0.00225581 -0.000478249 -0.00118515 0.00133907 0.00158895 4.98181e-05 0.00197316 -0.000419065 0.00217928 0.00020439 -0.00246224 0.00218017 -0.00364489 0.000665459 -0.000733581 -0.000528184 0.00083827 0.00249263 0.00632527 0.0065802 0.0020085 -0.00306157 0.00262511 -0.00193451 -0.00214434 0.00127353 0.00107224 -0.000445419 0.000682082 0.000787332 -0.00143082 0.00074121 0.0014791 0.00124965 -0.00044137 -0.000395889 0.00108292 0.000594543 0.00326814 0.00505216 0.000300719 -0.000415484 0.00214495 0.00315401 -0.000293838 -0.00597675 0.001175 -0.00106042 -0.00266554 0.000796239 0.000163415 -0.0024963 0.000599582 0.00400329 0.00333878 0.00407079 -0.0040771 -0.00179035 0.0135239 -0.010001 -0.00379383 -5.55741e-05 -0.00605698 0.0180769 0.0135661 -0.00950468 -0.00963465 0.00841917 -0.0212319 0.00134281 -0.0329053 -0.00394121 0.0123652 -0.00115688 -0.0828403 -0.0894522 0.985563 -0.0583913 0.0414485 -0.0416299 0.000351305 0.00834576 0.00646982 0.0192064 0.00185948 0.0077713 0.0047042 0.0034525 -0.00747113 0.00597465 0.00114269 0.0082612 -0.00411638 -0.00116196 -0.0018068 -0.00220354 0.00224845 -0.00234458 0.00527032 -0.00239418 -0.00501321 -0.00107169 0.000891923 0.000124069 -0.00162637 0.000240137 0.00181983
0.000234324 0.000648397 -0.0026093 -0.00134682 -0.00414825 -9.79272e-05 0.000852274 0.000233484 0.000473869 0.000487688 -0.00158497 -0.0063805 -0.000638989 -9.21097e-05 0.00437817 -0.00216028 -9.10492e-05 0.00392887 -0.00847535 0.00743437 -0.00124905 0.00715226 0.00456532 -0.00428052 0.00706183 -0.0154111 0.00129489 0.0080638 0.0168904 -0.0107833 0.0209846 0.0118689 -0.0113338 0.01522 0.00111315 0.000679578 -0.00411978 0.00122554 0.000429518 -0.00621508 0.000648505 -0.000463047 -0.00281241 0.00311661 0.00187696 0.00103958 0.0025269 0.000202161 0.00250854 0.00328771 0.000386502 0.00132972 0.00129014 0.00312327 0.00180713 0.000986915 0.00149862 0.0014082 -0.000172157 -0.000973501 0.000880175 8.78766e-05 -0.00228755 0.000185642 -0.00437755 -0.000504071 -0.00427912 0.00158284 -0.000295825 -0.000357872 0.000142647 0.000367014 -0.00212287 -0.00282694 0.0010786 0.00242934 -0.000863471 0.000942462 0.000929566 0.00397818 -0.000675008 0.0025925 0.00185997 0.00439771 -0.00319971 0.00221915 0.000943621 -0.000936037 -0.000211676 -0.00209406 -0.000392592 0.000985687 -0.000418359 -0.00307772 -0.000367254 0.00209245 0.000451999 0.000459788 -0.00137779 0.000500763 0.000308787 -0.00457017 0.0043094 0.00114877 0.00504966 -0.00440914 0.0017739 0.00199016 6.26503e-05 -0.0049485 0.00500509 0.00409876 -0.00153853 -0.0101082 -0.00454505 0.00397821 0.0052404 -8.25088e-05 -0.00293686 0.00198384 0.00833156 -0.00540085 0.000928264 0.00214016 0.00242672 -0.000128974 0.00388645 0.00278025 -0.0055302 -0.0010269 0.00522149 -0.00259192 -0.0012087 -0.00152658 -0.00101415 -0.00155277 0.000118155 0.000317082 0.00243448 -0.000755457 -0.00609804 0.00130673 0.002794 -0.00141381 0.00173601 -0.000866265 0.00429333 -0.00124888 -0.000592365 -0.00274903 -0.000752148 -0.000163248 -0.00104672 0.00414521 -0.00177437 -0.00146818 -0.00420371 0.000225431 -0.00219718 -0.00309425 0.00181575 -0.00185491 0.00184254 0.00286405 -0.00066387 -4.0566e-05 0.00308814 -0.00309665 0.0044352 0.00444489 0.00039637 0.000754745 -0.00287278 0.00178848 -0.00520573 -0.000217214 8.81823e-05 0.00296834 -0.00213234 -0.00125178 0.000502773 0.0029915 -0.00240291 -0.00216079 0.00552137 0.00331895 0.00325173 -0.00393035 0.00477532 -0.00292082 -0.00316756 0.00308631 0.00130976 0.0047187 0.00201933 -0.00186619 0.00135254 -0.00350056 0.00334398 0.000147939 -0.00312968 0.00092404 0.00249748 0.0090427 0.0067307 0.00142099 0.00340049 -0.00143609 0.00081498 -0.00275709 0.00428004 0.00227025 0.000888994 0.000542663 0.00217702 -0.000349738 0.000126122 -0.00346776 -0.00018058 -0.00118245 -0.00222936 0.00162172 -0.00188163 -8.74864e-05 -1.2941e-05 -0.00417092 -0.00277624 0.00125104 -0.00060864 0.00397156 -3.54378e-05 0.00308634 -0.000576373 0.00235515 0.000621537 0.000468791 0.0025091 -0.00348568 0.00220148 -0.00648815 -0.0022245 -0.00213099 -0.00473986 0.00691339 0.00301036 -0.00166025 -0.00962973 0.000774301 0.000249703 0.0126584 0.00662833 0.0140629 0.000821789 0.00683546 -0.00173299 0.0145905 0.0212194 0.00995161 -0.00320283 0.0267286 0.00856288 0.0665082 0.984552 -0.0914432 0.0899812 -0.0283504 0.00896411 0.00567101 -0.0149184 -0.00774771 -0.00383669 0.00196195 0.00179056 0.00588833 -0.00102052 0.00137549 0.0139533 0.00191017 0.000902921 -0.00792944 0.000646839 -0.00190634 -0.00591653 0.00340738 -0.00203369 -4.61852e-05 -0.00103038 0.00263841 0.000400854 0.00113426 -0.00129479 0.00842528
0.000636921 0.000529145 0.000114965 -0.000235782 -0.00261415 0.000626872 -0.000278805 -0.00027491 -0.000885692 -0.000341128 0.000184433 -0.00178849 -0.000359204 5.72262e-06 0.00301954 -0.000356852 -0.00089632 0.00393784 -0.00464385 0.00159928 0.00147294 0.00361968 0.00530913 -0.00478151 0.0021678 -0.0068478 0.00336805 0.00232938 0.00832441 -0.00603044 0.014049 0.00574691 -0.00744377 0.00847709 -0.00206849 0.0001487 -0.00339707 0.00139513 0.00338935 -0.0032803 0.00233248 5.26863e-06 -0.000185681 0.00223904 -0.000330824 0.000104563 0.00180591 -0.00043396 0.0011219 0.00233225 -9.23093e-05 0.00026324 0.00109192 -0.000260666 -0.000821154 0.0018093 -0.0013957 -2.63166e-05 -0.000313282 0.000264755 5.84621e-05 -0.00128858 -0.00132427 -0.00131585 -0.00125772 0.00085331 0.00227642 0.00185362 0.00175048 0.000474827 -0.00144721 0.00177607 -0.00339847 -0.00112137 -0.00184355 0.00404371 -0.00163723 -0.000544795 0.00491797 0.00344593 -0.00104061 0.00336203 0.0021729 0.00283644 -0.00448708 -0.00201294 0.000691511 -0.00520432 0.00194704 -0.00417401 -0.00333722 0.000199509 -5.83069e-05 -0.000808872 -0.00190593 -0.000203824 -0.00127395 -1.84656e-05 -0.000895573 0.00279442 -0.00113124 -0.00374386 0.00337124 -1.1503e-05 0.00349997 -0.00155547 0.0004307 0.000981714 0.00106816 -0.00369371 0.00335035 0.00551184 0.00152146 -0.00559851 -0.00102851 0.00136982 0.00388466 0.000307336 -0.00281749 0.00239934 0.00598401 -0.00268629 -0.000620193 0.000861622 0.00192747 0.000808715 0.00212217 0.0031871 -0.00410681 0.000181673 0.000920666 -0.000863478 -0.000420878 -0.00109075 -0.00143231 -0.000356992 -0.000765202 -0.000290721 0.000915552 -0.000108812 -0.00668675 -0.000658694 0.00271665 0.00141185 0.00035945 0.000527122 0.00154684 -0.000483257 -0.00274235 -0.000244485 -0.000860678 0.00184438 0.00120908 0.00403374 -0.00331575 -0.00189552 -0.00236909 -0.000701279 -0.00158732 -0.000716161 -0.00100691 -0.0015275 0.00158322 0.00309089 -0.000367312 0.00127453 0.00320457 -0.00015285 0.00132413 0.00300543 0.000692641 0.00113762 -0.0016209 -0.000138405 -0.00315706 -0.00031711 -0.00210748 -1.62312e-05 -0.00228415 -0.00238793 0.000485718 0.00135496 -0.00266745 1.63901e-05 0.0021218 0.000388109 0.00275772 -0.00243356 0.00145909 -0.00193163 -0.00419851 0.000291996 0.000528091 0.00199126 0.00475338 -0.000334329 0.00204546 -0.00313017 0.00418295 -0.00104615 -0.00239285 -0.000298266 0.00177564 0.00763328 0.00422887 0.00324646 0.00124285 -0.00130135 -0.000106113 0.000316865 0.00239988 -0.000560836 0.000893471 0.00356247 0.000890567 -0.00198407 -0.00108764 -0.0042815 -0.00350799 0.000743432 -0.00324086 -0.00127783 -0.000813556 0.00224507 -0.00153437 -0.00433988 -0.00451373 0.000974878 -0.00220536 0.004234 0.00245652 -0.001522 0.00177714 0.0022589 -0.00223192 0.000305039 -0.0051511 0.00445729 0.00101638 -0.00461496 0.00285557 -0.0134037 -0.00718945 -0.00527135 0.00612731 0.000505968 -0.00528414 0.00211084 -0.0304965 -0.0144687 0.0123073 0.0074798 -0.0298607 0.00870771 -0.0184475 0.0500573 0.00618742 0.0019813 0.0230414 -0.0185792 0.0381889 0.052021 -0.13526 -0.495891 0.836595 -0.139174 0.0354371 -0.015044 -0.0291647 -0.0115564 -0.0108632 -0.00551727 0.00648644 -0.00192675 0.000507147 -0.000799212 0.0088206 0.000996059 7.53372e-05 -0.00337008 -0.00275586 -0.000998306 -0.00204904 -0.00310392 -0.00428456 -0.00362987 -0.0018365 0.00355549 -0.00211979 0.000823898 0.00057931 0.00422287
-0.000524076 -0.000612907 -0.000457291 -0.000198687 -0.000775107 -0.000583276 -0.00125976 0.000639499 -0.000904919 -0.00030912 0.000216062 0.00339762 -0.000161536 -0.000541378 -0.000674564 0.00158368 0.000158201 -0.00206986 0.00132206 -0.00332714 -6.56184e-05 -0.0057919 -0.00132485 0.00577844 -0.000519484 0.0104131 0.000362969 -0.00447975 -0.00369231 0.00480091 -0.00797382 -0.00118332 0.00416506 -0.00429837 -0.000399334 0.000719211 0.00639139 -0.00196725 -0.000994776 -0.00014925 -0.00144304 -0.00205167 -5.78666e-05 -0.00119567 0.00192583 0.000902197 -0.00141202 -0.00242947 -0.00270079 -0.00208668 -0.00162278 -0.000155965 0.000472464 -0.00178926 0.000433895 -0.00073185 -0.00431314 -0.00222691 -0.000710156 0.00116316 -0.000801813 0.00148326 -0.00200624 0.0013725 -0.000330166 0.000674342 0.00116564 0.00112171 0.0022138 0.0007176 0.000738408 0.00128629 -9.89763e-05 0.00185619 -0.00461892 0.00108961 -0.00249931 -0.00267438 0.00116115 -0.00395894 -0.000621813 -0.00239787 -0.00218339 -0.00370695 0.00416436 -6.4786e-05 -0.00279232 -0.00136339 0.000869767 0.00138578 -0.000522576 0.000673137 0.00178147 0.000595477 -0.00148341 -0.0018287 9.4809e-05 0.000416954 0.00164994 -0.00138542 -0.00309579 0.000181024 -0.00243558 -0.00376619 -0.000986026 -0.00157033 -0.000189979 -7.84388e-05 -0.00172497 0.000853342 -0.00273885 -0.00441948 -0.00212594 0.00154148 0.00018813 -0.000112949 -0.00358033 -0.000311887 0.00151908 -0.000924762 -0.00386412 0.00210285 -0.00142262 -0.00014953 -0.000292165 -0.000464312 -0.000782623 -0.00202847 0.00282553 0.000410767 -0.000765682 -0.000646416 0.00105485 -0.000742791 0.000893911 -0.00193954 -0.000231055 0.000594939 -0.00368149 -0.000578289 8.26777e-05 -0.000239484 -0.00198781 -0.000326011 -0.00389293 0.00168662 -0.000554887 0.00125708 -0.00353252 0.000246714 -0.000156067 0.000975194 -0.000717631 -2.03952e-05 -0.000225623 -0.000827793 -5.53286e-06 -3.47926e-05 -0.000691521 0.00237676 0.00144688 0.000936409 3.7487e-05 -2.18527e-05 0.00132183 -0.00147548 0.00258758 -0.000150054 -0.00184503 -0.00185929 0.000986407 0.00327433 0.00284513 0.00153227 -0.000245629 -0.000224908 0.0011417 0.000115258 0.00281898 0.000330557 0.00079024 -0.00224564 0.00168494 0.001571 -0.000524683 -0.00128319 -0.00251621 0.000326391 -0.00272579 -0.00058126 9.58693e-06 -0.00219503 0.000992804 -0.000241503 -9.50514e-05 -0.000599383 -0.0017017 0.000576351 -0.000204635 -0.00146038 0.0023394 -0.000904935 0.000336921 -0.00346716 0.000490019 -0.000759201 -0.00221209 -0.00040627 -0.00184477 -0.000190352 -0.0021866 -0.000736306 -0.00420274 -0.00092773 -0.000316455 0.00203635 0.0019416 -0.00219779 -0.000770795 0.00133627 0.0010042 -0.00271543 -0.000327839 0.000448668 -0.00652431 5.13136e-05 -0.00252155 0.000525922 0.00398526 -0.00211442 0.00244193 0.000733522 -0.00562123 -0.00121436 0.00609856 -0.00336059 -0.0105115 0.00127939 -0.00211737 -0.00119884 0.00434044 -0.00319779 0.00736203 -0.0036965 0.000357316 0.00506955 0.011598 -0.00634341 0.00153225 0.00285308 -0.00309131 -0.0113082 0.0141489 -0.00466519 0.00196248 0.000172052 0.00715608 -0.0167017 0.00463467 -0.00447432 -0.0100498 -0.0120208 0.0358688 0.852655 0.517277 0.0127518 -0.0181935 0.00496833 -0.00395603 -0.00232606 -0.00581885 0.00304762 -0.00179541 -0.00482799 0.00099933 0.00313645 -0.00201293 0.00249916 0.0032562 -0.000296783 0.00212597 0.00436654 0.00054922 0.00372904 -0.000265338 0.00122007 0.00114509 -0.00225465 -0.00208638 -0.0021979 -0.00143793 -0.00298625
-0.00033432 -0.00126515 -0.00301574 0.000546565 0.000445697 0.000363384 -2.62136e-05 -0.000297036 0.000263867 3.22089e-05 0.000305916 0.000242252 9.96093e-05 -0.00041374 -0.00102623 -0.0010491 0.000920776 -3.84113e-05 -0.00347123 -0.00123419 -0.00076738 0.00542653 -0.00156022 0.000499983 -0.000762124 -0.00208138 -0.00311805 -0.000627397 0.00125233 -0.00286381 0.00428292 -0.000827244 0.00193511 0.00632931 0.00199767 -0.00120237 -0.00221423 -0.000901755 -0.0018278 -0.000960212 -0.000469582 -0.0033409 0.00245077 0.000176616 0.000510661 0.000708503 0.00185118 0.000285145 0.00045623 -0.00117755 -0.000194886 -9.01554e-05 -0.000843318 0.000155936 0.00214049 0.000490426 -0.000647097 0.000451892 -0.000992627 -0.000443577 0.00135986 -0.00120573 -0.00119612 0.000277606 -0.00120854 -0.000743002 -0.000516987 -0.000398241 0.00184129 -0.00179911 0.00253287 -0.000862725 0.00139212 -0.00137678 0.00205995 -0.00232821 0.000491851 0.00134947 -0.00223335 -0.00279341 -0.000328921 -0.000766928 -0.000713507 -0.00154672 0.00388982 0.00155877 0.000924113 0.00362305 -0.00050849 -0.00173834 -0.00118736 -0.000746499 -0.00142068 0.00363061 -0.00149221 0.00262392 -9.43314e-05 -0.00102943 -0.00206412 -0.00139485 0.00214432 -0.000120073 0.000981162 0.00181519 -0.000419035 -0.00224188 -0.000580458 3.06846e-05 0.000624296 -2.29926e-05 0.0018214 -0.000454198 0.000749495 -0.00210763 -0.00247311 -0.00181356 0.000859914 -0.00179754 0.00108746 0.00111541 0.000584673 -0.00393217 0.0014155 0.00127715 0.000342735 0.00142961 -0.00272532 -0.000474039 -0.00175445 0.000569436 0.00072919 -0.000674712 0.000191293 0.000503467 0.000664841 0.000780455 -0.00130025 0.000958256 0.00154551 -0.00227794 -0.000369024 0.00111742 -0.000458316 -0.000369601 -0.00129793 -0.000961379 0.000629281 0.00014536 0.00271828 -0.00104252 -0.000101987 0.000430888 -0.00168765 -0.00512893 0.0044607 -0.000183894 -0.000136029 0.00186329 0.000845536 -0.00191482 0.000512465 0.00107265 -0.00129938 -0.000814828 -0.000870613 -0.00266698 0.000512426 -0.000537214 0.00109581 -0.00165946 -0.00104797 -0.00248268 0.000170693 0.000537863 0.000673063 -0.00137954 -0.00137747 -7.17914e-05 -0.00173565 0.0008866 0.00117758 0.000744502 -0.000975776 -0.000103893 0.000653517 0.0023755 -0.00135719 -0.000626161 -0.000594786 -0.0010103 4.74876e-05 0.000656617 0.00106762 -0.000370849 0.00123475 -0.00160584 0.00141301 -0.00114174 0.00138022 0.000549411 0.00102517 0.00152905 0.000669562 0.00120338 0.00126374 0.000618604 -0.00220322 -0.00189941 0.00110327 -0.00180307 0.000401778 -0.000135521 -0.00206194 -0.00025914 -0.00212 -0.000950284 0.00157083 0.00307444 0.00119463 -0.00196659 -0.0019146 0.000370947 0.00224008 -0.00145377 -0.00249871 0.00165574 -0.00189329 0.00282197 -0.00382272 -0.000682595 -0.00617775 0.00476958 -0.000687171 -0.00292866 0.00228746 -0.0035271 0.00360623 -0.000457298 0.00116687 0.000933126 -0.00663168 0.0117193 0.00727278 -0.000219506 -0.000811381 -0.00428608 0.00506653 0.00522353 0.0271781 -0.006966 -0.00992086 -0.00321189 0.0198222 -0.00215963 0.0272936 -0.0358702 0.0174006 -0.000100604 -0.00289383 0.00915887 0.00634706 0.00802635 0.0102312 -0.0910079 0.121701 0.972284 -0.130999 -0.0263909 0.0871373 -0.00775249 0.00488028 -0.000825438 0.0116653 0.00288083 -0.00472154 -0.0011595 -0.00759659 0.00368762 0.00242327 0.0025086 0.00811154 -0.0025027 0.00456303 -0.0122136 0.00261856 0.00274061 0.00122282 -0.00378022 -0.0013419 0.00281235 0.000815607 -0.000549666
0.000112324 -0.00011273 -0.000148169 0.00010533 0.00103069 -0.000678955 -0.000149456 0.000633149 0.000658361 0.000303337 0.00141177 0.00107084 0.000182925 1.08844e-05 -0.00256835 0.00172436 -0.000444264 0.000589651 0.00236678 -0.00183157 0.000729609 -0.00275415 0.00143187 -0.00626045 0.00118566 0.00339799 0.000283789 0.00101924 -0.00414403 0.00550575 -0.00375878 -0.00254448 0.00364961 -0.00263113 -0.0020971 -0.00153373 0.00501185 0.00058977 -0.000954957 0.000227588 -0.00174365 -0.000296238 -0.00109433 0.000828312 -0.000165874 0.000583178 0.00053936 0.00140439 -0.00159767 -0.00111141 -0.000417044 0.000545701 9.5344e-05 -0.00251597 -0.0021295 -0.000796852 0.000469645 -6.88291e-05 0.000702734 0.000338794 -0.00125428 -0.00145102 0.00309961 0.000775419 0.00101174 0.0015863 0.000813952 -0.000149808 -0.00216665 -0.00141891 0.00218726 0.00118213 0.00201835 -0.00140904 0.00188297 0.00268949 -0.0011827 -0.00148597 0.00149085 -0.000142868 0.00276696 0.0027801 0.00121388 0.00060698 -0.00267038 -0.0028938 -8.22695e-05 -0.00371258 0.000264326 0.000542823 0.00115419 0.00110283 0.000338485 0.000883634 -0.001303 -0.00160151 0.00390599 -0.000723087 -0.00142208 -0.00048641 -0.000301591 -0.00151135 -0.00106761 0.000580399 0.000277337 0.000881051 -0.00222118 -0.000555566 -0.00111237 0.00039879 -0.00192871 -0.0010323 0.000639496 0.00219003 0.00117116 -0.00155494 -0.00189548 -9.02218e-05 0.00173934 -0.00104897 -0.000975298 0.00477542 -0.00291415 -0.000286967 0.00095874 -0.00252966 -7.28167e-05 0.000777789 0.00246345 4.59626e-06 -0.00133758 -0.00184939 0.000232442 -0.000517083 0.000469012 -0.0013792 0.000170014 -0.000419744 -0.000533908 -0.00050305 -0.00113849 4.27377e-05 -0.000115078 -0.000175819 -0.000575833 -0.00168345 -0.00306307 -0.000119531 -0.000939748 0.00176752 -0.00319492 0.000704432 0.000786498 -0.00160824 8.40582e-05 -0.00121181 0.000948331 -0.0025177 0.000573885 0.00220131 -0.00203592 0.00234151 -0.000154671 -0.00198485 -0.00115704 0.0022129 -0.00361565 0.00185878 -0.0015395 0.00225976 0.000353282 -0.00210441 0.00110432 -0.00048553 0.00346235 0.00109671 0.000864827 -0.00271154 0.00166613 2.47711e-05 -0.00136886 -0.000872754 0.00131422 0.0024874 -0.00192799 -0.00244157 -8.3685e-05 0.0021062 -0.000370554 0.00079141 -0.000355099 0.00161175 -0.000492167 -0.000614976 -0.00216072 0.00135639 -0.00106098 0.00178259 0.00125491 0.00119444 0.00239544 -2.08672e-05 0.000623208 -0.00118391 -0.00159618 0.00299389 0.000320455 0.00109782 -0.00126734 0.000481701 0.000302811 -0.000474797 -0.000752052 -0.000647015 0.00145725 0.000695034 -0.000570573 0.00149733 0.00202447 0.0020956 0.00044025 -0.00222502 0.000471428 0.00268303 -0.000499853 -0.00101986 0.000170291 -0.0030532 -0.00294798 0.00292727 -0.00418128 0.0012768 0.000882033 0.00219582 0.00193991 0.00101812 -0.00305857 0.00246357 0.00274023 0.00472778 -0.00171113 -0.000348191 -0.00480586 0.00192478 -0.00116853 -0.00780409 0.00327006 0.000276731 -0.00112259 -0.00845998 -0.00404014 -0.00111504 -0.0168932 -0.00428772 -0.0185485 0.014038 -0.00167949 0.0113258 -0.00712399 -0.0107722 0.0142288 -0.00860513 -0.000181802 0.0237919 -0.00701343 0.135623 0.988036 -0.0295467 0.0197666 0.00218678 -0.00676292 -0.00583838 0.00675864 -0.00989761 0.000984983 -0.002129 0.0141269 0.00262245 0.00731033 0.00014364 -0.00154766 0.00249391 0.00392658 0.00237785 -0.0001243 -0.00408858 0.000354518 0.0010357 -0.00232557 -0.000337818 -0.0010216 -0.00192078
0.00102484 0.000319977 0.00125517 0.00185092 0.00406182 -6.62361e-05 -0.000715704 0.000184357 0.00049229 0.000292383 -0.00165764 0.000280353 -0.000337135 0.000376814 0.00438749 7.5006e-05 0.00159382 -0.00811134 0.0107227 -0.00656577 -0.0150621 -0.00476989 -0.0152089 0.018472 -0.00478147 0.00190733 0.0060498 0.00251731 -0.00738854 0.00244555 -0.0128591 -0.00317278 0.00370036 -0.0136188 -0.00817969 -0.00579378 0.00431941 0.00398753 0.00428633 -0.00118853 -0.000620777 0.00568299 0.0028613 -0.00188474 -0.00160038 0.000761457 -0.000589533 0.000496523 0.00115085 -1.28614e-05 -0.00227161 0.000128867 -0.00010501 -0.000213868 -0.00122883 0.000970205 -6.91795e-05 0.000211537 -0.00152482 0.000940518 -7.47918e-05 0.00113798 -0.000637068 -0.0019541 0.00173131 -0.000172591 0.00242363 0.000195898 -0.000270245 6.37438e-05 -0.00159462 0.00339346 -0.00241298 0.000666661 -0.000156491 0.00439378 -0.00172507 -0.000438812 -3.89868e-05 0.00141299 -0.000969005 0.00133582 0.00254928 -0.0019719 -0.00181495 -0.000179648 -0.000766802 -0.000193055 0.00126881 0.000324089 -0.000517152 -0.00153027 0.00174142 0.00176639 0.00201768 0.000904114 0.00066365 -0.00143618 0.0036469 0.000724817 -0.00027731 0.00568442 -0.000501507 0.0024215 -0.000634599 0.00672343 -0.00454933 -0.00182009 -0.00523761 0.00459041 -0.0057859 -0.00193612 9.98104e-05 0.00384829 0.00326285 0.0012446 -0.00572094 -0.00198722 0.00339508 -0.00121662 -0.00809112 0.00431118 -0.00179543 -0.00172906 -0.000796251 0.000784969 -0.00227736 -0.00115914 0.00158871 -0.00129406 -0.00376542 4.61736e-05 -0.00135068 -0.000747212 0.000527492 0.000357018 -0.00288274 0.000751802 -0.00310035 -0.000705062 0.00264839 -0.00273846 -0.000621249 0.000543877 -0.000423883 0.0010834 0.00303796 -0.000440534 0.00162317 0.00134786 0.00103962 -0.00197147 0.0012447 0.0074046 -0.00277847 -0.00162406 0.00114293 0.00101702 0.00115474 0.00132309 0.000768119 -0.00201759 -0.00126929 0.00118835 0.00640987 -0.00373918 -0.00202049 0.00508779 -0.0040167 -0.00672057 -0.000689736 0.00194551 0.000145384 -0.000499908 -0.000427684 0.000557243 0.00206898 0.00273921 0.00138397 -0.000387301 -0.000881452 -0.00238805 0.00361167 0.000222867 -0.00279905 -0.000491114 -0.00253206 0.00145727 -0.00274392 0.00396903 0.00369645 -0.00138278 -0.000606301 0.00099966 -0.00037373 0.000294876 -0.000727356 0.00179059 -0.00111217 -0.000990931 -0.000595891 -0.0021984 -0.00346264 -0.00402724 -0.00474657 -9.89684e-05 0.00153176 -0.00171492 -0.00149644 0.00187466 -0.00298957 -0.00412949 -0.0018104 -0.00120944 -0.00287731 0.00274032 0.000678995 -7.60991e-05 -0.00219342 0.00146963 0.00252978 -0.000645889 0.00013965 0.000447338 -0.00447846 -0.000178579 -0.00129738 0.00148317 -0.00113441 -0.0039941 0.00275158 -0.000466715 -0.00714802 -0.00311874 0.00267275 -0.00204473 0.00321983 0.00420116 -0.0021998 0.00310249 0.00228864 0.000140884 -0.00268761 0.00371562 -0.000643564 0.00260261 -0.000585957 0.00390588 0.000850786 -0.00459888 -0.000288799 -0.00567944 -0.00900556 0.0049902 -0.0017368 -0.0129969 0.00117469 0.0105975 -0.0168234 -0.00789498 0.0112691 -0.00404205 -0.00438312 -0.0148735 0.0143396 0.0285928 0.0258023 0.995212 -0.00811213 0.0158478 0.0182828 -0.0124814 0.00798241 0.00772471 -0.00122196 -0.00493879 -0.00128066 -0.0015931 -0.00572956 -0.00395153 -0.00707353 -0.00668336 -0.0051662 0.000401918 0.00182089 -0.0015218 -0.00170276 -0.00901781 0.00217995 2.29265e-06 -0.00110744 0.00122159
-0.00052834 0.000197659 0.000352499 0.00151195 0.00279202 0.000346876 -0.000712287 -0.000673282 -0.000603642 0.000399837 5.70582e-05 0.00281672 -7.79322e-05 -8.97202e-05 -0.00299133 0.00206541 0.00174943 -0.0031237 0.00737334 -0.00453424 -0.00307034 -0.00274795 -0.0016575 0.00778517 -0.000361451 0.00821357 -0.0033605 -0.00767339 -0.0100834 0.00479184 -0.0171769 -0.00776361 0.0114616 -0.0126619 -0.00288902 -0.000866328 0.0031832 0.000782004 -0.00153762 0.00481486 -0.00126093 -0.000908783 0.00152224 -0.000418981 -0.00129964 -0.00164157 -0.00290184 -9.98149e-05 -0.00133279 -0.00245146 -0.000624608 -0.000430733 -0.00207532 -0.00284928 -0.00214388 -0.00138785 -2.60367e-05 -0.00103963 -0.00130595 0.00156886 -0.000515227 0.000587936 0.000258123 -0.000905828 0.00580831 0.00102952 0.000963909 0.00342421 -0.00163963 0.000695994 0.00181622 0.00301421 0.00084048 0.00168535 0.00100985 -0.000603026 -0.00202806 -0.00332599 -0.00439688 -0.0027586 -0.00140208 -0.00111415 -0.000705301 -0.00369397 0.00359757 0.00238045 0.000797093 0.00129242 0.000409896 0.000503574 0.00163894 -0.00225978 -0.00118786 0.00275638 0.000603297 -0.00180369 -0.00164686 -0.000843879 0.00259614 7.49112e-05 0.000948145 0.00345794 -0.00316106 -0.000801492 -0.0021944 0.00281261 -0.00161786 -0.0015346 -0.00213031 0.00426767 -0.00523866 -0.00334299 -0.000903312 0.00809366 0.00140751 -0.00295063 -0.00580817 -0.00212366 -0.000201264 -0.00153155 -0.00579915 0.00483893 0.0010773 -0.000825421 -0.00158101 0.00187595 -0.00317291 -0.00244049 0.00568575 0.000892222 -0.00177459 0.00043701 0.00224894 -0.000354634 0.00127238 0.000293739 -0.00064979 0.00129201 -0.00396625 -0.00118955 0.0044662 0.000640994 -0.000806467 -0.00200934 0.000274662 0.000362102 -0.00427537 -0.000276865 0.000887194 0.000259223 -0.00111257 -0.000950651 0.000171392 -0.000422978 0.00196131 -0.000857105 0.000135242 -0.000225251 0.00315021 0.000456464 0.000995612 0.000945707 -0.00268459 -0.00319279 -0.000652359 -0.00204099 -0.00237201 0.000530568 -0.0007357 -0.00199331 -0.00144047 -0.00130951 0.00204779 0.000402886 0.00293828 0.000321242 0.00134714 -0.00145403 0.00241447 -1.88099e-05 -0.00223233 -0.00527936 0.00451346 0.000412993 -0.00442021 -0.00112756 -0.00119234 0.00207842 -0.00387952 0.0036151 0.00158535 -0.00106249 -0.000273038 -0.00239351 0.000528017 0.000250473 -0.00168884 0.00412685 -0.00160956 0.00205224 0.00341338 -0.000548583 -0.00179123 -0.00543259 -0.00388742 -0.000502709 -0.00327847 0.000284259 -0.00035952 0.00301866 -0.00689758 -0.00117752 -0.00591314 -0.00254465 -0.00123617 0.000683628 -0.000421694 0.0017573 -5.22618e-05 0.00197959 0.000650328 0.00237076 0.000502543 0.000254251 0.000308532 0.000564576 0.00109676 0.00302339 0.000128673 -0.00188878 -0.00526167 4.24261e-05 -0.00157042 -0.00404652 -0.000355793 0.000474956 0.00114528 -0.00261031 -0.00132636 0.00143426 -0.00333481 0.00775344 0.0058039 0.00102175 -0.00227582 -0.00533106 0.00431431 -0.00219776 0.0166382 -0.0068383 0.00235471 -0.00086193 0.00995613 -0.0111732 0.0115387 -0.0232866 -0.00597948 0.00963937 0.00174765 0.00332796 -0.00110257 -0.0164878 0.0148829 -0.010512 0.0221946 -0.0948744 -0.00655575 0.00802041 0.991757 -0.0146735 0.00685495 -0.00107844 0.00170461 -0.0107351 0.00347204 0.00706984 0.0050605 -0.0107893 0.0114044 -0.00510219 -0.00616922 0.000166901 -0.00364335 0.00727651 0.000269501 -4.11414e-05 0.00216592 -0.00550695 0.00196883 -0.00239378 0.00142557 -0.00193876
-0.000557121 -0.00191817 -0.00219465 0.0014523 0.00609301 -0.000231001 -0.000662995 0.000138451 -0.000188132 0.000283649 0.0034453 -0.000203508 0.00146514 -6.0644e-05 0.00767606 -0.00207422 0.00105332 -0.00885728 0.00864743 -0.0104848 -0.0186612 -0.00919553 -0.0317595 0.0209856 -0.0232565 0.00837493 0.00324124 0.00722427 -0.00558726 0.0116332 -0.00624283 -0.00395326 0.0172234 -0.00810521 -0.00707368 -0.01111 0.0050022 0.0047842 -0.00138193 -0.00523154 -0.00775645 0.00358391 0.00296819 0.000480196 -0.000189251 -0.00151692 0.00158298 0.00343365 0.0027167 -0.00093587 0.00164533 0.00100275 0.000454191 0.00192154 0.000860445 0.00210202 -0.000944933 -1.41872e-05 0.000959751 -0.000599111 -0.0055906 -0.00240732 0.00210986 0.000935978 0.00479419 -0.000264748 0.00145795 0.000418278 -0.00338557 0.00039093 -0.00165462 -4.57574e-05 -0.00323979 -0.00124236 -0.00227356 -0.000118381 -0.00433987 0.000216783 0.00278864 0.00219419 -0.00142166 -0.00204053 0.00526761 -0.00184096 -0.00375631 -0.00303848 0.00125161 0.00143444 0.00233298 0.00128776 -0.00146737 -0.00273611 0.00121036 0.00314282 0.00286343 0.000606866 0.00308483 -0.00106138 0.000837833 -0.00244152 0.000171632 0.00631579 0.00223548 0.00283878 -0.00153706 0.00287572 -0.00505195 -0.00408661 -0.00925376 0.00378565 -0.00493402 -0.00247621 0.000407007 0.000821037 0.00271458 -0.00248673 -0.00619756 -0.00198182 0.00553387 0.00400219 -0.00794375 0.00634949 -0.00115687 -8.46136e-05 -0.00524355 -0.00304985 -0.00638092 -1.99624e-05 0.000978243 -0.000885634 -0.0067158 0.0021056 -0.0033541 0.00125534 0.00198682 -0.000266703 -0.00272334 -0.00158253 -0.0024968 -0.00575236 0.00651066 -0.00322967 -0.000987349 0.000259667 -0.000287641 0.0048353 0.00372345 0.000630175 0.00183367 0.000231543 0.000152343 -0.000831816 -0.00084744 0.00941129 -0.005381 -0.00326561 0.00373212 -0.00128445 -0.000390578 0.00289555 -0.000927477 -0.000531719 -0.00224068 -0.000292459 0.00351585 -0.00471795 0.00444555 0.00316029 -0.00774422 -0.0108284 -0.00184837 -0.00119406 0.00215249 0.00147991 -0.00102237 -0.00111144 0.00167293 0.000825643 -0.0014524 0.00174218 -0.00105965 -0.00530776 0.00469775 0.00217866 -0.00392671 -0.00120942 -0.00360072 0.00323414 -0.00505051 0.00485114 0.000906603 -0.00373872 0.00123659 -0.0031903 -0.00118449 0.00211975 -0.00134305 0.00622215 -0.000616036 -0.000736284 -0.00152327 -0.00179108 -0.00258183 -0.00510186 -0.00533993 -0.000677408 0.00224324 0.00124105 -0.00158898 0.0033027 -0.00471494 0.000850799 0.000363305 -0.00191794 -0.00285279 0.00227162 -0.00176143 -0.00314128 9.07097e-05 0.00151675 0.00165565 -0.000801852 -0.00452187 -0.00178113 0.000414492 0.00231489 0.00272745 -0.000205704 -0.00267154 -0.00617151 0.00591505 -0.00346066 -0.00348858 -0.00168612 -0.00348475 -0.00200781 0.00152214 0.00347479 0.000175679 0.00281761 0.00105831 -0.00414826 -0.00172803 -0.00127509 -0.00842164 0.00701779 -0.00388112 0.000123279 -0.00344158 0.00387713 -0.00431384 0.00259716 -6.47127e-05 -0.000737233 0.00208443 -0.0025884 -0.00579667 0.000722034 0.0102125 -0.000724694 0.00778173 0.00269113 0.00983339 -0.00770554 0.0137458 0.00433818 -0.00320427 -0.0213638 0.0125245 0.992378 -0.0162077 0.0390067 -0.0148357 0.00534901 -0.00485399 -0.00644312 -0.0112075 0.00369127 -0.0135647 -0.00384645 -0.0187418 -0.0095355 -0.00699072 0.00698057 -0.00584741 0.000878869 0.00304507 -0.00979295 -0.00299891 0.000248581 0.00204705 -0.000736561
5.05553e-05 -0.00238269 -0.00149569 -9.79737e-05 -0.00378808 0.000744335 -0.000674934 -0.000287237 0.00354773 -0.000177917 0.0062229 -0.000753787 0.000988148 0.000250022 -0.00111808 0.00152309 -0.00045924 0.000532342 -0.00260194 -0.00467946 0.00832162 0.000829467 0.00514438 -0.0101872 -0.00563061 0.00521358 0.0015993 -0.0011271 -0.00359506 0.00824057 0.00105536 0.00327267 -0.000395623 0.00481875 0.00214364 -0.00104612 0.00421285 -0.00342433 0.00188281 -0.00219042 -0.00285455 0.000446375 0.00062293 -0.00043486 0.00140434 0.00119506 -0.00057342 -0.00120952 0.000290972 -0.000452099 -0.00440021 0.00168827 0.000455788 -0.000555554 5.86992e-05 8.52172e-05 0.000387835 -0.00270798 -0.00169301 -0.000232946 0.00051308 0.00250763 -0.00221895 0.00225691 -0.000661925 5.9564e-05 -0.000779276 0.000598181 -0.00119862 -0.000768532 0.00142062 -0.00102949 0.00175992 0.00194741 0.0010332 -0.000898633 0.00128385 0.000288043 -0.000792878 -0.00111421 0.000227645 -0.00166246 -0.000397529 0.000705972 -0.00184916 -0.00114956 0.00162794 0.00118077 -0.0017124 0.000176311 -0.000944716 0.00308103 -0.00155903 0.000482344 0.000168809 -0.000692821 0.00340913 -0.00169586 0.00443648 -0.000675164 0.00163428 -0.00473049 -0.000697846 -0.00409897 -0.00133922 -0.00141834 0.00152453 0.00211713 0.00181957 -0.000393075 -0.00337741 -0.000494971 0.000464341 -0.00209126 0.00028428 -0.00326161 -0.0028895 0.000145325 0.00407436 0.00193644 0.00320316 0.00427433 -0.00321104 0.00171973 -1.0603e-05 0.00150323 0.000474065 -0.00102565 0.002026 0.00179659 7.95435e-05 0.000947999 0.00158717 0.000327157 -0.00203911 0.00107357 -0.000613879 0.000488298 -0.00118448 -0.000689721 -0.00173994 9.41539e-05 0.00268892 0.00172665 -0.00223821 -0.00066562 -0.00226312 0.00227603 -0.000708386 -0.00260124 0.00264382 -4.16038e-07 0.000963936 -0.00220659 0.00026352 -0.00149937 -0.000842112 -0.00013112 -0.000282954 -0.000925179 -0.00101149 0.0022111 0.00439516 0.0018799 -0.00284895 0.000447184 0.0050315 -0.000679379 -0.00391291 0.00132273 0.00226432 -0.00151623 0.0024476 -0.00194056 -0.00368663 -0.00276188 -0.00105018 -0.00323915 -0.00472605 0.00140196 -0.00183129 0.00215477 -0.00275535 0.00502724 0.00135109 -0.00157108 5.77214e-05 -0.000813245 0.00136368 0.00146246 -0.00029601 -0.00176692 -0.00206846 0.00233241 -0.00199851 0.00201369 -0.000388713 0.00110162 -0.00124063 -0.000526829 0.00176924 0.00263942 0.00112192 0.00150389 0.00117525 -0.000260557 0.000998538 -0.000372285 0.00154234 -0.000475064 1.73889e-05 0.00144869 -0.000323205 -0.00162755 0.00118106 0.00039485 0.00128103 -0.000101162 0.00222666 -1.75106e-05 0.0020369 0.000698842 -0.00152574 -0.000744552 0.00214377 0.00189198 -0.00172444 -0.00554871 -0.00194103 -0.00220871 -1.25263e-05 0.000337192 -0.00366617 0.00196767 0.00180347 -0.000810637 0.00176274 -0.00267858 0.000319792 0.00107147 -0.00409814 0.00147489 0.00277567 0.00345629 -9.14227e-06 -0.00153309 0.00327591 -0.00168338 0.00544036 0.000511048 0.000827549 0.000754064 0.00111968 0.000645679 0.00350946 -0.00622512 0.00177672 0.00301196 0.00118873 -0.000458775 -0.0047187 -0.00769947 0.00314534 -0.00131486 0.0125694 -0.00566194 0.00699017 -0.0172048 -0.00759546 0.0154449 0.996936 0.0283532 -0.0190016 -0.0217383 0.00264823 0.00805574 0.0191361 0.00695919 -0.0104217 -0.00343632 0.00626351 -0.00966347 0.00404012 -0.0113089 -0.00699589 0.00176402 -0.00569031 -0.00418492 -0.00251309 -0.00123808 0.00372641 0.00402179
0.00016302 0.00314083 0.00103554 -0.00113015 -0.00394646 0.000327521 -0.000495176 -0.000451223 0.00448665 -0.000277497 -0.00484702 0.000521267 -0.000253463 -0.000652303 0.000760192 0.00187884 -0.000617193 -0.00104472 0.00347392 -0.00142035 0.00390337 -0.00934767 0.00512292 0.0100945 0.00848413 0.00460131 0.00589671 -0.00377916 0.005142 0.00450636 -0.0131675 0.00408287 -0.0039157 -0.000912899 -0.00457156 0.00377326 0.00904804 3.59002e-05 6.9031e-05 -0.00022456 -0.00420463 0.00583593 -0.00339485 -0.00172291 -0.00130313 0.00213799 0.000559099 0.00205085 -0.0016737 -0.0040702 0.00165889 0.00151067 0.000189284 -0.000482767 -0.00109499 -0.00230797 -0.00146531 -3.43421e-05 0.00169259 -0.00126804 -0.00661989 0.00173623 6.6991e-05 0.00411623 0.000236488 0.00102015 -0.000337177 -0.000745513 -0.00123552 0.00087614 -8.76854e-05 -0.00163776 -0.000146431 0.00297415 0.000438449 -0.00118242 0.00202451 0.000339515 -0.00204231 -0.001019 0.000655364 -0.00026806 -0.00159989 0.000283918 0.000707663 -0.00306983 -0.00332334 0.00207701 -0.00120785 0.00152501 0.00114861 7.80003e-05 -0.00112218 -0.00174074 0.00342911 -0.000459622 0.00169701 -0.00173689 0.0022074 -0.00171062 -0.00720661 -0.00317169 -0.00268468 0.000232024 0.000328961 0.00310847 -0.000936987 0.00224273 -0.0029503 0.00262877 -0.00717425 0.000144732 -0.00415283 0.000444661 0.00208538 0.000429506 -0.00256802 -0.00337964 -0.000281331 -0.00124086 -0.000757921 0.00602343 -0.000577735 -0.00431447 0.00385026 -0.000768705 0.00253227 -0.00636567 0.00402188 0.00064123 9.3622e-05 0.000729956 0.00163811 -0.000395854 0.00164873 0.00141298 0.00142555 0.0030535 -0.00227404 -0.000109524 -0.00174862 -0.00168531 -0.000251445 0.000239433 0.000180249 -0.000394873 0.000127775 0.00123135 -0.00110002 -0.00030965 0.00134447 0.000184118 -0.000464369 0.00191279 -0.00144423 -0.00106272 -0.000470515 -0.00276661 -0.00011088 0.00218974 0.00313543 0.00101002 -0.000219541 7.5141e-05 0.00325827 -0.000154776 0.00158976 0.000493587 0.000622867 0.00246593 -0.00138791 0.00693464 -0.000356199 0.0011468 -0.00124108 0.00169717 0.00279498 0.00266905 0.00349005 -0.000794079 0.00121382 -8.44962e-05 0.00112382 -0.0015943 6.19574e-05 -0.000401019 0.000586554 0.00113311 0.00466245 -0.00193389 0.00180051 0.000688708 0.00131913 0.0021616 -0.00128346 0.00161639 -4.51484e-05 -0.000626179 -0.00214226 -0.00201874 0.00114328 0.00112541 0.000233506 0.00038197 -0.00147744 0.00149513 0.00176814 0.00147925 0.00109281 -0.000156068 -0.000297286 -0.00248336 -0.000894202 -0.000568131 0.000581515 -0.000290498 0.000573265 -2.95254e-05 -0.00269712 -0.000660461 0.00505996 8.20713e-05 0.000505105 -0.00052207 0.00343729 -0.000175053 0.00125218 -0.00402737 -0.00192329 -0.00297873 0.000364294 0.00200948 -0.00322306 -0.000699687 -0.00117676 -0.000606762 0.000902078 -0.00367444 0.00234193 5.52842e-05 -0.00381194 -0.000721371 0.000409313 0.00356275 -0.00411987 0.000545884 -4.52062e-05 0.000120746 -0.00129959 -0.00226844 0.000632742 0.00376108 -0.00241174 0.00735423 -0.000130019 0.00156661 0.00227339 0.00194975 0.00105296 -0.00954282 0.00298576 -0.00417604 -0.00282265 -0.00409667 0.0015476 -0.0009842 0.00520278 0.00830051 0.000841731 -0.0356552 -0.0197074 0.959218 0.226696 0.137302 0.0498369 -0.0338399 0.00603873 0.00215417 -0.0119644 -0.0043035 0.00442414 -0.00386048 -0.00649948 -4.51458e-06 0.0106701 -0.000613449 0.00646668 -0.00803663 0.00142144 -0.004307 0.00145363 0.00292167
-0.000195606 -0.000556698 -0.000546108 0.00213511 -0.00115475 0.000457335 -0.00115132 -0.000195294 -0.00494091 -0.00011653 0.00129656 0.00397523 0.00076304 -0.000407102 -0.00624298 -0.000343214 -0.000137256 0.00736412 -0.00642405 0.00280829 0.00884612 0.00884882 0.0122264 -0.015759 0.00303796 -0.00379043 -0.00762699 -0.00101201 -0.00083077 -0.0070858 0.00898944 0.00119872 -0.00220005 0.00861775 0.00470149 0.00189268 -0.00200792 0.00177857 -0.000759374 0.0029395 0.00726517 -0.01203 0.00337212 0.0010766 0.00186234 0.00206262 0.00380046 -0.00370991 -0.000141898 0.00242148 -0.00139727 0.00174937 -0.0012502 -0.00140823 -0.000389386 -0.000998501 -0.00173548 -0.00150268 0.000504571 0.00158889 0.00561144 -0.00231291 0.00219442 -0.00309902 -0.00313591 0.00104921 -0.00121647 -5.93729e-05 -0.000586454 0.00159781 -0.000174534 0.000525193 0.00117159 0.00174084 -0.00203665 0.000237359 -0.000770405 -0.00220561 0.000405083 0.00133557 -2.57201e-05 -0.0025485 0.00141635 0.000234309 0.00327389 0.00202663 0.00118458 -7.5371e-05 0.00409191 -0.000845532 0.00161068 0.00359214 -0.000148355 -0.00129929 -0.00444602 -0.00336627 -0.000157219 0.00273703 0.000445394 -0.00101208 -0.000572379 -0.00462173 -0.00372315 -0.0027011 -0.00201194 -0.00417753 0.00269456 -0.00156127 0.00745058 -0.0016736 0.00729149 -0.00231482 0.00138322 -0.0013097 -0.000945411 -0.000114507 0.00792283 0.00245721 -0.00148636 -0.00214321 0.00519822 -0.00419514 0.000712967 0.00428986 0.000392495 0.00218006 0.00190943 0.00282645 0.000228671 0.00117892 0.00117063 -0.00043682 0.00309235 -0.000274126 -0.000681846 -8.57899e-05 -0.00331358 0.00148811 0.00207381 0.000517078 -0.00192048 0.0042273 -0.000175573 0.0023631 0.000204445 -0.00432994 -0.00173462 0.000304196 -0.00078685 -0.00287657 0.000954046 0.00229092 -0.00158716 -0.00799868 0.00243015 -0.00013381 -0.00151219 -0.000350872 -0.00139008 -0.0015914 0.000522981 0.000191454 -0.000786831 -0.000201974 -0.00433478 0.00341822 -0.00169462 -0.00441169 0.000250233 0.00252033 0.00161361 -0.00301827 -0.00172009 -0.00381662 0.00243804 -0.00284326 -0.00102875 -0.00201491 -0.000233925 0.00102227 0.00085833 -0.00018972 -0.00366785 -0.000628208 0.00148873 -0.000711034 0.00124819 -0.000705707 -0.000720313 -0.000863443 -0.00273316 -0.000294277 -0.000864988 -0.00182423 0.00191097 -0.000979958 0.00240881 -0.00189447 0.000379267 0.00110212 0.000868471 0.00111296 0.0037041 -0.00133983 0.000260304 0.000693509 3.07082e-05 -0.000179051 0.000167141 8.28293e-05 -0.00120786 -0.000572149 0.00119831 -0.00121669 0.000291162 0.00016654 0.00142003 0.000868533 0.00229466 0.00163748 0.0013742 -0.000545885 -0.000215013 0.00114129 -0.000317905 -0.0013383 0.000591275 -0.000218297 0.000305901 0.00606537 -0.00160941 0.000644829 0.00387796 -0.000177702 -0.000139656 0.00470654 -0.00158951 -0.000893726 -0.00123458 -0.00370824 -0.000239845 -0.00443803 0.000458879 0.00395129 -0.000746156 -0.00428221 -0.00146027 0.00154066 -0.00336396 -0.000688661 0.000606887 0.0066602 0.00411287 -0.000184042 -0.00269536 -0.000774184 0.00690494 -0.00405645 0.000150412 -0.00313989 0.000166681 0.00660899 -0.00591986 0.00113402 0.00535115 0.00382718 0.0119434 0.0027338 0.0113998 -0.0100497 0.00501875 0.0361982 -0.606266 0.787695 -0.0627177 0.0121423 -0.0171936 -0.00904972 0.0175248 0.0126703 0.00181009 0.00364687 0.0150491 0.0099275 -0.00175926 0.00571764 -0.000773422 -0.00184458 -0.000457525 -0.00359449 0.00323181 -0.00968278
-0.000362931 -0.00205752 -0.00195181 0.000766556 -9.71354e-05 -4.71585e-05 -0.000860275 2.36294e-05 0.00273737 5.50276e-05 0.00116118 0.00111361 0.000133083 -6.59259e-05 0.000929109 0.00183804 -0.000892658 -0.00412314 0.0036754 -0.00300842 -0.00143191 -0.00577181 -0.00466705 0.00452561 -0.00065153 0.00649963 0.00204414 0.00235163 -0.00141951 0.00852537 -0.00615541 0.000465297 0.00549259 -0.00535186 -0.00623419 -0.00132482 0.00796672 1.56347e-06 -0.000578046 -0.00122989 -0.00640745 0.00243983 0.00160972 -0.00138569 -0.000468628 -0.000506066 -0.000345109 0.000566177 -0.00136483 -0.000706703 0.00194156 0.000334478 -0.00104501 -0.000317306 0.000344366 -0.000994145 -0.000730958 0.00112049 0.00152005 0.000731671 -0.00219202 0.00105136 0.00114306 -7.7117e-05 0.00247399 -0.000707113 0.000478744 8.79526e-05 -0.00124751 0.000742887 0.000793708 0.000957263 0.000542109 -0.00132065 -0.00142662 0.00108595 -0.000498989 -0.00118167 -0.000942496 0.00139513 0.000161881 -0.000776309 0.00076264 0.000116632 -0.00189396 -0.00232544 0.000275958 -0.000589235 0.000645165 0.000500396 5.346e-05 -0.000444392 -0.000818488 0.000319523 0.0020218 -0.00291439 0.00084785 -0.0022928 0.00014834 -0.00219409 0.00141085 0.00210031 -0.00175747 -0.000254206 0.000538073 0.00113732 -0.000713898 0.00100216 -0.00411364 0.00218889 -0.00436613 -0.000488668 -0.00244702 0.000379657 0.000584086 -0.000529262 -0.00469196 -0.00106908 0.00121021 -0.00117879 -0.00422139 0.00608144 -0.00306502 0.000119835 -0.000519119 -0.00159918 -0.00164251 0.000244741 0.00292765 0.00053068 -0.00220558 0.000416925 0.00101167 0.000168231 -0.00260958 -0.000895998 0.00134246 0.000872763 -0.00168299 -0.000592089 0.000828733 -0.00374256 0.000440419 0.00144721 -0.000150399 8.279e-05 -0.000107998 -0.000142658 0.000511877 0.000862123 -0.000848243 0.00127011 -0.00103463 0.00471222 -0.00220401 -0.0014212 0.000338423 -0.000951431 -0.00197883 0.000653105 -0.000128579 0.000498782 -0.00189049 -0.000252104 0.0014777 -0.0013033 0.00245574 0.00170315 -0.00237024 -0.00179251 3.75847e-05 -0.00133793 0.0018308 -0.000179045 -0.00210627 0.000557127 0.00034084 -0.000522425 0.00228493 0.000398091 -0.00146827 -6.36235e-06 0.00153759 0.00188314 -0.00102079 -0.00173004 -0.000734156 0.00110479 0.000622968 0.000852507 0.00179851 -0.00177857 0.00146687 0.000209875 0.00066388 0.00172277 -0.00158543 0.00212553 -0.00145552 -0.000105189 0.00101244 0.000299403 -0.0012234 -0.000740959 -0.00105789 -0.000517966 -0.000412864 0.00177962 -0.00135915 0.00293729 -0.00131857 0.00139621 0.00058477 0.000430261 -0.00169515 -0.000305617 0.00247347 0.000775767 0.000482232 0.00510168 0.00029944 0.00133571 -0.0007299 -0.000890505 0.00113163 -0.000995029 0.0027102 4.84955e-05 -0.000971576 -0.00375238 0.000772662 -0.00211335 -0.000425254 -0.00148226 -0.00103776 -0.00182849 0.00350061 -8.11713e-05 0.0029237 -0.00154911 -0.000687462 0.00319419 -0.000275141 0.00135424 0.00126854 0.00349065 -0.00103743 -0.00190107 0.00121933 -0.00136289 0.00524132 0.00596092 -0.000404596 0.00322427 -0.00208723 0.00218986 0.00236222 0.00109418 0.00306296 0.0111675 -0.000463246 0.00486298 -0.00272361 0.00751268 -0.00286704 -0.0103906 -0.000388047 -0.0160197 0.00336466 0.015976 0.0333557 -0.262877 0.755524 0.595669 -0.0132071 0.00614372 0.0140482 0.0188413 -0.00771992 -0.00536541 0.00976733 -0.00319478 0.00211809 -0.0137883 -0.00527369 -0.00457581 0.00264061 -0.00442551 0.000250576 0.00199365 -0.000477584 0.00475458
0.000372197 -0.00495868 -0.000473279 -0.000109608 0.00506368 0.000114359 0.00109435 0.00088413 -0.000950916 0.000139283 0.00463008 0.00485122 0.00143354 0.00086878 -0.00251126 0.00125485 0.000966951 -0.00679331 0.0082677 -0.00801538 -0.00371779 -0.00180335 -0.0139817 0.00286561 -0.0144246 0.0177562 -0.00372442 -0.00118092 -0.0204162 0.0150792 -0.0144616 -0.0144576 0.0176331 -0.0144316 -0.00147518 -0.00309203 0.00235805 0.000815437 -0.00229995 0.0020944 -0.00470998 -0.000152579 0.000820564 0.000243225 -0.000718896 0.000875483 -0.00211127 0.00435748 -0.00453193 -0.0040248 0.0018693 -0.00143197 -0.00112248 -0.00151925 -0.000526086 0.000911651 0.000432045 0.00044353 -0.000208062 -0.000549234 -0.00217517 0.0020801 0.00372496 -0.000947425 0.00436877 0.00124031 0.00352661 -0.000602444 -0.000238747 -0.000341175 -0.000465807 0.00248485 -0.00108286 -0.00398404 -0.00108183 -0.000880258 -0.00221313 1.88948e-05 -3.1406e-05 -0.00024372 0.00286985 -0.000479756 0.0014032 0.000208768 -0.00209991 0.000491851 0.000162874 0.00107676 6.23922e-05 0.000318955 -0.00335069 -0.00113274 -0.000202873 0.00287815 0.000897976 0.000935241 -0.00063614 -0.00631915 -0.00442169 -0.00147128 0.00200304 0.00323324 -0.00167234 -0.000296306 -0.00509895 0.00163666 -0.00426846 -0.00116608 -0.00258578 0.0037515 -0.00444917 -0.00390488 0.00318151 0.00940558 0.00339545 -0.00508285 -0.00869473 0.00180245 0.0021436 -0.000411414 -0.00822452 0.00486957 0.000556736 0.000373264 -0.00622024 -0.00289322 -0.00771188 -0.000891018 0.00215963 -0.000527826 -0.00629064 0.00136581 -0.00138553 0.000328218 0.00233036 -0.000964944 -0.00104122 -0.00293326 -0.00218714 0.00155169 0.00373753 -0.0017004 -0.00112215 0.00055166 -0.00154938 0.00101059 -0.00300801 0.0014786 0.00308561 -0.000164885 -2.72703e-05 0.00235235 0.00449624 -0.000765239 0.000888119 0.0013997 0.00497442 0.00165567 0.000840279 0.000926907 -0.000553033 0.0043701 -0.00110219 -0.00286948 0.00325654 0.000106507 -0.00176085 0.0043509 -0.00509019 -0.00450385 -6.54723e-05 -0.00201782 0.00418693 -0.00112921 0.00253588 -0.000185906 -0.00127947 -0.00481742 -0.000689234 0.00305959 -0.00127761 -0.00311928 0.00308661 0.00432658 -0.00516165 -0.0023829 -0.00191657 0.0030729 -0.00598845 0.00410977 0.00370171 -0.0021776 -0.00147188 -0.00614478 -0.00149336 0.00142472 -0.00461777 0.0058983 -0.00210247 0.00208914 0.00340948 -0.00080365 -0.00186996 -0.0120293 -0.00504395 -0.000291298 -0.0027768 0.00177119 -0.000794626 0.00342157 -0.00628559 -0.00077501 -0.00231343 -0.00119695 -0.00290412 0.0022925 -0.000923628 -6.60547e-05 0.000394954 0.0018958 -0.00230524 0.00103538 -0.00113569 -0.000130356 -0.00114323 0.00178202 0.00342175 0.00164539 0.00132911 -0.00308444 0.000503072 0.000100374 0.00153295 -0.00285835 -0.00364243 -0.0023443 0.00129897 0.00314225 0.00110121 -0.00117413 -0.000692085 -0.00180851 0.000289699 0.000266925 0.000213797 0.00171782 -6.28543e-05 -0.000802471 0.00167272 -0.0027488 -0.000909318 0.000262395 -0.00098311 1.96625e-05 0.00695808 -0.00235866 0.00191518 -0.000878917 -0.00203755 -0.00303887 0.00152816 -0.00108198 0.00597959 -0.00463976 0.00210856 0.00471897 -0.00226538 -0.00295042 -0.00654859 -0.000181809 -0.0016262 -0.0475684 -0.0424475 0.0510671 0.992007 0.0249733 0.000768676 0.0215598 0.0101045 0.00105171 -0.0137087 -0.0066676 0.0108981 0.0031229 -0.00449535 -0.00162159 -0.00359674 0.00117133 -0.00290016 -0.00180681 0.00059819 -0.00635058
-6.86935e-05 0.00295162 0.00108331 -0.000198297 -0.00136582 -4.04487e-05 -9.34784e-05 -0.000495601 0.000533498 -0.000278873 -0.00193777 -0.00516092 -0.000550462 -0.000442042 0.00449057 -0.00110904 -0.000643477 0.0021734 -0.00455908 0.00439062 -0.0015126 0.00163552 0.00219801 0.00131049 0.00421827 -0.0124927 0.00413564 0.00298851 0.0139357 -0.0112704 0.0118858 0.00734703 -0.0100639 0.00845981 2.5236e-05 -0.000481351 -0.00205972 -0.000281328 0.00141191 -0.00289366 0.00280375 0.00319334 -0.00110334 0.000204232 -0.00133149 -0.00149536 0.000868243 -0.000932412 0.00348571 0.00362194 -0.00156776 -0.00156854 0.000944326 0.00131529 0.000601537 -9.04215e-05 -0.000562027 0.000878561 0.000583824 -0.000711376 -5.11696e-05 -0.00109325 -0.0008797 -0.000656433 -0.00537824 0.00215508 0.00198732 -0.00221111 0.00024244 -0.00118854 -0.000430261 -0.00074725 -0.000294215 -0.00122119 0.00238393 0.00036147 0.00128546 -0.000702755 5.72252e-05 0.000246499 -2.26001e-05 0.000993619 0.000830954 0.000540382 0.00127253 -0.00126895 -0.000128236 -0.00209702 0.000364196 -0.00211543 0.00123232 -0.0018741 0.00014628 -0.000466041 0.00075603 0.000884252 0.00150009 0.00366642 -0.00069207 0.00233805 -0.00029401 -0.0012296 0.00411364 0.00152269 0.00404218 -0.000323004 0.00217144 0.00147111 0.000520577 -0.00238267 0.0046754 0.00533474 -0.00062687 -0.00655187 2.6986e-06 0.0019312 0.00545545 -0.00179816 -0.000813495 0.00114372 0.00318122 -0.00324533 -9.43634e-05 -0.00281587 0.00479195 0.00113744 0.00180447 0.00209785 -0.00236294 -0.00246928 0.00417652 -0.00233803 0.00101343 0.000420947 -0.00093636 -0.000338803 -0.000508226 0.00092184 0.00165889 -0.00130431 -0.00240192 0.0010727 0.000904985 -0.00158779 0.00164777 0.00229398 0.0037904 -0.00141515 -3.06286e-05 -0.000116205 0.000546476 -0.00242833 -0.000370356 0.00251971 -0.00160751 -0.000390025 -0.00346007 0.000703129 -0.00107913 0.000781043 -0.00141411 -0.0036709 0.000791437 0.00286976 -0.000182795 -0.000193605 0.00070171 -0.000801612 0.0023879 0.00248695 8.28422e-05 -0.00138319 -0.00249498 0.00167328 -0.00322625 -0.000686194 -6.36184e-06 0.00285984 -0.00060162 -0.00248354 0.00131896 0.000327027 -0.00178835 -0.00196895 0.00133533 0.00134442 0.00144231 -0.00211264 0.00486186 -0.00188291 -0.00107844 0.00139398 0.000529604 0.00399676 0.00238178 -0.00199558 0.00385982 -0.00340848 0.0025212 -0.00133809 -0.00439307 -0.000552026 0.000800879 0.00929011 0.00324576 0.000149158 0.000781302 0.00463085 0.00165304 -0.00109354 0.00510766 0.00227568 0.00192702 0.00260507 0.00103944 -0.00191624 0.000212608 9.21322e-05 0.000154241 -0.000723032 -0.000449157 6.53268e-05 0.00100965 0.00138969 0.00122768 -0.00179204 -0.00155177 0.000740977 -4.10663e-05 -1.69514e-05 -0.00252497 -0.000327126 -0.00137033 0.00147979 0.000292584 0.00101598 0.000337926 -0.000971518 -0.000185605 0.0026856 -0.000177943 0.00123572 -0.0049278 -0.0012388 0.00362514 -0.00142731 -0.000163741 0.000995147 0.000386891 -0.00194992 -0.00119533 -0.00503027 -0.00382891 0.00136116 -0.00389932 0.00377434 0.00678315 -0.00196317 0.00349154 0.00218902 0.000579378 -0.00366422 -0.00507325 -0.000250182 -0.0028555 0.00207996 0.00260183 0.00668476 -0.0037685 0.00809948 -0.00911147 0.0347147 0.0116184 -0.00908714 -0.0180663 0.996699 0.0163335 0.00373572 -0.00299688 -0.0116734 0.018525 -0.00466066 -0.00345198 -0.0154198 -0.00102865 -0.00231545 -0.000973233 0.00198093 0.00137427 0.00484569 -0.000693269 0.00848305
-0.000197176 0.00113888 0.000659905 0.00194581 0.00267603 6.65304e-05 -0.00117324 -0.000308242 -0.00304027 -0.000110118 -0.00224288 0.00327063 4.97037e-05 0.000228101 -0.000278908 0.00363465 0.000953291 -0.00455889 0.00663673 -0.00608685 -0.00551208 -0.00574881 -0.00517843 0.0180653 0.00102225 0.0116619 0.000438221 -0.00707912 -0.00599771 0.00180878 -0.0154685 -0.00600409 0.00850372 -0.00871052 -0.00270943 0.00123115 0.0110769 -0.00107583 0.000600475 0.00142245 -0.00169658 -0.000333135 0.000521478 -0.00158646 -0.0011802 0.00134433 -0.00465273 -0.00228913 -0.000178269 -0.00104895 -0.000754215 -0.00121287 0.000143222 -0.00351457 0.00108189 -0.000410807 -0.00254031 -0.000394101 -0.000325658 -0.0015175 -0.000446486 -0.00257754 -0.000229478 -0.00219856 0.00168973 -0.000410148 0.000130772 -0.000829944 0.000705574 0.00255966 0.000936211 0.00445242 0.000132551 -0.00158192 -0.00168803 0.000154612 -0.000346464 -0.00429668 -0.00387113 -0.000687002 -0.000258807 0.000732473 0.000358309 -0.000782006 0.00238246 0.00183446 -0.000658962 -0.0025007 -0.000576401 -0.00270215 0.00298255 -0.00457321 -0.00184847 -6.25969e-05 -0.00236052 -0.00191623 -0.000707037 0.00193514 0.00302017 -0.00110669 -0.00641102 0.00276103 -0.00235279 -0.00369404 -0.00321521 0.00261856 -0.000645444 -0.00255234 -0.00531952 0.00498422 -0.00564709 -0.00208423 -0.00103167 0.00509064 0.00335221 -0.000588919 -0.00286412 -0.000366006 0.0014924 -0.00242958 -0.0103797 0.00410302 0.00163052 0.00111814 -0.00270962 0.0024489 -0.00394636 -0.00192603 0.00594935 0.00220406 -0.00402959 -0.00195819 0.00181846 0.000186585 -0.000322612 -0.000103686 -0.000582098 0.000600265 -0.00225967 0.000564753 0.00175319 -0.000479711 -0.00295887 -0.00179718 -0.00127035 0.00154354 -0.00301221 -0.00129161 0.00273962 0.000441366 0.000653452 -0.000898465 0.0014281 -0.000527357 -0.000144386 0.00116791 0.00187868 -0.000397346 0.000842721 0.00172456 0.00178377 0.00188305 -0.00223508 -0.00298958 0.0010639 -0.00303779 -0.00442299 0.00121338 -0.000892082 -0.00267237 -0.00146479 0.00171771 0.000281042 0.00112231 0.00174017 0.00190707 -0.000735078 0.000658193 0.00167393 0.00182464 -0.0012444 -0.00661165 0.00496495 0.000285397 -0.00455992 -0.00199023 -0.000966778 0.000537928 -0.00170737 0.00442167 0.0024748 -0.000240722 0.000806216 -0.000939338 0.00122936 -0.00112764 -0.00221065 0.00275826 -0.00332345 0.000997674 -0.00134663 -0.00277887 -0.0021513 -0.00745066 -0.00358233 -0.00107546 -0.00261291 7.0305e-05 -0.0017057 0.00193509 -0.0027766 -0.00228883 -0.00143771 -0.000258522 -0.00114747 0.00136246 -0.000370585 0.000494882 0.000289319 0.00210638 -0.00055917 0.000737667 0.000303629 -0.000350713 -0.00176999 -0.000263207 0.000181964 0.00342397 3.19165e-06 -0.000837689 -0.00256522 0.00020761 -0.00215962 -0.00116668 0.000624702 -0.00172938 0.000849248 -0.00162281 0.000524837 -0.000786851 -0.000354409 0.00226603 -0.00413253 0.00141441 0.00572986 -0.00180878 0.000585986 -0.00511675 0.0123067 -0.00415358 -9.31793e-05 0.00355107 0.00933669 0.00101956 0.00489388 -0.00174937 -0.00560153 0.00107408 -0.00164526 -0.0038756 0.00340905 -0.00674451 -0.00872823 0.00243415 -0.00457415 0.00642493 -0.015387 -0.000108537 -0.00676778 0.0104053 -0.0189533 -0.00263443 -0.0247642 0.00426935 -0.00365028 -0.0159128 0.989672 -0.0092706 0.0132338 0.0198831 0.106637 0.0194651 0.0232949 -0.0105265 0.0024124 0.0174531 0.00403852 0.0160539 0.00418145 0.0069713 0.00168035 -0.00158441
-0.000707586 0.00382775 0.000935296 0.00109044 0.00513458 0.00245336 0.00089472 -0.00175949 -0.00073259 0.000183428 -0.0037811 0.00252409 0.000213033 -2.58534e-05 -0.000401592 0.00128558 -0.000159148 -0.00647882 0.00812143 -0.00744521 -0.00923984 -0.000917705 -0.00711662 0.0222396 0.0013717 -0.00144075 0.0070032 -0.00905888 -0.000950198 -0.00182015 -0.0237661 -0.00490702 0.0116543 -0.0100947 -0.00360521 -0.0062783 0.00458611 -0.000481372 -0.00235419 -0.000590206 0.003378 0.00354086 -8.40799e-05 -0.000846099 -0.00141914 0.000398482 -0.0035641 0.00107713 -0.00291796 -0.00176983 -0.0038526 -0.000522327 0.00138583 -0.00313583 0.000286923 0.00227332 3.0944e-05 -0.000629195 -0.00285012 -0.00140907 0.00104079 0.000642093 -0.000830634 0.00395343 0.00203509 -0.00125354 -0.00100935 -0.00245049 0.00133088 -0.000434119 -0.00154725 -0.000738556 -0.00220009 -0.00330373 -0.000991721 -0.00147136 0.000393117 0.00071685 -0.00107096 0.00110939 -0.000913685 -0.000754838 0.00188273 -0.00134484 -0.00157437 -0.00106984 -8.80381e-05 0.00026904 0.00197867 0.000613543 0.00139517 -0.00460229 9.86038e-06 0.00223562 0.00141348 -0.000879995 -0.00430719 -0.00288448 -0.00131944 0.001751 -0.0029284 0.00719921 0.00250788 -0.000330741 0.000380683 0.0041796 -0.00450604 0.00035166 -0.00466377 0.00534863 -0.00215505 -0.00361771 0.00026147 0.00472255 0.00296339 0.000728595 9.80907e-05 -0.00393295 0.000687984 -0.00293505 -0.00803825 0.00251764 0.000710039 -0.00279476 -0.00452585 -7.37979e-05 -0.00448269 -0.00259737 0.00414681 -0.00139854 -0.00267046 0.0042026 0.00183164 0.00148152 0.0030109 0.00120028 0.00027817 0.00194056 0.00144974 0.000438136 0.00441807 -0.00267592 0.00120983 0.00258863 -0.000486236 0.00386221 -0.000208839 -0.00111537 0.00406514 0.00193641 -0.000462121 -0.00108144 0.00075315 0.00139147 -0.00150912 0.000646062 0.00283798 -0.00211362 0.000411765 0.000392841 -0.000389464 -0.000469959 -0.00289602 -0.00358645 0.00213165 -0.00123916 -0.00398817 0.00447536 -0.00198144 -0.00565353 -0.00051084 0.00324601 0.000579618 -0.000191707 0.00172474 0.00116572 0.000955108 0.000934666 0.00313377 -0.000549204 -0.00262184 -0.00439046 0.00362529 -0.00361145 -0.00398314 -0.00278007 -0.000746858 0.00302916 -0.00201001 0.00293831 0.00369783 0.00108415 -0.0016703 0.000388399 0.00303772 0.00134697 -0.000646707 0.00174405 -0.00316561 -0.000190979 -0.000338585 -0.0027535 -0.0019239 -0.00691666 -0.00394536 0.000536339 -0.0019226 -0.000526019 -0.00158709 0.00225055 -0.00389996 -0.00233149 -0.000575025 -0.000544123 -0.00248393 -0.00144454 -0.00114748 -0.000374684 0.000785902 0.00152054 0.000130054 0.000622608 -0.0013275 0.00134381 -0.00101386 0.00129147 -0.000455735 0.00211259 -0.00103855 -0.00254032 0.00116461 -0.000516586 -0.00114166 -0.000398991 -0.00263475 -0.00273798 0.000902317 0.0042705 0.00161131 -0.00112963 0.000659845 0.000568718 -0.000588206 0.000494769 -0.0011183 0.00499831 4.55346e-05 -0.000123046 -0.00385797 0.00139238 0.00243882 -0.000785717 -0.00637034 0.000309275 -0.00444086 0.00287048 0.00263632 -0.00422157 -0.00084828 0.00642761 -0.000649103 0.0068274 0.000157002 -0.0029829 -0.00174044 -0.00436206 -0.00142737 -0.00156951 0.00915611 -0.008245 -0.00694067 0.00189754 -0.0249135 -0.00398572 -0.0230047 -0.00466627 -0.000842821 0.990585 -0.0692267 -0.0284814 0.0723895 0.00429397 -0.0156708 -0.010159 0.00412458 -0.00554265 0.0101939 0.00149364 0.00897844 0.00662463 0.00386821 -0.00552349
0.000105146 0.000439964 -0.000189593 -0.00194042 -0.000933449 0.000744697 0.00126942 9.26916e-05 -0.00172954 0.000157445 -0.000308486 -0.00687821 0.000438848 0.000403314 0.00854813 -0.0025059 0.000431659 0.00487338 -0.00752287 0.00482444 -0.00217477 0.00566465 -0.00442211 -0.00335771 -0.00142603 -0.0122072 0.00342737 0.00681195 0.0178348 -0.0137784 0.0293782 0.00894894 -0.0122287 0.0149454 0.00184946 -0.000237857 -0.00243413 0.00205808 0.000363543 -0.00744563 0.00364429 0.00122095 0.00101051 0.000306966 0.000330709 0.00230142 0.0045275 -0.00241065 0.00266124 0.00610609 0.000236453 0.000586273 0.00131205 0.000765967 0.00318509 0.00178303 -0.00100358 0.00244818 0.00273623 -0.000810976 0.000530628 -0.00387282 -0.00225423 -0.00335637 -0.00224696 -0.000546049 -0.0001686 0.000763578 9.47392e-05 -0.000290638 0.000991095 0.000536834 0.000187331 -0.000902991 0.00280465 -0.000234814 -0.00253312 -0.000664054 -0.00243819 -0.00173454 0.00148339 0.00388771 -0.000647218 0.000656161 -0.00114901 0.00232011 -0.000301602 -0.000870377 -0.000934253 -0.00209267 0.00288193 0.00055435 -0.000656688 0.000413824 -0.00189467 0.00471014 -0.000825859 0.00430353 -0.00351193 0.000716002 0.00039533 -0.00188771 0.00632269 0.00162578 0.00305217 -0.00127256 0.00172598 -0.000176049 0.00100085 -0.0054698 0.00664143 0.0042346 0.00126332 -0.0107389 -0.00154385 0.00354857 0.00648463 0.00136914 0.00107764 0.00608218 0.00717191 -0.00447082 0.000675654 -0.00184009 0.00227633 0.00175547 0.00355823 0.00683967 -0.00516512 0.000963018 0.0067279 -0.00520351 -0.00302719 0.00104055 -0.00108089 0.000197265 0.00107307 -0.00109577 0.00139521 -0.00268447 -0.00332656 0.000368797 0.00106115 -0.00220081 0.000922396 0.00203951 0.00319349 -0.00237316 4.9957e-05 -0.00270673 0.00206837 -0.00321658 0.00047766 0.00634142 0.000838904 0.000123302 -0.00492973 0.00335595 -0.00091025 -0.00103491 -0.00156819 -0.00661655 -0.000401822 0.00601648 -0.00251471 -0.00208861 0.00253569 -0.003905 0.00327418 0.00364878 -0.00246173 -0.0033444 -0.00422168 0.00161497 -0.0031736 -0.00206451 -0.00149414 0.00362458 -0.00382716 -0.00276836 0.000304971 0.00137867 -0.00352746 0.000868801 0.0024543 0.00348157 0.000529533 -0.00493454 0.00293224 -0.00127551 -0.00180763 0.00173824 -0.000195386 0.00393109 0.00264343 -0.00244648 0.00311073 -0.0048712 0.00319281 -0.00202773 -0.00736717 -0.00150592 0.00320802 0.0119597 0.00860284 0.00302417 0.00239815 -0.00157944 0.00215524 -0.00321449 0.007982 0.00366236 0.00103853 0.00400589 0.00271296 -0.00257131 0.000284056 -0.00187402 0.00152189 -0.000367468 -0.00160564 -0.000285994 0.00210335 0.00471442 -0.000406976 -0.00229429 -0.00195055 0.00525324 8.4696e-05 0.00236769 0.00033746 -0.000247264 0.000568645 0.00215731 -0.000426427 0.00207673 0.000877654 -0.000639994 0.00223816 -0.000544448 -0.000718573 0.0011536 -0.00310815 -0.000901677 0.00511526 -0.00402967 -0.000780028 -0.00121145 0.00709053 -0.00244229 -0.00308709 -0.000349256 0.0021735 0.000204309 0.00512448 0.000860223 -0.00106717 -0.00137231 -0.000825031 0.00158732 -0.00207424 -0.00260243 -0.00547628 0.000722035 -0.0036666 -0.00390229 -0.0052267 0.00853764 -0.00656536 0.0168553 0.0104927 0.0114474 0.0211244 -0.00853911 -0.00429215 -0.0018673 -0.0130935 0.0729507 0.991285 0.0451362 0.0241144 0.00480392 0.00953635 0.00536929 0.0132339 0.00363892 -0.00249406 0.00284637 0.00112461 0.00138999 0.00230763 0.0117071
0.00129888 -0.00257356 0.00144943 0.000778743 0.000568601 -0.0010727 -0.000581996 0.0016332 -0.00243646 0.000590234 -0.00406411 -0.00385393 0.00122725 0.00251025 0.0014707 0.000709892 0.000647953 0.00280137 -0.00305376 0.00296844 -0.000841809 0.00490112 -0.000817321 -0.0045176 0.00596287 0.00283204 -0.00157288 0.00623894 0.000508614 -0.00345319 0.00401286 -0.000734692 -0.00428151 0.00621692 0.00303973 0.00328891 0.00106666 -0.000396844 0.00192146 0.00215817 0.00261276 -0.000597553 -0.00298413 0.00231503 -0.00287142 0.000632169 -0.000119436 -0.000832256 -0.000649006 -0.00128658 0.00128304 0.00060746 0.000415502 -0.00290767 -8.88598e-05 -0.00108327 -0.00103267 0.0012847 0.00100997 -0.00087477 0.00141727 -0.000252411 0.000303907 0.00197892 -0.0011192 0.0019191 0.00136036 -0.00112769 -0.000451343 -0.00111876 -0.000864199 -0.00057923 0.00049513 -0.00133915 0.00058911 0.00219652 -0.000233958 -0.00244228 0.00129832 0.000671666 0.00108208 0.00137703 -0.00107639 -0.000871053 -7.1049e-05 0.000137217 0.00118682 -0.00124583 0.00100173 -0.00024264 0.00229926 -0.000209969 0.00137098 -0.00322347 -0.00259711 0.000458131 0.000165418 0.00632415 -0.00299031 -0.00189751 -0.00169488 -0.00135436 0.000383602 -0.0028737 0.00472369 0.00104353 0.00355338 0.00169257 0.00236689 -0.000768866 0.00174902 0.00385431 0.00294639 -0.00142819 -0.00107977 0.00403614 0.00358135 4.55502e-05 0.00176861 0.000845851 0.0012547 -0.00176146 0.00324538 0.00012246 0.000246778 -0.000601499 -0.000135956 0.00429104 -0.000995363 0.00169664 0.000639229 0.000681882 4.05502e-05 -0.00131875 -0.00189246 0.00179809 -0.00105994 0.00118644 0.00106264 0.00222174 -2.80567e-07 0.000753639 -0.00496102 -0.00188589 -0.000929487 -0.000992829 0.00262586 0.000313451 7.04413e-05 0.00111672 0.00156739 -0.00244163 -0.000908096 0.00305206 0.00102148 0.00324016 -0.00332077 0.00362035 0.000891775 0.00393916 -0.000342426 -0.00242501 -4.21982e-05 0.00429526 -0.000505698 0.0001173 -0.00646397 -0.000293747 0.00244251 0.00138371 -0.0013273 0.000856285 -0.000626577 0.000881531 0.000799221 -0.00086041 0.000711854 0.00233801 0.00128657 -0.00218387 -0.0018683 -0.000414221 0.00256316 -0.0018394 0.000676698 0.0012726 0.000114568 -0.000983993 0.00132062 0.000359008 -0.00180663 0.00111199 0.000294832 0.00156929 0.00196335 0.000586183 0.00308604 -0.00319099 -0.000181631 -0.00145474 -0.0026276 -0.000989749 9.92728e-05 0.00297243 0.0020463 0.000515361 -0.000750259 -0.000814574 -0.000349642 -0.000986483 0.00102356 0.00121024 0.00157893 0.00156873 0.00103686 -0.00105472 0.000612397 -0.00220016 -0.00103162 -0.00062174 0.001136 0.000270198 -0.000390477 0.000954618 0.000161816 -0.000690358 -0.00187702 -0.00228587 0.00111714 0.00110022 -0.00137516 -8.59473e-05 0.000312954 0.000223703 0.000489516 0.00198039 -0.000507108 -0.00191781 0.00162549 0.00255345 -0.000314587 -0.000924161 0.000400499 -0.00256625 -0.000318604 -0.000410307 0.000557339 -0.00152608 -0.00145907 0.00164834 -0.00207937 -0.0023771 8.43585e-05 0.002144 -0.00216229 0.00241959 0.000531863 -0.00248436 0.000682212 0.00323898 3.49746e-05 0.00239222 0.00634533 -0.00165271 0.00317672 -0.00543846 0.00218662 0.00615467 0.00770596 0.00837159 0.00245136 0.00207822 0.010987 -0.00733869 0.00509662 0.00631797 -0.0404455 0.00931852 -0.0521245 0.972838 0.210221 0.016473 -0.0306474 -0.0274474 -0.00715346 0.013521 0.0119357 0.00706105 0.00641265 0.00566249 0.000489545 0.002646
-1.86357e-05 -0.00377161 -0.00210395 0.00293456 0.00730491 -0.00095263 -0.00118369 0.000358323 -0.00492519 0.000454195 0.00529894 0.000967797 7.47288e-05 -0.000946805 0.00210562 0.00419009 0.00135083 -0.00720927 0.00794198 -0.00992084 -0.0112232 -0.00672055 -0.0184108 0.0126437 -0.0178753 0.0208578 -0.00570406 -0.00360546 -0.0190808 0.0159113 -0.0126408 -0.00984801 0.0157771 -0.0132749 -0.00441996 0.00129072 0.0087532 -0.00256458 -0.000576847 0.000891395 -0.00854631 -0.0016391 -0.000875887 0.000772179 0.0010145 -0.000433519 -0.0064632 -0.00172365 -0.00416804 -0.00417475 0.00165956 -0.00388727 -0.000420584 -0.00369863 0.00233747 -0.000505342 -0.00327081 -0.000700566 -0.00111627 -0.00286223 -0.00159381 0.00374869 0.00336158 0.00076117 0.003737 -0.00369862 0.000625298 -0.00200033 0.0019735 -0.000142824 0.00177739 0.00573035 -0.000809323 -0.00201403 -0.000167025 6.97398e-06 -0.00386748 -0.000566479 -0.00201963 0.000731465 -0.00169501 0.000968002 0.00103618 -0.00414265 -0.000725147 -0.000809952 0.00290815 -0.0021655 0.00307836 -0.00115349 0.00158538 -0.00159934 -0.00342909 0.0011975 -0.00380823 0.000921325 0.000434172 0.00421893 -0.00184 -0.00526856 -0.000921913 0.003575 0.00420905 -0.00540911 -0.00285055 0.00478821 -0.00115766 -0.00356075 -0.00616445 0.00302377 -0.00592831 -0.00217966 0.00151038 0.00504645 0.00395226 -0.00155315 -0.00924939 0.00249176 0.00605755 -0.000937826 -0.013454 0.00430843 -0.000184855 0.00303984 -0.00642825 0.000261805 -0.00773773 0.00403913 0.00280731 0.000529526 -0.006227 0.0025389 0.000858928 0.00158838 -0.000328163 -0.00115864 -0.00384393 -0.000748917 -0.00235433 -0.00359028 0.00664181 -0.00115148 -0.00730929 -0.00258583 -0.00245122 0.00492232 -0.00114927 -0.00036954 0.0045771 0.00316432 0.00253105 -0.000283543 0.00351772 0.00277127 -0.00129405 0.00197445 0.0016587 -0.000178295 -7.69184e-06 -0.000570674 -0.00527719 0.00465192 -0.00296949 -0.00195302 0.000113207 -0.00302697 -0.00332803 0.00236024 -0.00738491 -0.00651055 -0.00281628 -0.00549964 0.00174231 -0.00122837 0.00164126 7.27168e-05 0.00111863 0.000834168 -0.00234414 0.00320837 -0.00258125 -0.00529202 0.00713841 0.00536363 -0.00343034 -0.00437541 -0.00534447 0.00126952 -0.00846341 0.00567821 0.00455974 -0.00307314 0.00264017 -0.00460767 -0.000864215 0.00192118 -0.00165443 0.00544592 0.00100984 -0.000243206 -0.00222598 -0.00235043 -0.00396679 -0.00735933 -0.00176004 0.000523316 -0.00366613 -0.000896191 -0.00239598 0.0026324 -0.00388863 -0.00155987 -0.00270899 0.00202793 -0.00498939 0.00484071 -0.000636659 -0.00137729 0.00045985 0.0022543 0.000304208 -0.000126448 0.000466096 -0.000710789 -0.00298891 -4.92558e-05 -0.00114128 0.00240048 0.00158391 -0.000629688 0.00111234 -0.000408974 -0.000684506 -0.000926109 0.000807432 -0.00374863 0.000312803 0.00151696 0.000531982 -0.000705988 0.000431023 0.00436931 0.000262285 0.00263851 0.00330702 0.00318179 0.000477204 -0.00317278 0.00341325 -0.00146791 -0.00348345 -0.000657454 -0.00148297 0.00603779 0.000174303 0.00125916 0.00218929 -0.00401794 0.00117892 0.00678443 -0.00450267 0.00680072 0.00356945 -0.00628536 0.00243198 -0.00894531 0.00407551 0.0017463 0.000846324 0.00969078 -0.00549017 -0.00167811 -0.010582 -0.00513542 0.00826745 -0.0153829 -0.106789 -0.0801213 -0.00529308 -0.210672 0.959353 -0.0204441 0.0424828 -0.0537802 0.0145088 0.0257976 -0.0128753 0.0163643 -0.00578938 0.0146961 0.000787592 -0.00176629
-0.000593367 -0.00291873 -0.00707414 -0.000213133 0.00200078 0.00132673 0.00048021 -0.00114146 -0.00176052 -0.000224097 0.000721983 -0.00333074 -0.000514241 -0.00193133 0.0046515 -0.000637119 0.000578257 -5.74103e-05 -0.00304407 -0.00409669 -0.00440036 -0.000673094 -0.00986338 0.00681872 -0.0079294 0.000359377 0.000808639 0.00106977 0.00137298 0.00440466 0.00658152 0.00303906 0.00437774 0.0047184 -0.00164877 -0.000141972 -0.000128123 -0.000622206 -0.00200979 -0.006902 -0.00621462 -0.00256255 -0.000362284 0.000907394 0.00408422 0.00100322 0.000975532 0.000529748 1.91138e-05 -0.00139841 0.000489508 -0.000925907 0.000772926 0.00129155 0.00316672 0.0023873 -0.00116917 -0.000899872 -0.000975987 -0.00186225 -0.00267265 0.000261074 0.000465708 0.000744659 0.0025908 -0.000915485 -9.67275e-05 -0.000544609 0.00123694 -6.44216e-05 0.000334348 0.0031846 -0.000309701 0.000213777 -9.52478e-05 0.000188819 -0.000867347 0.00131482 0.00178827 0.00261377 -0.00170177 0.00164394 3.25397e-05 -0.00116162 -0.00344022 0.000971643 -0.0011095 -0.00121833 0.000665885 -0.00144011 -0.000403847 0.00155312 -0.0039963 0.00109707 -0.000409431 0.00160444 0.00100137 0.00373478 -0.00406865 -0.0038594 -0.00147294 -0.000779351 0.00572918 5.90095e-05 0.00120139 -0.00045517 -0.00172847 -0.00188219 -0.00447776 -0.00261887 -0.00111501 -0.000355551 -0.000746165 -0.00642054 -0.000210217 -0.00227996 -0.000535146 0.000895366 0.0021298 0.00103375 0.00106 -0.000412304 -0.00247908 0.000163977 -0.00191374 0.00205724 -0.00150629 0.00244259 0.000428287 -0.00139747 -0.00119459 -0.000337635 -4.65356e-05 0.000396697 0.00205691 -3.40988e-05 -0.00136216 0.000442401 -0.000274897 -0.00300371 0.000911578 0.000711387 -0.00155776 -9.91472e-05 -0.000266392 0.00663298 0.00287505 0.000442775 0.00271955 0.000239897 0.00221715 -0.00261895 0.00122446 0.00280826 -0.00169373 -0.00198446 -0.00171838 0.000366596 -0.000101287 -0.0024723 -0.00211189 0.00118016 0.000651692 0.00253228 -0.00258776 -0.000474802 0.000931998 -0.00159327 -0.00439692 -0.00264135 0.00189477 -0.00148236 0.000501166 -0.000266051 -0.000403779 -0.00130757 0.00136924 0.00337998 -0.00330498 -0.00177198 0.00276848 -0.00277414 0.000683578 0.00286399 0.000462116 -0.00167538 -0.000999197 0.000467205 -0.00189678 -0.000956932 -0.000334541 -0.000979825 0.000669818 0.00142642 0.000572146 -0.00122683 0.00036747 -5.20319e-05 0.000121507 -0.000524117 -0.00297998 -0.00254771 -0.000503803 0.0017783 0.00156989 0.00298393 0.000476981 0.00112701 0.000756566 0.000618482 0.00226374 0.000391842 -0.000160299 0.000999864 -0.000238032 0.00343178 0.000289351 -0.00128092 -0.00444273 -0.00214174 -0.000843109 -0.000770976 0.0012635 -0.000241528 -0.00405283 -0.00140673 -0.00109884 -0.000955107 0.0011048 0.00177854 0.00228408 0.00242321 0.000571215 -0.00265207 0.00402893 0.00120844 -0.00174046 0.000545003 0.000122175 -0.000883955 0.00362004 0.000968687 0.00287715 0.00175835 0.000587671 0.00106898 -0.000634266 0.00369892 -0.000545271 -0.00152861 -0.00212479 -0.00424519 0.000637061 0.00525047 -0.000344276 -0.0014698 0.00282152 -0.00078009 -0.00139344 -0.00132587 -0.00126463 -0.00242483 0.0009888 -0.00506249 -0.000913425 0.00192555 -0.00153995 0.00511341 9.16694e-05 0.0068892 0.0103475 0.00251832 0.00440791 0.00119245 0.00766009 0.00426307 -0.019045 -0.00696348 -0.00528702 -0.0228655 0.0145059 0.994941 -0.0671241 0.0177603 0.0254855 0.020258 0.00130412 -0.00278326 -0.00093637 0.00512568 0.00664335 0.00053815
0.000320328 -0.00573198 -0.00412865 0.000377218 0.00139294 -0.000788299 -0.000495121 0.0010168 0.00376153 -0.000132821 0.00172748 0.00850072 0.000852968 0.00073553 -0.0061163 0.00108839 -0.000719743 -0.00781417 0.00731074 -0.0110797 0.000883679 -0.00714057 -0.010556 0.00199832 -0.00626181 0.0162373 -0.00181601 -0.000234492 -0.0187636 0.0200466 -0.0221621 -0.0128621 0.0187912 -0.0153194 -0.00617176 -0.00753366 0.00520305 -0.000689318 -0.00419693 0.00250629 -0.00739428 -0.000549569 0.00279349 -0.000445851 1.93005e-06 -0.00153954 -0.00111438 0.00569435 -0.00121495 -0.00308055 -0.000258991 -0.000425127 -0.00281975 0.0010645 -0.000671444 0.00107641 0.00179273 -0.00148653 0.000709009 0.00156903 -0.00156913 -0.000182715 0.00212078 5.36806e-05 0.00531232 -0.000321117 -8.92976e-05 0.000569295 0.00103308 0.000697 0.000153808 0.00159032 -6.25845e-05 0.000492847 -0.000895567 -0.00150395 -0.00137569 0.00137551 0.00017676 0.000305761 -0.00174175 -0.00351687 -0.000194075 -0.00221966 -0.0009096 -0.00137942 -0.000681192 0.00504849 -0.00143135 0.00257605 -0.00608035 0.000422614 0.000235843 0.00513321 0.000188447 -0.00195402 0.00411482 -0.00940744 0.00119886 -0.00273463 0.00225214 0.0024297 -0.00721194 0.00543494 -0.00585373 -0.000285124 -0.00444014 -0.000759525 -0.0035736 0.00696992 -0.00585767 -0.00641285 0.000196954 0.0110444 0.0015472 -0.00823361 -0.0103131 -0.0013273 0.00223876 -0.0031165 -0.00770377 0.00897567 -0.001934 0.00174628 -0.00498924 -0.00243147 -0.00578011 -0.00540011 0.00356754 -0.000151781 -0.00689129 0.00224024 0.000152665 -0.000170401 0.00193702 -0.00222484 0.000767599 -0.0016833 -0.00373423 0.00221093 0.00269323 -0.00214769 0.00110237 0.00306756 -0.00199802 -0.00184994 -0.00377957 0.00263055 0.000512313 0.00320612 -0.00262673 0.00241334 0.000981745 -0.00368695 5.54212e-05 -0.00178351 0.00568472 -0.00134445 0.000570703 0.00129149 0.00363319 0.00286289 0.00258265 -0.00201623 0.00451855 -0.000154647 0.000996329 0.00388943 -0.00588625 -0.00474431 0.00317498 0.00320634 0.00466153 -0.001418 0.00423831 0.000736076 -0.000620793 -0.00564799 0.00124884 0.00170529 0.001317 -0.00130184 0.00409465 0.0030092 -0.00389763 -0.00483835 -0.00125358 0.0045541 -0.00377473 0.00246866 0.00302158 -0.00434507 -0.00143946 -0.00405473 -0.00448578 0.000981742 -0.00331501 0.00587498 -0.00294869 0.00109455 0.00661449 7.57094e-05 -0.00245299 -0.0133916 -0.00891957 -0.000952818 -0.00071082 -0.0014677 -0.00180995 0.00517425 -0.00744844 -0.00385463 -0.00302766 -0.00375562 -0.00396606 0.00535639 0.000244576 0.00186964 -0.00157411 -0.000851201 -0.000994033 0.000956279 0.00197489 -0.002139 -0.00427088 0.00197744 -0.000266804 -0.000980849 8.66712e-05 -0.0020101 0.000816295 0.000286421 -0.00165242 -0.00304817 0.00259636 -0.00209053 0.000202761 0.00351608 -0.000133367 0.00110117 -0.00145854 -0.000779382 0.00195994 -3.54499e-05 -0.00102265 0.00195188 0.00397904 -0.000473857 -0.00102789 -0.000225965 0.00145057 -0.000144934 0.00316214 0.0014516 0.000921367 -0.00186955 0.00258772 0.00546284 0.000572789 -0.00340103 0.000592735 0.00142439 -0.00101013 -0.0024681 0.000618555 0.00614421 0.00125903 -0.00961408 -0.00845964 -0.0127357 0.00317533 -0.00751124 -0.0125523 0.0124664 0.00190947 0.00162099 0.0189564 -0.0200839 0.0195157 -0.0301111 0.0355995 -0.0677938 -0.987248 0.0739784 -0.00593546 -0.0384935 -0.0069279 -0.0116605 -0.00212692 -0.00241654 0.00427859 -0.00849651
-2.63457e-05 -0.000771604 9.22168e-05 0.000301929 -0.00124914 0.000104589 0.000178289 -0.000159179 -0.00597419 -5.89163e-05 0.00125854 -0.00352595 -0.000196815 -0.000176914 -0.00560105 -0.000660064 -0.000483777 0.00881656 -0.011344 0.00860256 0.0101216 0.00977986 0.0163961 -0.0130807 0.00654041 0.000852711 -0.00907054 -0.00400606 -0.00423473 -0.0011401 -0.000502309 0.00263379 -0.00642958 0.0102557 0.00699738 0.00810323 -0.00907469 -0.00379511 -0.0019298 0.00772363 0.00622227 -0.00950868 -0.00262251 0.00386501 0.00130502 -0.0021132 0.00164252 -0.00183509 -0.00587744 -0.00443881 -0.000138512 0.000303876 -0.00163814 -0.000760572 -0.00182315 -0.00097195 -0.000884508 0.00035795 -0.00187327 -0.00200673 0.00340568 0.00259419 0.000360178 0.00191791 -0.00413177 0.000123856 -0.00203714 -0.00229392 0.000267491 0.00112294 -0.000180917 -0.00102973 -0.000155148 0.002416 -0.00321538 -0.000115548 -0.000992525 -0.00117962 0.00387237 0.00210623 0.000372105 -0.00393187 0.00126389 -0.00259042 0.00481245 0.00759229 0.00248881 0.000101027 0.00326588 0.003401 0.00395449 0.00483943 -0.00439753 -0.0050247 -0.00354878 -0.000248143 -0.00242356 0.00604033 -0.00352697 -0.00246847 -0.00370011 -0.00769045 0.000562741 -0.0120535 0.00228144 -0.00229976 0.00747756 0.000253267 0.0081007 -0.00236586 -0.00149926 0.0022982 0.00101367 -0.00269724 -0.00297589 0.00274287 0.00510568 0.00581331 -0.00159543 -0.00364454 0.00687828 -0.00645483 0.00152738 0.00198855 -0.000786874 0.00202893 0.000256531 -0.00364147 0.00131642 0.00194591 0.000719088 -0.0007959 0.000640097 -0.00137361 0.000252337 0.00287077 -0.00343139 0.00323801 -0.00026357 -0.0022885 0.00542027 0.00566147 -0.00404218 0.00190846 -0.00198386 0.000399099 0.00273512 0.00277304 -0.000310631 0.00109682 0.00251475 -0.000297037 -0.0034905 -0.0013262 0.00401913 0.00223813 -0.00782896 -0.000254426 -0.00179144 0.00319784 -0.00131847 0.00496579 0.000638133 0.00396478 -0.00878528 0.00351832 0.00051712 -0.0017851 0.00450372 0.00168173 -0.000154635 0.00107204 0.000121846 0.000339646 -0.00264443 -0.00474124 0.00734257 0.000149792 -0.0009921 0.000781324 -0.00333836 -0.00359771 -0.00283808 -0.000340487 0.00443935 0.00385248 0.00417431 -8.2175e-05 -0.000797917 -0.000970711 -0.00460539 -0.00179162 -0.00170808 -0.00119446 -0.00165276 0.000820246 0.00256298 -0.000449617 0.000193794 0.00046441 0.00105379 0.000817987 0.00223007 -0.00323072 0.00102366 0.00193268 2.45583e-05 0.00122856 -0.00259756 -0.00206933 0.000389343 0.000104206 0.00208668 -0.00478877 0.000138296 0.000852869 -0.000562784 -0.000576501 -0.00254058 -0.00262141 0.00347299 -0.00068798 -0.00337752 -0.000713986 0.00501984 0.000331924 8.08389e-05 -0.00330421 0.00037595 0.000993746 0.00123581 0.00224947 0.00164642 -0.00164478 -0.000898733 0.00561858 -0.00573954 -0.0016682 -0.00146034 -6.55777e-05 -0.00079958 -0.00671578 0.00313634 0.00128279 -0.00968979 -0.000758097 -0.00286225 0.00481081 -0.00341738 0.00513541 -0.00118512 -0.00199397 0.0105782 -0.00415104 0.00569886 -0.00881595 -0.00737966 -0.0047522 -0.00239057 -0.000312125 0.00515178 -0.00558489 -0.00424579 -0.00593102 0.00214475 0.00956534 -0.00250813 0.00340513 -0.00523236 -0.00053098 0.0092796 -0.00295461 0.0207642 -0.00335369 -0.0003497 0.0143604 0.00428809 0.0107235 -0.00931816 0.0138623 0.0584906 -0.0141191 0.0700541 0.985012 -0.0344516 0.0913101 0.0210107 -0.0428665 -0.000779146 0.0116424 -0.00377539 -0.0138587
0.00119343 -0.000121179 -0.000882908 -0.000226297 -0.000437296 0.00239904 0.000442944 -0.00209086 -0.00105334 0.000163187 -0.000458047 -0.000778308 -0.000338652 -0.00117874 0.00226928 -0.000644721 0.000559284 0.000677005 -0.000646657 0.0014311 -0.00196407 0.00307634 0.000996351 0.00262208 -0.000790924 -0.00426245 0.00184034 -0.000792188 0.00538598 -0.00607744 0.00706265 0.00130144 -0.00225432 0.00462476 -0.00105526 0.00163982 -0.00258373 -0.000684231 0.0037645 -0.00181676 0.0007305 0.000514268 0.00173826 -0.00171452 0.00184595 -0.000383773 0.000485319 -0.000396614 0.000684747 0.00152169 0.00140167 -0.00212283 0.00140048 0.000536608 8.9767e-05 -0.00125467 -0.000852141 0.000356824 0.000653906 0.000182787 0.000177269 -0.00254175 -0.000772751 0.000703448 -0.00241593 0.000160595 0.00121596 -0.000439517 0.000326382 -0.000567165 0.00013507 0.000724681 -0.000350019 -0.00106744 0.000556723 0.00121598 0.000676354 -0.000194591 -0.000276153 -4.77357e-05 -0.00159352 0.0014443 0.000265654 0.000664281 0.00221995 -6.77236e-05 0.000630104 -0.00143083 -0.00105597 -0.00218121 0.00035313 -0.000573821 -0.0018654 0.000689963 0.0023301 -0.00034855 -0.00206004 0.000720957 -0.000991121 0.00210079 -0.00202645 0.00130789 -0.00141596 0.00210124 0.00229565 0.000659084 0.00109443 -0.000213493 -0.000747252 -0.000128221 0.00454651 0.00193212 0.000590751 -0.00491128 0.000382659 0.00121699 0.000764034 -0.000694985 -0.000968378 0.000943283 0.00313234 -0.00194345 -7.5728e-05 0.000807622 0.000521383 -0.00170554 -0.00280925 0.0014656 0.000498488 0.000761238 0.00137127 -0.000652194 0.0010876 0.00114347 0.0007563 0.00313449 0.000865818 -0.000238153 0.000697515 0.000576641 -0.00482944 5.28995e-05 0.00113754 -0.000480441 0.0019894 -0.00024156 0.00219262 -0.0013924 0.00326068 -0.00239016 -0.0033744 -0.000763144 -0.00210592 0.000286996 0.00144816 -0.00239226 0.000127081 -0.00115914 -0.000449932 0.00112911 -0.00107756 -0.00210426 -0.000126105 -0.00311233 -0.00119405 -7.47086e-05 0.00124872 -0.00124484 0.00175739 -0.00171479 0.0016103 -0.00246784 0.000403442 0.00393397 -0.00183654 -0.000127027 -0.00403172 0.00179087 0.0011913 -5.243e-05 -0.000623572 -0.0011397 -0.000372255 -0.00186494 0.000393718 0.00131747 -0.00089861 0.000239394 5.91722e-05 0.000333568 0.00038464 0.00194969 0.00113274 0.000689157 0.00198259 -0.00101446 0.000566367 -0.00233902 0.00117495 0.000227963 -0.00134228 -0.000627608 -0.000138461 0.00336035 0.00116849 -0.000502022 -1.88188e-05 0.00053776 -0.000864134 -0.000554997 0.00186947 0.00252103 0.00146065 0.0011799 0.00193299 -0.00150001 0.000582627 -0.000302152 -0.000724642 0.00177727 -0.00121609 0.000602972 0.00184259 0.00247226 0.00130926 -0.000907127 0.000945561 0.00156512 0.000515482 -0.000352439 -0.000310329 0.000236115 0.00151856 -0.00168089 -0.000102565 0.000164686 0.000737508 -0.000702936 0.00314215 0.00199318 0.00142258 0.00192924 -0.00320224 -0.00334157 -0.00044957 0.000247281 -0.000610297 0.00036753 0.000162577 0.000481797 0.000272849 0.00110903 0.00223933 0.00135763 -0.00189335 0.0059277 0.000733432 0.000395503 0.00227367 -0.00316464 0.00053588 0.00123587 6.90053e-05 -0.000378751 0.00285591 -0.00261138 0.000799494 -0.00183838 0.000502211 0.00625107 0.00785637 -0.0113589 0.000987779 0.00352826 0.00509072 0.000961963 0.000457719 -0.00293853 -0.0151 0.00997098 -0.0102645 -0.0262976 -0.00401814 0.0366148 0.997749 -0.00737654 -0.00880735 0.00885148 -0.0075015 -0.00135912 -0.00523642 0.00355606
-0.000495049 -0.00136626 -0.00227493 -0.000233584 0.000381373 -0.000121101 -0.000380455 4.05081e-05 0.00155481 7.87583e-05 0.00153932 -0.00572405 0.000234413 -0.00063128 0.00597761 -0.000753018 -0.00104281 -0.000488097 0.00181507 -0.00389983 -0.00608982 -0.000141339 -0.00995215 0.00755498 -0.00645132 0.00126339 -0.000694322 0.00336498 0.00143139 -0.00116074 0.00538071 0.0015155 0.00237507 0.00266824 -0.00181271 -0.00330566 -0.000775864 0.00236035 -0.000995488 -0.00453813 -0.00534387 0.00430766 0.00150753 0.00471954 0.000966333 0.000667608 -0.000918405 0.00125367 0.00140224 0.00123105 0.000205631 0.000342363 0.000912802 0.000794412 -0.00031263 -0.000734327 0.00165836 -0.00199296 0.000943597 0.00113859 -0.00122778 -0.000614156 -0.000652569 -0.000607276 -0.00135349 -0.000732117 -0.00163344 -0.00212188 -0.00202709 -0.00417507 -6.7087e-07 -0.00260214 0.00108248 0.00231652 0.00488666 0.00294847 0.000275425 0.00288243 0.0016021 -0.00155566 -0.000909969 0.00337834 0.000806793 0.00218214 -0.00594764 -0.00269231 -0.00145488 -0.00276099 -0.00159935 -0.00318601 -8.54666e-05 0.000210628 5.48959e-05 -0.000584292 0.00121222 0.00138988 0.00168245 0.00453276 -0.000414614 -8.48895e-05 0.00152191 0.00213637 0.00261758 0.0018948 0.00264483 -0.000796134 -0.000446531 1.15806e-05 -0.00607073 -0.00253475 0.000545623 0.000324063 0.00128129 -0.00309233 0.000257859 -0.00135561 -0.00201779 0.000823802 0.0023326 0.00390606 -0.00157312 -0.000103936 0.00144939 0.000872849 0.00124728 0.000939783 -0.00173165 0.00261532 -0.00249868 -0.000536668 -0.001768 -0.000107743 0.00117724 0.00201997 -0.00216642 -6.06782e-05 -0.00180046 0.000573438 4.64217e-05 -0.00143694 0.000325256 -0.000833158 -0.00136554 -0.00134257 0.000157414 0.0029937 -0.000603075 -0.00217906 0.00284122 0.00100495 -0.000830947 0.000559365 0.0033718 0.00173919 -0.00140042 0.00142927 0.00181985 0.000616204 0.000258417 -0.00126427 -0.00368467 0.000377526 -0.000952942 -0.00239105 0.00137577 -0.00209221 -0.00384998 -0.0016867 -0.00355977 -0.0010008 -0.00138761 -0.00567937 -0.00106445 0.00161542 0.00200395 0.00276622 -0.00358316 0.00125498 -0.00392771 0.000603248 -8.59843e-05 -0.000823781 0.00124453 0.000433876 -0.000463365 0.00173728 -7.94814e-05 0.00263778 -0.000333346 0.00137966 0.000424887 0.00152049 -0.00056791 0.00143843 -0.000737197 0.000646913 -0.00094519 0.00104442 0.000329791 -0.00135754 -0.00227527 -0.00162309 -0.00163869 0.0041414 0.00110829 0.00288948 0.0019662 0.000985572 0.00170612 -0.00224273 0.00433381 0.00156961 0.00155585 -9.44664e-06 0.00295904 -3.71883e-05 -0.000400338 0.00189297 0.0016747 -0.00255102 0.000285657 0.00171331 -0.000903638 -0.000913166 0.000182805 0.00207521 0.00073055 -0.00633166 1.78381e-05 0.00164408 -0.000806393 0.00236928 -0.00194261 0.00139418 0.00307842 0.000343332 0.00248062 -0.00594742 -0.00105257 0.00423266 0.0021215 0.0022481 0.00418426 0.000813783 0.00090199 -0.00185848 -0.00225064 -0.00244283 0.000834211 -0.00381063 -0.00446861 0.00115412 -0.00675332 0.00156342 -0.00456221 0.00557174 -0.00503151 0.00204513 -0.00351638 -0.000721478 0.000263328 -0.00573317 0.000253224 0.00251438 -0.00187635 0.00370267 -0.00573873 -0.00174092 0.000549085 -0.000712811 0.00229093 0.00150805 -0.00617076 0.00183881 -0.00240281 -0.00183178 0.0128958 -0.00591971 0.000883897 0.0113864 0.032387 0.0207793 0.0450911 0.0899826 -0.0103197 -0.991876 -0.0215233 0.0079441 -0.00111922 -0.0226482 0.00244065 0.0129616
-0.00186069 -0.00309285 -0.00599393 -0.000112201 -0.000301701 -0.000974399 2.15309e-05 0.000670712 -0.000891754 -5.51572e-05 0.00531476 -0.00039618 0.00114187 -0.00134637 0.00113797 -0.00107659 0.000287942 -0.000111157 -0.00547769 -0.00159751 0.00163738 0.00182008 -0.00311307 -0.00150194 -0.00264166 -9.16611e-05 -0.00238941 0.00147799 0.00323844 -0.00222202 0.00340849 0.00173304 0.0034262 0.00734452 0.00369953 -0.00547584 -0.000470565 -0.00254299 -0.00341004 -0.00289576 -0.00411898 -0.00432371 -2.76987e-05 0.00361783 0.00199365 -0.00118634 0.00163243 0.000913516 0.000153929 0.00123988 0.000305117 -0.000337702 0.00129237 -7.47254e-05 0.000895218 0.00153508 0.00137078 0.000517938 -0.000345696 -0.00025775 0.00169787 0.00109172 -0.00182324 -0.000243653 -0.000929267 -0.000799602 0.000178629 0.000897821 0.000375688 -0.000249403 0.000661886 -0.000605754 0.00208285 -0.00100298 -0.00101785 -0.00132401 -0.000968545 0.0017735 0.000260129 -1.64516e-06 -0.00135785 -0.00148842 0.00163693 -0.000219138 -0.00259202 0.00060626 0.000299942 -0.00190027 0.000933963 -0.00110816 -0.00180279 0.00128595 -0.00106225 0.00206423 -0.00114001 0.000679236 0.00106296 -0.000247847 -0.000914368 -0.00282649 0.0044611 0.000721051 0.000703099 8.25008e-05 0.000753433 -0.00768734 0.00035073 -0.000284659 -0.00174979 -0.00229872 0.00128631 -0.000376848 0.000596267 -0.00416398 -0.00214851 -0.00482063 0.000427205 -2.72034e-07 0.0022351 0.000785733 0.00174154 -0.00175631 -0.00393474 0.00239923 -0.000273121 6.63886e-05 -0.000564217 0.00128025 -0.0017341 -0.000799431 -0.000630799 -0.000542547 -0.00125748 0.00352557 0.00176106 -0.00284548 0.000109223 0.000702415 0.000111388 -0.00342082 0.000645233 0.000388986 0.000347166 -0.000549661 0.00141493 0.000608133 -0.000416667 -0.00111398 -0.000325993 -0.00124278 -0.00333732 0.00345976 0.000843223 -0.00165639 -0.00100176 -0.00101554 0.0015534 8.93374e-05 -0.00167841 -0.00205569 -0.00216674 0.00300082 -0.000334514 0.0025201 -0.00217627 -0.000303032 0.00613395 -0.00064474 -0.00322856 -0.000260823 -0.000412923 -0.0050378 0.00128086 0.00206454 -0.00192898 -0.00139957 -0.00110665 -0.00183753 -0.00348366 0.00168653 0.000983905 0.00260606 -0.0028454 0.00253258 -0.000756034 -0.00119419 -0.000546925 -0.000150802 -0.00116587 8.55737e-06 0.000419377 -0.000710627 -0.00165562 -0.000797478 0.000180274 -0.00048419 0.00128405 0.00328691 0.00043761 -0.000781209 -0.00096525 0.000309475 0.003193 0.00165889 0.000692792 -0.000239871 1.00087e-05 -0.000519808 -0.000428459 -0.000437338 0.000834786 0.00282235 0.000272675 0.000856242 -0.000317463 0.000801759 -0.000272053 -0.00183685 -0.00122279 0.000123928 -0.00353084 0.00329209 -0.00334708 0.00217564 -0.00108662 0.00141615 -0.00297875 0.00174467 -0.00141878 0.00107742 0.00193749 0.000148922 0.000256234 0.000708118 0.00420664 0.0012066 -0.000952676 0.00321899 7.52442e-05 0.000136452 -0.000326072 -0.00082245 -0.000881325 -0.000507316 0.00103818 0.000473924 -0.00183059 0.000356935 -0.00140004 0.00101605 -0.00153451 -0.0024034 -0.000657828 0.0010452 2.11632e-05 0.000995036 0.00198157 -0.000773139 0.000257518 -0.00198203 -0.000692283 0.000584887 -0.000117514 -0.00109301 0.000238448 -0.00184926 0.000135973 0.00254061 -0.00158957 -0.00275047 0.00529114 -0.00481353 -0.0038777 -0.00168794 0.0039239 0.000377148 -0.00370569 -0.010868 0.00287619 -0.014171 0.00849487 -0.00273991 -0.0066375 -0.0181042 0.00918051 -0.0229997 0.998129 0.0133827 0.00741802 0.00172918 0.00488564 -0.00162437
-0.000142589 -0.000521576 -0.000655388 -0.000965131 0.000769278 0.000119561 0.000464505 -4.48143e-06 0.0028198 0.000264247 0.00119334 0.0018271 0.000188414 -0.000274764 -0.00310343 0.00384863 -0.00198177 -0.00127705 0.00518171 -0.00467733 0.00195318 -0.00739435 -3.09035e-05 -0.00274095 1.77326e-05 0.00299812 0.00794577 -0.00211601 0.00364504 0.00796336 -0.00331166 -0.000884609 0.000791579 -0.00512782 -0.00311049 -0.00338637 0.00952056 -0.00124778 0.000620888 -0.00218585 -0.00363862 0.00110238 0.000249609 -0.00648297 -0.000837944 -0.000829714 -0.000408467 -0.00222289 0.000172772 -0.00169825 -0.000117283 0.000177733 -0.00106834 -0.00190432 0.00197605 -0.00190986 0.000144043 0.000228477 -0.00163345 -0.00166582 -9.81851e-05 -0.00110934 -0.00048601 -0.00144109 0.00256937 6.82338e-05 0.00211674 0.00176919 -0.00116135 0.00117741 0.00331294 0.000760533 0.00209244 -0.000368879 -0.00115889 -0.00162899 0.000607818 -0.00176709 -0.00303591 -0.000677959 0.00157374 0.000142433 -0.00328322 -0.00145756 -0.000566205 -0.00489996 -0.00145975 -0.00265184 -0.00237869 0.00306151 -6.16667e-05 -0.00225416 -0.00271652 -0.00106235 -0.00250004 -0.00256561 -0.000719745 -0.00165405 -0.000497282 -0.00307964 -0.00335704 -0.00197826 0.00173489 -0.00934094 0.000964598 0.00372786 -0.00234734 -0.000707411 0.000190528 0.002487 -0.0057505 -0.000276141 -0.00234871 -0.000689295 0.000533817 0.00048089 -0.0018172 -0.00154751 0.00299411 -0.00101973 -0.00253796 0.00323946 -0.00418757 -0.000197887 -0.000644082 0.000145293 -0.000885901 -0.00146085 0.00618551 0.00157458 -0.000208127 9.01233e-05 -0.00102527 -0.000100845 0.00205002 0.000523022 0.000537363 0.000666957 -0.000987496 -8.3802e-06 0.000880773 -0.000858017 -0.00208943 -0.000564675 -0.00318949 0.00273248 -0.00105064 0.00137375 1.66935e-05 0.00129745 0.00147245 3.09145e-05 0.00127213 0.000767436 -0.000670087 7.8896e-05 -0.00182097 -0.00058075 -0.000381622 0.00216551 -0.00285194 0.00465912 0.00236424 4.84586e-05 -0.00442669 0.00268392 -0.00139705 -0.000295551 0.000109231 0.000231325 0.000764188 0.00182543 0.00322606 0.000256454 -0.00069566 -0.00296723 0.00486568 -0.00202855 0.00232604 -0.000606977 -0.00187788 -0.000950062 0.00250728 0.00204235 0.000876127 -0.00430169 0.0017252 -0.00176628 0.00156905 -0.00175756 -0.000727299 -0.000630127 0.000425827 0.000814518 -0.00170804 0.00280832 -0.000720345 0.00121466 -0.00237719 -0.000720598 0.00349504 0.00186668 -0.000435664 0.0017799 0.000429029 -0.000238035 0.000700478 9.77642e-06 0.000799466 0.000850987 -0.00288738 -0.000948222 -0.00164972 0.00111005 -0.00115372 -0.00192067 0.000863237 0.00296655 0.00315298 0.00247114 0.00463238 -0.000523662 -0.00101026 -0.000908848 -0.00144638 0.00301184 -0.000169275 -0.0106615 -0.00231088 0.00018088 -0.00266811 -0.000523237 -0.00305843 0.00112276 0.0038366 -0.0033037 0.00244179 -0.00623413 -0.000427529 -0.00213665 -0.00230302 0.00153993 0.000858503 -0.00232132 0.00195265 -0.00182427 0.0023592 -0.00452204 0.00061609 0.000900453 0.00469264 -0.00109629 0.000933636 0.00103188 0.00254077 0.00334665 -0.000489948 -0.00017646 0.00333767 -0.00265504 -0.00188441 -0.000600508 -0.000904374 0.00183595 -0.000942105 0.0048721 -0.00205517 0.00803567 0.00487196 0.00805563 0.00413454 0.00615974 0.00352842 0.00517896 -0.00203388 -0.00048902 -0.0148888 -0.000471005 -0.001674 -0.00300861 -0.018335 0.00102682 -0.00855492 0.0444735 -0.0100931 0.0106552 -0.011753 0.996726 0.00179296 0.0135966 0.000237091 0.00614476
-0.0013195 -0.0067669 -0.00604045 1.68156e-05 -0.000649189 0.000112995 -0.000220769 4.9762e-05 -0.000978572 0.000144508 0.00732716 0.000868668 -0.00225158 0.00314856 -0.000364038 0.000625338 -2.74579e-05 0.000174772 -0.00180729 -0.00222368 0.00334875 -0.000303115 -0.00231225 -0.00186875 0.000886578 0.00363225 -0.00333939 0.000405099 -0.00488204 0.00986525 0.00672933 0.000278306 0.00413624 0.00219223 0.0024542 -0.000478968 0.00237541 -0.000540486 -0.00311526 -0.00297821 -0.00516982 -0.004412 0.000774115 0.000869858 0.00384705 -0.0034287 0.00133666 -6.32983e-05 -0.000237581 0.000245257 0.000948872 -0.00054348 -0.000525344 -0.000964 0.00105659 -0.00110907 -0.000956434 -0.00107853 -0.000631738 0.000505847 0.000995713 0.000369512 -0.000675576 -0.000620828 0.0024163 -0.00182206 -0.0014462 0.000652743 -0.000625008 0.000122649 0.00206909 0.000277457 0.00247775 2.03811e-05 -4.88149e-05 -0.00101634 -0.000789202 0.00107759 -0.000455389 0.000152093 -0.0025297 -0.00186312 0.0015119 -0.000653269 -0.00269305 0.00022008 0.000232398 -0.0022971 7.70467e-05 -0.000780044 -0.00128209 0.00304791 -0.00431805 0.00127817 -0.00110858 -0.00127376 -0.000836156 -0.00120814 9.91102e-05 -0.00588056 0.00434866 -0.000363782 -0.000984765 -0.00499329 -0.00207464 -0.00497685 -0.000297755 0.000126693 -0.00261337 -0.00156189 -0.00074045 -0.00166466 0.000229223 -0.00235142 -0.00132601 -0.00224816 -0.00311519 0.001632 0.00264543 -0.000348623 0.00161298 0.000622779 -0.00507408 0.00337799 -0.000656068 -0.000305229 -0.00257946 0.00112388 4.59343e-05 0.000503094 -0.00174857 -0.000746319 0.0004324 0.00276361 0.000418801 -0.000787943 -0.000563269 -0.000656435 -0.00041249 -0.00258874 -0.000574645 0.00195054 -0.000960698 -0.000223646 0.000704799 0.000368655 -0.0017375 0.000791733 0.000919779 -0.00143372 -0.00238081 0.00371504 -0.00142479 -0.000201275 0.000591889 -0.00116041 0.000175384 0.00170487 -0.00279594 0.00107101 -0.00196142 0.00465337 -0.00042656 -0.000167199 -0.00298757 0.00121638 0.0037328 -0.00104978 -0.0029578 -0.00155589 0.000607905 -0.00609535 0.00226577 0.00227209 -0.00130229 -0.000766862 -0.00116022 -0.00174827 -0.00080913 0.00314061 1.39927e-05 0.00130065 -0.00239419 0.00267553 -0.000264778 -0.000893493 -0.0010534 -0.000213938 -0.000429221 0.000180632 0.000166535 -0.00232512 -0.00276349 -0.00105177 -0.00067079 0.000663662 -0.000173272 0.00339279 0.00232724 0.000821441 0.000123765 0.000983347 -0.00163478 -0.000713109 0.00106039 0.000281358 -0.000206062 0.00172141 0.000677475 0.00103328 -0.00113323 0.00278633 -0.00031012 0.000224382 0.000406385 0.00317048 0.00202688 0.000332215 0.000409274 0.000881427 0.000369434 -0.000927999 -0.00124253 -0.000361965 -0.000529153 -0.000515377 0.00189437 -0.00149223 0.0022557 3.94731e-05 -0.00018464 0.000711154 0.000583885 -0.00161295 0.00171738 0.000430179 0.00158011 0.000168986 0.00535258 0.000474886 0.00144513 -0.00163862 0.00268953 0.00166022 0.00374056 0.000735794 -0.00403837 -0.000959726 -0.0015546 5.10152e-05 0.00230865 0.000478803 -0.000150433 0.000332847 0.0030714 0.000394426 0.000246123 -0.00135212 0.00219653 -0.00069791 0.000997502 0.000584074 -0.000399922 0.000419907 0.00287332 0.0011894 0.00197088 -0.00183056 -0.00200854 0.00231489 0.00152678 -0.000591261 -0.000810477 -0.000414609 0.00203221 -0.000532223 -0.00411492 -0.00832258 -0.000116968 -0.00651592 0.00189892 -0.000453792 -0.000489529 0.000882976 0.00755862 -0.000738115 -0.00890113 -0.00236863 0.998668 0.00255245 -0.00294775 -0.000494778
-7.54217e-05 6.87409e-05 -2.62304e-05 -0.00143273 -0.000991261 6.15542e-06 2.14781e-06 -9.04574e-05 -0.0102735 -9.12613e-05 -0.000353635 0.0110685 1.82541e-06 0.00012395 -0.000362511 0.00547177 0.00148679 0.00292678 0.00410719 -0.00417517 0.000408728 -0.00432342 0.000507391 0.00444264 0.00366088 0.0147506 0.00104289 -0.0108707 0.0038972 0.00242008 0.00329919 -0.00693583 -0.00324114 0.00137708 0.000738349 0.00457531 0.0114013 -0.00167005 0.00193841 -0.00158734 0.000491801 -0.00871083 -0.00301653 -0.0072736 0.00122255 0.00272921 0.000923667 -0.0129301 4.90232e-05 0.000482653 0.00189274 -0.00177708 0.00147133 -0.00636336 0.00473079 -0.0045784 -0.00418147 -0.00270357 0.00161482 -0.00423276 -0.000630047 -0.00298481 -0.000981455 -0.00173109 0.000731475 -0.000741555 0.00130178 -3.19904e-05 -0.000232046 0.000796535 -0.00265973 0.00377614 -0.00194862 -0.00130356 -0.00135609 0.00104751 -0.00316684 0.00017156 -0.00268373 0.000124612 -0.000478163 0.000957371 -0.000368113 -0.00445614 0.00118526 -0.00852413 -0.00338421 -0.00536815 -0.000170379 0.000975868 -0.000708416 -0.00128394 -0.00434588 -0.00268375 -0.00810261 -0.0025347 -0.00433143 0.00146185 0.00365695 -0.00721442 -0.0178086 -0.00581279 -0.00702981 -0.0173467 -0.00726349 0.00146005 2.22876e-05 -0.00535308 0.00114178 0.00153401 0.00164428 -0.00446186 -0.00202368 -0.00142053 0.00115977 0.00355977 0.00123108 0.00197304 0.00235875 -7.97274e-05 -0.00208669 2.31407e-05 0.000555137 0.0015559 -0.00232552 0.000802056 -0.00209477 -0.000352403 0.00390609 0.000224978 0.00347204 0.000250819 0.00190704 -0.00016276 0.00319099 -0.000501728 0.00136488 -3.31694e-05 0.000471791 0.000739756 0.00212846 0.00242707 -0.00320677 0.00124694 -0.00324365 -0.000426993 -0.00280071 0.000884424 -0.000154151 0.00036757 0.0028861 0.00229495 0.000582861 -0.00827581 0.0053505 0.00346996 -0.00115767 -0.000342047 -0.000588605 0.0015057 -0.000424566 0.00500713 0.00244018 -0.00477415 -0.00337217 0.00511449 -0.00650587 -0.00443625 -0.00201285 0.00161608 -0.00460111 0.0026732 0.00413534 0.00180126 0.00234011 0.00103772 0.000472343 0.0023292 -0.00113196 0.00343836 0.00208742 -0.00172717 0.00101801 0.00136556 -0.00179589 0.00460551 -0.00166732 0.00504621 -0.00155101 0.00474204 -0.00166344 0.000197909 -0.000898398 0.00113638 0.0022436 0.00106142 0.000875337 -0.000299658 0.00336571 -0.00470527 0.00264767 0.00121591 -0.000755691 -0.0023133 -1.2097e-05 0.00205678 0.000733687 0.00113617 -0.000630766 -0.000804264 -0.000927974 0.000351601 -0.000627507 -0.00171507 -0.00401819 0.000131277 -0.000739679 -0.00137561 -0.00119465 0.00358987 0.00588929 -0.00259116 -0.00119487 0.00166267 0.000282021 -0.00532722 -0.0041046 -0.00516371 -0.00102027 0.00118803 -0.000222271 -0.00163892 -0.0022905 -0.00138936 0.00103664 -0.000232484 -0.000315329 4.67007e-05 0.00132255 -0.00276541 -0.00042311 0.00122169 -0.00465982 0.000938062 0.00167505 -0.000549535 0.0042668 -0.00174858 0.0040787 0.000505309 0.0045716 -0.00145224 0.000946843 -0.00111139 0.00269894 -0.0011479 0.0029223 0.00256519 0.00215777 0.002274 -0.000249887 0.00177424 0.000129349 0.00105907 -0.000101179 -0.00283241 0.00045707 8.26459e-05 0.00106485 -0.000331683 0.000841896 0.00376177 -0.00275456 0.00150699 0.00130802 -0.00377836 -0.00656056 -0.00592684 0.000593799 -0.00200308 -0.0187172 -0.00460595 -0.0020035 -0.00933504 0.0014605 -0.0252135 -0.00169877 -0.0153734 -0.00324838 0.995772 0.000324521 0.00486313
0.00126454 0.00443425 1.15e-05 -0.000138887 -0.000490098 -0.00110202 0.000230419 -2.354e-05 -0.000199419 5.6829e-06 -0.00387451 -0.000768907 1.90455e-05 -0.00144357 -0.000134765 -0.000410438 2.81637e-05 0.000852276 -0.000987768 0.00228724 -0.00132615 0.00226713 0.00637322 0.00383634 0.0065403 -0.00757937 0.00321969 -0.00216819 0.00746335 -0.0102065 -0.00146605 0.00139833 -0.00426784 0.00312568 -8.25789e-05 -0.00114719 -0.00184268 -0.000359212 0.000985028 -0.000494164 0.00484257 0.000601767 0.000266792 -0.0015376 0.00142323 0.00285023 -0.0011841 -0.000655459 0.00106728 -0.000238474 -0.00196595 -0.00159524 0.00158559 0.00299338 -0.00101239 -0.000744915 -0.0010153 0.000240053 -0.00105858 -0.000463456 0.00127583 -0.00268875 -0.000968057 0.00191373 -0.00313091 0.00104049 0.000920757 -0.000458393 0.000113359 1.59404e-05 -0.00225625 -0.00131616 -0.000101489 -0.00168777 0.000285569 0.000979115 0.00126516 -0.00300311 -0.000827709 0.00196555 0.00228502 -0.000543526 0.00135492 0.000391207 0.00147239 -0.00125233 -0.00203992 0.00288061 0.000979616 -0.00136891 0.00207821 -0.00067423 0.00174926 0.00045644 -0.000438434 0.00253721 0.00204768 0.000338406 0.000492641 0.00608545 -0.00599691 0.00315302 0.000194045 -0.000141625 0.00567627 -0.00194328 0.000423742 0.00098173 0.00124902 0.000865006 0.0028846 0.00110958 -0.00127861 -0.000954412 -0.0011457 0.00314929 0.00449389 -0.00318787 -0.00165994 -0.00137211 0.000108722 -0.00357554 0.000889708 -0.00119075 0.00264976 -0.000872262 0.000279293 -0.00252204 0.00128654 -0.00149636 0.00170191 -0.000888216 0.000141161 0.000548101 -0.000112091 0.00129427 0.0010736 8.40591e-05 -0.000237158 0.00177107 -0.00254165 3.61942e-05 1.4825e-05 -0.000101943 0.00279882 -0.00109173 0.00192996 -0.00146358 0.00143549 -0.00052333 -0.00218728 0.00198143 -0.00454201 0.00116812 0.000655681 0.0009531 -0.000437139 -0.000795888 0.000176367 0.000234544 -0.00017096 -0.00226337 -0.00183026 -0.000806312 0.000231422 -0.000864709 -0.00229533 -0.000960328 0.00530059 0.00136396 0.00093221 0.00327857 0.000636372 0.000657409 -0.000739796 0.000985938 -0.000791564 0.00308791 0.00301395 -0.0023103 -0.00108596 -0.00188411 0.00052748 -0.00461769 0.000818265 0.00170277 0.000901943 -3.57011e-06 0.00235841 -0.000674901 -0.00238226 0.00249894 0.00267446 0.000437444 -0.000230146 -0.00273738 -0.000340829 -0.00347609 0.000953388 0.000816705 -0.000223668 -0.00125162 -0.00102175 0.00156189 0.00028704 0.00118781 -8.4367e-05 0.00377589 0.00112123 0.000337567 0.00130533 0.000931914 0.00211898 0.000792377 0.00105827 -0.00200813 -0.000100886 0.00120687 -0.00212031 0.00425317 -0.0011482 0.000428318 0.00282848 0.000796348 0.00592042 0.000612915 0.00144618 -0.000406296 0.000940529 -0.00323723 -0.00183442 -0.00228638 0.00136249 -0.000693898 -0.00131471 0.00315935 0.0029936 -0.000473348 0.00260885 0.00104997 0.00150989 0.00240398 -0.00118149 -0.00351419 -0.00214128 -2.62958e-05 -0.00186561 -0.000531357 -0.000232121 0.00216702 0.00308078 0.000219334 0.00153558 -0.00184087 -0.000576905 0.00317498 0.000979894 -0.000528947 -0.00109852 -3.2307e-05 0.00131188 -0.00130373 6.48526e-05 0.00258254 -0.000203377 -0.000194316 0.00149376 0.00167175 -0.000700439 -0.000199566 -0.00275458 -0.00253574 0.00259907 -0.00225613 0.00189156 -0.000802115 -0.00133915 -0.00436439 -0.00327101 -0.00112584 0.000820247 -0.00607318 0.00249824 0.00323843 0.00394166 0.00255794 -0.00437475 -6.11288e-06 0.00394114 -0.000110682 0.998612 0.0106984
-0.000178301 -0.00119541 -0.000169211 0.00148609 0.00489481 -0.00013983 -0.000360267 0.00013603 -0.000439896 -6.37118e-05 0.000801616 0.00694283 7.48878e-05 0.000329437 -0.00789433 0.00325112 0.0017761 -0.0067845 0.00957759 -0.00883519 0.000503921 -0.004479 -0.00184047 0.00691754 -0.000606124 0.0149919 -0.00297477 -0.00917107 -0.017147 0.0108783 -0.0246413 -0.0149996 0.0162837 -0.0180565 -0.0037221 -0.00341753 0.00871947 -8.9421e-05 -0.00207507 0.00613522 -0.00394211 -0.00264486 0.00463088 -0.00357481 -0.00161793 0.00030976 -0.008935 0.00539287 -0.00242775 -0.00254883 -0.00223043 0.00269789 -0.00330879 -0.000799814 0.00144967 -0.00635288 0.00230873 -0.00409319 -0.00164912 -0.0038855 0.00140993 0.00211019 0.0025118 0.00178929 0.00217035 -0.000667116 -0.000581136 -0.000852194 0.00357821 0.00341882 0.00215326 0.00275724 -0.00432113 -9.19005e-05 -0.00745996 -0.00081579 -0.00197383 -0.00611385 0.0017121 0.00281855 -0.00118512 -0.00658498 0.0028832 -0.00350362 0.00284403 0.00325926 0.00027462 0.00398269 0.00424295 0.00624277 -0.00302562 -0.000681598 -0.00262116 0.00208919 -0.000860107 -0.00106154 -0.00204438 -0.00458836 0.000379211 -0.000946025 -0.00173259 0.00176435 -0.00496082 -0.000877454 -0.00540844 -0.00142516 -0.000468662 0.000715198 -0.0043927 0.00288727 -0.00464981 -0.00495472 0.00247135 0.0131883 0.00281554 -0.00301024 -0.00461078 -5.71797e-05 -0.00249005 -0.00520687 -0.0126182 0.003044 0.0031682 0.00779771 -0.00784257 -0.000261453 -0.00801534 -0.00945443 0.000337742 -0.00136795 -0.00997542 0.00644991 0.00212233 0.000272532 0.00272537 -0.000515046 -0.00195413 0.00265411 -0.00359505 0.000285415 0.00448829 -0.0027778 -0.00164867 0.00207693 -0.00557894 0.00335468 0.000323908 9.58845e-05 0.00421008 -0.000146855 0.000940028 0.00220599 -0.0015664 -0.00188389 -0.00300057 0.00620689 0.0043509 -0.00275489 -0.00135349 -0.000591557 0.00387055 0.00611297 0.0029154 -0.00341814 0.00361249 -0.0044041 0.000671638 0.0011394 0.003926 -0.00107555 -0.00041166 0.0013761 0.00159994 -0.000599271 0.000154351 0.00189914 -0.00707546 -0.00257282 -0.00013516 0.00420122 0.00169294 -0.00239324 0.00330927 -0.00111562 -0.00243815 -0.00286687 -0.000436983 0.00300117 -0.00334305 0.00105168 0.0029179 -0.00536326 -0.00284372 -0.00656357 -0.00113743 0.0019476 -0.00692411 0.00337 -0.00375053 0.00188983 0.00817996 0.00225789 -0.000710001 -0.0159552 -0.00503691 -0.00276565 -0.00113484 0.000150402 -0.00349436 0.00632533 -0.00895852 -0.00453152 -0.00428163 -0.00645362 -0.00213553 0.00478291 0.000611185 -0.00141893 -0.00292932 0.00425126 0.0014564 1.28584e-05 -0.00125923 -0.00478621 -0.000798125 -0.0054117 -0.00480519 0.00098319 -0.00230064 -0.0038949 -0.000104394 -0.000419412 -0.00378503 0.000316832 0.000175865 -0.00239761 0.00189376 -0.000248088 -0.00205227 0.00429747 -0.0044315 0.00418382 0.0024926 0.00173275 0.00258142 0.00502683 0.00446009 -0.00177788 0.00136516 -0.00320254 0.00171983 -0.000316681 0.0036836 0.00125547 0.000886501 0.00180691 0.00349171 0.000726733 -0.000166375 0.00391537 0.000276259 0.00277258 -0.00271101 0.000770847 -0.00046822 0.00149749 0.000987569 -0.00449901 -0.00252782 -0.00365766 -0.00411714 -0.00224154 -0.0129081 0.00447475 -0.000862318 -0.00345505 -0.00282343 0.0012773 -0.00421926 4.50896e-05 -0.00417726 -2.14103e-06 -0.000274328 0.0141827 -0.00221716 0.0134977 0.00332828 -0.00815119 6.3955e-05 -0.00614866 -0.0094045 0.993998
