core, occ, virt, freeze, discard 0 60 60 332 332 0 0
Using casida factors ? 0
Performing reorthonormalization ? 1
Number of states (incl ground) = 81
nocc_eff = 60 60
virt_eff = 332 332
cis_casida freezing 0 discarding 0
Number of determinants = 39841
Exc. state 1 sum of squares of frozen core TDDFT coefficients = 0.000000000000
Exc. state 1 sum of squares of frozen virtual TDDFT coefficients = 0.000000000000
Exc. state 2 sum of squares of frozen core TDDFT coefficients = 0.000000000000
Exc. state 2 sum of squares of frozen virtual TDDFT coefficients = 0.000000000000
Exc. state 3 sum of squares of frozen core TDDFT coefficients = 0.000000000000
Exc. state 3 sum of squares of frozen virtual TDDFT coefficients = 0.000000000000
Exc. state 4 sum of squares of frozen core TDDFT coefficients = 0.000000000000
Exc. state 4 sum of squares of frozen virtual TDDFT coefficients = 0.000000000000
Exc. state 5 sum of squares of frozen core TDDFT coefficients = 0.000000000000
Exc. state 5 sum of squares of frozen virtual TDDFT coefficients = 0.000000000000
Exc. state 6 sum of squares of frozen core TDDFT coefficients = 0.000000000000
Exc. state 6 sum of squares of frozen virtual TDDFT coefficients = 0.000000000000
Exc. state 7 sum of squares of frozen core TDDFT coefficients = 0.000000000000
Exc. state 7 sum of squares of frozen virtual TDDFT coefficients = 0.000000000000
Exc. state 8 sum of squares of frozen core TDDFT coefficients = 0.000000000000
Exc. state 8 sum of squares of frozen virtual TDDFT coefficients = 0.000000000000
Exc. state 9 sum of squares of frozen core TDDFT coefficients = 0.000000000000
Exc. state 9 sum of squares of frozen virtual TDDFT coefficients = 0.000000000000
Exc. state 10 sum of squares of frozen core TDDFT coefficients = 0.000000000000
Exc. state 10 sum of squares of frozen virtual TDDFT coefficients = 0.000000000000
Exc. state 11 sum of squares of frozen core TDDFT coefficients = 0.000000000000
Exc. state 11 sum of squares of frozen virtual TDDFT coefficients = 0.000000000000
Exc. state 12 sum of squares of frozen core TDDFT coefficients = 0.000000000000
Exc. state 12 sum of squares of frozen virtual TDDFT coefficients = 0.000000000000
Exc. state 13 sum of squares of frozen core TDDFT coefficients = 0.000000000000
Exc. state 13 sum of squares of frozen virtual TDDFT coefficients = 0.000000000000
Exc. state 14 sum of squares of frozen core TDDFT coefficients = 0.000000000000
Exc. state 14 sum of squares of frozen virtual TDDFT coefficients = 0.000000000000
Exc. state 15 sum of squares of frozen core TDDFT coefficients = 0.000000000000
Exc. state 15 sum of squares of frozen virtual TDDFT coefficients = 0.000000000000
Exc. state 16 sum of squares of frozen core TDDFT coefficients = 0.000000000000
Exc. state 16 sum of squares of frozen virtual TDDFT coefficients = 0.000000000000
Exc. state 17 sum of squares of frozen core TDDFT coefficients = 0.000000000000
Exc. state 17 sum of squares of frozen virtual TDDFT coefficients = 0.000000000000
Exc. state 18 sum of squares of frozen core TDDFT coefficients = 0.000000000000
Exc. state 18 sum of squares of frozen virtual TDDFT coefficients = 0.000000000000
Exc. state 19 sum of squares of frozen core TDDFT coefficients = 0.000000000000
Exc. state 19 sum of squares of frozen virtual TDDFT coefficients = 0.000000000000
Exc. state 20 sum of squares of frozen core TDDFT coefficients = 0.000000000000
Exc. state 20 sum of squares of frozen virtual TDDFT coefficients = 0.000000000000
Exc. state 21 sum of squares of frozen core TDDFT coefficients = 0.000000000000
Exc. state 21 sum of squares of frozen virtual TDDFT coefficients = 0.000000000000
Exc. state 22 sum of squares of frozen core TDDFT coefficients = 0.000000000000
Exc. state 22 sum of squares of frozen virtual TDDFT coefficients = 0.000000000000
Exc. state 23 sum of squares of frozen core TDDFT coefficients = 0.000000000000
Exc. state 23 sum of squares of frozen virtual TDDFT coefficients = 0.000000000000
Exc. state 24 sum of squares of frozen core TDDFT coefficients = 0.000000000000
Exc. state 24 sum of squares of frozen virtual TDDFT coefficients = 0.000000000000
Exc. state 25 sum of squares of frozen core TDDFT coefficients = 0.000000000000
Exc. state 25 sum of squares of frozen virtual TDDFT coefficients = 0.000000000000
Exc. state 26 sum of squares of frozen core TDDFT coefficients = 0.000000000000
Exc. state 26 sum of squares of frozen virtual TDDFT coefficients = 0.000000000000
Exc. state 27 sum of squares of frozen core TDDFT coefficients = 0.000000000000
Exc. state 27 sum of squares of frozen virtual TDDFT coefficients = 0.000000000000
Exc. state 28 sum of squares of frozen core TDDFT coefficients = 0.000000000000
Exc. state 28 sum of squares of frozen virtual TDDFT coefficients = 0.000000000000
Exc. state 29 sum of squares of frozen core TDDFT coefficients = 0.000000000000
Exc. state 29 sum of squares of frozen virtual TDDFT coefficients = 0.000000000000
Exc. state 30 sum of squares of frozen core TDDFT coefficients = 0.000000000000
Exc. state 30 sum of squares of frozen virtual TDDFT coefficients = 0.000000000000
Exc. state 31 sum of squares of frozen core TDDFT coefficients = 0.000000000000
Exc. state 31 sum of squares of frozen virtual TDDFT coefficients = 0.000000000000
Exc. state 32 sum of squares of frozen core TDDFT coefficients = 0.000000000000
Exc. state 32 sum of squares of frozen virtual TDDFT coefficients = 0.000000000000
Exc. state 33 sum of squares of frozen core TDDFT coefficients = 0.000000000000
Exc. state 33 sum of squares of frozen virtual TDDFT coefficients = 0.000000000000
Exc. state 34 sum of squares of frozen core TDDFT coefficients = 0.000000000000
Exc. state 34 sum of squares of frozen virtual TDDFT coefficients = 0.000000000000
Exc. state 35 sum of squares of frozen core TDDFT coefficients = 0.000000000000
Exc. state 35 sum of squares of frozen virtual TDDFT coefficients = 0.000000000000
Exc. state 36 sum of squares of frozen core TDDFT coefficients = 0.000000000000
Exc. state 36 sum of squares of frozen virtual TDDFT coefficients = 0.000000000000
Exc. state 37 sum of squares of frozen core TDDFT coefficients = 0.000000000000
Exc. state 37 sum of squares of frozen virtual TDDFT coefficients = 0.000000000000
Exc. state 38 sum of squares of frozen core TDDFT coefficients = 0.000000000000
Exc. state 38 sum of squares of frozen virtual TDDFT coefficients = 0.000000000000
Exc. state 39 sum of squares of frozen core TDDFT coefficients = 0.000000000000
Exc. state 39 sum of squares of frozen virtual TDDFT coefficients = 0.000000000000
Exc. state 40 sum of squares of frozen core TDDFT coefficients = 0.000000000000
Exc. state 40 sum of squares of frozen virtual TDDFT coefficients = 0.000000000000
Exc. state 41 sum of squares of frozen core TDDFT coefficients = 0.000000000000
Exc. state 41 sum of squares of frozen virtual TDDFT coefficients = 0.000000000000
Exc. state 42 sum of squares of frozen core TDDFT coefficients = 0.000000000000
Exc. state 42 sum of squares of frozen virtual TDDFT coefficients = 0.000000000000
Exc. state 43 sum of squares of frozen core TDDFT coefficients = 0.000000000000
Exc. state 43 sum of squares of frozen virtual TDDFT coefficients = 0.000000000000
Exc. state 44 sum of squares of frozen core TDDFT coefficients = 0.000000000000
Exc. state 44 sum of squares of frozen virtual TDDFT coefficients = 0.000000000000
Exc. state 45 sum of squares of frozen core TDDFT coefficients = 0.000000000000
Exc. state 45 sum of squares of frozen virtual TDDFT coefficients = 0.000000000000
Exc. state 46 sum of squares of frozen core TDDFT coefficients = 0.000000000000
Exc. state 46 sum of squares of frozen virtual TDDFT coefficients = 0.000000000000
Exc. state 47 sum of squares of frozen core TDDFT coefficients = 0.000000000000
Exc. state 47 sum of squares of frozen virtual TDDFT coefficients = 0.000000000000
Exc. state 48 sum of squares of frozen core TDDFT coefficients = 0.000000000000
Exc. state 48 sum of squares of frozen virtual TDDFT coefficients = 0.000000000000
Exc. state 49 sum of squares of frozen core TDDFT coefficients = 0.000000000000
Exc. state 49 sum of squares of frozen virtual TDDFT coefficients = 0.000000000000
Exc. state 50 sum of squares of frozen core TDDFT coefficients = 0.000000000000
Exc. state 50 sum of squares of frozen virtual TDDFT coefficients = 0.000000000000
Exc. state 51 sum of squares of frozen core TDDFT coefficients = 0.000000000000
Exc. state 51 sum of squares of frozen virtual TDDFT coefficients = 0.000000000000
Exc. state 52 sum of squares of frozen core TDDFT coefficients = 0.000000000000
Exc. state 52 sum of squares of frozen virtual TDDFT coefficients = 0.000000000000
Exc. state 53 sum of squares of frozen core TDDFT coefficients = 0.000000000000
Exc. state 53 sum of squares of frozen virtual TDDFT coefficients = 0.000000000000
Exc. state 54 sum of squares of frozen core TDDFT coefficients = 0.000000000000
Exc. state 54 sum of squares of frozen virtual TDDFT coefficients = 0.000000000000
Exc. state 55 sum of squares of frozen core TDDFT coefficients = 0.000000000000
Exc. state 55 sum of squares of frozen virtual TDDFT coefficients = 0.000000000000
Exc. state 56 sum of squares of frozen core TDDFT coefficients = 0.000000000000
Exc. state 56 sum of squares of frozen virtual TDDFT coefficients = 0.000000000000
Exc. state 57 sum of squares of frozen core TDDFT coefficients = 0.000000000000
Exc. state 57 sum of squares of frozen virtual TDDFT coefficients = 0.000000000000
Exc. state 58 sum of squares of frozen core TDDFT coefficients = 0.000000000000
Exc. state 58 sum of squares of frozen virtual TDDFT coefficients = 0.000000000000
Exc. state 59 sum of squares of frozen core TDDFT coefficients = 0.000000000000
Exc. state 59 sum of squares of frozen virtual TDDFT coefficients = 0.000000000000
Exc. state 60 sum of squares of frozen core TDDFT coefficients = 0.000000000000
Exc. state 60 sum of squares of frozen virtual TDDFT coefficients = 0.000000000000
Exc. state 61 sum of squares of frozen core TDDFT coefficients = 0.000000000000
Exc. state 61 sum of squares of frozen virtual TDDFT coefficients = 0.000000000000
Exc. state 62 sum of squares of frozen core TDDFT coefficients = 0.000000000000
Exc. state 62 sum of squares of frozen virtual TDDFT coefficients = 0.000000000000
Exc. state 63 sum of squares of frozen core TDDFT coefficients = 0.000000000000
Exc. state 63 sum of squares of frozen virtual TDDFT coefficients = 0.000000000000
Exc. state 64 sum of squares of frozen core TDDFT coefficients = 0.000000000000
Exc. state 64 sum of squares of frozen virtual TDDFT coefficients = 0.000000000000
Exc. state 65 sum of squares of frozen core TDDFT coefficients = 0.000000000000
Exc. state 65 sum of squares of frozen virtual TDDFT coefficients = 0.000000000000
Exc. state 66 sum of squares of frozen core TDDFT coefficients = 0.000000000000
Exc. state 66 sum of squares of frozen virtual TDDFT coefficients = 0.000000000000
Exc. state 67 sum of squares of frozen core TDDFT coefficients = 0.000000000000
Exc. state 67 sum of squares of frozen virtual TDDFT coefficients = 0.000000000000
Exc. state 68 sum of squares of frozen core TDDFT coefficients = 0.000000000000
Exc. state 68 sum of squares of frozen virtual TDDFT coefficients = 0.000000000000
Exc. state 69 sum of squares of frozen core TDDFT coefficients = 0.000000000000
Exc. state 69 sum of squares of frozen virtual TDDFT coefficients = 0.000000000000
Exc. state 70 sum of squares of frozen core TDDFT coefficients = 0.000000000000
Exc. state 70 sum of squares of frozen virtual TDDFT coefficients = 0.000000000000
Exc. state 71 sum of squares of frozen core TDDFT coefficients = 0.000000000000
Exc. state 71 sum of squares of frozen virtual TDDFT coefficients = 0.000000000000
Exc. state 72 sum of squares of frozen core TDDFT coefficients = 0.000000000000
Exc. state 72 sum of squares of frozen virtual TDDFT coefficients = 0.000000000000
Exc. state 73 sum of squares of frozen core TDDFT coefficients = 0.000000000000
Exc. state 73 sum of squares of frozen virtual TDDFT coefficients = 0.000000000000
Exc. state 74 sum of squares of frozen core TDDFT coefficients = 0.000000000000
Exc. state 74 sum of squares of frozen virtual TDDFT coefficients = 0.000000000000
Exc. state 75 sum of squares of frozen core TDDFT coefficients = 0.000000000000
Exc. state 75 sum of squares of frozen virtual TDDFT coefficients = 0.000000000000
Exc. state 76 sum of squares of frozen core TDDFT coefficients = 0.000000000000
Exc. state 76 sum of squares of frozen virtual TDDFT coefficients = 0.000000000000
Exc. state 77 sum of squares of frozen core TDDFT coefficients = 0.000000000000
Exc. state 77 sum of squares of frozen virtual TDDFT coefficients = 0.000000000000
Exc. state 78 sum of squares of frozen core TDDFT coefficients = 0.000000000000
Exc. state 78 sum of squares of frozen virtual TDDFT coefficients = 0.000000000000
Exc. state 79 sum of squares of frozen core TDDFT coefficients = 0.000000000000
Exc. state 79 sum of squares of frozen virtual TDDFT coefficients = 0.000000000000
Exc. state 80 sum of squares of frozen core TDDFT coefficients = 0.000000000000
Exc. state 80 sum of squares of frozen virtual TDDFT coefficients = 0.000000000000
overlap matrix of Casida wavefunctions
80 80
1.000000000000 0.000000000000 -0.000000000000 -0.000000000000 -0.000000000000 -0.000000000000 0.000000000000 0.000000000000 -0.000000000000 0.000000000000 0.000000000000 -0.000000000000 -0.000000000000 -0.000000000000 -0.000000000000 -0.000000000000 -0.000000000000 0.000000000000 -0.000000000000 -0.000000000000 0.000000000000 0.000000000000 0.000000000000 -0.000000000000 -0.000000000000 -0.000000000000 -0.000000000000 0.000000000000 -0.000000000000 0.000000000000 0.000000000000 0.000000000000 0.000000000000 0.000000000000 0.000000000000 -0.000000000000 0.000000000000 0.000000000000 0.000000000000 -0.000000000000 0.000000000000 -0.000000000000 -0.000000000000 0.000000000000 -0.000000000000 -0.000000000000 0.000000000000 -0.000000000000 -0.000000000000 -0.000000000000 0.000000000000 0.000000000000 0.000000000000 0.000000000000 -0.000000000000 -0.000000000000 0.000000000000 -0.000000000000 -0.000000000000 0.000000000000 0.000000000000 -0.000000000000 -0.000000000000 0.000000000000 -0.000000000000 -0.000000000000 0.000000000000 -0.000000000000 0.000000000000 -0.000000000000 -0.000000000000 -0.000000000000 -0.000000000000 -0.000000000000 -0.000000000000 0.000000000000 0.000000000000 -0.000000000000 -0.000000000000 -0.000000000000
0.000000000000 1.000000000000 0.000000000000 -0.000000000000 0.000000000000 0.000000000000 -0.000000000000 0.000000000000 -0.000000000000 -0.000000000000 0.000000000000 0.000000000000 -0.000000000000 0.000000000000 -0.000000000000 -0.000000000000 0.000000000000 0.000000000000 0.000000000000 -0.000000000000 0.000000000000 0.000000000000 0.000000000000 -0.000000000000 0.000000000000 0.000000000000 -0.000000000000 0.000000000000 -0.000000000000 0.000000000000 0.000000000000 -0.000000000000 0.000000000000 -0.000000000000 0.000000000000 0.000000000000 0.000000000000 -0.000000000000 0.000000000000 0.000000000000 0.000000000000 0.000000000000 -0.000000000000 0.000000000000 -0.000000000000 0.000000000000 0.000000000000 0.000000000000 -0.000000000000 -0.000000000000 0.000000000000 0.000000000000 -0.000000000000 0.000000000000 0.000000000000 -0.000000000000 0.000000000000 -0.000000000000 0.000000000000 0.000000000000 -0.000000000000 -0.000000000000 0.000000000000 -0.000000000000 0.000000000000 0.000000000000 -0.000000000000 -0.000000000000 -0.000000000000 -0.000000000000 -0.000000000000 -0.000000000000 -0.000000000000 -0.000000000000 -0.000000000000 -0.000000000000 -0.000000000000 0.000000000000 0.000000000000 -0.000000000000
-0.000000000000 0.000000000000 1.000000000000 0.000000000000 -0.000000000000 0.000000000000 -0.000000000000 0.000000000000 0.000000000000 -0.000000000000 -0.000000000000 -0.000000000000 0.000000000000 0.000000000000 0.000000000000 -0.000000000000 0.000000000000 0.000000000000 0.000000000000 0.000000000000 -0.000000000000 0.000000000000 0.000000000000 0.000000000000 0.000000000000 -0.000000000000 -0.000000000000 -0.000000000000 -0.000000000000 0.000000000000 -0.000000000000 0.000000000000 -0.000000000000 0.000000000000 -0.000000000000 0.000000000000 0.000000000000 0.000000000000 -0.000000000000 -0.000000000000 -0.000000000000 0.000000000000 0.000000000000 -0.000000000000 0.000000000000 0.000000000000 0.000000000000 0.000000000000 0.000000000000 -0.000000000000 -0.000000000000 0.000000000000 0.000000000000 -0.000000000000 0.000000000000 0.000000000000 -0.000000000000 0.000000000000 -0.000000000000 0.000000000000 0.000000000000 0.000000000000 0.000000000000 0.000000000000 -0.000000000000 -0.000000000000 -0.000000000000 -0.000000000000 -0.000000000000 0.000000000000 -0.000000000000 0.000000000000 -0.000000000000 -0.000000000000 -0.000000000000 0.000000000000 0.000000000000 0.000000000000 0.000000000000 0.000000000000
-0.000000000000 -0.000000000000 0.000000000000 1.000000000000 0.000000000000 -0.000000000000 0.000000000000 0.000000000000 0.000000000000 -0.000000000000 0.000000000000 0.000000000000 0.000000000000 0.000000000000 0.000000000000 -0.000000000000 -0.000000000000 0.000000000000 -0.000000000000 -0.000000000000 0.000000000000 -0.000000000000 0.000000000000 -0.000000000000 0.000000000000 0.000000000000 -0.000000000000 -0.000000000000 0.000000000000 0.000000000000 0.000000000000 -0.000000000000 -0.000000000000 0.000000000000 0.000000000000 0.000000000000 0.000000000000 -0.000000000000 -0.000000000000 0.000000000000 -0.000000000000 0.000000000000 -0.000000000000 0.000000000000 0.000000000000 -0.000000000000 0.000000000000 -0.000000000000 -0.000000000000 0.000000000000 0.000000000000 -0.000000000000 -0.000000000000 -0.000000000000 0.000000000000 0.000000000000 0.000000000000 0.000000000000 0.000000000000 -0.000000000000 -0.000000000000 0.000000000000 -0.000000000000 -0.000000000000 0.000000000000 0.000000000000 0.000000000000 -0.000000000000 -0.000000000000 0.000000000000 0.000000000000 0.000000000000 -0.000000000000 0.000000000000 -0.000000000000 0.000000000000 -0.000000000000 0.000000000000 -0.000000000000 -0.000000000000
-0.000000000000 0.000000000000 -0.000000000000 0.000000000000 1.000000000000 0.000000000000 -0.000000000000 0.000000000000 -0.000000000000 -0.000000000000 0.000000000000 0.000000000000 -0.000000000000 0.000000000000 0.000000000000 0.000000000000 -0.000000000000 0.000000000000 -0.000000000000 0.000000000000 -0.000000000000 0.000000000000 0.000000000000 -0.000000000000 0.000000000000 0.000000000000 0.000000000000 0.000000000000 0.000000000000 0.000000000000 -0.000000000000 0.000000000000 -0.000000000000 0.000000000000 -0.000000000000 -0.000000000000 -0.000000000000 0.000000000000 0.000000000000 0.000000000000 0.000000000000 0.000000000000 -0.000000000000 0.000000000000 -0.000000000000 0.000000000000 -0.000000000000 -0.000000000000 -0.000000000000 0.000000000000 0.000000000000 0.000000000000 -0.000000000000 0.000000000000 0.000000000000 -0.000000000000 -0.000000000000 -0.000000000000 -0.000000000000 0.000000000000 0.000000000000 0.000000000000 0.000000000000 -0.000000000000 -0.000000000000 -0.000000000000 0.000000000000 0.000000000000 0.000000000000 0.000000000000 0.000000000000 0.000000000000 0.000000000000 0.000000000000 0.000000000000 0.000000000000 0.000000000000 -0.000000000000 0.000000000000 0.000000000000
-0.000000000000 0.000000000000 0.000000000000 -0.000000000000 0.000000000000 1.000000000000 -0.000000000000 0.000000000000 -0.000000000000 0.000000000000 -0.000000000000 -0.000000000000 0.000000000000 0.000000000000 -0.000000000000 -0.000000000000 -0.000000000000 -0.000000000000 0.000000000000 0.000000000000 0.000000000000 0.000000000000 0.000000000000 -0.000000000000 -0.000000000000 -0.000000000000 -0.000000000000 -0.000000000000 -0.000000000000 -0.000000000000 0.000000000000 0.000000000000 -0.000000000000 0.000000000000 -0.000000000000 -0.000000000000 0.000000000000 -0.000000000000 -0.000000000000 0.000000000000 0.000000000000 -0.000000000000 0.000000000000 -0.000000000000 0.000000000000 -0.000000000000 0.000000000000 -0.000000000000 0.000000000000 -0.000000000000 0.000000000000 0.000000000000 -0.000000000000 -0.000000000000 0.000000000000 -0.000000000000 -0.000000000000 -0.000000000000 0.000000000000 0.000000000000 -0.000000000000 -0.000000000000 0.000000000000 -0.000000000000 -0.000000000000 -0.000000000000 0.000000000000 0.000000000000 -0.000000000000 -0.000000000000 -0.000000000000 -0.000000000000 0.000000000000 -0.000000000000 -0.000000000000 0.000000000000 0.000000000000 0.000000000000 0.000000000000 0.000000000000
0.000000000000 -0.000000000000 -0.000000000000 0.000000000000 -0.000000000000 -0.000000000000 1.000000000000 -0.000000000000 -0.000000000000 -0.000000000000 0.000000000000 -0.000000000000 0.000000000000 0.000000000000 0.000000000000 -0.000000000000 0.000000000000 -0.000000000000 0.000000000000 0.000000000000 -0.000000000000 -0.000000000000 0.000000000000 -0.000000000000 0.000000000000 -0.000000000000 -0.000000000000 -0.000000000000 -0.000000000000 0.000000000000 0.000000000000 0.000000000000 0.000000000000 0.000000000000 0.000000000000 -0.000000000000 0.000000000000 -0.000000000000 0.000000000000 -0.000000000000 0.000000000000 0.000000000000 0.000000000000 0.000000000000 -0.000000000000 -0.000000000000 0.000000000000 0.000000000000 0.000000000000 -0.000000000000 0.000000000000 0.000000000000 0.000000000000 0.000000000000 0.000000000000 -0.000000000000 -0.000000000000 -0.000000000000 -0.000000000000 0.000000000000 0.000000000000 0.000000000000 -0.000000000000 -0.000000000000 -0.000000000000 -0.000000000000 -0.000000000000 -0.000000000000 -0.000000000000 -0.000000000000 -0.000000000000 0.000000000000 -0.000000000000 -0.000000000000 -0.000000000000 -0.000000000000 0.000000000000 0.000000000000 -0.000000000000 -0.000000000000
0.000000000000 0.000000000000 0.000000000000 0.000000000000 0.000000000000 0.000000000000 -0.000000000000 1.000000000000 0.000000000000 0.000000000000 -0.000000000000 -0.000000000000 -0.000000000000 -0.000000000000 -0.000000000000 -0.000000000000 0.000000000000 -0.000000000000 -0.000000000000 0.000000000000 0.000000000000 0.000000000000 0.000000000000 0.000000000000 0.000000000000 -0.000000000000 0.000000000000 0.000000000000 0.000000000000 0.000000000000 -0.000000000000 -0.000000000000 -0.000000000000 -0.000000000000 -0.000000000000 0.000000000000 -0.000000000000 -0.000000000000 -0.000000000000 -0.000000000000 0.000000000000 0.000000000000 0.000000000000 0.000000000000 0.000000000000 0.000000000000 0.000000000000 0.000000000000 -0.000000000000 0.000000000000 -0.000000000000 -0.000000000000 -0.000000000000 -0.000000000000 -0.000000000000 0.000000000000 -0.000000000000 -0.000000000000 -0.000000000000 -0.000000000000 0.000000000000 -0.000000000000 -0.000000000000 -0.000000000000 0.000000000000 0.000000000000 -0.000000000000 -0.000000000000 0.000000000000 -0.000000000000 0.000000000000 0.000000000000 -0.000000000000 -0.000000000000 0.000000000000 0.000000000000 0.000000000000 0.000000000000 0.000000000000 0.000000000000
-0.000000000000 -0.000000000000 0.000000000000 0.000000000000 -0.000000000000 -0.000000000000 -0.000000000000 0.000000000000 1.000000000000 -0.000000000000 0.000000000000 -0.000000000000 -0.000000000000 -0.000000000000 0.000000000000 -0.000000000000 -0.000000000000 -0.000000000000 0.000000000000 -0.000000000000 0.000000000000 -0.000000000000 -0.000000000000 0.000000000000 0.000000000000 -0.000000000000 -0.000000000000 -0.000000000000 0.000000000000 -0.000000000000 -0.000000000000 0.000000000000 0.000000000000 -0.000000000000 0.000000000000 -0.000000000000 0.000000000000 -0.000000000000 -0.000000000000 -0.000000000000 -0.000000000000 0.000000000000 0.000000000000 -0.000000000000 -0.000000000000 -0.000000000000 0.000000000000 -0.000000000000 0.000000000000 -0.000000000000 -0.000000000000 0.000000000000 0.000000000000 0.000000000000 -0.000000000000 -0.000000000000 -0.000000000000 0.000000000000 0.000000000000 -0.000000000000 -0.000000000000 -0.000000000000 0.000000000000 0.000000000000 0.000000000000 -0.000000000000 -0.000000000000 0.000000000000 -0.000000000000 -0.000000000000 0.000000000000 0.000000000000 -0.000000000000 -0.000000000000 0.000000000000 -0.000000000000 0.000000000000 -0.000000000000 -0.000000000000 -0.000000000000
0.000000000000 -0.000000000000 -0.000000000000 -0.000000000000 -0.000000000000 0.000000000000 -0.000000000000 0.000000000000 -0.000000000000 1.000000000000 0.000000000000 0.000000000000 0.000000000000 -0.000000000000 -0.000000000000 0.000000000000 0.000000000000 -0.000000000000 0.000000000000 -0.000000000000 -0.000000000000 0.000000000000 0.000000000000 0.000000000000 -0.000000000000 0.000000000000 0.000000000000 0.000000000000 -0.000000000000 -0.000000000000 -0.000000000000 0.000000000000 0.000000000000 -0.000000000000 -0.000000000000 0.000000000000 0.000000000000 0.000000000000 -0.000000000000 -0.000000000000 -0.000000000000 0.000000000000 -0.000000000000 -0.000000000000 -0.000000000000 0.000000000000 -0.000000000000 0.000000000000 0.000000000000 0.000000000000 0.000000000000 -0.000000000000 -0.000000000000 -0.000000000000 -0.000000000000 -0.000000000000 -0.000000000000 0.000000000000 -0.000000000000 0.000000000000 -0.000000000000 -0.000000000000 0.000000000000 0.000000000000 0.000000000000 0.000000000000 -0.000000000000 -0.000000000000 0.000000000000 0.000000000000 -0.000000000000 -0.000000000000 0.000000000000 0.000000000000 -0.000000000000 -0.000000000000 -0.000000000000 0.000000000000 0.000000000000 0.000000000000
0.000000000000 0.000000000000 -0.000000000000 0.000000000000 0.000000000000 -0.000000000000 0.000000000000 -0.000000000000 0.000000000000 0.000000000000 1.000000000000 -0.000000000000 -0.000000000000 0.000000000000 0.000000000000 -0.000000000000 -0.000000000000 -0.000000000000 -0.000000000000 -0.000000000000 -0.000000000000 -0.000000000000 -0.000000000000 -0.000000000000 0.000000000000 0.000000000000 0.000000000000 0.000000000000 -0.000000000000 -0.000000000000 -0.000000000000 -0.000000000000 0.000000000000 -0.000000000000 -0.000000000000 -0.000000000000 -0.000000000000 -0.000000000000 0.000000000000 -0.000000000000 0.000000000000 0.000000000000 0.000000000000 0.000000000000 -0.000000000000 0.000000000000 0.000000000000 0.000000000000 -0.000000000000 -0.000000000000 0.000000000000 0.000000000000 -0.000000000000 0.000000000000 -0.000000000000 0.000000000000 0.000000000000 0.000000000000 0.000000000000 -0.000000000000 -0.000000000000 -0.000000000000 -0.000000000000 -0.000000000000 0.000000000000 0.000000000000 -0.000000000000 0.000000000000 -0.000000000000 -0.000000000000 0.000000000000 0.000000000000 -0.000000000000 -0.000000000000 -0.000000000000 0.000000000000 -0.000000000000 -0.000000000000 -0.000000000000 0.000000000000
-0.000000000000 0.000000000000 -0.000000000000 0.000000000000 0.000000000000 -0.000000000000 -0.000000000000 -0.000000000000 -0.000000000000 0.000000000000 -0.000000000000 1.000000000000 -0.000000000000 -0.000000000000 -0.000000000000 -0.000000000000 -0.000000000000 -0.000000000000 0.000000000000 0.000000000000 0.000000000000 -0.000000000000 -0.000000000000 -0.000000000000 0.000000000000 0.000000000000 0.000000000000 0.000000000000 -0.000000000000 0.000000000000 -0.000000000000 0.000000000000 0.000000000000 -0.000000000000 -0.000000000000 -0.000000000000 -0.000000000000 -0.000000000000 0.000000000000 0.000000000000 -0.000000000000 0.000000000000 -0.000000000000 0.000000000000 -0.000000000000 -0.000000000000 -0.000000000000 -0.000000000000 -0.000000000000 0.000000000000 -0.000000000000 -0.000000000000 -0.000000000000 -0.000000000000 -0.000000000000 -0.000000000000 -0.000000000000 0.000000000000 0.000000000000 -0.000000000000 0.000000000000 0.000000000000 0.000000000000 -0.000000000000 0.000000000000 0.000000000000 -0.000000000000 0.000000000000 0.000000000000 -0.000000000000 -0.000000000000 0.000000000000 -0.000000000000 0.000000000000 -0.000000000000 -0.000000000000 0.000000000000 0.000000000000 0.000000000000 0.000000000000
-0.000000000000 -0.000000000000 0.000000000000 0.000000000000 -0.000000000000 0.000000000000 0.000000000000 -0.000000000000 -0.000000000000 0.000000000000 -0.000000000000 -0.000000000000 1.000000000000 -0.000000000000 0.000000000000 0.000000000000 0.000000000000 0.000000000000 0.000000000000 0.000000000000 -0.000000000000 0.000000000000 -0.000000000000 -0.000000000000 -0.000000000000 -0.000000000000 -0.000000000000 0.000000000000 -0.000000000000 0.000000000000 -0.000000000000 0.000000000000 0.000000000000 0.000000000000 0.000000000000 0.000000000000 0.000000000000 -0.000000000000 -0.000000000000 0.000000000000 0.000000000000 -0.000000000000 -0.000000000000 -0.000000000000 0.000000000000 -0.000000000000 -0.000000000000 -0.000000000000 -0.000000000000 -0.000000000000 -0.000000000000 0.000000000000 -0.000000000000 -0.000000000000 0.000000000000 -0.000000000000 0.000000000000 -0.000000000000 -0.000000000000 0.000000000000 -0.000000000000 -0.000000000000 0.000000000000 -0.000000000000 -0.000000000000 0.000000000000 0.000000000000 0.000000000000 0.000000000000 -0.000000000000 -0.000000000000 0.000000000000 -0.000000000000 0.000000000000 -0.000000000000 -0.000000000000 -0.000000000000 -0.000000000000 -0.000000000000 -0.000000000000
-0.000000000000 0.000000000000 0.000000000000 0.000000000000 0.000000000000 0.000000000000 0.000000000000 -0.000000000000 -0.000000000000 -0.000000000000 0.000000000000 -0.000000000000 -0.000000000000 1.000000000000 0.000000000000 0.000000000000 -0.000000000000 0.000000000000 -0.000000000000 0.000000000000 -0.000000000000 -0.000000000000 0.000000000000 -0.000000000000 -0.000000000000 -0.000000000000 -0.000000000000 0.000000000000 0.000000000000 0.000000000000 0.000000000000 0.000000000000 0.000000000000 0.000000000000 -0.000000000000 0.000000000000 -0.000000000000 0.000000000000 -0.000000000000 0.000000000000 -0.000000000000 -0.000000000000 -0.000000000000 -0.000000000000 0.000000000000 0.000000000000 -0.000000000000 -0.000000000000 0.000000000000 0.000000000000 -0.000000000000 0.000000000000 -0.000000000000 -0.000000000000 0.000000000000 0.000000000000 -0.000000000000 -0.000000000000 0.000000000000 -0.000000000000 -0.000000000000 0.000000000000 0.000000000000 -0.000000000000 0.000000000000 0.000000000000 0.000000000000 -0.000000000000 0.000000000000 0.000000000000 -0.000000000000 -0.000000000000 -0.000000000000 -0.000000000000 0.000000000000 0.000000000000 0.000000000000 0.000000000000 0.000000000000 0.000000000000
-0.000000000000 -0.000000000000 0.000000000000 0.000000000000 0.000000000000 -0.000000000000 0.000000000000 -0.000000000000 0.000000000000 -0.000000000000 0.000000000000 -0.000000000000 0.000000000000 0.000000000000 1.000000000000 0.000000000000 -0.000000000000 0.000000000000 -0.000000000000 -0.000000000000 0.000000000000 -0.000000000000 0.000000000000 -0.000000000000 -0.000000000000 0.000000000000 -0.000000000000 -0.000000000000 0.000000000000 -0.000000000000 0.000000000000 0.000000000000 0.000000000000 -0.000000000000 0.000000000000 -0.000000000000 0.000000000000 0.000000000000 0.000000000000 -0.000000000000 0.000000000000 -0.000000000000 0.000000000000 -0.000000000000 -0.000000000000 0.000000000000 0.000000000000 0.000000000000 0.000000000000 -0.000000000000 0.000000000000 0.000000000000 0.000000000000 0.000000000000 -0.000000000000 -0.000000000000 -0.000000000000 -0.000000000000 0.000000000000 0.000000000000 -0.000000000000 -0.000000000000 0.000000000000 -0.000000000000 0.000000000000 0.000000000000 -0.000000000000 0.000000000000 0.000000000000 -0.000000000000 0.000000000000 -0.000000000000 0.000000000000 -0.000000000000 -0.000000000000 -0.000000000000 0.000000000000 -0.000000000000 0.000000000000 0.000000000000
-0.000000000000 -0.000000000000 -0.000000000000 -0.000000000000 0.000000000000 -0.000000000000 -0.000000000000 -0.000000000000 -0.000000000000 0.000000000000 -0.000000000000 -0.000000000000 0.000000000000 0.000000000000 0.000000000000 1.000000000000 -0.000000000000 0.000000000000 0.000000000000 -0.000000000000 -0.000000000000 0.000000000000 0.000000000000 0.000000000000 0.000000000000 -0.000000000000 -0.000000000000 -0.000000000000 0.000000000000 -0.000000000000 -0.000000000000 -0.000000000000 -0.000000000000 -0.000000000000 0.000000000000 -0.000000000000 -0.000000000000 0.000000000000 -0.000000000000 -0.000000000000 -0.000000000000 -0.000000000000 0.000000000000 -0.000000000000 0.000000000000 0.000000000000 -0.000000000000 -0.000000000000 -0.000000000000 0.000000000000 0.000000000000 0.000000000000 0.000000000000 -0.000000000000 -0.000000000000 0.000000000000 0.000000000000 -0.000000000000 -0.000000000000 0.000000000000 -0.000000000000 -0.000000000000 0.000000000000 -0.000000000000 -0.000000000000 -0.000000000000 -0.000000000000 0.000000000000 0.000000000000 0.000000000000 0.000000000000 0.000000000000 -0.000000000000 -0.000000000000 -0.000000000000 0.000000000000 0.000000000000 -0.000000000000 0.000000000000 0.000000000000
-0.000000000000 0.000000000000 0.000000000000 -0.000000000000 -0.000000000000 -0.000000000000 0.000000000000 0.000000000000 -0.000000000000 0.000000000000 -0.000000000000 -0.000000000000 0.000000000000 -0.000000000000 -0.000000000000 -0.000000000000 1.000000000000 0.000000000000 0.000000000000 0.000000000000 0.000000000000 0.000000000000 -0.000000000000 -0.000000000000 0.000000000000 0.000000000000 -0.000000000000 0.000000000000 0.000000000000 -0.000000000000 -0.000000000000 -0.000000000000 -0.000000000000 -0.000000000000 0.000000000000 -0.000000000000 -0.000000000000 0.000000000000 0.000000000000 0.000000000000 0.000000000000 0.000000000000 0.000000000000 0.000000000000 0.000000000000 0.000000000000 -0.000000000000 -0.000000000000 -0.000000000000 0.000000000000 0.000000000000 -0.000000000000 0.000000000000 0.000000000000 0.000000000000 -0.000000000000 -0.000000000000 -0.000000000000 -0.000000000000 0.000000000000 -0.000000000000 0.000000000000 -0.000000000000 0.000000000000 -0.000000000000 -0.000000000000 0.000000000000 -0.000000000000 -0.000000000000 0.000000000000 0.000000000000 0.000000000000 0.000000000000 -0.000000000000 0.000000000000 -0.000000000000 -0.000000000000 -0.000000000000 0.000000000000 0.000000000000
0.000000000000 0.000000000000 0.000000000000 0.000000000000 0.000000000000 -0.000000000000 -0.000000000000 -0.000000000000 -0.000000000000 -0.000000000000 -0.000000000000 -0.000000000000 0.000000000000 0.000000000000 0.000000000000 0.000000000000 0.000000000000 1.000000000000 -0.000000000000 0.000000000000 0.000000000000 0.000000000000 -0.000000000000 -0.000000000000 -0.000000000000 0.000000000000 0.000000000000 -0.000000000000 0.000000000000 -0.000000000000 -0.000000000000 0.000000000000 0.000000000000 0.000000000000 0.000000000000 0.000000000000 0.000000000000 -0.000000000000 -0.000000000000 0.000000000000 -0.000000000000 0.000000000000 -0.000000000000 -0.000000000000 0.000000000000 -0.000000000000 0.000000000000 0.000000000000 -0.000000000000 0.000000000000 0.000000000000 -0.000000000000 -0.000000000000 0.000000000000 -0.000000000000 -0.000000000000 -0.000000000000 -0.000000000000 0.000000000000 -0.000000000000 0.000000000000 0.000000000000 0.000000000000 -0.000000000000 0.000000000000 -0.000000000000 0.000000000000 0.000000000000 -0.000000000000 0.000000000000 -0.000000000000 0.000000000000 0.000000000000 0.000000000000 0.000000000000 -0.000000000000 -0.000000000000 -0.000000000000 -0.000000000000 0.000000000000
-0.000000000000 0.000000000000 0.000000000000 -0.000000000000 -0.000000000000 0.000000000000 0.000000000000 -0.000000000000 0.000000000000 0.000000000000 -0.000000000000 0.000000000000 0.000000000000 -0.000000000000 -0.000000000000 0.000000000000 0.000000000000 -0.000000000000 1.000000000000 0.000000000000 -0.000000000000 -0.000000000000 -0.000000000000 -0.000000000000 -0.000000000000 -0.000000000000 0.000000000000 0.000000000000 -0.000000000000 0.000000000000 -0.000000000000 0.000000000000 -0.000000000000 -0.000000000000 -0.000000000000 0.000000000000 -0.000000000000 0.000000000000 0.000000000000 0.000000000000 -0.000000000000 -0.000000000000 0.000000000000 -0.000000000000 0.000000000000 -0.000000000000 0.000000000000 0.000000000000 0.000000000000 -0.000000000000 -0.000000000000 0.000000000000 -0.000000000000 0.000000000000 -0.000000000000 -0.000000000000 0.000000000000 0.000000000000 0.000000000000 -0.000000000000 -0.000000000000 -0.000000000000 0.000000000000 0.000000000000 0.000000000000 0.000000000000 -0.000000000000 0.000000000000 0.000000000000 -0.000000000000 -0.000000000000 -0.000000000000 0.000000000000 -0.000000000000 -0.000000000000 -0.000000000000 -0.000000000000 -0.000000000000 0.000000000000 0.000000000000
-0.000000000000 -0.000000000000 0.000000000000 -0.000000000000 0.000000000000 0.000000000000 0.000000000000 0.000000000000 -0.000000000000 -0.000000000000 -0.000000000000 0.000000000000 0.000000000000 0.000000000000 -0.000000000000 -0.000000000000 0.000000000000 0.000000000000 0.000000000000 1.000000000000 0.000000000000 -0.000000000000 0.000000000000 0.000000000000 -0.000000000000 -0.000000000000 -0.000000000000 0.000000000000 -0.000000000000 0.000000000000 0.000000000000 0.000000000000 -0.000000000000 0.000000000000 0.000000000000 -0.000000000000 0.000000000000 -0.000000000000 -0.000000000000 0.000000000000 0.000000000000 -0.000000000000 0.000000000000 -0.000000000000 0.000000000000 -0.000000000000 0.000000000000 -0.000000000000 -0.000000000000 0.000000000000 0.000000000000 -0.000000000000 -0.000000000000 -0.000000000000 -0.000000000000 0.000000000000 0.000000000000 0.000000000000 -0.000000000000 -0.000000000000 -0.000000000000 0.000000000000 0.000000000000 0.000000000000 -0.000000000000 0.000000000000 0.000000000000 -0.000000000000 -0.000000000000 -0.000000000000 -0.000000000000 -0.000000000000 0.000000000000 0.000000000000 0.000000000000 -0.000000000000 0.000000000000 -0.000000000000 0.000000000000 0.000000000000
0.000000000000 0.000000000000 -0.000000000000 0.000000000000 -0.000000000000 0.000000000000 -0.000000000000 0.000000000000 0.000000000000 -0.000000000000 -0.000000000000 0.000000000000 -0.000000000000 -0.000000000000 0.000000000000 -0.000000000000 0.000000000000 0.000000000000 -0.000000000000 0.000000000000 1.000000000000 -0.000000000000 -0.000000000000 -0.000000000000 0.000000000000 -0.000000000000 0.000000000000 0.000000000000 -0.000000000000 0.000000000000 -0.000000000000 0.000000000000 0.000000000000 -0.000000000000 0.000000000000 -0.000000000000 -0.000000000000 -0.000000000000 -0.000000000000 -0.000000000000 0.000000000000 0.000000000000 0.000000000000 0.000000000000 0.000000000000 0.000000000000 -0.000000000000 0.000000000000 0.000000000000 0.000000000000 -0.000000000000 -0.000000000000 -0.000000000000 0.000000000000 0.000000000000 0.000000000000 -0.000000000000 -0.000000000000 0.000000000000 -0.000000000000 -0.000000000000 -0.000000000000 0.000000000000 -0.000000000000 0.000000000000 -0.000000000000 -0.000000000000 -0.000000000000 0.000000000000 0.000000000000 -0.000000000000 0.000000000000 -0.000000000000 -0.000000000000 0.000000000000 -0.000000000000 -0.000000000000 0.000000000000 0.000000000000 0.000000000000
0.000000000000 0.000000000000 0.000000000000 -0.000000000000 0.000000000000 0.000000000000 -0.000000000000 0.000000000000 -0.000000000000 0.000000000000 -0.000000000000 -0.000000000000 0.000000000000 -0.000000000000 -0.000000000000 0.000000000000 0.000000000000 0.000000000000 -0.000000000000 -0.000000000000 -0.000000000000 1.000000000000 -0.000000000000 -0.000000000000 0.000000000000 0.000000000000 -0.000000000000 -0.000000000000 -0.000000000000 -0.000000000000 -0.000000000000 0.000000000000 0.000000000000 0.000000000000 -0.000000000000 -0.000000000000 -0.000000000000 -0.000000000000 0.000000000000 0.000000000000 0.000000000000 0.000000000000 -0.000000000000 0.000000000000 -0.000000000000 0.000000000000 0.000000000000 0.000000000000 0.000000000000 -0.000000000000 -0.000000000000 0.000000000000 0.000000000000 0.000000000000 0.000000000000 0.000000000000 -0.000000000000 -0.000000000000 0.000000000000 0.000000000000 -0.000000000000 -0.000000000000 0.000000000000 0.000000000000 0.000000000000 0.000000000000 0.000000000000 -0.000000000000 0.000000000000 -0.000000000000 -0.000000000000 -0.000000000000 -0.000000000000 0.000000000000 -0.000000000000 0.000000000000 -0.000000000000 0.000000000000 0.000000000000 0.000000000000
0.000000000000 0.000000000000 0.000000000000 0.000000000000 0.000000000000 0.000000000000 0.000000000000 0.000000000000 -0.000000000000 0.000000000000 -0.000000000000 -0.000000000000 -0.000000000000 0.000000000000 0.000000000000 0.000000000000 -0.000000000000 -0.000000000000 -0.000000000000 0.000000000000 -0.000000000000 -0.000000000000 1.000000000000 0.000000000000 0.000000000000 0.000000000000 0.000000000000 0.000000000000 -0.000000000000 -0.000000000000 -0.000000000000 0.000000000000 0.000000000000 -0.000000000000 -0.000000000000 0.000000000000 -0.000000000000 -0.000000000000 -0.000000000000 -0.000000000000 0.000000000000 -0.000000000000 0.000000000000 0.000000000000 0.000000000000 -0.000000000000 0.000000000000 0.000000000000 0.000000000000 -0.000000000000 -0.000000000000 0.000000000000 -0.000000000000 -0.000000000000 0.000000000000 -0.000000000000 0.000000000000 0.000000000000 0.000000000000 0.000000000000 -0.000000000000 -0.000000000000 0.000000000000 0.000000000000 0.000000000000 0.000000000000 0.000000000000 -0.000000000000 -0.000000000000 0.000000000000 0.000000000000 -0.000000000000 0.000000000000 0.000000000000 0.000000000000 -0.000000000000 -0.000000000000 0.000000000000 -0.000000000000 -0.000000000000
-0.000000000000 -0.000000000000 0.000000000000 -0.000000000000 -0.000000000000 -0.000000000000 -0.000000000000 0.000000000000 0.000000000000 0.000000000000 -0.000000000000 -0.000000000000 -0.000000000000 -0.000000000000 -0.000000000000 0.000000000000 -0.000000000000 -0.000000000000 -0.000000000000 0.000000000000 -0.000000000000 -0.000000000000 0.000000000000 1.000000000000 -0.000000000000 -0.000000000000 0.000000000000 -0.000000000000 -0.000000000000 -0.000000000000 0.000000000000 0.000000000000 0.000000000000 0.000000000000 -0.000000000000 -0.000000000000 0.000000000000 -0.000000000000 0.000000000000 0.000000000000 -0.000000000000 -0.000000000000 0.000000000000 -0.000000000000 0.000000000000 0.000000000000 -0.000000000000 -0.000000000000 -0.000000000000 0.000000000000 0.000000000000 0.000000000000 -0.000000000000 -0.000000000000 0.000000000000 -0.000000000000 -0.000000000000 -0.000000000000 -0.000000000000 0.000000000000 -0.000000000000 -0.000000000000 0.000000000000 0.000000000000 -0.000000000000 -0.000000000000 0.000000000000 0.000000000000 0.000000000000 0.000000000000 -0.000000000000 0.000000000000 -0.000000000000 0.000000000000 0.000000000000 0.000000000000 -0.000000000000 -0.000000000000 -0.000000000000 0.000000000000
-0.000000000000 0.000000000000 0.000000000000 0.000000000000 0.000000000000 -0.000000000000 0.000000000000 0.000000000000 0.000000000000 -0.000000000000 0.000000000000 0.000000000000 -0.000000000000 -0.000000000000 -0.000000000000 0.000000000000 0.000000000000 -0.000000000000 -0.000000000000 -0.000000000000 0.000000000000 0.000000000000 0.000000000000 -0.000000000000 1.000000000000 -0.000000000000 -0.000000000000 0.000000000000 0.000000000000 0.000000000000 -0.000000000000 0.000000000000 0.000000000000 -0.000000000000 0.000000000000 -0.000000000000 -0.000000000000 0.000000000000 -0.000000000000 -0.000000000000 0.000000000000 0.000000000000 -0.000000000000 -0.000000000000 -0.000000000000 -0.000000000000 -0.000000000000 0.000000000000 0.000000000000 0.000000000000 -0.000000000000 -0.000000000000 0.000000000000 0.000000000000 -0.000000000000 -0.000000000000 -0.000000000000 -0.000000000000 -0.000000000000 -0.000000000000 0.000000000000 0.000000000000 -0.000000000000 -0.000000000000 -0.000000000000 0.000000000000 0.000000000000 -0.000000000000 -0.000000000000 -0.000000000000 0.000000000000 -0.000000000000 -0.000000000000 -0.000000000000 0.000000000000 -0.000000000000 -0.000000000000 -0.000000000000 -0.000000000000 -0.000000000000
-0.000000000000 0.000000000000 -0.000000000000 0.000000000000 0.000000000000 -0.000000000000 -0.000000000000 -0.000000000000 -0.000000000000 0.000000000000 0.000000000000 0.000000000000 -0.000000000000 -0.000000000000 0.000000000000 -0.000000000000 0.000000000000 0.000000000000 -0.000000000000 -0.000000000000 -0.000000000000 0.000000000000 0.000000000000 -0.000000000000 -0.000000000000 1.000000000000 0.000000000000 0.000000000000 -0.000000000000 0.000000000000 -0.000000000000 0.000000000000 -0.000000000000 -0.000000000000 -0.000000000000 -0.000000000000 -0.000000000000 0.000000000000 -0.000000000000 0.000000000000 0.000000000000 0.000000000000 0.000000000000 -0.000000000000 -0.000000000000 -0.000000000000 0.000000000000 0.000000000000 -0.000000000000 -0.000000000000 -0.000000000000 0.000000000000 0.000000000000 0.000000000000 0.000000000000 -0.000000000000 0.000000000000 0.000000000000 -0.000000000000 0.000000000000 -0.000000000000 -0.000000000000 -0.000000000000 -0.000000000000 0.000000000000 -0.000000000000 -0.000000000000 -0.000000000000 0.000000000000 -0.000000000000 -0.000000000000 -0.000000000000 -0.000000000000 0.000000000000 -0.000000000000 -0.000000000000 0.000000000000 0.000000000000 0.000000000000 -0.000000000000
-0.000000000000 -0.000000000000 -0.000000000000 -0.000000000000 0.000000000000 -0.000000000000 -0.000000000000 0.000000000000 -0.000000000000 0.000000000000 0.000000000000 0.000000000000 -0.000000000000 -0.000000000000 -0.000000000000 -0.000000000000 -0.000000000000 0.000000000000 0.000000000000 -0.000000000000 0.000000000000 -0.000000000000 0.000000000000 0.000000000000 -0.000000000000 0.000000000000 1.000000000000 0.000000000000 -0.000000000000 0.000000000000 -0.000000000000 0.000000000000 0.000000000000 -0.000000000000 -0.000000000000 0.000000000000 -0.000000000000 -0.000000000000 0.000000000000 -0.000000000000 0.000000000000 -0.000000000000 0.000000000000 -0.000000000000 -0.000000000000 0.000000000000 0.000000000000 0.000000000000 0.000000000000 -0.000000000000 -0.000000000000 -0.000000000000 0.000000000000 -0.000000000000 -0.000000000000 0.000000000000 -0.000000000000 0.000000000000 -0.000000000000 -0.000000000000 -0.000000000000 -0.000000000000 -0.000000000000 0.000000000000 0.000000000000 0.000000000000 -0.000000000000 0.000000000000 -0.000000000000 0.000000000000 0.000000000000 -0.000000000000 -0.000000000000 0.000000000000 0.000000000000 -0.000000000000 0.000000000000 -0.000000000000 -0.000000000000 -0.000000000000
0.000000000000 0.000000000000 -0.000000000000 -0.000000000000 0.000000000000 -0.000000000000 -0.000000000000 0.000000000000 -0.000000000000 0.000000000000 0.000000000000 0.000000000000 0.000000000000 0.000000000000 -0.000000000000 -0.000000000000 0.000000000000 -0.000000000000 0.000000000000 0.000000000000 0.000000000000 -0.000000000000 0.000000000000 -0.000000000000 0.000000000000 0.000000000000 0.000000000000 1.000000000000 -0.000000000000 0.000000000000 0.000000000000 -0.000000000000 0.000000000000 0.000000000000 0.000000000000 0.000000000000 0.000000000000 -0.000000000000 0.000000000000 -0.000000000000 0.000000000000 0.000000000000 0.000000000000 0.000000000000 0.000000000000 0.000000000000 0.000000000000 -0.000000000000 -0.000000000000 0.000000000000 0.000000000000 -0.000000000000 -0.000000000000 0.000000000000 -0.000000000000 -0.000000000000 0.000000000000 0.000000000000 0.000000000000 0.000000000000 -0.000000000000 -0.000000000000 -0.000000000000 0.000000000000 0.000000000000 0.000000000000 0.000000000000 -0.000000000000 0.000000000000 0.000000000000 0.000000000000 0.000000000000 -0.000000000000 0.000000000000 0.000000000000 0.000000000000 -0.000000000000 0.000000000000 0.000000000000 -0.000000000000
-0.000000000000 -0.000000000000 -0.000000000000 0.000000000000 0.000000000000 -0.000000000000 -0.000000000000 0.000000000000 0.000000000000 -0.000000000000 -0.000000000000 -0.000000000000 -0.000000000000 0.000000000000 0.000000000000 0.000000000000 0.000000000000 0.000000000000 -0.000000000000 -0.000000000000 -0.000000000000 -0.000000000000 -0.000000000000 -0.000000000000 0.000000000000 -0.000000000000 -0.000000000000 -0.000000000000 1.000000000000 0.000000000000 -0.000000000000 0.000000000000 -0.000000000000 -0.000000000000 -0.000000000000 -0.000000000000 -0.000000000000 0.000000000000 0.000000000000 0.000000000000 0.000000000000 0.000000000000 -0.000000000000 0.000000000000 0.000000000000 0.000000000000 -0.000000000000 0.000000000000 -0.000000000000 0.000000000000 -0.000000000000 -0.000000000000 0.000000000000 0.000000000000 -0.000000000000 0.000000000000 -0.000000000000 0.000000000000 -0.000000000000 0.000000000000 -0.000000000000 0.000000000000 0.000000000000 -0.000000000000 -0.000000000000 0.000000000000 0.000000000000 -0.000000000000 -0.000000000000 -0.000000000000 -0.000000000000 0.000000000000 -0.000000000000 -0.000000000000 -0.000000000000 -0.000000000000 0.000000000000 0.000000000000 -0.000000000000 0.000000000000
0.000000000000 0.000000000000 0.000000000000 0.000000000000 0.000000000000 -0.000000000000 0.000000000000 0.000000000000 -0.000000000000 -0.000000000000 -0.000000000000 0.000000000000 0.000000000000 0.000000000000 -0.000000000000 -0.000000000000 -0.000000000000 -0.000000000000 0.000000000000 0.000000000000 0.000000000000 -0.000000000000 -0.000000000000 -0.000000000000 0.000000000000 0.000000000000 0.000000000000 0.000000000000 0.000000000000 1.000000000000 -0.000000000000 -0.000000000000 0.000000000000 0.000000000000 0.000000000000 0.000000000000 0.000000000000 0.000000000000 -0.000000000000 0.000000000000 -0.000000000000 0.000000000000 0.000000000000 0.000000000000 0.000000000000 0.000000000000 0.000000000000 0.000000000000 0.000000000000 0.000000000000 -0.000000000000 0.000000000000 0.000000000000 -0.000000000000 -0.000000000000 -0.000000000000 -0.000000000000 -0.000000000000 0.000000000000 0.000000000000 0.000000000000 0.000000000000 -0.000000000000 0.000000000000 0.000000000000 -0.000000000000 0.000000000000 -0.000000000000 0.000000000000 -0.000000000000 0.000000000000 -0.000000000000 -0.000000000000 -0.000000000000 -0.000000000000 0.000000000000 0.000000000000 0.000000000000 0.000000000000 -0.000000000000
0.000000000000 0.000000000000 -0.000000000000 0.000000000000 -0.000000000000 0.000000000000 0.000000000000 -0.000000000000 -0.000000000000 -0.000000000000 -0.000000000000 -0.000000000000 -0.000000000000 0.000000000000 0.000000000000 -0.000000000000 -0.000000000000 -0.000000000000 -0.000000000000 0.000000000000 -0.000000000000 -0.000000000000 -0.000000000000 0.000000000000 -0.000000000000 -0.000000000000 -0.000000000000 0.000000000000 -0.000000000000 -0.000000000000 1.000000000000 -0.000000000000 0.000000000000 -0.000000000000 -0.000000000000 -0.000000000000 -0.000000000000 -0.000000000000 -0.000000000000 0.000000000000 -0.000000000000 0.000000000000 0.000000000000 0.000000000000 -0.000000000000 -0.000000000000 -0.000000000000 0.000000000000 -0.000000000000 0.000000000000 0.000000000000 -0.000000000000 0.000000000000 -0.000000000000 0.000000000000 0.000000000000 -0.000000000000 -0.000000000000 0.000000000000 -0.000000000000 0.000000000000 0.000000000000 -0.000000000000 -0.000000000000 0.000000000000 0.000000000000 0.000000000000 -0.000000000000 -0.000000000000 0.000000000000 0.000000000000 0.000000000000 0.000000000000 -0.000000000000 0.000000000000 -0.000000000000 0.000000000000 0.000000000000 0.000000000000 -0.000000000000
0.000000000000 -0.000000000000 0.000000000000 -0.000000000000 0.000000000000 0.000000000000 0.000000000000 -0.000000000000 0.000000000000 0.000000000000 -0.000000000000 0.000000000000 0.000000000000 0.000000000000 0.000000000000 -0.000000000000 -0.000000000000 0.000000000000 0.000000000000 0.000000000000 0.000000000000 0.000000000000 0.000000000000 0.000000000000 0.000000000000 0.000000000000 0.000000000000 -0.000000000000 0.000000000000 -0.000000000000 -0.000000000000 1.000000000000 -0.000000000000 0.000000000000 0.000000000000 0.000000000000 0.000000000000 0.000000000000 0.000000000000 -0.000000000000 -0.000000000000 0.000000000000 -0.000000000000 -0.000000000000 0.000000000000 -0.000000000000 -0.000000000000 -0.000000000000 -0.000000000000 0.000000000000 0.000000000000 -0.000000000000 0.000000000000 -0.000000000000 -0.000000000000 -0.000000000000 0.000000000000 -0.000000000000 0.000000000000 -0.000000000000 0.000000000000 0.000000000000 -0.000000000000 -0.000000000000 -0.000000000000 -0.000000000000 0.000000000000 -0.000000000000 -0.000000000000 -0.000000000000 -0.000000000000 -0.000000000000 0.000000000000 0.000000000000 -0.000000000000 0.000000000000 0.000000000000 0.000000000000 0.000000000000 0.000000000000
0.000000000000 0.000000000000 -0.000000000000 -0.000000000000 -0.000000000000 -0.000000000000 0.000000000000 -0.000000000000 0.000000000000 0.000000000000 0.000000000000 0.000000000000 0.000000000000 0.000000000000 0.000000000000 -0.000000000000 -0.000000000000 0.000000000000 -0.000000000000 -0.000000000000 0.000000000000 0.000000000000 0.000000000000 0.000000000000 0.000000000000 -0.000000000000 0.000000000000 0.000000000000 -0.000000000000 0.000000000000 0.000000000000 -0.000000000000 1.000000000000 0.000000000000 -0.000000000000 0.000000000000 0.000000000000 0.000000000000 -0.000000000000 -0.000000000000 0.000000000000 0.000000000000 0.000000000000 -0.000000000000 0.000000000000 0.000000000000 0.000000000000 0.000000000000 0.000000000000 -0.000000000000 -0.000000000000 0.000000000000 0.000000000000 -0.000000000000 -0.000000000000 0.000000000000 -0.000000000000 0.000000000000 0.000000000000 0.000000000000 -0.000000000000 0.000000000000 -0.000000000000 0.000000000000 0.000000000000 -0.000000000000 0.000000000000 0.000000000000 -0.000000000000 -0.000000000000 0.000000000000 -0.000000000000 0.000000000000 0.000000000000 0.000000000000 0.000000000000 0.000000000000 -0.000000000000 0.000000000000 -0.000000000000
0.000000000000 -0.000000000000 0.000000000000 0.000000000000 0.000000000000 0.000000000000 0.000000000000 -0.000000000000 -0.000000000000 -0.000000000000 -0.000000000000 -0.000000000000 0.000000000000 0.000000000000 -0.000000000000 -0.000000000000 -0.000000000000 0.000000000000 -0.000000000000 0.000000000000 -0.000000000000 0.000000000000 -0.000000000000 0.000000000000 -0.000000000000 -0.000000000000 -0.000000000000 0.000000000000 -0.000000000000 0.000000000000 -0.000000000000 0.000000000000 0.000000000000 1.000000000000 0.000000000000 0.000000000000 0.000000000000 -0.000000000000 -0.000000000000 0.000000000000 -0.000000000000 0.000000000000 -0.000000000000 -0.000000000000 0.000000000000 -0.000000000000 0.000000000000 0.000000000000 0.000000000000 0.000000000000 0.000000000000 -0.000000000000 -0.000000000000 0.000000000000 -0.000000000000 0.000000000000 -0.000000000000 0.000000000000 0.000000000000 -0.000000000000 0.000000000000 0.000000000000 0.000000000000 -0.000000000000 -0.000000000000 -0.000000000000 -0.000000000000 -0.000000000000 -0.000000000000 0.000000000000 -0.000000000000 -0.000000000000 0.000000000000 -0.000000000000 -0.000000000000 -0.000000000000 0.000000000000 -0.000000000000 0.000000000000 0.000000000000
0.000000000000 0.000000000000 -0.000000000000 0.000000000000 -0.000000000000 -0.000000000000 0.000000000000 -0.000000000000 0.000000000000 -0.000000000000 -0.000000000000 -0.000000000000 0.000000000000 -0.000000000000 0.000000000000 0.000000000000 0.000000000000 0.000000000000 -0.000000000000 0.000000000000 0.000000000000 -0.000000000000 -0.000000000000 -0.000000000000 0.000000000000 -0.000000000000 -0.000000000000 0.000000000000 -0.000000000000 0.000000000000 -0.000000000000 0.000000000000 -0.000000000000 0.000000000000 1.000000000000 -0.000000000000 -0.000000000000 -0.000000000000 -0.000000000000 0.000000000000 0.000000000000 0.000000000000 -0.000000000000 -0.000000000000 0.000000000000 0.000000000000 -0.000000000000 -0.000000000000 0.000000000000 0.000000000000 -0.000000000000 0.000000000000 -0.000000000000 -0.000000000000 -0.000000000000 0.000000000000 0.000000000000 0.000000000000 0.000000000000 0.000000000000 0.000000000000 -0.000000000000 -0.000000000000 -0.000000000000 0.000000000000 0.000000000000 0.000000000000 -0.000000000000 0.000000000000 0.000000000000 -0.000000000000 0.000000000000 0.000000000000 0.000000000000 0.000000000000 0.000000000000 -0.000000000000 -0.000000000000 0.000000000000 0.000000000000
-0.000000000000 0.000000000000 0.000000000000 0.000000000000 -0.000000000000 -0.000000000000 -0.000000000000 0.000000000000 -0.000000000000 0.000000000000 -0.000000000000 -0.000000000000 0.000000000000 0.000000000000 -0.000000000000 -0.000000000000 -0.000000000000 0.000000000000 0.000000000000 -0.000000000000 -0.000000000000 -0.000000000000 0.000000000000 -0.000000000000 -0.000000000000 -0.000000000000 0.000000000000 0.000000000000 -0.000000000000 0.000000000000 -0.000000000000 0.000000000000 0.000000000000 0.000000000000 -0.000000000000 1.000000000000 0.000000000000 -0.000000000000 0.000000000000 0.000000000000 0.000000000000 0.000000000000 -0.000000000000 0.000000000000 -0.000000000000 0.000000000000 -0.000000000000 -0.000000000000 -0.000000000000 -0.000000000000 -0.000000000000 -0.000000000000 -0.000000000000 0.000000000000 -0.000000000000 -0.000000000000 0.000000000000 0.000000000000 -0.000000000000 0.000000000000 -0.000000000000 -0.000000000000 -0.000000000000 0.000000000000 -0.000000000000 0.000000000000 0.000000000000 -0.000000000000 0.000000000000 -0.000000000000 0.000000000000 0.000000000000 0.000000000000 0.000000000000 -0.000000000000 -0.000000000000 0.000000000000 0.000000000000 -0.000000000000 0.000000000000
0.000000000000 0.000000000000 0.000000000000 0.000000000000 -0.000000000000 0.000000000000 0.000000000000 -0.000000000000 0.000000000000 0.000000000000 -0.000000000000 -0.000000000000 0.000000000000 -0.000000000000 0.000000000000 -0.000000000000 -0.000000000000 0.000000000000 -0.000000000000 0.000000000000 -0.000000000000 -0.000000000000 -0.000000000000 0.000000000000 -0.000000000000 -0.000000000000 -0.000000000000 0.000000000000 -0.000000000000 0.000000000000 -0.000000000000 0.000000000000 0.000000000000 0.000000000000 -0.000000000000 0.000000000000 1.000000000000 0.000000000000 0.000000000000 -0.000000000000 -0.000000000000 -0.000000000000 -0.000000000000 0.000000000000 -0.000000000000 -0.000000000000 0.000000000000 -0.000000000000 0.000000000000 -0.000000000000 -0.000000000000 0.000000000000 -0.000000000000 0.000000000000 -0.000000000000 0.000000000000 0.000000000000 -0.000000000000 -0.000000000000 -0.000000000000 -0.000000000000 0.000000000000 -0.000000000000 0.000000000000 -0.000000000000 0.000000000000 0.000000000000 0.000000000000 0.000000000000 0.000000000000 -0.000000000000 -0.000000000000 -0.000000000000 -0.000000000000 -0.000000000000 -0.000000000000 -0.000000000000 0.000000000000 -0.000000000000 0.000000000000
0.000000000000 -0.000000000000 0.000000000000 -0.000000000000 0.000000000000 -0.000000000000 -0.000000000000 -0.000000000000 -0.000000000000 0.000000000000 -0.000000000000 -0.000000000000 -0.000000000000 0.000000000000 0.000000000000 0.000000000000 0.000000000000 -0.000000000000 0.000000000000 -0.000000000000 -0.000000000000 -0.000000000000 -0.000000000000 -0.000000000000 0.000000000000 0.000000000000 -0.000000000000 -0.000000000000 0.000000000000 0.000000000000 -0.000000000000 0.000000000000 0.000000000000 -0.000000000000 -0.000000000000 -0.000000000000 0.000000000000 1.000000000000 -0.000000000000 -0.000000000000 0.000000000000 0.000000000000 0.000000000000 -0.000000000000 0.000000000000 -0.000000000000 0.000000000000 0.000000000000 -0.000000000000 -0.000000000000 0.000000000000 0.000000000000 -0.000000000000 0.000000000000 -0.000000000000 0.000000000000 0.000000000000 0.000000000000 -0.000000000000 0.000000000000 -0.000000000000 0.000000000000 0.000000000000 0.000000000000 0.000000000000 -0.000000000000 0.000000000000 0.000000000000 -0.000000000000 -0.000000000000 0.000000000000 -0.000000000000 0.000000000000 -0.000000000000 0.000000000000 -0.000000000000 0.000000000000 0.000000000000 0.000000000000 -0.000000000000
0.000000000000 0.000000000000 -0.000000000000 -0.000000000000 0.000000000000 -0.000000000000 0.000000000000 -0.000000000000 -0.000000000000 -0.000000000000 0.000000000000 0.000000000000 -0.000000000000 -0.000000000000 0.000000000000 -0.000000000000 0.000000000000 -0.000000000000 0.000000000000 -0.000000000000 -0.000000000000 0.000000000000 -0.000000000000 0.000000000000 -0.000000000000 -0.000000000000 0.000000000000 0.000000000000 0.000000000000 -0.000000000000 -0.000000000000 0.000000000000 -0.000000000000 -0.000000000000 -0.000000000000 0.000000000000 0.000000000000 -0.000000000000 1.000000000000 0.000000000000 -0.000000000000 0.000000000000 0.000000000000 -0.000000000000 -0.000000000000 -0.000000000000 0.000000000000 0.000000000000 -0.000000000000 -0.000000000000 0.000000000000 0.000000000000 -0.000000000000 0.000000000000 -0.000000000000 0.000000000000 0.000000000000 -0.000000000000 0.000000000000 0.000000000000 -0.000000000000 -0.000000000000 0.000000000000 -0.000000000000 -0.000000000000 0.000000000000 0.000000000000 0.000000000000 -0.000000000000 0.000000000000 -0.000000000000 -0.000000000000 -0.000000000000 0.000000000000 -0.000000000000 -0.000000000000 -0.000000000000 0.000000000000 -0.000000000000 0.000000000000
-0.000000000000 0.000000000000 -0.000000000000 0.000000000000 0.000000000000 0.000000000000 -0.000000000000 -0.000000000000 -0.000000000000 -0.000000000000 -0.000000000000 0.000000000000 0.000000000000 0.000000000000 -0.000000000000 -0.000000000000 0.000000000000 0.000000000000 0.000000000000 0.000000000000 -0.000000000000 0.000000000000 -0.000000000000 0.000000000000 -0.000000000000 0.000000000000 -0.000000000000 -0.000000000000 0.000000000000 0.000000000000 0.000000000000 -0.000000000000 -0.000000000000 0.000000000000 0.000000000000 0.000000000000 -0.000000000000 -0.000000000000 0.000000000000 1.000000000000 0.000000000000 -0.000000000000 -0.000000000000 -0.000000000000 0.000000000000 -0.000000000000 0.000000000000 -0.000000000000 0.000000000000 0.000000000000 0.000000000000 0.000000000000 0.000000000000 -0.000000000000 0.000000000000 -0.000000000000 -0.000000000000 -0.000000000000 -0.000000000000 -0.000000000000 -0.000000000000 0.000000000000 0.000000000000 -0.000000000000 -0.000000000000 0.000000000000 -0.000000000000 -0.000000000000 -0.000000000000 0.000000000000 0.000000000000 0.000000000000 0.000000000000 -0.000000000000 -0.000000000000 0.000000000000 0.000000000000 0.000000000000 0.000000000000 -0.000000000000
0.000000000000 0.000000000000 -0.000000000000 -0.000000000000 0.000000000000 0.000000000000 0.000000000000 0.000000000000 -0.000000000000 -0.000000000000 0.000000000000 -0.000000000000 0.000000000000 -0.000000000000 0.000000000000 -0.000000000000 0.000000000000 -0.000000000000 -0.000000000000 0.000000000000 0.000000000000 0.000000000000 0.000000000000 -0.000000000000 0.000000000000 0.000000000000 0.000000000000 0.000000000000 0.000000000000 -0.000000000000 -0.000000000000 -0.000000000000 0.000000000000 -0.000000000000 0.000000000000 0.000000000000 -0.000000000000 0.000000000000 -0.000000000000 0.000000000000 1.000000000000 -0.000000000000 -0.000000000000 -0.000000000000 -0.000000000000 0.000000000000 -0.000000000000 0.000000000000 0.000000000000 0.000000000000 0.000000000000 -0.000000000000 -0.000000000000 0.000000000000 -0.000000000000 0.000000000000 0.000000000000 -0.000000000000 0.000000000000 0.000000000000 0.000000000000 0.000000000000 0.000000000000 -0.000000000000 -0.000000000000 -0.000000000000 -0.000000000000 -0.000000000000 0.000000000000 -0.000000000000 -0.000000000000 0.000000000000 -0.000000000000 -0.000000000000 0.000000000000 0.000000000000 0.000000000000 -0.000000000000 0.000000000000 0.000000000000
-0.000000000000 0.000000000000 0.000000000000 0.000000000000 0.000000000000 -0.000000000000 0.000000000000 0.000000000000 0.000000000000 0.000000000000 0.000000000000 0.000000000000 -0.000000000000 -0.000000000000 -0.000000000000 -0.000000000000 0.000000000000 0.000000000000 -0.000000000000 -0.000000000000 0.000000000000 0.000000000000 -0.000000000000 -0.000000000000 0.000000000000 0.000000000000 -0.000000000000 0.000000000000 0.000000000000 0.000000000000 0.000000000000 0.000000000000 0.000000000000 0.000000000000 0.000000000000 0.000000000000 -0.000000000000 0.000000000000 0.000000000000 -0.000000000000 -0.000000000000 1.000000000000 0.000000000000 0.000000000000 -0.000000000000 -0.000000000000 -0.000000000000 0.000000000000 -0.000000000000 -0.000000000000 0.000000000000 0.000000000000 0.000000000000 -0.000000000000 0.000000000000 -0.000000000000 -0.000000000000 -0.000000000000 -0.000000000000 0.000000000000 -0.000000000000 0.000000000000 0.000000000000 0.000000000000 -0.000000000000 0.000000000000 -0.000000000000 -0.000000000000 0.000000000000 -0.000000000000 0.000000000000 -0.000000000000 0.000000000000 0.000000000000 -0.000000000000 0.000000000000 0.000000000000 -0.000000000000 0.000000000000 0.000000000000
-0.000000000000 -0.000000000000 0.000000000000 -0.000000000000 -0.000000000000 0.000000000000 0.000000000000 0.000000000000 0.000000000000 -0.000000000000 0.000000000000 -0.000000000000 -0.000000000000 -0.000000000000 0.000000000000 0.000000000000 0.000000000000 -0.000000000000 0.000000000000 0.000000000000 0.000000000000 -0.000000000000 0.000000000000 0.000000000000 -0.000000000000 0.000000000000 0.000000000000 0.000000000000 -0.000000000000 0.000000000000 0.000000000000 -0.000000000000 0.000000000000 -0.000000000000 -0.000000000000 -0.000000000000 -0.000000000000 0.000000000000 0.000000000000 -0.000000000000 -0.000000000000 0.000000000000 1.000000000000 0.000000000000 -0.000000000000 0.000000000000 -0.000000000000 0.000000000000 0.000000000000 -0.000000000000 -0.000000000000 -0.000000000000 0.000000000000 0.000000000000 0.000000000000 0.000000000000 -0.000000000000 0.000000000000 -0.000000000000 0.000000000000 0.000000000000 0.000000000000 0.000000000000 0.000000000000 0.000000000000 -0.000000000000 0.000000000000 0.000000000000 0.000000000000 -0.000000000000 -0.000000000000 -0.000000000000 0.000000000000 0.000000000000 -0.000000000000 -0.000000000000 -0.000000000000 -0.000000000000 0.000000000000 0.000000000000
0.000000000000 0.000000000000 -0.000000000000 0.000000000000 0.000000000000 -0.000000000000 0.000000000000 0.000000000000 -0.000000000000 -0.000000000000 0.000000000000 0.000000000000 -0.000000000000 -0.000000000000 -0.000000000000 -0.000000000000 0.000000000000 -0.000000000000 -0.000000000000 -0.000000000000 0.000000000000 0.000000000000 0.000000000000 -0.000000000000 -0.000000000000 -0.000000000000 -0.000000000000 0.000000000000 0.000000000000 0.000000000000 0.000000000000 -0.000000000000 -0.000000000000 -0.000000000000 -0.000000000000 0.000000000000 0.000000000000 -0.000000000000 -0.000000000000 -0.000000000000 -0.000000000000 0.000000000000 0.000000000000 1.000000000000 -0.000000000000 -0.000000000000 0.000000000000 -0.000000000000 -0.000000000000 -0.000000000000 -0.000000000000 0.000000000000 0.000000000000 0.000000000000 -0.000000000000 0.000000000000 -0.000000000000 0.000000000000 -0.000000000000 -0.000000000000 0.000000000000 -0.000000000000 0.000000000000 0.000000000000 -0.000000000000 0.000000000000 -0.000000000000 0.000000000000 0.000000000000 -0.000000000000 0.000000000000 -0.000000000000 0.000000000000 -0.000000000000 -0.000000000000 0.000000000000 0.000000000000 -0.000000000000 -0.000000000000 0.000000000000
-0.000000000000 -0.000000000000 0.000000000000 0.000000000000 -0.000000000000 0.000000000000 -0.000000000000 0.000000000000 -0.000000000000 -0.000000000000 -0.000000000000 -0.000000000000 0.000000000000 0.000000000000 -0.000000000000 0.000000000000 0.000000000000 0.000000000000 0.000000000000 0.000000000000 0.000000000000 -0.000000000000 0.000000000000 0.000000000000 -0.000000000000 -0.000000000000 -0.000000000000 0.000000000000 0.000000000000 0.000000000000 -0.000000000000 0.000000000000 0.000000000000 0.000000000000 0.000000000000 -0.000000000000 -0.000000000000 0.000000000000 -0.000000000000 0.000000000000 -0.000000000000 -0.000000000000 -0.000000000000 -0.000000000000 1.000000000000 0.000000000000 -0.000000000000 -0.000000000000 0.000000000000 0.000000000000 0.000000000000 0.000000000000 0.000000000000 0.000000000000 0.000000000000 -0.000000000000 -0.000000000000 0.000000000000 0.000000000000 -0.000000000000 0.000000000000 0.000000000000 0.000000000000 0.000000000000 -0.000000000000 0.000000000000 -0.000000000000 -0.000000000000 0.000000000000 0.000000000000 -0.000000000000 0.000000000000 0.000000000000 -0.000000000000 0.000000000000 0.000000000000 0.000000000000 0.000000000000 -0.000000000000 -0.000000000000
-0.000000000000 0.000000000000 0.000000000000 -0.000000000000 0.000000000000 -0.000000000000 -0.000000000000 0.000000000000 -0.000000000000 0.000000000000 0.000000000000 -0.000000000000 -0.000000000000 0.000000000000 0.000000000000 0.000000000000 0.000000000000 -0.000000000000 -0.000000000000 -0.000000000000 0.000000000000 0.000000000000 -0.000000000000 0.000000000000 -0.000000000000 -0.000000000000 0.000000000000 0.000000000000 0.000000000000 0.000000000000 -0.000000000000 -0.000000000000 0.000000000000 -0.000000000000 0.000000000000 0.000000000000 -0.000000000000 -0.000000000000 -0.000000000000 -0.000000000000 0.000000000000 -0.000000000000 0.000000000000 -0.000000000000 0.000000000000 1.000000000000 -0.000000000000 -0.000000000000 0.000000000000 -0.000000000000 0.000000000000 0.000000000000 -0.000000000000 0.000000000000 -0.000000000000 -0.000000000000 -0.000000000000 0.000000000000 0.000000000000 0.000000000000 -0.000000000000 -0.000000000000 0.000000000000 0.000000000000 0.000000000000 -0.000000000000 0.000000000000 -0.000000000000 -0.000000000000 0.000000000000 -0.000000000000 -0.000000000000 0.000000000000 -0.000000000000 0.000000000000 -0.000000000000 -0.000000000000 0.000000000000 0.000000000000 0.000000000000
0.000000000000 0.000000000000 0.000000000000 0.000000000000 -0.000000000000 0.000000000000 0.000000000000 0.000000000000 0.000000000000 -0.000000000000 0.000000000000 -0.000000000000 -0.000000000000 -0.000000000000 0.000000000000 -0.000000000000 -0.000000000000 0.000000000000 0.000000000000 0.000000000000 -0.000000000000 0.000000000000 0.000000000000 -0.000000000000 -0.000000000000 0.000000000000 0.000000000000 0.000000000000 -0.000000000000 0.000000000000 -0.000000000000 -0.000000000000 0.000000000000 0.000000000000 -0.000000000000 -0.000000000000 0.000000000000 0.000000000000 0.000000000000 0.000000000000 -0.000000000000 -0.000000000000 -0.000000000000 0.000000000000 -0.000000000000 -0.000000000000 1.000000000000 -0.000000000000 -0.000000000000 -0.000000000000 -0.000000000000 -0.000000000000 -0.000000000000 0.000000000000 0.000000000000 0.000000000000 -0.000000000000 -0.000000000000 -0.000000000000 0.000000000000 -0.000000000000 -0.000000000000 -0.000000000000 -0.000000000000 0.000000000000 0.000000000000 -0.000000000000 0.000000000000 0.000000000000 0.000000000000 -0.000000000000 -0.000000000000 0.000000000000 -0.000000000000 -0.000000000000 -0.000000000000 0.000000000000 -0.000000000000 0.000000000000 0.000000000000
-0.000000000000 0.000000000000 0.000000000000 -0.000000000000 -0.000000000000 -0.000000000000 0.000000000000 0.000000000000 -0.000000000000 0.000000000000 0.000000000000 -0.000000000000 -0.000000000000 -0.000000000000 0.000000000000 -0.000000000000 -0.000000000000 0.000000000000 0.000000000000 -0.000000000000 0.000000000000 0.000000000000 0.000000000000 -0.000000000000 0.000000000000 0.000000000000 0.000000000000 -0.000000000000 0.000000000000 0.000000000000 0.000000000000 -0.000000000000 0.000000000000 0.000000000000 -0.000000000000 -0.000000000000 -0.000000000000 0.000000000000 0.000000000000 -0.000000000000 0.000000000000 0.000000000000 0.000000000000 -0.000000000000 -0.000000000000 -0.000000000000 -0.000000000000 1.000000000000 -0.000000000000 -0.000000000000 0.000000000000 0.000000000000 -0.000000000000 0.000000000000 -0.000000000000 -0.000000000000 0.000000000000 -0.000000000000 -0.000000000000 -0.000000000000 -0.000000000000 -0.000000000000 0.000000000000 -0.000000000000 0.000000000000 0.000000000000 0.000000000000 0.000000000000 0.000000000000 0.000000000000 -0.000000000000 -0.000000000000 0.000000000000 -0.000000000000 0.000000000000 0.000000000000 0.000000000000 0.000000000000 0.000000000000 -0.000000000000
-0.000000000000 -0.000000000000 0.000000000000 -0.000000000000 -0.000000000000 0.000000000000 0.000000000000 -0.000000000000 0.000000000000 0.000000000000 -0.000000000000 -0.000000000000 -0.000000000000 0.000000000000 0.000000000000 -0.000000000000 -0.000000000000 -0.000000000000 0.000000000000 -0.000000000000 0.000000000000 0.000000000000 0.000000000000 -0.000000000000 0.000000000000 -0.000000000000 0.000000000000 -0.000000000000 -0.000000000000 0.000000000000 -0.000000000000 -0.000000000000 0.000000000000 0.000000000000 0.000000000000 -0.000000000000 0.000000000000 -0.000000000000 -0.000000000000 0.000000000000 0.000000000000 -0.000000000000 0.000000000000 -0.000000000000 0.000000000000 0.000000000000 -0.000000000000 -0.000000000000 1.000000000000 -0.000000000000 -0.000000000000 -0.000000000000 0.000000000000 -0.000000000000 0.000000000000 0.000000000000 0.000000000000 -0.000000000000 0.000000000000 -0.000000000000 0.000000000000 -0.000000000000 -0.000000000000 -0.000000000000 -0.000000000000 -0.000000000000 0.000000000000 -0.000000000000 0.000000000000 -0.000000000000 -0.000000000000 -0.000000000000 0.000000000000 0.000000000000 -0.000000000000 -0.000000000000 0.000000000000 -0.000000000000 -0.000000000000 0.000000000000
-0.000000000000 -0.000000000000 -0.000000000000 0.000000000000 0.000000000000 -0.000000000000 -0.000000000000 0.000000000000 -0.000000000000 0.000000000000 -0.000000000000 0.000000000000 -0.000000000000 0.000000000000 -0.000000000000 0.000000000000 0.000000000000 0.000000000000 -0.000000000000 0.000000000000 0.000000000000 -0.000000000000 -0.000000000000 0.000000000000 0.000000000000 -0.000000000000 -0.000000000000 0.000000000000 0.000000000000 0.000000000000 0.000000000000 0.000000000000 -0.000000000000 0.000000000000 0.000000000000 -0.000000000000 -0.000000000000 -0.000000000000 -0.000000000000 0.000000000000 0.000000000000 -0.000000000000 -0.000000000000 -0.000000000000 0.000000000000 -0.000000000000 -0.000000000000 -0.000000000000 -0.000000000000 1.000000000000 0.000000000000 0.000000000000 0.000000000000 -0.000000000000 0.000000000000 0.000000000000 -0.000000000000 -0.000000000000 -0.000000000000 -0.000000000000 0.000000000000 -0.000000000000 -0.000000000000 -0.000000000000 0.000000000000 0.000000000000 0.000000000000 -0.000000000000 -0.000000000000 0.000000000000 -0.000000000000 0.000000000000 -0.000000000000 -0.000000000000 0.000000000000 -0.000000000000 -0.000000000000 0.000000000000 0.000000000000 -0.000000000000
0.000000000000 0.000000000000 -0.000000000000 0.000000000000 0.000000000000 0.000000000000 0.000000000000 -0.000000000000 -0.000000000000 0.000000000000 0.000000000000 -0.000000000000 -0.000000000000 -0.000000000000 0.000000000000 0.000000000000 0.000000000000 0.000000000000 -0.000000000000 0.000000000000 -0.000000000000 -0.000000000000 -0.000000000000 0.000000000000 -0.000000000000 -0.000000000000 -0.000000000000 0.000000000000 -0.000000000000 -0.000000000000 0.000000000000 0.000000000000 -0.000000000000 0.000000000000 -0.000000000000 -0.000000000000 -0.000000000000 0.000000000000 0.000000000000 0.000000000000 0.000000000000 0.000000000000 -0.000000000000 -0.000000000000 0.000000000000 0.000000000000 -0.000000000000 0.000000000000 -0.000000000000 0.000000000000 1.000000000000 -0.000000000000 0.000000000000 -0.000000000000 0.000000000000 0.000000000000 0.000000000000 -0.000000000000 -0.000000000000 0.000000000000 0.000000000000 -0.000000000000 -0.000000000000 -0.000000000000 0.000000000000 0.000000000000 0.000000000000 0.000000000000 0.000000000000 -0.000000000000 0.000000000000 -0.000000000000 -0.000000000000 -0.000000000000 0.000000000000 0.000000000000 -0.000000000000 0.000000000000 0.000000000000 0.000000000000
0.000000000000 0.000000000000 0.000000000000 -0.000000000000 0.000000000000 0.000000000000 0.000000000000 -0.000000000000 0.000000000000 -0.000000000000 0.000000000000 -0.000000000000 0.000000000000 0.000000000000 0.000000000000 0.000000000000 -0.000000000000 -0.000000000000 0.000000000000 -0.000000000000 -0.000000000000 0.000000000000 0.000000000000 0.000000000000 -0.000000000000 0.000000000000 -0.000000000000 -0.000000000000 -0.000000000000 0.000000000000 -0.000000000000 -0.000000000000 0.000000000000 -0.000000000000 0.000000000000 -0.000000000000 0.000000000000 0.000000000000 0.000000000000 0.000000000000 -0.000000000000 0.000000000000 -0.000000000000 0.000000000000 0.000000000000 0.000000000000 -0.000000000000 0.000000000000 -0.000000000000 0.000000000000 -0.000000000000 1.000000000000 0.000000000000 0.000000000000 -0.000000000000 -0.000000000000 0.000000000000 0.000000000000 0.000000000000 -0.000000000000 -0.000000000000 0.000000000000 -0.000000000000 -0.000000000000 -0.000000000000 0.000000000000 -0.000000000000 0.000000000000 -0.000000000000 0.000000000000 -0.000000000000 -0.000000000000 0.000000000000 -0.000000000000 -0.000000000000 0.000000000000 0.000000000000 0.000000000000 0.000000000000 0.000000000000
0.000000000000 -0.000000000000 0.000000000000 -0.000000000000 -0.000000000000 -0.000000000000 0.000000000000 -0.000000000000 0.000000000000 -0.000000000000 -0.000000000000 -0.000000000000 -0.000000000000 -0.000000000000 0.000000000000 0.000000000000 0.000000000000 -0.000000000000 -0.000000000000 -0.000000000000 -0.000000000000 0.000000000000 -0.000000000000 -0.000000000000 0.000000000000 0.000000000000 0.000000000000 -0.000000000000 0.000000000000 0.000000000000 0.000000000000 0.000000000000 0.000000000000 -0.000000000000 -0.000000000000 -0.000000000000 -0.000000000000 -0.000000000000 -0.000000000000 0.000000000000 -0.000000000000 0.000000000000 0.000000000000 0.000000000000 0.000000000000 -0.000000000000 -0.000000000000 -0.000000000000 0.000000000000 0.000000000000 0.000000000000 0.000000000000 1.000000000000 -0.000000000000 0.000000000000 0.000000000000 0.000000000000 0.000000000000 0.000000000000 -0.000000000000 0.000000000000 0.000000000000 0.000000000000 0.000000000000 -0.000000000000 0.000000000000 -0.000000000000 -0.000000000000 -0.000000000000 -0.000000000000 0.000000000000 -0.000000000000 -0.000000000000 -0.000000000000 -0.000000000000 -0.000000000000 -0.000000000000 -0.000000000000 -0.000000000000 -0.000000000000
0.000000000000 0.000000000000 -0.000000000000 -0.000000000000 0.000000000000 -0.000000000000 0.000000000000 -0.000000000000 0.000000000000 -0.000000000000 0.000000000000 -0.000000000000 -0.000000000000 -0.000000000000 0.000000000000 -0.000000000000 0.000000000000 0.000000000000 0.000000000000 -0.000000000000 0.000000000000 0.000000000000 -0.000000000000 -0.000000000000 0.000000000000 0.000000000000 -0.000000000000 0.000000000000 0.000000000000 -0.000000000000 -0.000000000000 -0.000000000000 -0.000000000000 0.000000000000 -0.000000000000 0.000000000000 0.000000000000 0.000000000000 0.000000000000 -0.000000000000 0.000000000000 -0.000000000000 0.000000000000 0.000000000000 0.000000000000 0.000000000000 0.000000000000 0.000000000000 -0.000000000000 -0.000000000000 -0.000000000000 0.000000000000 -0.000000000000 1.000000000000 -0.000000000000 0.000000000000 0.000000000000 0.000000000000 -0.000000000000 -0.000000000000 0.000000000000 0.000000000000 -0.000000000000 -0.000000000000 0.000000000000 0.000000000000 0.000000000000 0.000000000000 -0.000000000000 -0.000000000000 0.000000000000 0.000000000000 0.000000000000 0.000000000000 -0.000000000000 0.000000000000 -0.000000000000 -0.000000000000 -0.000000000000 -0.000000000000
-0.000000000000 0.000000000000 0.000000000000 0.000000000000 0.000000000000 0.000000000000 0.000000000000 -0.000000000000 -0.000000000000 -0.000000000000 -0.000000000000 -0.000000000000 0.000000000000 0.000000000000 -0.000000000000 -0.000000000000 0.000000000000 -0.000000000000 -0.000000000000 -0.000000000000 0.000000000000 0.000000000000 0.000000000000 0.000000000000 -0.000000000000 0.000000000000 -0.000000000000 -0.000000000000 -0.000000000000 -0.000000000000 0.000000000000 -0.000000000000 -0.000000000000 -0.000000000000 -0.000000000000 -0.000000000000 -0.000000000000 -0.000000000000 -0.000000000000 0.000000000000 -0.000000000000 0.000000000000 0.000000000000 -0.000000000000 0.000000000000 -0.000000000000 0.000000000000 -0.000000000000 0.000000000000 0.000000000000 0.000000000000 -0.000000000000 0.000000000000 -0.000000000000 1.000000000000 0.000000000000 0.000000000000 0.000000000000 0.000000000000 -0.000000000000 0.000000000000 0.000000000000 -0.000000000000 -0.000000000000 0.000000000000 0.000000000000 -0.000000000000 0.000000000000 -0.000000000000 0.000000000000 -0.000000000000 -0.000000000000 0.000000000000 0.000000000000 0.000000000000 -0.000000000000 -0.000000000000 -0.000000000000 -0.000000000000 -0.000000000000
-0.000000000000 -0.000000000000 0.000000000000 0.000000000000 -0.000000000000 -0.000000000000 -0.000000000000 0.000000000000 -0.000000000000 -0.000000000000 0.000000000000 -0.000000000000 -0.000000000000 0.000000000000 -0.000000000000 0.000000000000 -0.000000000000 -0.000000000000 -0.000000000000 0.000000000000 0.000000000000 0.000000000000 -0.000000000000 -0.000000000000 -0.000000000000 -0.000000000000 0.000000000000 -0.000000000000 0.000000000000 -0.000000000000 0.000000000000 -0.000000000000 0.000000000000 0.000000000000 0.000000000000 -0.000000000000 0.000000000000 0.000000000000 0.000000000000 -0.000000000000 0.000000000000 -0.000000000000 0.000000000000 0.000000000000 -0.000000000000 -0.000000000000 0.000000000000 -0.000000000000 0.000000000000 0.000000000000 0.000000000000 -0.000000000000 0.000000000000 0.000000000000 0.000000000000 1.000000000000 -0.000000000000 0.000000000000 -0.000000000000 -0.000000000000 -0.000000000000 0.000000000000 0.000000000000 -0.000000000000 0.000000000000 0.000000000000 -0.000000000000 0.000000000000 0.000000000000 -0.000000000000 -0.000000000000 -0.000000000000 -0.000000000000 0.000000000000 -0.000000000000 -0.000000000000 -0.000000000000 0.000000000000 0.000000000000 -0.000000000000
0.000000000000 0.000000000000 -0.000000000000 0.000000000000 -0.000000000000 -0.000000000000 -0.000000000000 -0.000000000000 -0.000000000000 -0.000000000000 0.000000000000 -0.000000000000 0.000000000000 -0.000000000000 -0.000000000000 0.000000000000 -0.000000000000 -0.000000000000 0.000000000000 0.000000000000 -0.000000000000 -0.000000000000 0.000000000000 -0.000000000000 -0.000000000000 0.000000000000 -0.000000000000 0.000000000000 -0.000000000000 -0.000000000000 -0.000000000000 0.000000000000 -0.000000000000 -0.000000000000 0.000000000000 0.000000000000 0.000000000000 0.000000000000 0.000000000000 -0.000000000000 0.000000000000 -0.000000000000 -0.000000000000 -0.000000000000 -0.000000000000 -0.000000000000 -0.000000000000 0.000000000000 0.000000000000 -0.000000000000 0.000000000000 0.000000000000 0.000000000000 0.000000000000 0.000000000000 -0.000000000000 1.000000000000 -0.000000000000 0.000000000000 0.000000000000 -0.000000000000 -0.000000000000 -0.000000000000 -0.000000000000 -0.000000000000 0.000000000000 0.000000000000 0.000000000000 0.000000000000 -0.000000000000 -0.000000000000 -0.000000000000 -0.000000000000 -0.000000000000 0.000000000000 -0.000000000000 0.000000000000 0.000000000000 -0.000000000000 0.000000000000
-0.000000000000 -0.000000000000 0.000000000000 0.000000000000 -0.000000000000 -0.000000000000 -0.000000000000 -0.000000000000 0.000000000000 0.000000000000 0.000000000000 0.000000000000 -0.000000000000 -0.000000000000 -0.000000000000 -0.000000000000 -0.000000000000 -0.000000000000 0.000000000000 0.000000000000 -0.000000000000 -0.000000000000 0.000000000000 -0.000000000000 -0.000000000000 0.000000000000 0.000000000000 0.000000000000 0.000000000000 -0.000000000000 -0.000000000000 -0.000000000000 0.000000000000 0.000000000000 0.000000000000 0.000000000000 -0.000000000000 0.000000000000 -0.000000000000 -0.000000000000 -0.000000000000 -0.000000000000 0.000000000000 0.000000000000 0.000000000000 0.000000000000 -0.000000000000 -0.000000000000 -0.000000000000 -0.000000000000 -0.000000000000 0.000000000000 0.000000000000 0.000000000000 0.000000000000 0.000000000000 -0.000000000000 1.000000000000 -0.000000000000 0.000000000000 -0.000000000000 -0.000000000000 -0.000000000000 -0.000000000000 -0.000000000000 0.000000000000 0.000000000000 0.000000000000 0.000000000000 -0.000000000000 -0.000000000000 -0.000000000000 -0.000000000000 -0.000000000000 0.000000000000 0.000000000000 0.000000000000 0.000000000000 -0.000000000000 0.000000000000
-0.000000000000 0.000000000000 -0.000000000000 0.000000000000 -0.000000000000 0.000000000000 -0.000000000000 -0.000000000000 0.000000000000 -0.000000000000 0.000000000000 0.000000000000 -0.000000000000 0.000000000000 0.000000000000 -0.000000000000 -0.000000000000 0.000000000000 0.000000000000 -0.000000000000 0.000000000000 0.000000000000 0.000000000000 -0.000000000000 -0.000000000000 -0.000000000000 -0.000000000000 0.000000000000 -0.000000000000 0.000000000000 0.000000000000 0.000000000000 0.000000000000 0.000000000000 0.000000000000 -0.000000000000 -0.000000000000 -0.000000000000 0.000000000000 -0.000000000000 0.000000000000 -0.000000000000 -0.000000000000 -0.000000000000 0.000000000000 0.000000000000 -0.000000000000 -0.000000000000 0.000000000000 -0.000000000000 -0.000000000000 0.000000000000 0.000000000000 -0.000000000000 0.000000000000 -0.000000000000 0.000000000000 -0.000000000000 1.000000000000 0.000000000000 -0.000000000000 -0.000000000000 -0.000000000000 -0.000000000000 0.000000000000 0.000000000000 0.000000000000 -0.000000000000 -0.000000000000 -0.000000000000 -0.000000000000 0.000000000000 0.000000000000 0.000000000000 0.000000000000 0.000000000000 0.000000000000 0.000000000000 -0.000000000000 -0.000000000000
0.000000000000 0.000000000000 0.000000000000 -0.000000000000 0.000000000000 0.000000000000 0.000000000000 -0.000000000000 -0.000000000000 0.000000000000 -0.000000000000 -0.000000000000 0.000000000000 -0.000000000000 0.000000000000 0.000000000000 0.000000000000 -0.000000000000 -0.000000000000 -0.000000000000 -0.000000000000 0.000000000000 0.000000000000 0.000000000000 -0.000000000000 0.000000000000 -0.000000000000 0.000000000000 0.000000000000 0.000000000000 -0.000000000000 -0.000000000000 0.000000000000 -0.000000000000 0.000000000000 0.000000000000 -0.000000000000 0.000000000000 0.000000000000 -0.000000000000 0.000000000000 0.000000000000 0.000000000000 -0.000000000000 -0.000000000000 0.000000000000 0.000000000000 -0.000000000000 -0.000000000000 -0.000000000000 0.000000000000 -0.000000000000 -0.000000000000 -0.000000000000 -0.000000000000 -0.000000000000 0.000000000000 0.000000000000 0.000000000000 1.000000000000 -0.000000000000 -0.000000000000 0.000000000000 0.000000000000 -0.000000000000 0.000000000000 -0.000000000000 -0.000000000000 0.000000000000 0.000000000000 -0.000000000000 0.000000000000 0.000000000000 -0.000000000000 -0.000000000000 -0.000000000000 -0.000000000000 -0.000000000000 0.000000000000 0.000000000000
0.000000000000 -0.000000000000 0.000000000000 -0.000000000000 0.000000000000 -0.000000000000 0.000000000000 0.000000000000 -0.000000000000 -0.000000000000 -0.000000000000 0.000000000000 -0.000000000000 -0.000000000000 -0.000000000000 -0.000000000000 -0.000000000000 0.000000000000 -0.000000000000 -0.000000000000 -0.000000000000 -0.000000000000 -0.000000000000 -0.000000000000 0.000000000000 -0.000000000000 -0.000000000000 -0.000000000000 -0.000000000000 0.000000000000 0.000000000000 0.000000000000 -0.000000000000 0.000000000000 0.000000000000 -0.000000000000 -0.000000000000 -0.000000000000 -0.000000000000 -0.000000000000 0.000000000000 -0.000000000000 0.000000000000 0.000000000000 0.000000000000 -0.000000000000 -0.000000000000 -0.000000000000 0.000000000000 0.000000000000 0.000000000000 -0.000000000000 0.000000000000 0.000000000000 0.000000000000 -0.000000000000 -0.000000000000 -0.000000000000 -0.000000000000 -0.000000000000 1.000000000000 0.000000000000 -0.000000000000 0.000000000000 -0.000000000000 -0.000000000000 0.000000000000 0.000000000000 0.000000000000 -0.000000000000 0.000000000000 -0.000000000000 0.000000000000 0.000000000000 -0.000000000000 -0.000000000000 0.000000000000 -0.000000000000 0.000000000000 0.000000000000
-0.000000000000 -0.000000000000 0.000000000000 0.000000000000 0.000000000000 -0.000000000000 0.000000000000 -0.000000000000 -0.000000000000 -0.000000000000 -0.000000000000 0.000000000000 -0.000000000000 0.000000000000 -0.000000000000 -0.000000000000 0.000000000000 0.000000000000 -0.000000000000 0.000000000000 -0.000000000000 -0.000000000000 -0.000000000000 -0.000000000000 0.000000000000 -0.000000000000 -0.000000000000 -0.000000000000 0.000000000000 0.000000000000 0.000000000000 0.000000000000 0.000000000000 0.000000000000 -0.000000000000 -0.000000000000 0.000000000000 0.000000000000 -0.000000000000 0.000000000000 0.000000000000 0.000000000000 0.000000000000 -0.000000000000 0.000000000000 -0.000000000000 -0.000000000000 -0.000000000000 -0.000000000000 -0.000000000000 -0.000000000000 0.000000000000 0.000000000000 0.000000000000 0.000000000000 0.000000000000 -0.000000000000 -0.000000000000 -0.000000000000 -0.000000000000 0.000000000000 1.000000000000 0.000000000000 0.000000000000 0.000000000000 -0.000000000000 -0.000000000000 0.000000000000 -0.000000000000 -0.000000000000 0.000000000000 -0.000000000000 0.000000000000 0.000000000000 -0.000000000000 0.000000000000 0.000000000000 -0.000000000000 0.000000000000 -0.000000000000
-0.000000000000 0.000000000000 0.000000000000 -0.000000000000 0.000000000000 0.000000000000 -0.000000000000 -0.000000000000 0.000000000000 0.000000000000 -0.000000000000 0.000000000000 0.000000000000 0.000000000000 0.000000000000 0.000000000000 -0.000000000000 0.000000000000 0.000000000000 0.000000000000 0.000000000000 0.000000000000 0.000000000000 0.000000000000 -0.000000000000 -0.000000000000 -0.000000000000 -0.000000000000 0.000000000000 -0.000000000000 -0.000000000000 -0.000000000000 -0.000000000000 0.000000000000 -0.000000000000 -0.000000000000 -0.000000000000 0.000000000000 0.000000000000 0.000000000000 0.000000000000 0.000000000000 0.000000000000 0.000000000000 0.000000000000 0.000000000000 -0.000000000000 0.000000000000 -0.000000000000 -0.000000000000 -0.000000000000 -0.000000000000 0.000000000000 -0.000000000000 -0.000000000000 0.000000000000 -0.000000000000 -0.000000000000 -0.000000000000 0.000000000000 -0.000000000000 0.000000000000 1.000000000000 0.000000000000 -0.000000000000 0.000000000000 0.000000000000 -0.000000000000 -0.000000000000 0.000000000000 0.000000000000 -0.000000000000 0.000000000000 0.000000000000 -0.000000000000 -0.000000000000 0.000000000000 -0.000000000000 0.000000000000 -0.000000000000
0.000000000000 -0.000000000000 0.000000000000 -0.000000000000 -0.000000000000 -0.000000000000 -0.000000000000 -0.000000000000 0.000000000000 0.000000000000 -0.000000000000 -0.000000000000 -0.000000000000 -0.000000000000 -0.000000000000 -0.000000000000 0.000000000000 -0.000000000000 0.000000000000 0.000000000000 -0.000000000000 0.000000000000 0.000000000000 0.000000000000 -0.000000000000 -0.000000000000 0.000000000000 0.000000000000 -0.000000000000 0.000000000000 -0.000000000000 -0.000000000000 0.000000000000 -0.000000000000 -0.000000000000 0.000000000000 0.000000000000 0.000000000000 -0.000000000000 -0.000000000000 -0.000000000000 0.000000000000 0.000000000000 0.000000000000 0.000000000000 0.000000000000 -0.000000000000 -0.000000000000 -0.000000000000 -0.000000000000 -0.000000000000 -0.000000000000 0.000000000000 -0.000000000000 -0.000000000000 -0.000000000000 -0.000000000000 -0.000000000000 -0.000000000000 0.000000000000 0.000000000000 0.000000000000 0.000000000000 1.000000000000 -0.000000000000 0.000000000000 0.000000000000 0.000000000000 -0.000000000000 0.000000000000 -0.000000000000 0.000000000000 0.000000000000 0.000000000000 0.000000000000 0.000000000000 0.000000000000 -0.000000000000 -0.000000000000 -0.000000000000
-0.000000000000 0.000000000000 -0.000000000000 0.000000000000 -0.000000000000 -0.000000000000 -0.000000000000 0.000000000000 0.000000000000 0.000000000000 0.000000000000 0.000000000000 -0.000000000000 0.000000000000 0.000000000000 -0.000000000000 -0.000000000000 0.000000000000 0.000000000000 -0.000000000000 0.000000000000 0.000000000000 0.000000000000 -0.000000000000 -0.000000000000 0.000000000000 0.000000000000 0.000000000000 -0.000000000000 0.000000000000 0.000000000000 -0.000000000000 0.000000000000 -0.000000000000 0.000000000000 -0.000000000000 -0.000000000000 0.000000000000 -0.000000000000 -0.000000000000 -0.000000000000 -0.000000000000 0.000000000000 -0.000000000000 -0.000000000000 0.000000000000 0.000000000000 0.000000000000 -0.000000000000 0.000000000000 0.000000000000 -0.000000000000 -0.000000000000 0.000000000000 0.000000000000 0.000000000000 -0.000000000000 -0.000000000000 0.000000000000 -0.000000000000 -0.000000000000 0.000000000000 -0.000000000000 -0.000000000000 1.000000000000 -0.000000000000 0.000000000000 -0.000000000000 0.000000000000 0.000000000000 -0.000000000000 -0.000000000000 -0.000000000000 -0.000000000000 0.000000000000 -0.000000000000 -0.000000000000 -0.000000000000 -0.000000000000 0.000000000000
-0.000000000000 0.000000000000 -0.000000000000 0.000000000000 -0.000000000000 -0.000000000000 -0.000000000000 0.000000000000 -0.000000000000 0.000000000000 0.000000000000 0.000000000000 0.000000000000 0.000000000000 0.000000000000 -0.000000000000 -0.000000000000 -0.000000000000 0.000000000000 0.000000000000 -0.000000000000 0.000000000000 0.000000000000 -0.000000000000 0.000000000000 -0.000000000000 0.000000000000 0.000000000000 0.000000000000 -0.000000000000 0.000000000000 -0.000000000000 -0.000000000000 -0.000000000000 0.000000000000 0.000000000000 0.000000000000 -0.000000000000 0.000000000000 0.000000000000 -0.000000000000 0.000000000000 -0.000000000000 0.000000000000 0.000000000000 -0.000000000000 0.000000000000 0.000000000000 -0.000000000000 0.000000000000 0.000000000000 0.000000000000 0.000000000000 0.000000000000 0.000000000000 0.000000000000 0.000000000000 0.000000000000 0.000000000000 0.000000000000 -0.000000000000 -0.000000000000 0.000000000000 0.000000000000 -0.000000000000 1.000000000000 -0.000000000000 -0.000000000000 -0.000000000000 -0.000000000000 0.000000000000 0.000000000000 -0.000000000000 -0.000000000000 -0.000000000000 0.000000000000 -0.000000000000 -0.000000000000 0.000000000000 0.000000000000
0.000000000000 -0.000000000000 -0.000000000000 0.000000000000 0.000000000000 0.000000000000 -0.000000000000 -0.000000000000 -0.000000000000 -0.000000000000 -0.000000000000 -0.000000000000 0.000000000000 0.000000000000 -0.000000000000 -0.000000000000 0.000000000000 0.000000000000 -0.000000000000 0.000000000000 -0.000000000000 0.000000000000 0.000000000000 0.000000000000 0.000000000000 -0.000000000000 -0.000000000000 0.000000000000 0.000000000000 0.000000000000 0.000000000000 0.000000000000 0.000000000000 -0.000000000000 0.000000000000 0.000000000000 0.000000000000 0.000000000000 0.000000000000 -0.000000000000 -0.000000000000 -0.000000000000 0.000000000000 -0.000000000000 -0.000000000000 0.000000000000 -0.000000000000 0.000000000000 0.000000000000 0.000000000000 0.000000000000 -0.000000000000 -0.000000000000 0.000000000000 -0.000000000000 -0.000000000000 0.000000000000 0.000000000000 0.000000000000 -0.000000000000 0.000000000000 -0.000000000000 0.000000000000 0.000000000000 0.000000000000 -0.000000000000 1.000000000000 0.000000000000 -0.000000000000 0.000000000000 -0.000000000000 -0.000000000000 0.000000000000 0.000000000000 0.000000000000 -0.000000000000 0.000000000000 0.000000000000 -0.000000000000 -0.000000000000
-0.000000000000 -0.000000000000 -0.000000000000 -0.000000000000 0.000000000000 0.000000000000 -0.000000000000 -0.000000000000 0.000000000000 -0.000000000000 0.000000000000 0.000000000000 0.000000000000 -0.000000000000 0.000000000000 0.000000000000 -0.000000000000 0.000000000000 0.000000000000 -0.000000000000 -0.000000000000 -0.000000000000 -0.000000000000 0.000000000000 -0.000000000000 -0.000000000000 0.000000000000 -0.000000000000 -0.000000000000 -0.000000000000 -0.000000000000 -0.000000000000 0.000000000000 -0.000000000000 -0.000000000000 -0.000000000000 0.000000000000 0.000000000000 0.000000000000 -0.000000000000 -0.000000000000 -0.000000000000 0.000000000000 0.000000000000 -0.000000000000 -0.000000000000 0.000000000000 0.000000000000 -0.000000000000 -0.000000000000 0.000000000000 0.000000000000 -0.000000000000 0.000000000000 0.000000000000 0.000000000000 0.000000000000 0.000000000000 -0.000000000000 -0.000000000000 0.000000000000 0.000000000000 -0.000000000000 0.000000000000 -0.000000000000 -0.000000000000 0.000000000000 1.000000000000 0.000000000000 -0.000000000000 -0.000000000000 -0.000000000000 -0.000000000000 0.000000000000 -0.000000000000 -0.000000000000 -0.000000000000 -0.000000000000 -0.000000000000 0.000000000000
0.000000000000 -0.000000000000 -0.000000000000 -0.000000000000 0.000000000000 -0.000000000000 -0.000000000000 0.000000000000 -0.000000000000 0.000000000000 -0.000000000000 0.000000000000 0.000000000000 0.000000000000 0.000000000000 0.000000000000 -0.000000000000 -0.000000000000 0.000000000000 -0.000000000000 0.000000000000 0.000000000000 -0.000000000000 0.000000000000 -0.000000000000 0.000000000000 -0.000000000000 0.000000000000 -0.000000000000 0.000000000000 -0.000000000000 -0.000000000000 -0.000000000000 -0.000000000000 0.000000000000 0.000000000000 0.000000000000 -0.000000000000 -0.000000000000 -0.000000000000 0.000000000000 0.000000000000 0.000000000000 0.000000000000 0.000000000000 -0.000000000000 0.000000000000 0.000000000000 0.000000000000 -0.000000000000 0.000000000000 -0.000000000000 -0.000000000000 -0.000000000000 -0.000000000000 0.000000000000 0.000000000000 0.000000000000 -0.000000000000 0.000000000000 0.000000000000 -0.000000000000 -0.000000000000 -0.000000000000 0.000000000000 -0.000000000000 -0.000000000000 0.000000000000 1.000000000000 -0.000000000000 0.000000000000 0.000000000000 0.000000000000 -0.000000000000 -0.000000000000 0.000000000000 -0.000000000000 0.000000000000 -0.000000000000 0.000000000000
-0.000000000000 -0.000000000000 0.000000000000 0.000000000000 0.000000000000 -0.000000000000 -0.000000000000 -0.000000000000 -0.000000000000 0.000000000000 -0.000000000000 -0.000000000000 -0.000000000000 0.000000000000 -0.000000000000 0.000000000000 0.000000000000 0.000000000000 -0.000000000000 -0.000000000000 0.000000000000 -0.000000000000 0.000000000000 0.000000000000 -0.000000000000 -0.000000000000 0.000000000000 0.000000000000 -0.000000000000 -0.000000000000 0.000000000000 -0.000000000000 -0.000000000000 0.000000000000 0.000000000000 -0.000000000000 0.000000000000 -0.000000000000 0.000000000000 0.000000000000 -0.000000000000 -0.000000000000 -0.000000000000 -0.000000000000 0.000000000000 0.000000000000 0.000000000000 0.000000000000 -0.000000000000 0.000000000000 -0.000000000000 0.000000000000 -0.000000000000 -0.000000000000 0.000000000000 -0.000000000000 -0.000000000000 -0.000000000000 -0.000000000000 0.000000000000 -0.000000000000 -0.000000000000 0.000000000000 0.000000000000 0.000000000000 -0.000000000000 0.000000000000 -0.000000000000 -0.000000000000 1.000000000000 0.000000000000 -0.000000000000 0.000000000000 -0.000000000000 0.000000000000 -0.000000000000 0.000000000000 -0.000000000000 -0.000000000000 0.000000000000
-0.000000000000 -0.000000000000 -0.000000000000 0.000000000000 0.000000000000 -0.000000000000 -0.000000000000 0.000000000000 0.000000000000 -0.000000000000 0.000000000000 -0.000000000000 -0.000000000000 -0.000000000000 0.000000000000 0.000000000000 0.000000000000 -0.000000000000 -0.000000000000 -0.000000000000 -0.000000000000 -0.000000000000 0.000000000000 -0.000000000000 0.000000000000 -0.000000000000 0.000000000000 0.000000000000 -0.000000000000 0.000000000000 0.000000000000 -0.000000000000 0.000000000000 -0.000000000000 -0.000000000000 0.000000000000 -0.000000000000 0.000000000000 -0.000000000000 0.000000000000 -0.000000000000 0.000000000000 -0.000000000000 0.000000000000 -0.000000000000 -0.000000000000 -0.000000000000 -0.000000000000 -0.000000000000 -0.000000000000 0.000000000000 -0.000000000000 0.000000000000 0.000000000000 -0.000000000000 -0.000000000000 -0.000000000000 -0.000000000000 -0.000000000000 -0.000000000000 0.000000000000 0.000000000000 0.000000000000 -0.000000000000 -0.000000000000 0.000000000000 -0.000000000000 -0.000000000000 0.000000000000 0.000000000000 1.000000000000 -0.000000000000 0.000000000000 0.000000000000 -0.000000000000 -0.000000000000 -0.000000000000 -0.000000000000 0.000000000000 0.000000000000
-0.000000000000 -0.000000000000 0.000000000000 0.000000000000 0.000000000000 -0.000000000000 0.000000000000 0.000000000000 0.000000000000 -0.000000000000 0.000000000000 0.000000000000 0.000000000000 -0.000000000000 -0.000000000000 0.000000000000 0.000000000000 0.000000000000 -0.000000000000 -0.000000000000 0.000000000000 -0.000000000000 -0.000000000000 0.000000000000 -0.000000000000 -0.000000000000 -0.000000000000 0.000000000000 0.000000000000 -0.000000000000 0.000000000000 -0.000000000000 -0.000000000000 -0.000000000000 0.000000000000 0.000000000000 -0.000000000000 -0.000000000000 -0.000000000000 0.000000000000 0.000000000000 -0.000000000000 -0.000000000000 -0.000000000000 0.000000000000 -0.000000000000 -0.000000000000 -0.000000000000 -0.000000000000 0.000000000000 -0.000000000000 -0.000000000000 -0.000000000000 0.000000000000 -0.000000000000 -0.000000000000 -0.000000000000 -0.000000000000 0.000000000000 0.000000000000 -0.000000000000 -0.000000000000 -0.000000000000 0.000000000000 -0.000000000000 0.000000000000 -0.000000000000 -0.000000000000 0.000000000000 -0.000000000000 -0.000000000000 1.000000000000 -0.000000000000 0.000000000000 -0.000000000000 0.000000000000 0.000000000000 0.000000000000 0.000000000000 0.000000000000
-0.000000000000 -0.000000000000 -0.000000000000 -0.000000000000 0.000000000000 0.000000000000 -0.000000000000 -0.000000000000 -0.000000000000 0.000000000000 -0.000000000000 -0.000000000000 -0.000000000000 -0.000000000000 0.000000000000 -0.000000000000 0.000000000000 0.000000000000 0.000000000000 0.000000000000 -0.000000000000 -0.000000000000 0.000000000000 -0.000000000000 -0.000000000000 -0.000000000000 -0.000000000000 -0.000000000000 -0.000000000000 -0.000000000000 0.000000000000 0.000000000000 0.000000000000 0.000000000000 0.000000000000 0.000000000000 -0.000000000000 0.000000000000 -0.000000000000 0.000000000000 -0.000000000000 0.000000000000 0.000000000000 0.000000000000 0.000000000000 0.000000000000 0.000000000000 0.000000000000 0.000000000000 -0.000000000000 -0.000000000000 0.000000000000 -0.000000000000 0.000000000000 0.000000000000 -0.000000000000 -0.000000000000 -0.000000000000 0.000000000000 0.000000000000 0.000000000000 0.000000000000 0.000000000000 0.000000000000 -0.000000000000 -0.000000000000 0.000000000000 -0.000000000000 0.000000000000 0.000000000000 0.000000000000 -0.000000000000 1.000000000000 -0.000000000000 -0.000000000000 0.000000000000 -0.000000000000 0.000000000000 0.000000000000 0.000000000000
-0.000000000000 -0.000000000000 -0.000000000000 0.000000000000 0.000000000000 -0.000000000000 -0.000000000000 -0.000000000000 -0.000000000000 0.000000000000 -0.000000000000 0.000000000000 0.000000000000 -0.000000000000 -0.000000000000 -0.000000000000 -0.000000000000 0.000000000000 -0.000000000000 0.000000000000 -0.000000000000 0.000000000000 0.000000000000 0.000000000000 -0.000000000000 0.000000000000 0.000000000000 0.000000000000 -0.000000000000 -0.000000000000 -0.000000000000 0.000000000000 0.000000000000 -0.000000000000 0.000000000000 0.000000000000 -0.000000000000 -0.000000000000 0.000000000000 -0.000000000000 -0.000000000000 0.000000000000 0.000000000000 -0.000000000000 -0.000000000000 -0.000000000000 -0.000000000000 -0.000000000000 0.000000000000 -0.000000000000 -0.000000000000 -0.000000000000 -0.000000000000 0.000000000000 0.000000000000 0.000000000000 -0.000000000000 -0.000000000000 0.000000000000 -0.000000000000 0.000000000000 0.000000000000 0.000000000000 0.000000000000 -0.000000000000 -0.000000000000 0.000000000000 0.000000000000 -0.000000000000 -0.000000000000 0.000000000000 0.000000000000 -0.000000000000 1.000000000000 -0.000000000000 0.000000000000 -0.000000000000 0.000000000000 0.000000000000 -0.000000000000
-0.000000000000 -0.000000000000 -0.000000000000 -0.000000000000 0.000000000000 -0.000000000000 -0.000000000000 0.000000000000 0.000000000000 -0.000000000000 -0.000000000000 -0.000000000000 -0.000000000000 0.000000000000 -0.000000000000 -0.000000000000 0.000000000000 0.000000000000 -0.000000000000 0.000000000000 0.000000000000 -0.000000000000 0.000000000000 0.000000000000 0.000000000000 -0.000000000000 0.000000000000 0.000000000000 -0.000000000000 -0.000000000000 0.000000000000 -0.000000000000 0.000000000000 -0.000000000000 0.000000000000 -0.000000000000 -0.000000000000 0.000000000000 -0.000000000000 -0.000000000000 0.000000000000 -0.000000000000 -0.000000000000 -0.000000000000 0.000000000000 0.000000000000 -0.000000000000 0.000000000000 -0.000000000000 0.000000000000 0.000000000000 -0.000000000000 -0.000000000000 -0.000000000000 0.000000000000 -0.000000000000 0.000000000000 0.000000000000 0.000000000000 -0.000000000000 -0.000000000000 -0.000000000000 -0.000000000000 0.000000000000 0.000000000000 -0.000000000000 0.000000000000 -0.000000000000 -0.000000000000 0.000000000000 -0.000000000000 -0.000000000000 -0.000000000000 -0.000000000000 1.000000000000 0.000000000000 0.000000000000 0.000000000000 -0.000000000000 -0.000000000000
0.000000000000 -0.000000000000 0.000000000000 0.000000000000 0.000000000000 0.000000000000 -0.000000000000 0.000000000000 -0.000000000000 -0.000000000000 0.000000000000 -0.000000000000 -0.000000000000 0.000000000000 -0.000000000000 0.000000000000 -0.000000000000 -0.000000000000 -0.000000000000 -0.000000000000 -0.000000000000 0.000000000000 -0.000000000000 0.000000000000 -0.000000000000 -0.000000000000 -0.000000000000 0.000000000000 -0.000000000000 0.000000000000 -0.000000000000 0.000000000000 0.000000000000 -0.000000000000 0.000000000000 -0.000000000000 -0.000000000000 -0.000000000000 -0.000000000000 0.000000000000 0.000000000000 0.000000000000 -0.000000000000 0.000000000000 0.000000000000 -0.000000000000 -0.000000000000 0.000000000000 -0.000000000000 -0.000000000000 0.000000000000 0.000000000000 -0.000000000000 0.000000000000 -0.000000000000 -0.000000000000 -0.000000000000 0.000000000000 0.000000000000 -0.000000000000 -0.000000000000 0.000000000000 -0.000000000000 0.000000000000 -0.000000000000 0.000000000000 -0.000000000000 -0.000000000000 0.000000000000 -0.000000000000 -0.000000000000 0.000000000000 0.000000000000 0.000000000000 0.000000000000 1.000000000000 -0.000000000000 0.000000000000 0.000000000000 -0.000000000000
0.000000000000 -0.000000000000 0.000000000000 -0.000000000000 0.000000000000 0.000000000000 0.000000000000 0.000000000000 0.000000000000 -0.000000000000 -0.000000000000 0.000000000000 -0.000000000000 0.000000000000 0.000000000000 0.000000000000 -0.000000000000 -0.000000000000 -0.000000000000 0.000000000000 -0.000000000000 -0.000000000000 -0.000000000000 -0.000000000000 -0.000000000000 0.000000000000 0.000000000000 -0.000000000000 0.000000000000 0.000000000000 0.000000000000 0.000000000000 0.000000000000 0.000000000000 -0.000000000000 0.000000000000 -0.000000000000 0.000000000000 -0.000000000000 0.000000000000 0.000000000000 0.000000000000 -0.000000000000 0.000000000000 0.000000000000 -0.000000000000 0.000000000000 0.000000000000 0.000000000000 -0.000000000000 -0.000000000000 0.000000000000 -0.000000000000 -0.000000000000 -0.000000000000 -0.000000000000 0.000000000000 0.000000000000 0.000000000000 -0.000000000000 0.000000000000 0.000000000000 0.000000000000 0.000000000000 -0.000000000000 -0.000000000000 0.000000000000 -0.000000000000 -0.000000000000 0.000000000000 -0.000000000000 0.000000000000 -0.000000000000 -0.000000000000 0.000000000000 -0.000000000000 1.000000000000 -0.000000000000 -0.000000000000 0.000000000000
-0.000000000000 0.000000000000 0.000000000000 0.000000000000 -0.000000000000 0.000000000000 0.000000000000 0.000000000000 -0.000000000000 0.000000000000 -0.000000000000 0.000000000000 -0.000000000000 0.000000000000 -0.000000000000 -0.000000000000 -0.000000000000 -0.000000000000 -0.000000000000 -0.000000000000 0.000000000000 0.000000000000 0.000000000000 -0.000000000000 -0.000000000000 0.000000000000 -0.000000000000 0.000000000000 0.000000000000 0.000000000000 0.000000000000 0.000000000000 -0.000000000000 -0.000000000000 -0.000000000000 0.000000000000 0.000000000000 0.000000000000 0.000000000000 0.000000000000 -0.000000000000 -0.000000000000 -0.000000000000 -0.000000000000 0.000000000000 0.000000000000 -0.000000000000 0.000000000000 -0.000000000000 0.000000000000 0.000000000000 0.000000000000 -0.000000000000 -0.000000000000 -0.000000000000 0.000000000000 0.000000000000 0.000000000000 0.000000000000 -0.000000000000 -0.000000000000 -0.000000000000 -0.000000000000 -0.000000000000 -0.000000000000 -0.000000000000 0.000000000000 -0.000000000000 0.000000000000 -0.000000000000 -0.000000000000 0.000000000000 0.000000000000 0.000000000000 0.000000000000 0.000000000000 -0.000000000000 1.000000000000 0.000000000000 0.000000000000
-0.000000000000 0.000000000000 0.000000000000 -0.000000000000 0.000000000000 0.000000000000 -0.000000000000 0.000000000000 -0.000000000000 0.000000000000 -0.000000000000 0.000000000000 -0.000000000000 0.000000000000 0.000000000000 0.000000000000 0.000000000000 -0.000000000000 0.000000000000 0.000000000000 0.000000000000 0.000000000000 -0.000000000000 -0.000000000000 -0.000000000000 0.000000000000 -0.000000000000 0.000000000000 -0.000000000000 0.000000000000 0.000000000000 0.000000000000 0.000000000000 0.000000000000 0.000000000000 -0.000000000000 -0.000000000000 0.000000000000 -0.000000000000 0.000000000000 0.000000000000 0.000000000000 0.000000000000 -0.000000000000 -0.000000000000 0.000000000000 0.000000000000 0.000000000000 -0.000000000000 0.000000000000 0.000000000000 0.000000000000 -0.000000000000 -0.000000000000 -0.000000000000 0.000000000000 -0.000000000000 -0.000000000000 -0.000000000000 0.000000000000 0.000000000000 0.000000000000 0.000000000000 -0.000000000000 -0.000000000000 0.000000000000 -0.000000000000 -0.000000000000 -0.000000000000 -0.000000000000 0.000000000000 0.000000000000 0.000000000000 0.000000000000 -0.000000000000 0.000000000000 -0.000000000000 0.000000000000 1.000000000000 -0.000000000000
-0.000000000000 -0.000000000000 0.000000000000 -0.000000000000 0.000000000000 0.000000000000 -0.000000000000 0.000000000000 -0.000000000000 0.000000000000 0.000000000000 0.000000000000 -0.000000000000 0.000000000000 0.000000000000 0.000000000000 0.000000000000 0.000000000000 0.000000000000 0.000000000000 0.000000000000 0.000000000000 -0.000000000000 0.000000000000 -0.000000000000 -0.000000000000 -0.000000000000 -0.000000000000 0.000000000000 -0.000000000000 -0.000000000000 0.000000000000 -0.000000000000 0.000000000000 0.000000000000 0.000000000000 0.000000000000 -0.000000000000 0.000000000000 -0.000000000000 0.000000000000 0.000000000000 0.000000000000 0.000000000000 -0.000000000000 0.000000000000 0.000000000000 -0.000000000000 0.000000000000 -0.000000000000 0.000000000000 0.000000000000 -0.000000000000 -0.000000000000 -0.000000000000 -0.000000000000 0.000000000000 0.000000000000 -0.000000000000 0.000000000000 0.000000000000 -0.000000000000 -0.000000000000 -0.000000000000 0.000000000000 0.000000000000 -0.000000000000 0.000000000000 0.000000000000 0.000000000000 0.000000000000 0.000000000000 0.000000000000 -0.000000000000 -0.000000000000 -0.000000000000 0.000000000000 0.000000000000 -0.000000000000 1.000000000000
Orthonormalization matrix
80 80
1.000000000000 -0.000000000000 0.000000000000 0.000000000000 0.000000000000 0.000000000000 -0.000000000000 -0.000000000000 0.000000000000 -0.000000000000 -0.000000000000 0.000000000000 0.000000000000 0.000000000000 0.000000000000 0.000000000000 0.000000000000 0.000000000000 0.000000000000 0.000000000000 0.000000000000 -0.000000000000 -0.000000000000 0.000000000000 0.000000000000 0.000000000000 0.000000000000 -0.000000000000 0.000000000000 0.000000000000 -0.000000000000 -0.000000000000 -0.000000000000 -0.000000000000 -0.000000000000 0.000000000000 -0.000000000000 -0.000000000000 0.000000000000 0.000000000000 -0.000000000000 0.000000000000 0.000000000000 -0.000000000000 0.000000000000 0.000000000000 -0.000000000000 0.000000000000 0.000000000000 0.000000000000 -0.000000000000 -0.000000000000 -0.000000000000 -0.000000000000 0.000000000000 0.000000000000 -0.000000000000 0.000000000000 0.000000000000 -0.000000000000 -0.000000000000 0.000000000000 0.000000000000 -0.000000000000 0.000000000000 0.000000000000 -0.000000000000 0.000000000000 -0.000000000000 0.000000000000 -0.000000000000 0.000000000000 0.000000000000 0.000000000000 0.000000000000 0.000000000000 0.000000000000 0.000000000000 -0.000000000000 0.000000000000
-0.000000000000 1.000000000000 -0.000000000000 0.000000000000 -0.000000000000 -0.000000000000 0.000000000000 -0.000000000000 0.000000000000 0.000000000000 -0.000000000000 -0.000000000000 0.000000000000 -0.000000000000 0.000000000000 0.000000000000 0.000000000000 -0.000000000000 -0.000000000000 -0.000000000000 -0.000000000000 -0.000000000000 -0.000000000000 -0.000000000000 -0.000000000000 -0.000000000000 -0.000000000000 -0.000000000000 0.000000000000 -0.000000000000 0.000000000000 0.000000000000 0.000000000000 0.000000000000 -0.000000000000 -0.000000000000 -0.000000000000 0.000000000000 -0.000000000000 0.000000000000 -0.000000000000 -0.000000000000 0.000000000000 -0.000000000000 0.000000000000 -0.000000000000 -0.000000000000 -0.000000000000 0.000000000000 0.000000000000 -0.000000000000 -0.000000000000 -0.000000000000 0.000000000000 -0.000000000000 0.000000000000 -0.000000000000 0.000000000000 -0.000000000000 0.000000000000 0.000000000000 0.000000000000 -0.000000000000 0.000000000000 -0.000000000000 -0.000000000000 -0.000000000000 -0.000000000000 -0.000000000000 -0.000000000000 -0.000000000000 -0.000000000000 0.000000000000 0.000000000000 0.000000000000 -0.000000000000 0.000000000000 -0.000000000000 0.000000000000 0.000000000000
0.000000000000 -0.000000000000 1.000000000000 -0.000000000000 0.000000000000 -0.000000000000 0.000000000000 -0.000000000000 -0.000000000000 0.000000000000 0.000000000000 0.000000000000 -0.000000000000 -0.000000000000 0.000000000000 0.000000000000 -0.000000000000 -0.000000000000 0.000000000000 -0.000000000000 0.000000000000 -0.000000000000 -0.000000000000 -0.000000000000 -0.000000000000 0.000000000000 0.000000000000 0.000000000000 0.000000000000 -0.000000000000 0.000000000000 0.000000000000 0.000000000000 -0.000000000000 -0.000000000000 -0.000000000000 -0.000000000000 -0.000000000000 -0.000000000000 -0.000000000000 -0.000000000000 -0.000000000000 -0.000000000000 -0.000000000000 -0.000000000000 -0.000000000000 -0.000000000000 -0.000000000000 -0.000000000000 0.000000000000 0.000000000000 -0.000000000000 -0.000000000000 0.000000000000 -0.000000000000 -0.000000000000 0.000000000000 -0.000000000000 0.000000000000 -0.000000000000 -0.000000000000 -0.000000000000 -0.000000000000 -0.000000000000 0.000000000000 0.000000000000 0.000000000000 0.000000000000 0.000000000000 -0.000000000000 0.000000000000 -0.000000000000 0.000000000000 0.000000000000 -0.000000000000 -0.000000000000 -0.000000000000 -0.000000000000 -0.000000000000 -0.000000000000
0.000000000000 0.000000000000 -0.000000000000 1.000000000000 -0.000000000000 0.000000000000 -0.000000000000 -0.000000000000 -0.000000000000 0.000000000000 -0.000000000000 -0.000000000000 -0.000000000000 -0.000000000000 -0.000000000000 -0.000000000000 0.000000000000 -0.000000000000 -0.000000000000 0.000000000000 -0.000000000000 0.000000000000 0.000000000000 0.000000000000 -0.000000000000 -0.000000000000 0.000000000000 0.000000000000 -0.000000000000 -0.000000000000 -0.000000000000 0.000000000000 0.000000000000 -0.000000000000 -0.000000000000 -0.000000000000 -0.000000000000 0.000000000000 0.000000000000 -0.000000000000 0.000000000000 -0.000000000000 0.000000000000 -0.000000000000 -0.000000000000 0.000000000000 -0.000000000000 -0.000000000000 0.000000000000 -0.000000000000 -0.000000000000 0.000000000000 0.000000000000 0.000000000000 -0.000000000000 0.000000000000 -0.000000000000 -0.000000000000 -0.000000000000 0.000000000000 0.000000000000 0.000000000000 0.000000000000 0.000000000000 -0.000000000000 -0.000000000000 0.000000000000 0.000000000000 0.000000000000 -0.000000000000 -0.000000000000 -0.000000000000 -0.000000000000 0.000000000000 0.000000000000 -0.000000000000 -0.000000000000 0.000000000000 0.000000000000 0.000000000000
0.000000000000 -0.000000000000 0.000000000000 -0.000000000000 1.000000000000 -0.000000000000 0.000000000000 -0.000000000000 0.000000000000 0.000000000000 -0.000000000000 -0.000000000000 -0.000000000000 -0.000000000000 0.000000000000 -0.000000000000 0.000000000000 -0.000000000000 0.000000000000 -0.000000000000 0.000000000000 -0.000000000000 -0.000000000000 0.000000000000 -0.000000000000 -0.000000000000 -0.000000000000 -0.000000000000 -0.000000000000 -0.000000000000 -0.000000000000 0.000000000000 0.000000000000 0.000000000000 0.000000000000 0.000000000000 0.000000000000 -0.000000000000 -0.000000000000 -0.000000000000 -0.000000000000 -0.000000000000 0.000000000000 0.000000000000 0.000000000000 -0.000000000000 0.000000000000 0.000000000000 0.000000000000 -0.000000000000 -0.000000000000 -0.000000000000 -0.000000000000 -0.000000000000 0.000000000000 0.000000000000 -0.000000000000 0.000000000000 -0.000000000000 -0.000000000000 -0.000000000000 0.000000000000 -0.000000000000 0.000000000000 0.000000000000 0.000000000000 -0.000000000000 0.000000000000 -0.000000000000 -0.000000000000 -0.000000000000 0.000000000000 -0.000000000000 0.000000000000 -0.000000000000 -0.000000000000 -0.000000000000 0.000000000000 -0.000000000000 -0.000000000000
0.000000000000 -0.000000000000 -0.000000000000 0.000000000000 -0.000000000000 1.000000000000 0.000000000000 -0.000000000000 0.000000000000 -0.000000000000 0.000000000000 0.000000000000 -0.000000000000 -0.000000000000 -0.000000000000 0.000000000000 0.000000000000 0.000000000000 -0.000000000000 0.000000000000 -0.000000000000 -0.000000000000 -0.000000000000 0.000000000000 0.000000000000 0.000000000000 0.000000000000 0.000000000000 -0.000000000000 0.000000000000 0.000000000000 -0.000000000000 0.000000000000 -0.000000000000 0.000000000000 -0.000000000000 -0.000000000000 0.000000000000 0.000000000000 0.000000000000 -0.000000000000 0.000000000000 -0.000000000000 0.000000000000 -0.000000000000 0.000000000000 -0.000000000000 0.000000000000 -0.000000000000 0.000000000000 0.000000000000 -0.000000000000 0.000000000000 0.000000000000 -0.000000000000 0.000000000000 -0.000000000000 0.000000000000 -0.000000000000 -0.000000000000 -0.000000000000 0.000000000000 -0.000000000000 0.000000000000 0.000000000000 -0.000000000000 -0.000000000000 -0.000000000000 -0.000000000000 -0.000000000000 0.000000000000 0.000000000000 -0.000000000000 -0.000000000000 -0.000000000000 0.000000000000 0.000000000000 -0.000000000000 -0.000000000000 -0.000000000000
-0.000000000000 0.000000000000 0.000000000000 -0.000000000000 0.000000000000 0.000000000000 1.000000000000 0.000000000000 0.000000000000 0.000000000000 -0.000000000000 0.000000000000 -0.000000000000 -0.000000000000 -0.000000000000 0.000000000000 -0.000000000000 -0.000000000000 -0.000000000000 -0.000000000000 0.000000000000 0.000000000000 -0.000000000000 0.000000000000 -0.000000000000 0.000000000000 0.000000000000 -0.000000000000 0.000000000000 -0.000000000000 -0.000000000000 -0.000000000000 -0.000000000000 -0.000000000000 -0.000000000000 0.000000000000 -0.000000000000 0.000000000000 0.000000000000 0.000000000000 -0.000000000000 -0.000000000000 -0.000000000000 -0.000000000000 0.000000000000 -0.000000000000 0.000000000000 -0.000000000000 -0.000000000000 0.000000000000 -0.000000000000 -0.000000000000 -0.000000000000 -0.000000000000 -0.000000000000 0.000000000000 -0.000000000000 0.000000000000 0.000000000000 -0.000000000000 -0.000000000000 0.000000000000 -0.000000000000 0.000000000000 0.000000000000 0.000000000000 0.000000000000 -0.000000000000 -0.000000000000 0.000000000000 0.000000000000 0.000000000000 0.000000000000 0.000000000000 0.000000000000 0.000000000000 -0.000000000000 -0.000000000000 0.000000000000 -0.000000000000
-0.000000000000 -0.000000000000 -0.000000000000 -0.000000000000 -0.000000000000 -0.000000000000 0.000000000000 1.000000000000 -0.000000000000 -0.000000000000 0.000000000000 0.000000000000 0.000000000000 0.000000000000 0.000000000000 0.000000000000 -0.000000000000 -0.000000000000 0.000000000000 0.000000000000 -0.000000000000 -0.000000000000 -0.000000000000 -0.000000000000 -0.000000000000 0.000000000000 -0.000000000000 -0.000000000000 -0.000000000000 0.000000000000 0.000000000000 -0.000000000000 0.000000000000 0.000000000000 0.000000000000 -0.000000000000 0.000000000000 0.000000000000 0.000000000000 0.000000000000 0.000000000000 -0.000000000000 -0.000000000000 -0.000000000000 -0.000000000000 -0.000000000000 -0.000000000000 -0.000000000000 0.000000000000 -0.000000000000 0.000000000000 0.000000000000 0.000000000000 0.000000000000 -0.000000000000 -0.000000000000 0.000000000000 0.000000000000 0.000000000000 0.000000000000 -0.000000000000 0.000000000000 0.000000000000 0.000000000000 -0.000000000000 -0.000000000000 0.000000000000 0.000000000000 0.000000000000 0.000000000000 -0.000000000000 -0.000000000000 0.000000000000 0.000000000000 0.000000000000 -0.000000000000 -0.000000000000 -0.000000000000 -0.000000000000 -0.000000000000
0.000000000000 0.000000000000 -0.000000000000 -0.000000000000 0.000000000000 0.000000000000 0.000000000000 -0.000000000000 1.000000000000 0.000000000000 -0.000000000000 0.000000000000 0.000000000000 0.000000000000 -0.000000000000 0.000000000000 0.000000000000 0.000000000000 -0.000000000000 -0.000000000000 0.000000000000 0.000000000000 0.000000000000 -0.000000000000 0.000000000000 -0.000000000000 0.000000000000 0.000000000000 -0.000000000000 0.000000000000 0.000000000000 -0.000000000000 -0.000000000000 -0.000000000000 -0.000000000000 0.000000000000 -0.000000000000 0.000000000000 0.000000000000 0.000000000000 0.000000000000 -0.000000000000 -0.000000000000 -0.000000000000 0.000000000000 0.000000000000 -0.000000000000 -0.000000000000 -0.000000000000 0.000000000000 -0.000000000000 -0.000000000000 -0.000000000000 -0.000000000000 0.000000000000 0.000000000000 0.000000000000 -0.000000000000 -0.000000000000 0.000000000000 0.000000000000 0.000000000000 -0.000000000000 -0.000000000000 -0.000000000000 0.000000000000 0.000000000000 -0.000000000000 0.000000000000 -0.000000000000 -0.000000000000 0.000000000000 0.000000000000 0.000000000000 -0.000000000000 0.000000000000 -0.000000000000 -0.000000000000 0.000000000000 0.000000000000
-0.000000000000 0.000000000000 0.000000000000 0.000000000000 0.000000000000 -0.000000000000 0.000000000000 -0.000000000000 0.000000000000 1.000000000000 -0.000000000000 -0.000000000000 -0.000000000000 0.000000000000 0.000000000000 -0.000000000000 -0.000000000000 0.000000000000 -0.000000000000 0.000000000000 0.000000000000 0.000000000000 -0.000000000000 -0.000000000000 0.000000000000 -0.000000000000 -0.000000000000 -0.000000000000 0.000000000000 0.000000000000 0.000000000000 -0.000000000000 -0.000000000000 0.000000000000 0.000000000000 -0.000000000000 -0.000000000000 -0.000000000000 0.000000000000 0.000000000000 0.000000000000 0.000000000000 0.000000000000 0.000000000000 0.000000000000 0.000000000000 0.000000000000 -0.000000000000 -0.000000000000 -0.000000000000 -0.000000000000 0.000000000000 0.000000000000 0.000000000000 -0.000000000000 0.000000000000 0.000000000000 -0.000000000000 0.000000000000 0.000000000000 0.000000000000 0.000000000000 -0.000000000000 -0.000000000000 -0.000000000000 -0.000000000000 -0.000000000000 0.000000000000 -0.000000000000 -0.000000000000 0.000000000000 -0.000000000000 -0.000000000000 0.000000000000 0.000000000000 0.000000000000 0.000000000000 0.000000000000 -0.000000000000 -0.000000000000
-0.000000000000 -0.000000000000 0.000000000000 -0.000000000000 -0.000000000000 0.000000000000 -0.000000000000 0.000000000000 -0.000000000000 -0.000000000000 1.000000000000 0.000000000000 0.000000000000 -0.000000000000 -0.000000000000 0.000000000000 0.000000000000 0.000000000000 0.000000000000 0.000000000000 0.000000000000 0.000000000000 -0.000000000000 0.000000000000 0.000000000000 -0.000000000000 -0.000000000000 -0.000000000000 0.000000000000 0.000000000000 0.000000000000 0.000000000000 -0.000000000000 0.000000000000 0.000000000000 0.000000000000 0.000000000000 0.000000000000 -0.000000000000 0.000000000000 -0.000000000000 -0.000000000000 -0.000000000000 -0.000000000000 -0.000000000000 0.000000000000 -0.000000000000 -0.000000000000 0.000000000000 0.000000000000 -0.000000000000 -0.000000000000 0.000000000000 -0.000000000000 0.000000000000 -0.000000000000 -0.000000000000 -0.000000000000 -0.000000000000 -0.000000000000 0.000000000000 0.000000000000 0.000000000000 0.000000000000 -0.000000000000 -0.000000000000 0.000000000000 -0.000000000000 0.000000000000 -0.000000000000 0.000000000000 0.000000000000 0.000000000000 0.000000000000 0.000000000000 -0.000000000000 -0.000000000000 0.000000000000 0.000000000000 -0.000000000000
0.000000000000 -0.000000000000 0.000000000000 -0.000000000000 -0.000000000000 0.000000000000 0.000000000000 0.000000000000 0.000000000000 -0.000000000000 0.000000000000 1.000000000000 0.000000000000 0.000000000000 0.000000000000 -0.000000000000 0.000000000000 0.000000000000 -0.000000000000 -0.000000000000 -0.000000000000 0.000000000000 0.000000000000 0.000000000000 -0.000000000000 0.000000000000 -0.000000000000 -0.000000000000 0.000000000000 0.000000000000 0.000000000000 -0.000000000000 -0.000000000000 0.000000000000 0.000000000000 0.000000000000 0.000000000000 0.000000000000 -0.000000000000 -0.000000000000 -0.000000000000 -0.000000000000 0.000000000000 -0.000000000000 0.000000000000 -0.000000000000 -0.000000000000 0.000000000000 0.000000000000 0.000000000000 0.000000000000 0.000000000000 -0.000000000000 0.000000000000 0.000000000000 0.000000000000 -0.000000000000 -0.000000000000 -0.000000000000 -0.000000000000 -0.000000000000 -0.000000000000 0.000000000000 0.000000000000 -0.000000000000 -0.000000000000 0.000000000000 -0.000000000000 -0.000000000000 0.000000000000 0.000000000000 -0.000000000000 -0.000000000000 -0.000000000000 0.000000000000 0.000000000000 -0.000000000000 -0.000000000000 -0.000000000000 -0.000000000000
0.000000000000 0.000000000000 -0.000000000000 -0.000000000000 -0.000000000000 -0.000000000000 -0.000000000000 0.000000000000 0.000000000000 -0.000000000000 0.000000000000 0.000000000000 1.000000000000 0.000000000000 -0.000000000000 -0.000000000000 -0.000000000000 -0.000000000000 -0.000000000000 -0.000000000000 0.000000000000 0.000000000000 0.000000000000 0.000000000000 0.000000000000 0.000000000000 0.000000000000 -0.000000000000 0.000000000000 0.000000000000 0.000000000000 0.000000000000 -0.000000000000 -0.000000000000 -0.000000000000 -0.000000000000 -0.000000000000 0.000000000000 0.000000000000 -0.000000000000 -0.000000000000 0.000000000000 0.000000000000 0.000000000000 -0.000000000000 -0.000000000000 0.000000000000 0.000000000000 0.000000000000 0.000000000000 0.000000000000 -0.000000000000 0.000000000000 0.000000000000 -0.000000000000 0.000000000000 -0.000000000000 -0.000000000000 0.000000000000 -0.000000000000 0.000000000000 0.000000000000 -0.000000000000 0.000000000000 0.000000000000 -0.000000000000 -0.000000000000 -0.000000000000 -0.000000000000 0.000000000000 0.000000000000 -0.000000000000 0.000000000000 0.000000000000 0.000000000000 0.000000000000 -0.000000000000 0.000000000000 0.000000000000 0.000000000000
0.000000000000 -0.000000000000 -0.000000000000 -0.000000000000 -0.000000000000 -0.000000000000 -0.000000000000 0.000000000000 0.000000000000 0.000000000000 -0.000000000000 0.000000000000 0.000000000000 1.000000000000 -0.000000000000 -0.000000000000 0.000000000000 -0.000000000000 0.000000000000 0.000000000000 -0.000000000000 -0.000000000000 -0.000000000000 0.000000000000 0.000000000000 0.000000000000 0.000000000000 -0.000000000000 -0.000000000000 -0.000000000000 -0.000000000000 -0.000000000000 -0.000000000000 -0.000000000000 0.000000000000 -0.000000000000 0.000000000000 -0.000000000000 -0.000000000000 -0.000000000000 0.000000000000 -0.000000000000 0.000000000000 0.000000000000 -0.000000000000 0.000000000000 -0.000000000000 0.000000000000 -0.000000000000 -0.000000000000 0.000000000000 -0.000000000000 -0.000000000000 0.000000000000 -0.000000000000 -0.000000000000 0.000000000000 0.000000000000 -0.000000000000 0.000000000000 0.000000000000 -0.000000000000 -0.000000000000 0.000000000000 -0.000000000000 -0.000000000000 -0.000000000000 0.000000000000 -0.000000000000 0.000000000000 0.000000000000 -0.000000000000 0.000000000000 -0.000000000000 0.000000000000 0.000000000000 -0.000000000000 -0.000000000000 -0.000000000000 -0.000000000000
0.000000000000 0.000000000000 0.000000000000 -0.000000000000 0.000000000000 -0.000000000000 -0.000000000000 0.000000000000 -0.000000000000 0.000000000000 -0.000000000000 0.000000000000 -0.000000000000 -0.000000000000 1.000000000000 -0.000000000000 0.000000000000 -0.000000000000 0.000000000000 -0.000000000000 0.000000000000 0.000000000000 -0.000000000000 0.000000000000 0.000000000000 -0.000000000000 0.000000000000 -0.000000000000 -0.000000000000 0.000000000000 -0.000000000000 0.000000000000 0.000000000000 0.000000000000 -0.000000000000 0.000000000000 -0.000000000000 -0.000000000000 -0.000000000000 0.000000000000 -0.000000000000 0.000000000000 -0.000000000000 -0.000000000000 0.000000000000 -0.000000000000 -0.000000000000 0.000000000000 -0.000000000000 0.000000000000 -0.000000000000 0.000000000000 -0.000000000000 -0.000000000000 -0.000000000000 -0.000000000000 0.000000000000 0.000000000000 -0.000000000000 -0.000000000000 0.000000000000 -0.000000000000 -0.000000000000 0.000000000000 -0.000000000000 -0.000000000000 0.000000000000 -0.000000000000 -0.000000000000 0.000000000000 -0.000000000000 0.000000000000 -0.000000000000 0.000000000000 0.000000000000 -0.000000000000 0.000000000000 -0.000000000000 -0.000000000000 -0.000000000000
0.000000000000 0.000000000000 0.000000000000 -0.000000000000 -0.000000000000 0.000000000000 0.000000000000 0.000000000000 0.000000000000 -0.000000000000 0.000000000000 -0.000000000000 -0.000000000000 -0.000000000000 -0.000000000000 1.000000000000 0.000000000000 -0.000000000000 -0.000000000000 0.000000000000 0.000000000000 -0.000000000000 -0.000000000000 -0.000000000000 -0.000000000000 0.000000000000 0.000000000000 0.000000000000 -0.000000000000 -0.000000000000 0.000000000000 0.000000000000 0.000000000000 0.000000000000 -0.000000000000 -0.000000000000 0.000000000000 -0.000000000000 0.000000000000 0.000000000000 0.000000000000 -0.000000000000 -0.000000000000 0.000000000000 -0.000000000000 -0.000000000000 -0.000000000000 0.000000000000 0.000000000000 -0.000000000000 -0.000000000000 -0.000000000000 -0.000000000000 0.000000000000 -0.000000000000 -0.000000000000 0.000000000000 0.000000000000 0.000000000000 0.000000000000 0.000000000000 0.000000000000 -0.000000000000 -0.000000000000 0.000000000000 -0.000000000000 -0.000000000000 -0.000000000000 -0.000000000000 0.000000000000 0.000000000000 -0.000000000000 -0.000000000000 0.000000000000 0.000000000000 -0.000000000000 -0.000000000000 0.000000000000 -0.000000000000 -0.000000000000
0.000000000000 0.000000000000 -0.000000000000 0.000000000000 0.000000000000 0.000000000000 -0.000000000000 -0.000000000000 0.000000000000 -0.000000000000 0.000000000000 0.000000000000 -0.000000000000 0.000000000000 0.000000000000 0.000000000000 1.000000000000 -0.000000000000 -0.000000000000 -0.000000000000 -0.000000000000 -0.000000000000 0.000000000000 0.000000000000 0.000000000000 -0.000000000000 0.000000000000 0.000000000000 -0.000000000000 0.000000000000 0.000000000000 0.000000000000 0.000000000000 0.000000000000 -0.000000000000 0.000000000000 0.000000000000 -0.000000000000 -0.000000000000 -0.000000000000 0.000000000000 -0.000000000000 -0.000000000000 -0.000000000000 -0.000000000000 -0.000000000000 0.000000000000 0.000000000000 0.000000000000 -0.000000000000 -0.000000000000 0.000000000000 -0.000000000000 0.000000000000 -0.000000000000 0.000000000000 0.000000000000 0.000000000000 0.000000000000 -0.000000000000 0.000000000000 0.000000000000 0.000000000000 -0.000000000000 0.000000000000 0.000000000000 0.000000000000 -0.000000000000 -0.000000000000 0.000000000000 -0.000000000000 -0.000000000000 -0.000000000000 0.000000000000 0.000000000000 0.000000000000 0.000000000000 0.000000000000 -0.000000000000 -0.000000000000
0.000000000000 -0.000000000000 -0.000000000000 -0.000000000000 -0.000000000000 0.000000000000 -0.000000000000 -0.000000000000 0.000000000000 0.000000000000 0.000000000000 0.000000000000 -0.000000000000 -0.000000000000 -0.000000000000 -0.000000000000 -0.000000000000 1.000000000000 0.000000000000 -0.000000000000 -0.000000000000 -0.000000000000 0.000000000000 0.000000000000 0.000000000000 -0.000000000000 -0.000000000000 0.000000000000 -0.000000000000 0.000000000000 0.000000000000 -0.000000000000 -0.000000000000 -0.000000000000 -0.000000000000 -0.000000000000 -0.000000000000 0.000000000000 0.000000000000 -0.000000000000 0.000000000000 -0.000000000000 0.000000000000 0.000000000000 -0.000000000000 0.000000000000 0.000000000000 -0.000000000000 0.000000000000 -0.000000000000 -0.000000000000 -0.000000000000 0.000000000000 0.000000000000 0.000000000000 0.000000000000 0.000000000000 -0.000000000000 -0.000000000000 -0.000000000000 0.000000000000 -0.000000000000 -0.000000000000 -0.000000000000 0.000000000000 0.000000000000 -0.000000000000 -0.000000000000 -0.000000000000 -0.000000000000 0.000000000000 0.000000000000 0.000000000000 -0.000000000000 -0.000000000000 0.000000000000 -0.000000000000 0.000000000000 0.000000000000 -0.000000000000
0.000000000000 -0.000000000000 0.000000000000 -0.000000000000 0.000000000000 -0.000000000000 -0.000000000000 0.000000000000 -0.000000000000 -0.000000000000 0.000000000000 -0.000000000000 -0.000000000000 0.000000000000 0.000000000000 -0.000000000000 -0.000000000000 0.000000000000 1.000000000000 -0.000000000000 0.000000000000 0.000000000000 0.000000000000 0.000000000000 0.000000000000 0.000000000000 -0.000000000000 -0.000000000000 0.000000000000 -0.000000000000 0.000000000000 -0.000000000000 0.000000000000 0.000000000000 0.000000000000 0.000000000000 0.000000000000 -0.000000000000 -0.000000000000 -0.000000000000 0.000000000000 0.000000000000 -0.000000000000 0.000000000000 -0.000000000000 0.000000000000 0.000000000000 -0.000000000000 -0.000000000000 0.000000000000 0.000000000000 -0.000000000000 0.000000000000 -0.000000000000 0.000000000000 0.000000000000 0.000000000000 -0.000000000000 -0.000000000000 -0.000000000000 0.000000000000 0.000000000000 -0.000000000000 -0.000000000000 -0.000000000000 0.000000000000 0.000000000000 -0.000000000000 -0.000000000000 0.000000000000 0.000000000000 0.000000000000 -0.000000000000 0.000000000000 -0.000000000000 0.000000000000 0.000000000000 -0.000000000000 0.000000000000 -0.000000000000
0.000000000000 -0.000000000000 -0.000000000000 0.000000000000 -0.000000000000 0.000000000000 -0.000000000000 0.000000000000 -0.000000000000 0.000000000000 0.000000000000 -0.000000000000 -0.000000000000 0.000000000000 -0.000000000000 0.000000000000 -0.000000000000 -0.000000000000 -0.000000000000 1.000000000000 -0.000000000000 0.000000000000 -0.000000000000 -0.000000000000 0.000000000000 0.000000000000 0.000000000000 -0.000000000000 0.000000000000 -0.000000000000 -0.000000000000 -0.000000000000 0.000000000000 -0.000000000000 -0.000000000000 0.000000000000 0.000000000000 0.000000000000 0.000000000000 -0.000000000000 -0.000000000000 0.000000000000 -0.000000000000 0.000000000000 -0.000000000000 0.000000000000 -0.000000000000 0.000000000000 -0.000000000000 -0.000000000000 -0.000000000000 -0.000000000000 0.000000000000 0.000000000000 -0.000000000000 -0.000000000000 0.000000000000 -0.000000000000 0.000000000000 -0.000000000000 0.000000000000 -0.000000000000 -0.000000000000 -0.000000000000 0.000000000000 -0.000000000000 -0.000000000000 0.000000000000 -0.000000000000 0.000000000000 0.000000000000 0.000000000000 -0.000000000000 -0.000000000000 -0.000000000000 0.000000000000 -0.000000000000 0.000000000000 -0.000000000000 -0.000000000000
0.000000000000 -0.000000000000 0.000000000000 -0.000000000000 0.000000000000 -0.000000000000 0.000000000000 -0.000000000000 -0.000000000000 0.000000000000 0.000000000000 -0.000000000000 0.000000000000 -0.000000000000 0.000000000000 0.000000000000 -0.000000000000 -0.000000000000 0.000000000000 -0.000000000000 1.000000000000 0.000000000000 0.000000000000 0.000000000000 -0.000000000000 0.000000000000 -0.000000000000 -0.000000000000 0.000000000000 -0.000000000000 0.000000000000 -0.000000000000 -0.000000000000 0.000000000000 -0.000000000000 0.000000000000 0.000000000000 0.000000000000 0.000000000000 0.000000000000 -0.000000000000 -0.000000000000 -0.000000000000 -0.000000000000 -0.000000000000 0.000000000000 -0.000000000000 -0.000000000000 -0.000000000000 -0.000000000000 0.000000000000 0.000000000000 0.000000000000 -0.000000000000 -0.000000000000 -0.000000000000 0.000000000000 0.000000000000 -0.000000000000 0.000000000000 0.000000000000 0.000000000000 -0.000000000000 0.000000000000 -0.000000000000 0.000000000000 0.000000000000 0.000000000000 0.000000000000 -0.000000000000 0.000000000000 -0.000000000000 0.000000000000 0.000000000000 -0.000000000000 0.000000000000 0.000000000000 -0.000000000000 -0.000000000000 -0.000000000000
-0.000000000000 -0.000000000000 -0.000000000000 0.000000000000 -0.000000000000 -0.000000000000 0.000000000000 -0.000000000000 0.000000000000 0.000000000000 0.000000000000 0.000000000000 0.000000000000 -0.000000000000 0.000000000000 -0.000000000000 -0.000000000000 -0.000000000000 0.000000000000 0.000000000000 0.000000000000 1.000000000000 0.000000000000 0.000000000000 -0.000000000000 -0.000000000000 0.000000000000 0.000000000000 0.000000000000 0.000000000000 0.000000000000 -0.000000000000 -0.000000000000 -0.000000000000 0.000000000000 0.000000000000 0.000000000000 0.000000000000 -0.000000000000 -0.000000000000 -0.000000000000 -0.000000000000 0.000000000000 -0.000000000000 0.000000000000 -0.000000000000 -0.000000000000 -0.000000000000 -0.000000000000 0.000000000000 0.000000000000 -0.000000000000 -0.000000000000 -0.000000000000 -0.000000000000 -0.000000000000 -0.000000000000 0.000000000000 -0.000000000000 -0.000000000000 0.000000000000 0.000000000000 -0.000000000000 -0.000000000000 -0.000000000000 -0.000000000000 0.000000000000 0.000000000000 -0.000000000000 -0.000000000000 0.000000000000 -0.000000000000 0.000000000000 -0.000000000000 0.000000000000 0.000000000000 0.000000000000 -0.000000000000 -0.000000000000 -0.000000000000
-0.000000000000 -0.000000000000 -0.000000000000 0.000000000000 -0.000000000000 -0.000000000000 -0.000000000000 -0.000000000000 0.000000000000 -0.000000000000 -0.000000000000 0.000000000000 0.000000000000 -0.000000000000 -0.000000000000 -0.000000000000 0.000000000000 0.000000000000 0.000000000000 -0.000000000000 0.000000000000 0.000000000000 1.000000000000 -0.000000000000 -0.000000000000 -0.000000000000 -0.000000000000 0.000000000000 0.000000000000 0.000000000000 0.000000000000 -0.000000000000 -0.000000000000 0.000000000000 0.000000000000 -0.000000000000 0.000000000000 0.000000000000 0.000000000000 0.000000000000 -0.000000000000 0.000000000000 -0.000000000000 -0.000000000000 -0.000000000000 0.000000000000 -0.000000000000 -0.000000000000 -0.000000000000 0.000000000000 0.000000000000 -0.000000000000 0.000000000000 0.000000000000 -0.000000000000 0.000000000000 -0.000000000000 0.000000000000 -0.000000000000 -0.000000000000 0.000000000000 0.000000000000 -0.000000000000 -0.000000000000 -0.000000000000 -0.000000000000 -0.000000000000 0.000000000000 0.000000000000 -0.000000000000 -0.000000000000 -0.000000000000 -0.000000000000 -0.000000000000 -0.000000000000 0.000000000000 0.000000000000 -0.000000000000 0.000000000000 0.000000000000
0.000000000000 -0.000000000000 -0.000000000000 0.000000000000 0.000000000000 0.000000000000 0.000000000000 -0.000000000000 -0.000000000000 -0.000000000000 0.000000000000 0.000000000000 0.000000000000 0.000000000000 0.000000000000 -0.000000000000 0.000000000000 0.000000000000 0.000000000000 -0.000000000000 0.000000000000 0.000000000000 -0.000000000000 1.000000000000 0.000000000000 0.000000000000 -0.000000000000 0.000000000000 0.000000000000 0.000000000000 -0.000000000000 -0.000000000000 -0.000000000000 -0.000000000000 0.000000000000 0.000000000000 -0.000000000000 0.000000000000 -0.000000000000 -0.000000000000 0.000000000000 0.000000000000 -0.000000000000 -0.000000000000 -0.000000000000 -0.000000000000 0.000000000000 0.000000000000 0.000000000000 -0.000000000000 -0.000000000000 -0.000000000000 0.000000000000 0.000000000000 -0.000000000000 0.000000000000 0.000000000000 0.000000000000 0.000000000000 0.000000000000 0.000000000000 0.000000000000 -0.000000000000 -0.000000000000 -0.000000000000 0.000000000000 -0.000000000000 -0.000000000000 -0.000000000000 -0.000000000000 0.000000000000 -0.000000000000 0.000000000000 -0.000000000000 -0.000000000000 -0.000000000000 0.000000000000 0.000000000000 0.000000000000 -0.000000000000
0.000000000000 -0.000000000000 -0.000000000000 -0.000000000000 -0.000000000000 0.000000000000 -0.000000000000 -0.000000000000 0.000000000000 0.000000000000 0.000000000000 -0.000000000000 0.000000000000 0.000000000000 0.000000000000 -0.000000000000 0.000000000000 0.000000000000 0.000000000000 0.000000000000 -0.000000000000 -0.000000000000 -0.000000000000 0.000000000000 1.000000000000 0.000000000000 0.000000000000 -0.000000000000 -0.000000000000 -0.000000000000 0.000000000000 -0.000000000000 -0.000000000000 0.000000000000 0.000000000000 0.000000000000 0.000000000000 -0.000000000000 0.000000000000 0.000000000000 -0.000000000000 -0.000000000000 0.000000000000 0.000000000000 0.000000000000 0.000000000000 0.000000000000 0.000000000000 -0.000000000000 -0.000000000000 0.000000000000 0.000000000000 -0.000000000000 -0.000000000000 0.000000000000 0.000000000000 -0.000000000000 0.000000000000 0.000000000000 0.000000000000 -0.000000000000 -0.000000000000 0.000000000000 0.000000000000 0.000000000000 -0.000000000000 -0.000000000000 0.000000000000 0.000000000000 0.000000000000 -0.000000000000 0.000000000000 0.000000000000 0.000000000000 -0.000000000000 0.000000000000 -0.000000000000 -0.000000000000 -0.000000000000 0.000000000000
0.000000000000 -0.000000000000 0.000000000000 -0.000000000000 -0.000000000000 0.000000000000 0.000000000000 0.000000000000 -0.000000000000 -0.000000000000 -0.000000000000 0.000000000000 0.000000000000 0.000000000000 -0.000000000000 0.000000000000 -0.000000000000 -0.000000000000 0.000000000000 0.000000000000 0.000000000000 -0.000000000000 -0.000000000000 0.000000000000 0.000000000000 1.000000000000 -0.000000000000 -0.000000000000 0.000000000000 -0.000000000000 0.000000000000 -0.000000000000 0.000000000000 0.000000000000 0.000000000000 0.000000000000 0.000000000000 -0.000000000000 0.000000000000 -0.000000000000 -0.000000000000 -0.000000000000 -0.000000000000 0.000000000000 0.000000000000 0.000000000000 -0.000000000000 -0.000000000000 0.000000000000 0.000000000000 0.000000000000 -0.000000000000 -0.000000000000 -0.000000000000 -0.000000000000 0.000000000000 -0.000000000000 -0.000000000000 0.000000000000 0.000000000000 0.000000000000 0.000000000000 0.000000000000 0.000000000000 -0.000000000000 0.000000000000 0.000000000000 0.000000000000 -0.000000000000 0.000000000000 0.000000000000 0.000000000000 0.000000000000 -0.000000000000 0.000000000000 0.000000000000 -0.000000000000 -0.000000000000 -0.000000000000 0.000000000000
0.000000000000 -0.000000000000 0.000000000000 0.000000000000 -0.000000000000 0.000000000000 0.000000000000 -0.000000000000 0.000000000000 -0.000000000000 -0.000000000000 -0.000000000000 0.000000000000 0.000000000000 0.000000000000 0.000000000000 0.000000000000 -0.000000000000 -0.000000000000 0.000000000000 -0.000000000000 0.000000000000 -0.000000000000 -0.000000000000 0.000000000000 -0.000000000000 1.000000000000 -0.000000000000 0.000000000000 -0.000000000000 0.000000000000 -0.000000000000 -0.000000000000 0.000000000000 0.000000000000 -0.000000000000 0.000000000000 0.000000000000 -0.000000000000 0.000000000000 -0.000000000000 0.000000000000 -0.000000000000 0.000000000000 0.000000000000 -0.000000000000 -0.000000000000 -0.000000000000 -0.000000000000 0.000000000000 0.000000000000 0.000000000000 -0.000000000000 0.000000000000 0.000000000000 -0.000000000000 0.000000000000 -0.000000000000 0.000000000000 0.000000000000 0.000000000000 0.000000000000 0.000000000000 -0.000000000000 -0.000000000000 -0.000000000000 0.000000000000 -0.000000000000 -0.000000000000 -0.000000000000 -0.000000000000 0.000000000000 0.000000000000 -0.000000000000 -0.000000000000 -0.000000000000 -0.000000000000 0.000000000000 0.000000000000 0.000000000000
-0.000000000000 -0.000000000000 0.000000000000 0.000000000000 -0.000000000000 0.000000000000 -0.000000000000 -0.000000000000 0.000000000000 -0.000000000000 -0.000000000000 -0.000000000000 -0.000000000000 -0.000000000000 -0.000000000000 0.000000000000 0.000000000000 0.000000000000 -0.000000000000 -0.000000000000 -0.000000000000 0.000000000000 -0.000000000000 0.000000000000 -0.000000000000 -0.000000000000 -0.000000000000 1.000000000000 0.000000000000 -0.000000000000 -0.000000000000 0.000000000000 -0.000000000000 -0.000000000000 -0.000000000000 -0.000000000000 -0.000000000000 0.000000000000 -0.000000000000 0.000000000000 -0.000000000000 -0.000000000000 -0.000000000000 -0.000000000000 -0.000000000000 -0.000000000000 -0.000000000000 0.000000000000 0.000000000000 -0.000000000000 -0.000000000000 0.000000000000 0.000000000000 -0.000000000000 0.000000000000 0.000000000000 -0.000000000000 -0.000000000000 -0.000000000000 -0.000000000000 0.000000000000 0.000000000000 0.000000000000 -0.000000000000 -0.000000000000 -0.000000000000 -0.000000000000 0.000000000000 -0.000000000000 -0.000000000000 -0.000000000000 -0.000000000000 0.000000000000 -0.000000000000 -0.000000000000 -0.000000000000 0.000000000000 -0.000000000000 -0.000000000000 -0.000000000000
0.000000000000 0.000000000000 0.000000000000 -0.000000000000 -0.000000000000 -0.000000000000 0.000000000000 -0.000000000000 -0.000000000000 0.000000000000 0.000000000000 0.000000000000 0.000000000000 -0.000000000000 -0.000000000000 -0.000000000000 -0.000000000000 -0.000000000000 0.000000000000 0.000000000000 0.000000000000 0.000000000000 0.000000000000 0.000000000000 -0.000000000000 0.000000000000 0.000000000000 0.000000000000 1.000000000000 -0.000000000000 0.000000000000 -0.000000000000 0.000000000000 0.000000000000 0.000000000000 0.000000000000 -0.000000000000 -0.000000000000 -0.000000000000 -0.000000000000 -0.000000000000 -0.000000000000 0.000000000000 -0.000000000000 -0.000000000000 -0.000000000000 0.000000000000 -0.000000000000 0.000000000000 -0.000000000000 0.000000000000 0.000000000000 -0.000000000000 -0.000000000000 0.000000000000 -0.000000000000 0.000000000000 -0.000000000000 0.000000000000 -0.000000000000 0.000000000000 -0.000000000000 -0.000000000000 0.000000000000 -0.000000000000 -0.000000000000 -0.000000000000 0.000000000000 0.000000000000 0.000000000000 0.000000000000 -0.000000000000 0.000000000000 0.000000000000 0.000000000000 0.000000000000 -0.000000000000 -0.000000000000 0.000000000000 -0.000000000000
0.000000000000 -0.000000000000 -0.000000000000 -0.000000000000 -0.000000000000 0.000000000000 -0.000000000000 0.000000000000 0.000000000000 0.000000000000 0.000000000000 0.000000000000 0.000000000000 -0.000000000000 0.000000000000 -0.000000000000 0.000000000000 0.000000000000 -0.000000000000 -0.000000000000 -0.000000000000 0.000000000000 0.000000000000 0.000000000000 -0.000000000000 -0.000000000000 -0.000000000000 -0.000000000000 -0.000000000000 1.000000000000 0.000000000000 -0.000000000000 -0.000000000000 0.000000000000 -0.000000000000 -0.000000000000 -0.000000000000 -0.000000000000 0.000000000000 -0.000000000000 0.000000000000 -0.000000000000 -0.000000000000 -0.000000000000 -0.000000000000 -0.000000000000 -0.000000000000 -0.000000000000 -0.000000000000 -0.000000000000 0.000000000000 -0.000000000000 -0.000000000000 0.000000000000 0.000000000000 0.000000000000 0.000000000000 0.000000000000 -0.000000000000 0.000000000000 -0.000000000000 -0.000000000000 0.000000000000 -0.000000000000 -0.000000000000 0.000000000000 0.000000000000 0.000000000000 -0.000000000000 0.000000000000 -0.000000000000 0.000000000000 0.000000000000 0.000000000000 0.000000000000 -0.000000000000 0.000000000000 -0.000000000000 -0.000000000000 0.000000000000
-0.000000000000 0.000000000000 0.000000000000 -0.000000000000 -0.000000000000 0.000000000000 -0.000000000000 0.000000000000 0.000000000000 0.000000000000 0.000000000000 0.000000000000 0.000000000000 -0.000000000000 -0.000000000000 0.000000000000 0.000000000000 0.000000000000 0.000000000000 -0.000000000000 0.000000000000 0.000000000000 0.000000000000 -0.000000000000 0.000000000000 0.000000000000 0.000000000000 -0.000000000000 0.000000000000 0.000000000000 1.000000000000 0.000000000000 -0.000000000000 0.000000000000 0.000000000000 0.000000000000 0.000000000000 0.000000000000 0.000000000000 -0.000000000000 0.000000000000 -0.000000000000 -0.000000000000 -0.000000000000 0.000000000000 0.000000000000 0.000000000000 -0.000000000000 0.000000000000 -0.000000000000 -0.000000000000 0.000000000000 -0.000000000000 0.000000000000 -0.000000000000 -0.000000000000 -0.000000000000 0.000000000000 -0.000000000000 -0.000000000000 -0.000000000000 -0.000000000000 0.000000000000 0.000000000000 0.000000000000 -0.000000000000 -0.000000000000 0.000000000000 0.000000000000 -0.000000000000 -0.000000000000 -0.000000000000 -0.000000000000 0.000000000000 -0.000000000000 0.000000000000 -0.000000000000 0.000000000000 0.000000000000 0.000000000000
-0.000000000000 0.000000000000 0.000000000000 0.000000000000 0.000000000000 -0.000000000000 -0.000000000000 -0.000000000000 -0.000000000000 -0.000000000000 0.000000000000 -0.000000000000 0.000000000000 -0.000000000000 0.000000000000 0.000000000000 0.000000000000 -0.000000000000 -0.000000000000 -0.000000000000 -0.000000000000 -0.000000000000 -0.000000000000 -0.000000000000 -0.000000000000 -0.000000000000 -0.000000000000 0.000000000000 -0.000000000000 -0.000000000000 0.000000000000 1.000000000000 0.000000000000 -0.000000000000 -0.000000000000 -0.000000000000 -0.000000000000 -0.000000000000 -0.000000000000 0.000000000000 0.000000000000 -0.000000000000 0.000000000000 0.000000000000 -0.000000000000 0.000000000000 0.000000000000 0.000000000000 0.000000000000 -0.000000000000 -0.000000000000 0.000000000000 -0.000000000000 0.000000000000 0.000000000000 0.000000000000 -0.000000000000 0.000000000000 0.000000000000 0.000000000000 -0.000000000000 0.000000000000 0.000000000000 -0.000000000000 0.000000000000 0.000000000000 -0.000000000000 0.000000000000 0.000000000000 0.000000000000 0.000000000000 0.000000000000 -0.000000000000 -0.000000000000 0.000000000000 -0.000000000000 -0.000000000000 0.000000000000 -0.000000000000 -0.000000000000
-0.000000000000 0.000000000000 0.000000000000 0.000000000000 0.000000000000 0.000000000000 -0.000000000000 0.000000000000 -0.000000000000 -0.000000000000 -0.000000000000 -0.000000000000 -0.000000000000 -0.000000000000 0.000000000000 0.000000000000 0.000000000000 -0.000000000000 0.000000000000 0.000000000000 -0.000000000000 -0.000000000000 -0.000000000000 -0.000000000000 -0.000000000000 0.000000000000 -0.000000000000 -0.000000000000 0.000000000000 -0.000000000000 -0.000000000000 0.000000000000 1.000000000000 -0.000000000000 0.000000000000 -0.000000000000 -0.000000000000 -0.000000000000 0.000000000000 0.000000000000 -0.000000000000 -0.000000000000 -0.000000000000 0.000000000000 -0.000000000000 -0.000000000000 -0.000000000000 -0.000000000000 -0.000000000000 0.000000000000 0.000000000000 -0.000000000000 -0.000000000000 0.000000000000 0.000000000000 -0.000000000000 0.000000000000 -0.000000000000 -0.000000000000 -0.000000000000 0.000000000000 -0.000000000000 0.000000000000 -0.000000000000 0.000000000000 0.000000000000 -0.000000000000 -0.000000000000 0.000000000000 0.000000000000 -0.000000000000 -0.000000000000 -0.000000000000 -0.000000000000 -0.000000000000 -0.000000000000 0.000000000000 0.000000000000 -0.000000000000 0.000000000000
-0.000000000000 0.000000000000 -0.000000000000 -0.000000000000 0.000000000000 -0.000000000000 -0.000000000000 0.000000000000 -0.000000000000 0.000000000000 0.000000000000 0.000000000000 -0.000000000000 -0.000000000000 0.000000000000 0.000000000000 0.000000000000 -0.000000000000 0.000000000000 -0.000000000000 0.000000000000 -0.000000000000 0.000000000000 -0.000000000000 0.000000000000 0.000000000000 0.000000000000 -0.000000000000 0.000000000000 0.000000000000 0.000000000000 -0.000000000000 -0.000000000000 1.000000000000 -0.000000000000 -0.000000000000 -0.000000000000 0.000000000000 0.000000000000 -0.000000000000 0.000000000000 -0.000000000000 0.000000000000 0.000000000000 -0.000000000000 0.000000000000 -0.000000000000 -0.000000000000 -0.000000000000 -0.000000000000 -0.000000000000 0.000000000000 -0.000000000000 -0.000000000000 0.000000000000 -0.000000000000 0.000000000000 -0.000000000000 -0.000000000000 0.000000000000 -0.000000000000 -0.000000000000 -0.000000000000 0.000000000000 0.000000000000 0.000000000000 -0.000000000000 -0.000000000000 0.000000000000 -0.000000000000 0.000000000000 0.000000000000 -0.000000000000 0.000000000000 0.000000000000 -0.000000000000 -0.000000000000 0.000000000000 -0.000000000000 -0.000000000000
-0.000000000000 -0.000000000000 0.000000000000 -0.000000000000 0.000000000000 0.000000000000 -0.000000000000 0.000000000000 -0.000000000000 0.000000000000 0.000000000000 0.000000000000 -0.000000000000 0.000000000000 -0.000000000000 -0.000000000000 -0.000000000000 -0.000000000000 0.000000000000 -0.000000000000 -0.000000000000 0.000000000000 0.000000000000 0.000000000000 0.000000000000 0.000000000000 0.000000000000 -0.000000000000 0.000000000000 -0.000000000000 0.000000000000 -0.000000000000 0.000000000000 -0.000000000000 1.000000000000 0.000000000000 0.000000000000 0.000000000000 0.000000000000 -0.000000000000 -0.000000000000 -0.000000000000 0.000000000000 0.000000000000 -0.000000000000 -0.000000000000 0.000000000000 0.000000000000 -0.000000000000 -0.000000000000 0.000000000000 -0.000000000000 0.000000000000 0.000000000000 0.000000000000 -0.000000000000 -0.000000000000 -0.000000000000 -0.000000000000 -0.000000000000 -0.000000000000 0.000000000000 0.000000000000 0.000000000000 -0.000000000000 -0.000000000000 -0.000000000000 0.000000000000 -0.000000000000 -0.000000000000 -0.000000000000 -0.000000000000 -0.000000000000 -0.000000000000 -0.000000000000 -0.000000000000 0.000000000000 0.000000000000 -0.000000000000 0.000000000000
0.000000000000 -0.000000000000 -0.000000000000 -0.000000000000 0.000000000000 -0.000000000000 0.000000000000 -0.000000000000 0.000000000000 -0.000000000000 0.000000000000 0.000000000000 -0.000000000000 -0.000000000000 0.000000000000 -0.000000000000 0.000000000000 -0.000000000000 0.000000000000 0.000000000000 0.000000000000 0.000000000000 -0.000000000000 0.000000000000 0.000000000000 0.000000000000 -0.000000000000 -0.000000000000 0.000000000000 -0.000000000000 0.000000000000 -0.000000000000 -0.000000000000 -0.000000000000 0.000000000000 1.000000000000 -0.000000000000 0.000000000000 -0.000000000000 -0.000000000000 -0.000000000000 -0.000000000000 0.000000000000 -0.000000000000 0.000000000000 -0.000000000000 0.000000000000 0.000000000000 0.000000000000 0.000000000000 0.000000000000 0.000000000000 -0.000000000000 -0.000000000000 0.000000000000 0.000000000000 -0.000000000000 -0.000000000000 0.000000000000 -0.000000000000 0.000000000000 0.000000000000 0.000000000000 -0.000000000000 0.000000000000 -0.000000000000 -0.000000000000 0.000000000000 -0.000000000000 0.000000000000 -0.000000000000 -0.000000000000 -0.000000000000 -0.000000000000 0.000000000000 0.000000000000 0.000000000000 0.000000000000 0.000000000000 -0.000000000000
-0.000000000000 -0.000000000000 -0.000000000000 -0.000000000000 0.000000000000 -0.000000000000 -0.000000000000 0.000000000000 -0.000000000000 -0.000000000000 0.000000000000 0.000000000000 -0.000000000000 0.000000000000 -0.000000000000 0.000000000000 0.000000000000 -0.000000000000 0.000000000000 0.000000000000 0.000000000000 0.000000000000 0.000000000000 -0.000000000000 0.000000000000 0.000000000000 0.000000000000 -0.000000000000 -0.000000000000 -0.000000000000 0.000000000000 -0.000000000000 -0.000000000000 -0.000000000000 0.000000000000 -0.000000000000 1.000000000000 -0.000000000000 -0.000000000000 0.000000000000 0.000000000000 0.000000000000 0.000000000000 -0.000000000000 0.000000000000 0.000000000000 -0.000000000000 0.000000000000 -0.000000000000 0.000000000000 0.000000000000 -0.000000000000 0.000000000000 -0.000000000000 0.000000000000 -0.000000000000 -0.000000000000 0.000000000000 0.000000000000 0.000000000000 0.000000000000 -0.000000000000 0.000000000000 -0.000000000000 0.000000000000 -0.000000000000 -0.000000000000 -0.000000000000 0.000000000000 -0.000000000000 0.000000000000 -0.000000000000 0.000000000000 0.000000000000 0.000000000000 0.000000000000 0.000000000000 -0.000000000000 0.000000000000 0.000000000000
-0.000000000000 0.000000000000 -0.000000000000 0.000000000000 -0.000000000000 0.000000000000 0.000000000000 0.000000000000 0.000000000000 -0.000000000000 0.000000000000 0.000000000000 0.000000000000 -0.000000000000 -0.000000000000 -0.000000000000 -0.000000000000 0.000000000000 -0.000000000000 0.000000000000 0.000000000000 0.000000000000 0.000000000000 0.000000000000 -0.000000000000 -0.000000000000 0.000000000000 0.000000000000 -0.000000000000 -0.000000000000 0.000000000000 -0.000000000000 -0.000000000000 0.000000000000 0.000000000000 0.000000000000 -0.000000000000 1.000000000000 0.000000000000 0.000000000000 -0.000000000000 -0.000000000000 -0.000000000000 0.000000000000 -0.000000000000 0.000000000000 -0.000000000000 -0.000000000000 0.000000000000 0.000000000000 -0.000000000000 -0.000000000000 0.000000000000 -0.000000000000 0.000000000000 -0.000000000000 -0.000000000000 -0.000000000000 0.000000000000 -0.000000000000 0.000000000000 -0.000000000000 -0.000000000000 0.000000000000 -0.000000000000 0.000000000000 -0.000000000000 -0.000000000000 0.000000000000 0.000000000000 -0.000000000000 0.000000000000 -0.000000000000 -0.000000000000 -0.000000000000 0.000000000000 -0.000000000000 -0.000000000000 -0.000000000000 0.000000000000
0.000000000000 -0.000000000000 -0.000000000000 0.000000000000 -0.000000000000 0.000000000000 0.000000000000 0.000000000000 0.000000000000 0.000000000000 -0.000000000000 -0.000000000000 0.000000000000 -0.000000000000 -0.000000000000 0.000000000000 -0.000000000000 0.000000000000 -0.000000000000 0.000000000000 0.000000000000 -0.000000000000 0.000000000000 -0.000000000000 0.000000000000 0.000000000000 -0.000000000000 -0.000000000000 -0.000000000000 0.000000000000 0.000000000000 -0.000000000000 0.000000000000 0.000000000000 0.000000000000 -0.000000000000 -0.000000000000 0.000000000000 1.000000000000 -0.000000000000 0.000000000000 -0.000000000000 -0.000000000000 0.000000000000 0.000000000000 0.000000000000 -0.000000000000 -0.000000000000 0.000000000000 0.000000000000 -0.000000000000 -0.000000000000 0.000000000000 -0.000000000000 0.000000000000 -0.000000000000 -0.000000000000 0.000000000000 -0.000000000000 -0.000000000000 0.000000000000 0.000000000000 -0.000000000000 0.000000000000 0.000000000000 -0.000000000000 -0.000000000000 -0.000000000000 0.000000000000 -0.000000000000 0.000000000000 0.000000000000 0.000000000000 -0.000000000000 0.000000000000 0.000000000000 0.000000000000 -0.000000000000 0.000000000000 -0.000000000000
0.000000000000 0.000000000000 -0.000000000000 -0.000000000000 -0.000000000000 0.000000000000 0.000000000000 0.000000000000 0.000000000000 0.000000000000 0.000000000000 -0.000000000000 -0.000000000000 -0.000000000000 0.000000000000 0.000000000000 -0.000000000000 -0.000000000000 -0.000000000000 -0.000000000000 0.000000000000 -0.000000000000 0.000000000000 -0.000000000000 0.000000000000 -0.000000000000 0.000000000000 0.000000000000 -0.000000000000 -0.000000000000 -0.000000000000 0.000000000000 0.000000000000 -0.000000000000 -0.000000000000 -0.000000000000 0.000000000000 0.000000000000 -0.000000000000 1.000000000000 -0.000000000000 0.000000000000 0.000000000000 0.000000000000 -0.000000000000 0.000000000000 -0.000000000000 0.000000000000 -0.000000000000 -0.000000000000 -0.000000000000 -0.000000000000 -0.000000000000 0.000000000000 -0.000000000000 0.000000000000 0.000000000000 0.000000000000 0.000000000000 0.000000000000 -0.000000000000 -0.000000000000 -0.000000000000 0.000000000000 0.000000000000 -0.000000000000 0.000000000000 0.000000000000 0.000000000000 -0.000000000000 -0.000000000000 -0.000000000000 -0.000000000000 0.000000000000 0.000000000000 0.000000000000 -0.000000000000 -0.000000000000 -0.000000000000 0.000000000000
-0.000000000000 -0.000000000000 -0.000000000000 0.000000000000 -0.000000000000 -0.000000000000 -0.000000000000 0.000000000000 0.000000000000 0.000000000000 -0.000000000000 -0.000000000000 -0.000000000000 0.000000000000 -0.000000000000 0.000000000000 0.000000000000 0.000000000000 0.000000000000 -0.000000000000 -0.000000000000 -0.000000000000 -0.000000000000 0.000000000000 -0.000000000000 -0.000000000000 -0.000000000000 -0.000000000000 -0.000000000000 0.000000000000 0.000000000000 0.000000000000 -0.000000000000 0.000000000000 -0.000000000000 -0.000000000000 0.000000000000 -0.000000000000 0.000000000000 -0.000000000000 1.000000000000 0.000000000000 0.000000000000 -0.000000000000 0.000000000000 -0.000000000000 0.000000000000 -0.000000000000 -0.000000000000 -0.000000000000 -0.000000000000 0.000000000000 0.000000000000 0.000000000000 0.000000000000 -0.000000000000 -0.000000000000 0.000000000000 -0.000000000000 -0.000000000000 -0.000000000000 -0.000000000000 -0.000000000000 0.000000000000 -0.000000000000 0.000000000000 0.000000000000 0.000000000000 -0.000000000000 0.000000000000 0.000000000000 -0.000000000000 0.000000000000 0.000000000000 0.000000000000 -0.000000000000 -0.000000000000 -0.000000000000 -0.000000000000 -0.000000000000
0.000000000000 -0.000000000000 -0.000000000000 -0.000000000000 -0.000000000000 0.000000000000 -0.000000000000 -0.000000000000 -0.000000000000 0.000000000000 -0.000000000000 -0.000000000000 0.000000000000 -0.000000000000 0.000000000000 -0.000000000000 -0.000000000000 -0.000000000000 0.000000000000 0.000000000000 -0.000000000000 -0.000000000000 0.000000000000 0.000000000000 -0.000000000000 -0.000000000000 0.000000000000 -0.000000000000 -0.000000000000 -0.000000000000 0.000000000000 -0.000000000000 -0.000000000000 -0.000000000000 -0.000000000000 -0.000000000000 0.000000000000 -0.000000000000 -0.000000000000 0.000000000000 0.000000000000 1.000000000000 -0.000000000000 -0.000000000000 0.000000000000 0.000000000000 0.000000000000 -0.000000000000 0.000000000000 0.000000000000 -0.000000000000 -0.000000000000 -0.000000000000 0.000000000000 -0.000000000000 0.000000000000 0.000000000000 0.000000000000 0.000000000000 -0.000000000000 0.000000000000 -0.000000000000 -0.000000000000 -0.000000000000 0.000000000000 -0.000000000000 0.000000000000 0.000000000000 -0.000000000000 0.000000000000 -0.000000000000 0.000000000000 -0.000000000000 -0.000000000000 0.000000000000 -0.000000000000 -0.000000000000 0.000000000000 -0.000000000000 -0.000000000000
0.000000000000 0.000000000000 -0.000000000000 0.000000000000 0.000000000000 -0.000000000000 -0.000000000000 -0.000000000000 -0.000000000000 0.000000000000 -0.000000000000 0.000000000000 0.000000000000 0.000000000000 -0.000000000000 -0.000000000000 -0.000000000000 0.000000000000 -0.000000000000 -0.000000000000 -0.000000000000 0.000000000000 -0.000000000000 -0.000000000000 0.000000000000 -0.000000000000 -0.000000000000 -0.000000000000 0.000000000000 -0.000000000000 -0.000000000000 0.000000000000 -0.000000000000 0.000000000000 0.000000000000 0.000000000000 0.000000000000 -0.000000000000 -0.000000000000 0.000000000000 0.000000000000 -0.000000000000 1.000000000000 -0.000000000000 0.000000000000 -0.000000000000 0.000000000000 -0.000000000000 -0.000000000000 0.000000000000 0.000000000000 0.000000000000 -0.000000000000 -0.000000000000 -0.000000000000 -0.000000000000 0.000000000000 -0.000000000000 0.000000000000 -0.000000000000 -0.000000000000 -0.000000000000 -0.000000000000 -0.000000000000 -0.000000000000 0.000000000000 -0.000000000000 -0.000000000000 -0.000000000000 0.000000000000 0.000000000000 0.000000000000 -0.000000000000 -0.000000000000 0.000000000000 0.000000000000 0.000000000000 0.000000000000 -0.000000000000 -0.000000000000
-0.000000000000 -0.000000000000 -0.000000000000 -0.000000000000 0.000000000000 0.000000000000 -0.000000000000 -0.000000000000 -0.000000000000 0.000000000000 -0.000000000000 -0.000000000000 0.000000000000 0.000000000000 -0.000000000000 0.000000000000 -0.000000000000 0.000000000000 0.000000000000 0.000000000000 -0.000000000000 -0.000000000000 -0.000000000000 -0.000000000000 0.000000000000 0.000000000000 0.000000000000 -0.000000000000 -0.000000000000 -0.000000000000 -0.000000000000 0.000000000000 0.000000000000 0.000000000000 0.000000000000 -0.000000000000 -0.000000000000 0.000000000000 0.000000000000 0.000000000000 -0.000000000000 -0.000000000000 -0.000000000000 1.000000000000 0.000000000000 0.000000000000 -0.000000000000 0.000000000000 0.000000000000 0.000000000000 0.000000000000 -0.000000000000 -0.000000000000 -0.000000000000 0.000000000000 0.000000000000 0.000000000000 -0.000000000000 0.000000000000 0.000000000000 -0.000000000000 0.000000000000 -0.000000000000 -0.000000000000 0.000000000000 -0.000000000000 0.000000000000 0.000000000000 -0.000000000000 0.000000000000 -0.000000000000 0.000000000000 -0.000000000000 0.000000000000 0.000000000000 -0.000000000000 -0.000000000000 0.000000000000 0.000000000000 -0.000000000000
0.000000000000 0.000000000000 -0.000000000000 -0.000000000000 0.000000000000 -0.000000000000 0.000000000000 -0.000000000000 0.000000000000 0.000000000000 -0.000000000000 0.000000000000 -0.000000000000 -0.000000000000 0.000000000000 -0.000000000000 -0.000000000000 -0.000000000000 -0.000000000000 -0.000000000000 -0.000000000000 0.000000000000 -0.000000000000 -0.000000000000 0.000000000000 0.000000000000 0.000000000000 -0.000000000000 -0.000000000000 -0.000000000000 0.000000000000 -0.000000000000 -0.000000000000 -0.000000000000 -0.000000000000 0.000000000000 0.000000000000 -0.000000000000 0.000000000000 -0.000000000000 0.000000000000 0.000000000000 0.000000000000 0.000000000000 1.000000000000 -0.000000000000 0.000000000000 0.000000000000 -0.000000000000 -0.000000000000 -0.000000000000 -0.000000000000 -0.000000000000 -0.000000000000 -0.000000000000 0.000000000000 0.000000000000 -0.000000000000 -0.000000000000 0.000000000000 -0.000000000000 -0.000000000000 -0.000000000000 -0.000000000000 0.000000000000 -0.000000000000 0.000000000000 0.000000000000 0.000000000000 -0.000000000000 0.000000000000 -0.000000000000 -0.000000000000 0.000000000000 -0.000000000000 -0.000000000000 -0.000000000000 -0.000000000000 0.000000000000 0.000000000000
0.000000000000 -0.000000000000 -0.000000000000 0.000000000000 -0.000000000000 0.000000000000 -0.000000000000 -0.000000000000 0.000000000000 0.000000000000 0.000000000000 -0.000000000000 -0.000000000000 0.000000000000 -0.000000000000 -0.000000000000 -0.000000000000 0.000000000000 0.000000000000 0.000000000000 0.000000000000 -0.000000000000 0.000000000000 -0.000000000000 0.000000000000 0.000000000000 -0.000000000000 -0.000000000000 -0.000000000000 -0.000000000000 0.000000000000 0.000000000000 -0.000000000000 0.000000000000 -0.000000000000 -0.000000000000 0.000000000000 0.000000000000 0.000000000000 0.000000000000 -0.000000000000 0.000000000000 -0.000000000000 0.000000000000 -0.000000000000 1.000000000000 0.000000000000 0.000000000000 -0.000000000000 0.000000000000 -0.000000000000 -0.000000000000 0.000000000000 -0.000000000000 0.000000000000 0.000000000000 0.000000000000 -0.000000000000 -0.000000000000 -0.000000000000 0.000000000000 0.000000000000 -0.000000000000 -0.000000000000 -0.000000000000 0.000000000000 -0.000000000000 0.000000000000 0.000000000000 -0.000000000000 0.000000000000 0.000000000000 0.000000000000 0.000000000000 -0.000000000000 0.000000000000 0.000000000000 -0.000000000000 -0.000000000000 -0.000000000000
-0.000000000000 -0.000000000000 -0.000000000000 -0.000000000000 0.000000000000 -0.000000000000 0.000000000000 -0.000000000000 -0.000000000000 0.000000000000 -0.000000000000 -0.000000000000 0.000000000000 -0.000000000000 -0.000000000000 -0.000000000000 0.000000000000 0.000000000000 0.000000000000 -0.000000000000 -0.000000000000 -0.000000000000 -0.000000000000 0.000000000000 0.000000000000 -0.000000000000 -0.000000000000 -0.000000000000 0.000000000000 -0.000000000000 0.000000000000 0.000000000000 -0.000000000000 -0.000000000000 0.000000000000 0.000000000000 -0.000000000000 -0.000000000000 -0.000000000000 -0.000000000000 0.000000000000 0.000000000000 0.000000000000 -0.000000000000 0.000000000000 0.000000000000 1.000000000000 0.000000000000 0.000000000000 0.000000000000 0.000000000000 0.000000000000 0.000000000000 -0.000000000000 -0.000000000000 -0.000000000000 0.000000000000 0.000000000000 0.000000000000 -0.000000000000 0.000000000000 0.000000000000 0.000000000000 0.000000000000 -0.000000000000 -0.000000000000 -0.000000000000 -0.000000000000 -0.000000000000 -0.000000000000 0.000000000000 0.000000000000 -0.000000000000 -0.000000000000 -0.000000000000 0.000000000000 -0.000000000000 0.000000000000 -0.000000000000 -0.000000000000
0.000000000000 -0.000000000000 -0.000000000000 -0.000000000000 0.000000000000 0.000000000000 -0.000000000000 -0.000000000000 -0.000000000000 -0.000000000000 -0.000000000000 0.000000000000 0.000000000000 0.000000000000 -0.000000000000 0.000000000000 0.000000000000 -0.000000000000 -0.000000000000 0.000000000000 -0.000000000000 -0.000000000000 -0.000000000000 0.000000000000 0.000000000000 -0.000000000000 -0.000000000000 0.000000000000 -0.000000000000 -0.000000000000 -0.000000000000 0.000000000000 -0.000000000000 -0.000000000000 0.000000000000 0.000000000000 0.000000000000 -0.000000000000 -0.000000000000 0.000000000000 -0.000000000000 -0.000000000000 -0.000000000000 0.000000000000 0.000000000000 0.000000000000 0.000000000000 1.000000000000 0.000000000000 0.000000000000 -0.000000000000 -0.000000000000 0.000000000000 -0.000000000000 0.000000000000 0.000000000000 -0.000000000000 0.000000000000 0.000000000000 0.000000000000 0.000000000000 0.000000000000 -0.000000000000 0.000000000000 -0.000000000000 -0.000000000000 -0.000000000000 -0.000000000000 -0.000000000000 -0.000000000000 0.000000000000 0.000000000000 -0.000000000000 -0.000000000000 -0.000000000000 -0.000000000000 -0.000000000000 -0.000000000000 -0.000000000000 0.000000000000
0.000000000000 0.000000000000 -0.000000000000 0.000000000000 0.000000000000 -0.000000000000 -0.000000000000 0.000000000000 -0.000000000000 -0.000000000000 0.000000000000 0.000000000000 0.000000000000 -0.000000000000 -0.000000000000 0.000000000000 0.000000000000 0.000000000000 -0.000000000000 -0.000000000000 -0.000000000000 -0.000000000000 -0.000000000000 0.000000000000 -0.000000000000 0.000000000000 -0.000000000000 0.000000000000 0.000000000000 -0.000000000000 0.000000000000 0.000000000000 -0.000000000000 -0.000000000000 -0.000000000000 0.000000000000 -0.000000000000 0.000000000000 0.000000000000 -0.000000000000 -0.000000000000 0.000000000000 -0.000000000000 0.000000000000 -0.000000000000 -0.000000000000 0.000000000000 0.000000000000 1.000000000000 0.000000000000 0.000000000000 0.000000000000 -0.000000000000 0.000000000000 -0.000000000000 -0.000000000000 -0.000000000000 0.000000000000 -0.000000000000 0.000000000000 -0.000000000000 0.000000000000 0.000000000000 0.000000000000 0.000000000000 0.000000000000 -0.000000000000 0.000000000000 -0.000000000000 0.000000000000 0.000000000000 0.000000000000 -0.000000000000 -0.000000000000 0.000000000000 0.000000000000 -0.000000000000 -0.000000000000 0.000000000000 -0.000000000000
0.000000000000 0.000000000000 0.000000000000 -0.000000000000 -0.000000000000 0.000000000000 0.000000000000 -0.000000000000 0.000000000000 -0.000000000000 0.000000000000 0.000000000000 0.000000000000 -0.000000000000 0.000000000000 -0.000000000000 -0.000000000000 -0.000000000000 0.000000000000 -0.000000000000 -0.000000000000 0.000000000000 0.000000000000 -0.000000000000 -0.000000000000 0.000000000000 0.000000000000 -0.000000000000 -0.000000000000 -0.000000000000 -0.000000000000 -0.000000000000 0.000000000000 -0.000000000000 -0.000000000000 0.000000000000 0.000000000000 0.000000000000 0.000000000000 -0.000000000000 -0.000000000000 0.000000000000 0.000000000000 0.000000000000 -0.000000000000 0.000000000000 0.000000000000 0.000000000000 0.000000000000 1.000000000000 -0.000000000000 -0.000000000000 -0.000000000000 0.000000000000 -0.000000000000 -0.000000000000 0.000000000000 0.000000000000 0.000000000000 0.000000000000 -0.000000000000 0.000000000000 0.000000000000 0.000000000000 -0.000000000000 -0.000000000000 -0.000000000000 0.000000000000 0.000000000000 -0.000000000000 0.000000000000 -0.000000000000 0.000000000000 0.000000000000 -0.000000000000 0.000000000000 0.000000000000 -0.000000000000 -0.000000000000 0.000000000000
-0.000000000000 -0.000000000000 0.000000000000 -0.000000000000 -0.000000000000 0.000000000000 -0.000000000000 0.000000000000 -0.000000000000 -0.000000000000 -0.000000000000 0.000000000000 0.000000000000 0.000000000000 -0.000000000000 -0.000000000000 -0.000000000000 -0.000000000000 0.000000000000 -0.000000000000 0.000000000000 0.000000000000 0.000000000000 -0.000000000000 0.000000000000 0.000000000000 0.000000000000 -0.000000000000 0.000000000000 0.000000000000 -0.000000000000 -0.000000000000 0.000000000000 -0.000000000000 0.000000000000 0.000000000000 0.000000000000 -0.000000000000 -0.000000000000 -0.000000000000 -0.000000000000 -0.000000000000 0.000000000000 0.000000000000 -0.000000000000 -0.000000000000 0.000000000000 -0.000000000000 0.000000000000 -0.000000000000 1.000000000000 0.000000000000 -0.000000000000 0.000000000000 -0.000000000000 -0.000000000000 -0.000000000000 0.000000000000 0.000000000000 -0.000000000000 -0.000000000000 0.000000000000 0.000000000000 0.000000000000 -0.000000000000 -0.000000000000 -0.000000000000 -0.000000000000 -0.000000000000 0.000000000000 -0.000000000000 0.000000000000 0.000000000000 0.000000000000 -0.000000000000 -0.000000000000 0.000000000000 -0.000000000000 -0.000000000000 -0.000000000000
-0.000000000000 -0.000000000000 -0.000000000000 0.000000000000 -0.000000000000 -0.000000000000 -0.000000000000 0.000000000000 -0.000000000000 0.000000000000 -0.000000000000 0.000000000000 -0.000000000000 -0.000000000000 0.000000000000 -0.000000000000 0.000000000000 -0.000000000000 -0.000000000000 -0.000000000000 0.000000000000 -0.000000000000 -0.000000000000 -0.000000000000 0.000000000000 -0.000000000000 0.000000000000 0.000000000000 0.000000000000 -0.000000000000 0.000000000000 0.000000000000 -0.000000000000 0.000000000000 -0.000000000000 0.000000000000 -0.000000000000 -0.000000000000 -0.000000000000 -0.000000000000 0.000000000000 -0.000000000000 0.000000000000 -0.000000000000 -0.000000000000 -0.000000000000 0.000000000000 -0.000000000000 0.000000000000 -0.000000000000 0.000000000000 1.000000000000 -0.000000000000 -0.000000000000 0.000000000000 0.000000000000 -0.000000000000 -0.000000000000 -0.000000000000 0.000000000000 0.000000000000 -0.000000000000 0.000000000000 0.000000000000 0.000000000000 -0.000000000000 0.000000000000 -0.000000000000 0.000000000000 -0.000000000000 0.000000000000 -0.000000000000 -0.000000000000 0.000000000000 0.000000000000 -0.000000000000 -0.000000000000 0.000000000000 -0.000000000000 -0.000000000000
-0.000000000000 -0.000000000000 -0.000000000000 0.000000000000 -0.000000000000 0.000000000000 -0.000000000000 0.000000000000 -0.000000000000 0.000000000000 0.000000000000 -0.000000000000 0.000000000000 -0.000000000000 -0.000000000000 -0.000000000000 -0.000000000000 0.000000000000 0.000000000000 0.000000000000 0.000000000000 -0.000000000000 0.000000000000 0.000000000000 -0.000000000000 -0.000000000000 -0.000000000000 0.000000000000 -0.000000000000 -0.000000000000 -0.000000000000 -0.000000000000 -0.000000000000 -0.000000000000 0.000000000000 -0.000000000000 0.000000000000 0.000000000000 0.000000000000 -0.000000000000 0.000000000000 -0.000000000000 -0.000000000000 -0.000000000000 -0.000000000000 0.000000000000 0.000000000000 0.000000000000 -0.000000000000 -0.000000000000 -0.000000000000 -0.000000000000 1.000000000000 0.000000000000 -0.000000000000 -0.000000000000 -0.000000000000 -0.000000000000 -0.000000000000 0.000000000000 -0.000000000000 -0.000000000000 -0.000000000000 0.000000000000 0.000000000000 -0.000000000000 0.000000000000 0.000000000000 0.000000000000 0.000000000000 -0.000000000000 0.000000000000 0.000000000000 0.000000000000 0.000000000000 0.000000000000 -0.000000000000 0.000000000000 0.000000000000 0.000000000000
-0.000000000000 0.000000000000 0.000000000000 0.000000000000 -0.000000000000 0.000000000000 -0.000000000000 0.000000000000 -0.000000000000 0.000000000000 -0.000000000000 0.000000000000 0.000000000000 0.000000000000 -0.000000000000 0.000000000000 0.000000000000 0.000000000000 -0.000000000000 0.000000000000 -0.000000000000 -0.000000000000 0.000000000000 0.000000000000 -0.000000000000 -0.000000000000 0.000000000000 -0.000000000000 -0.000000000000 0.000000000000 0.000000000000 0.000000000000 0.000000000000 -0.000000000000 0.000000000000 -0.000000000000 -0.000000000000 -0.000000000000 -0.000000000000 0.000000000000 0.000000000000 0.000000000000 -0.000000000000 -0.000000000000 -0.000000000000 -0.000000000000 -0.000000000000 -0.000000000000 0.000000000000 0.000000000000 0.000000000000 -0.000000000000 0.000000000000 1.000000000000 0.000000000000 -0.000000000000 -0.000000000000 -0.000000000000 0.000000000000 0.000000000000 -0.000000000000 -0.000000000000 0.000000000000 0.000000000000 -0.000000000000 -0.000000000000 -0.000000000000 -0.000000000000 0.000000000000 0.000000000000 -0.000000000000 -0.000000000000 -0.000000000000 -0.000000000000 0.000000000000 -0.000000000000 -0.000000000000 0.000000000000 0.000000000000 0.000000000000
0.000000000000 -0.000000000000 -0.000000000000 -0.000000000000 0.000000000000 -0.000000000000 -0.000000000000 -0.000000000000 0.000000000000 -0.000000000000 0.000000000000 0.000000000000 -0.000000000000 -0.000000000000 -0.000000000000 -0.000000000000 -0.000000000000 0.000000000000 0.000000000000 -0.000000000000 -0.000000000000 -0.000000000000 -0.000000000000 -0.000000000000 0.000000000000 -0.000000000000 0.000000000000 0.000000000000 0.000000000000 0.000000000000 -0.000000000000 0.000000000000 0.000000000000 0.000000000000 0.000000000000 0.000000000000 0.000000000000 0.000000000000 0.000000000000 -0.000000000000 0.000000000000 -0.000000000000 -0.000000000000 0.000000000000 -0.000000000000 0.000000000000 -0.000000000000 0.000000000000 -0.000000000000 -0.000000000000 -0.000000000000 0.000000000000 -0.000000000000 0.000000000000 1.000000000000 -0.000000000000 -0.000000000000 -0.000000000000 -0.000000000000 0.000000000000 -0.000000000000 -0.000000000000 0.000000000000 0.000000000000 -0.000000000000 -0.000000000000 -0.000000000000 -0.000000000000 0.000000000000 -0.000000000000 0.000000000000 0.000000000000 0.000000000000 -0.000000000000 -0.000000000000 0.000000000000 0.000000000000 -0.000000000000 0.000000000000 0.000000000000
0.000000000000 0.000000000000 -0.000000000000 0.000000000000 0.000000000000 0.000000000000 0.000000000000 -0.000000000000 0.000000000000 0.000000000000 -0.000000000000 0.000000000000 0.000000000000 -0.000000000000 -0.000000000000 -0.000000000000 0.000000000000 0.000000000000 0.000000000000 -0.000000000000 -0.000000000000 0.000000000000 0.000000000000 0.000000000000 0.000000000000 0.000000000000 -0.000000000000 0.000000000000 -0.000000000000 0.000000000000 -0.000000000000 0.000000000000 -0.000000000000 -0.000000000000 -0.000000000000 0.000000000000 -0.000000000000 -0.000000000000 -0.000000000000 0.000000000000 -0.000000000000 0.000000000000 -0.000000000000 0.000000000000 0.000000000000 0.000000000000 -0.000000000000 0.000000000000 -0.000000000000 -0.000000000000 -0.000000000000 0.000000000000 -0.000000000000 -0.000000000000 -0.000000000000 1.000000000000 0.000000000000 -0.000000000000 0.000000000000 0.000000000000 0.000000000000 -0.000000000000 -0.000000000000 -0.000000000000 0.000000000000 -0.000000000000 0.000000000000 -0.000000000000 -0.000000000000 0.000000000000 0.000000000000 0.000000000000 0.000000000000 -0.000000000000 0.000000000000 0.000000000000 0.000000000000 0.000000000000 -0.000000000000 0.000000000000
-0.000000000000 -0.000000000000 0.000000000000 -0.000000000000 -0.000000000000 -0.000000000000 -0.000000000000 0.000000000000 0.000000000000 0.000000000000 -0.000000000000 -0.000000000000 -0.000000000000 0.000000000000 0.000000000000 0.000000000000 0.000000000000 -0.000000000000 0.000000000000 0.000000000000 0.000000000000 -0.000000000000 -0.000000000000 0.000000000000 -0.000000000000 -0.000000000000 0.000000000000 -0.000000000000 0.000000000000 0.000000000000 -0.000000000000 -0.000000000000 0.000000000000 0.000000000000 -0.000000000000 -0.000000000000 -0.000000000000 -0.000000000000 -0.000000000000 0.000000000000 -0.000000000000 0.000000000000 0.000000000000 0.000000000000 0.000000000000 0.000000000000 0.000000000000 -0.000000000000 -0.000000000000 0.000000000000 -0.000000000000 -0.000000000000 -0.000000000000 -0.000000000000 -0.000000000000 0.000000000000 1.000000000000 0.000000000000 -0.000000000000 -0.000000000000 0.000000000000 0.000000000000 0.000000000000 0.000000000000 0.000000000000 -0.000000000000 -0.000000000000 -0.000000000000 -0.000000000000 0.000000000000 0.000000000000 0.000000000000 0.000000000000 0.000000000000 -0.000000000000 0.000000000000 -0.000000000000 -0.000000000000 0.000000000000 0.000000000000
0.000000000000 0.000000000000 -0.000000000000 -0.000000000000 0.000000000000 0.000000000000 0.000000000000 0.000000000000 -0.000000000000 -0.000000000000 -0.000000000000 -0.000000000000 0.000000000000 0.000000000000 0.000000000000 0.000000000000 0.000000000000 -0.000000000000 -0.000000000000 -0.000000000000 0.000000000000 0.000000000000 0.000000000000 0.000000000000 0.000000000000 -0.000000000000 -0.000000000000 -0.000000000000 -0.000000000000 0.000000000000 0.000000000000 0.000000000000 -0.000000000000 -0.000000000000 -0.000000000000 -0.000000000000 0.000000000000 -0.000000000000 0.000000000000 0.000000000000 0.000000000000 0.000000000000 -0.000000000000 -0.000000000000 -0.000000000000 -0.000000000000 0.000000000000 0.000000000000 0.000000000000 0.000000000000 0.000000000000 -0.000000000000 -0.000000000000 -0.000000000000 -0.000000000000 -0.000000000000 0.000000000000 1.000000000000 0.000000000000 -0.000000000000 0.000000000000 0.000000000000 0.000000000000 0.000000000000 0.000000000000 -0.000000000000 -0.000000000000 -0.000000000000 -0.000000000000 0.000000000000 0.000000000000 0.000000000000 0.000000000000 0.000000000000 -0.000000000000 -0.000000000000 -0.000000000000 -0.000000000000 -0.000000000000 -0.000000000000
0.000000000000 -0.000000000000 0.000000000000 -0.000000000000 -0.000000000000 -0.000000000000 0.000000000000 0.000000000000 -0.000000000000 0.000000000000 -0.000000000000 -0.000000000000 0.000000000000 -0.000000000000 -0.000000000000 0.000000000000 0.000000000000 -0.000000000000 -0.000000000000 0.000000000000 -0.000000000000 -0.000000000000 -0.000000000000 0.000000000000 0.000000000000 0.000000000000 0.000000000000 -0.000000000000 0.000000000000 -0.000000000000 -0.000000000000 0.000000000000 -0.000000000000 -0.000000000000 -0.000000000000 0.000000000000 0.000000000000 0.000000000000 -0.000000000000 0.000000000000 -0.000000000000 0.000000000000 0.000000000000 0.000000000000 -0.000000000000 -0.000000000000 0.000000000000 0.000000000000 -0.000000000000 0.000000000000 0.000000000000 -0.000000000000 -0.000000000000 0.000000000000 -0.000000000000 0.000000000000 -0.000000000000 0.000000000000 1.000000000000 -0.000000000000 0.000000000000 0.000000000000 0.000000000000 0.000000000000 -0.000000000000 -0.000000000000 -0.000000000000 0.000000000000 0.000000000000 0.000000000000 0.000000000000 -0.000000000000 -0.000000000000 -0.000000000000 -0.000000000000 0.000000000000 -0.000000000000 -0.000000000000 0.000000000000 0.000000000000
-0.000000000000 0.000000000000 -0.000000000000 0.000000000000 -0.000000000000 -0.000000000000 -0.000000000000 0.000000000000 0.000000000000 0.000000000000 -0.000000000000 -0.000000000000 -0.000000000000 0.000000000000 -0.000000000000 0.000000000000 -0.000000000000 -0.000000000000 -0.000000000000 -0.000000000000 0.000000000000 -0.000000000000 -0.000000000000 0.000000000000 0.000000000000 0.000000000000 0.000000000000 -0.000000000000 -0.000000000000 0.000000000000 -0.000000000000 0.000000000000 -0.000000000000 0.000000000000 -0.000000000000 -0.000000000000 0.000000000000 -0.000000000000 -0.000000000000 0.000000000000 -0.000000000000 -0.000000000000 -0.000000000000 0.000000000000 0.000000000000 -0.000000000000 -0.000000000000 0.000000000000 0.000000000000 0.000000000000 -0.000000000000 0.000000000000 0.000000000000 0.000000000000 0.000000000000 0.000000000000 -0.000000000000 -0.000000000000 -0.000000000000 1.000000000000 0.000000000000 0.000000000000 -0.000000000000 -0.000000000000 0.000000000000 -0.000000000000 0.000000000000 0.000000000000 -0.000000000000 -0.000000000000 0.000000000000 -0.000000000000 -0.000000000000 0.000000000000 0.000000000000 0.000000000000 0.000000000000 0.000000000000 -0.000000000000 -0.000000000000
-0.000000000000 0.000000000000 -0.000000000000 0.000000000000 -0.000000000000 -0.000000000000 -0.000000000000 -0.000000000000 0.000000000000 0.000000000000 0.000000000000 -0.000000000000 0.000000000000 0.000000000000 0.000000000000 0.000000000000 0.000000000000 0.000000000000 0.000000000000 0.000000000000 0.000000000000 0.000000000000 0.000000000000 0.000000000000 -0.000000000000 0.000000000000 0.000000000000 0.000000000000 0.000000000000 -0.000000000000 -0.000000000000 -0.000000000000 0.000000000000 -0.000000000000 -0.000000000000 0.000000000000 0.000000000000 0.000000000000 0.000000000000 -0.000000000000 -0.000000000000 0.000000000000 -0.000000000000 -0.000000000000 -0.000000000000 0.000000000000 0.000000000000 0.000000000000 -0.000000000000 -0.000000000000 -0.000000000000 0.000000000000 -0.000000000000 -0.000000000000 -0.000000000000 0.000000000000 0.000000000000 0.000000000000 0.000000000000 0.000000000000 1.000000000000 -0.000000000000 0.000000000000 -0.000000000000 0.000000000000 0.000000000000 0.000000000000 -0.000000000000 -0.000000000000 0.000000000000 -0.000000000000 0.000000000000 -0.000000000000 -0.000000000000 0.000000000000 0.000000000000 -0.000000000000 0.000000000000 -0.000000000000 -0.000000000000
0.000000000000 0.000000000000 -0.000000000000 0.000000000000 0.000000000000 0.000000000000 0.000000000000 0.000000000000 0.000000000000 0.000000000000 0.000000000000 -0.000000000000 0.000000000000 -0.000000000000 -0.000000000000 0.000000000000 0.000000000000 -0.000000000000 0.000000000000 -0.000000000000 0.000000000000 0.000000000000 0.000000000000 0.000000000000 -0.000000000000 0.000000000000 0.000000000000 0.000000000000 -0.000000000000 -0.000000000000 -0.000000000000 0.000000000000 -0.000000000000 -0.000000000000 0.000000000000 0.000000000000 -0.000000000000 -0.000000000000 0.000000000000 -0.000000000000 -0.000000000000 -0.000000000000 -0.000000000000 0.000000000000 -0.000000000000 0.000000000000 0.000000000000 0.000000000000 0.000000000000 0.000000000000 0.000000000000 -0.000000000000 -0.000000000000 -0.000000000000 -0.000000000000 -0.000000000000 0.000000000000 0.000000000000 0.000000000000 0.000000000000 -0.000000000000 1.000000000000 -0.000000000000 -0.000000000000 -0.000000000000 0.000000000000 0.000000000000 -0.000000000000 0.000000000000 0.000000000000 -0.000000000000 0.000000000000 -0.000000000000 -0.000000000000 0.000000000000 -0.000000000000 -0.000000000000 0.000000000000 -0.000000000000 0.000000000000
0.000000000000 -0.000000000000 -0.000000000000 0.000000000000 -0.000000000000 -0.000000000000 -0.000000000000 0.000000000000 -0.000000000000 -0.000000000000 0.000000000000 0.000000000000 -0.000000000000 -0.000000000000 -0.000000000000 -0.000000000000 0.000000000000 -0.000000000000 -0.000000000000 -0.000000000000 -0.000000000000 -0.000000000000 -0.000000000000 -0.000000000000 0.000000000000 0.000000000000 0.000000000000 0.000000000000 -0.000000000000 0.000000000000 0.000000000000 0.000000000000 0.000000000000 -0.000000000000 0.000000000000 0.000000000000 0.000000000000 -0.000000000000 -0.000000000000 -0.000000000000 -0.000000000000 -0.000000000000 -0.000000000000 -0.000000000000 -0.000000000000 -0.000000000000 0.000000000000 -0.000000000000 0.000000000000 0.000000000000 0.000000000000 0.000000000000 -0.000000000000 0.000000000000 0.000000000000 -0.000000000000 0.000000000000 0.000000000000 0.000000000000 -0.000000000000 0.000000000000 -0.000000000000 1.000000000000 -0.000000000000 0.000000000000 -0.000000000000 -0.000000000000 0.000000000000 0.000000000000 -0.000000000000 -0.000000000000 0.000000000000 -0.000000000000 -0.000000000000 0.000000000000 0.000000000000 -0.000000000000 -0.000000000000 -0.000000000000 0.000000000000
-0.000000000000 0.000000000000 -0.000000000000 0.000000000000 0.000000000000 0.000000000000 0.000000000000 0.000000000000 -0.000000000000 -0.000000000000 0.000000000000 0.000000000000 0.000000000000 0.000000000000 0.000000000000 -0.000000000000 -0.000000000000 -0.000000000000 -0.000000000000 -0.000000000000 0.000000000000 -0.000000000000 -0.000000000000 -0.000000000000 0.000000000000 0.000000000000 -0.000000000000 -0.000000000000 0.000000000000 -0.000000000000 0.000000000000 -0.000000000000 -0.000000000000 0.000000000000 0.000000000000 -0.000000000000 -0.000000000000 0.000000000000 0.000000000000 0.000000000000 0.000000000000 -0.000000000000 -0.000000000000 -0.000000000000 -0.000000000000 -0.000000000000 0.000000000000 0.000000000000 0.000000000000 0.000000000000 0.000000000000 0.000000000000 0.000000000000 0.000000000000 0.000000000000 -0.000000000000 0.000000000000 0.000000000000 0.000000000000 -0.000000000000 -0.000000000000 -0.000000000000 -0.000000000000 1.000000000000 0.000000000000 -0.000000000000 -0.000000000000 -0.000000000000 -0.000000000000 -0.000000000000 0.000000000000 -0.000000000000 -0.000000000000 -0.000000000000 -0.000000000000 -0.000000000000 -0.000000000000 0.000000000000 0.000000000000 0.000000000000
0.000000000000 -0.000000000000 0.000000000000 -0.000000000000 0.000000000000 0.000000000000 0.000000000000 -0.000000000000 -0.000000000000 -0.000000000000 -0.000000000000 -0.000000000000 0.000000000000 -0.000000000000 -0.000000000000 0.000000000000 0.000000000000 -0.000000000000 -0.000000000000 0.000000000000 -0.000000000000 -0.000000000000 -0.000000000000 -0.000000000000 0.000000000000 -0.000000000000 -0.000000000000 -0.000000000000 -0.000000000000 -0.000000000000 0.000000000000 0.000000000000 0.000000000000 0.000000000000 -0.000000000000 0.000000000000 0.000000000000 -0.000000000000 0.000000000000 0.000000000000 -0.000000000000 0.000000000000 -0.000000000000 0.000000000000 0.000000000000 -0.000000000000 -0.000000000000 -0.000000000000 0.000000000000 -0.000000000000 -0.000000000000 0.000000000000 0.000000000000 -0.000000000000 -0.000000000000 0.000000000000 0.000000000000 0.000000000000 -0.000000000000 0.000000000000 0.000000000000 -0.000000000000 0.000000000000 0.000000000000 1.000000000000 0.000000000000 -0.000000000000 0.000000000000 -0.000000000000 -0.000000000000 0.000000000000 0.000000000000 0.000000000000 0.000000000000 -0.000000000000 0.000000000000 0.000000000000 0.000000000000 0.000000000000 -0.000000000000
0.000000000000 -0.000000000000 0.000000000000 -0.000000000000 0.000000000000 -0.000000000000 0.000000000000 -0.000000000000 0.000000000000 -0.000000000000 -0.000000000000 -0.000000000000 -0.000000000000 -0.000000000000 -0.000000000000 -0.000000000000 0.000000000000 0.000000000000 0.000000000000 -0.000000000000 0.000000000000 -0.000000000000 -0.000000000000 0.000000000000 -0.000000000000 0.000000000000 -0.000000000000 -0.000000000000 -0.000000000000 0.000000000000 -0.000000000000 0.000000000000 0.000000000000 0.000000000000 -0.000000000000 -0.000000000000 -0.000000000000 0.000000000000 -0.000000000000 -0.000000000000 0.000000000000 -0.000000000000 0.000000000000 -0.000000000000 -0.000000000000 0.000000000000 -0.000000000000 -0.000000000000 0.000000000000 -0.000000000000 -0.000000000000 -0.000000000000 -0.000000000000 -0.000000000000 -0.000000000000 -0.000000000000 -0.000000000000 -0.000000000000 -0.000000000000 -0.000000000000 0.000000000000 0.000000000000 -0.000000000000 -0.000000000000 0.000000000000 1.000000000000 0.000000000000 0.000000000000 0.000000000000 0.000000000000 -0.000000000000 -0.000000000000 0.000000000000 0.000000000000 0.000000000000 -0.000000000000 0.000000000000 0.000000000000 -0.000000000000 -0.000000000000
-0.000000000000 -0.000000000000 0.000000000000 0.000000000000 -0.000000000000 -0.000000000000 0.000000000000 0.000000000000 0.000000000000 -0.000000000000 0.000000000000 0.000000000000 -0.000000000000 -0.000000000000 0.000000000000 -0.000000000000 0.000000000000 -0.000000000000 0.000000000000 -0.000000000000 0.000000000000 0.000000000000 -0.000000000000 -0.000000000000 -0.000000000000 0.000000000000 0.000000000000 -0.000000000000 -0.000000000000 0.000000000000 -0.000000000000 -0.000000000000 -0.000000000000 -0.000000000000 -0.000000000000 -0.000000000000 -0.000000000000 -0.000000000000 -0.000000000000 0.000000000000 0.000000000000 0.000000000000 -0.000000000000 0.000000000000 0.000000000000 -0.000000000000 -0.000000000000 -0.000000000000 -0.000000000000 -0.000000000000 -0.000000000000 0.000000000000 0.000000000000 -0.000000000000 0.000000000000 0.000000000000 -0.000000000000 -0.000000000000 -0.000000000000 0.000000000000 0.000000000000 0.000000000000 -0.000000000000 -0.000000000000 -0.000000000000 0.000000000000 1.000000000000 -0.000000000000 0.000000000000 -0.000000000000 0.000000000000 0.000000000000 -0.000000000000 -0.000000000000 -0.000000000000 0.000000000000 -0.000000000000 -0.000000000000 0.000000000000 0.000000000000
0.000000000000 -0.000000000000 0.000000000000 0.000000000000 0.000000000000 -0.000000000000 -0.000000000000 0.000000000000 -0.000000000000 0.000000000000 -0.000000000000 -0.000000000000 -0.000000000000 0.000000000000 -0.000000000000 -0.000000000000 -0.000000000000 -0.000000000000 -0.000000000000 0.000000000000 0.000000000000 0.000000000000 0.000000000000 -0.000000000000 0.000000000000 0.000000000000 -0.000000000000 0.000000000000 0.000000000000 0.000000000000 0.000000000000 0.000000000000 -0.000000000000 -0.000000000000 0.000000000000 0.000000000000 -0.000000000000 -0.000000000000 -0.000000000000 0.000000000000 0.000000000000 0.000000000000 -0.000000000000 0.000000000000 0.000000000000 0.000000000000 -0.000000000000 -0.000000000000 0.000000000000 0.000000000000 -0.000000000000 -0.000000000000 0.000000000000 -0.000000000000 -0.000000000000 -0.000000000000 -0.000000000000 -0.000000000000 0.000000000000 0.000000000000 -0.000000000000 -0.000000000000 0.000000000000 -0.000000000000 0.000000000000 0.000000000000 -0.000000000000 1.000000000000 -0.000000000000 0.000000000000 0.000000000000 0.000000000000 0.000000000000 -0.000000000000 0.000000000000 0.000000000000 0.000000000000 0.000000000000 0.000000000000 -0.000000000000
-0.000000000000 -0.000000000000 -0.000000000000 0.000000000000 -0.000000000000 -0.000000000000 -0.000000000000 0.000000000000 0.000000000000 -0.000000000000 0.000000000000 -0.000000000000 -0.000000000000 -0.000000000000 -0.000000000000 -0.000000000000 -0.000000000000 -0.000000000000 -0.000000000000 -0.000000000000 0.000000000000 -0.000000000000 0.000000000000 -0.000000000000 0.000000000000 -0.000000000000 -0.000000000000 -0.000000000000 0.000000000000 -0.000000000000 0.000000000000 0.000000000000 0.000000000000 0.000000000000 -0.000000000000 -0.000000000000 0.000000000000 0.000000000000 0.000000000000 0.000000000000 -0.000000000000 -0.000000000000 -0.000000000000 -0.000000000000 0.000000000000 0.000000000000 -0.000000000000 -0.000000000000 -0.000000000000 0.000000000000 -0.000000000000 0.000000000000 0.000000000000 0.000000000000 0.000000000000 -0.000000000000 -0.000000000000 -0.000000000000 0.000000000000 -0.000000000000 -0.000000000000 0.000000000000 0.000000000000 -0.000000000000 -0.000000000000 0.000000000000 0.000000000000 -0.000000000000 1.000000000000 0.000000000000 -0.000000000000 -0.000000000000 -0.000000000000 0.000000000000 0.000000000000 -0.000000000000 0.000000000000 0.000000000000 0.000000000000 -0.000000000000
0.000000000000 -0.000000000000 -0.000000000000 0.000000000000 -0.000000000000 -0.000000000000 0.000000000000 0.000000000000 -0.000000000000 -0.000000000000 -0.000000000000 0.000000000000 0.000000000000 0.000000000000 0.000000000000 0.000000000000 0.000000000000 -0.000000000000 0.000000000000 0.000000000000 -0.000000000000 -0.000000000000 -0.000000000000 -0.000000000000 0.000000000000 0.000000000000 -0.000000000000 -0.000000000000 0.000000000000 0.000000000000 -0.000000000000 0.000000000000 0.000000000000 -0.000000000000 -0.000000000000 0.000000000000 -0.000000000000 0.000000000000 -0.000000000000 -0.000000000000 0.000000000000 0.000000000000 0.000000000000 0.000000000000 -0.000000000000 -0.000000000000 -0.000000000000 -0.000000000000 0.000000000000 -0.000000000000 0.000000000000 -0.000000000000 0.000000000000 0.000000000000 -0.000000000000 0.000000000000 0.000000000000 0.000000000000 0.000000000000 -0.000000000000 0.000000000000 0.000000000000 -0.000000000000 -0.000000000000 -0.000000000000 0.000000000000 -0.000000000000 0.000000000000 0.000000000000 1.000000000000 -0.000000000000 0.000000000000 -0.000000000000 0.000000000000 -0.000000000000 0.000000000000 -0.000000000000 0.000000000000 0.000000000000 -0.000000000000
-0.000000000000 -0.000000000000 0.000000000000 -0.000000000000 -0.000000000000 0.000000000000 0.000000000000 -0.000000000000 -0.000000000000 0.000000000000 0.000000000000 0.000000000000 0.000000000000 0.000000000000 -0.000000000000 0.000000000000 -0.000000000000 0.000000000000 0.000000000000 0.000000000000 0.000000000000 0.000000000000 -0.000000000000 0.000000000000 -0.000000000000 0.000000000000 -0.000000000000 -0.000000000000 0.000000000000 -0.000000000000 -0.000000000000 0.000000000000 -0.000000000000 0.000000000000 -0.000000000000 -0.000000000000 0.000000000000 -0.000000000000 0.000000000000 -0.000000000000 0.000000000000 -0.000000000000 0.000000000000 -0.000000000000 0.000000000000 0.000000000000 0.000000000000 0.000000000000 0.000000000000 0.000000000000 -0.000000000000 0.000000000000 -0.000000000000 -0.000000000000 0.000000000000 0.000000000000 0.000000000000 0.000000000000 0.000000000000 0.000000000000 -0.000000000000 -0.000000000000 -0.000000000000 0.000000000000 0.000000000000 -0.000000000000 0.000000000000 0.000000000000 -0.000000000000 -0.000000000000 1.000000000000 0.000000000000 -0.000000000000 -0.000000000000 0.000000000000 0.000000000000 0.000000000000 0.000000000000 -0.000000000000 -0.000000000000
0.000000000000 -0.000000000000 -0.000000000000 -0.000000000000 0.000000000000 0.000000000000 0.000000000000 -0.000000000000 0.000000000000 -0.000000000000 0.000000000000 -0.000000000000 -0.000000000000 -0.000000000000 0.000000000000 -0.000000000000 -0.000000000000 0.000000000000 0.000000000000 0.000000000000 -0.000000000000 -0.000000000000 -0.000000000000 -0.000000000000 0.000000000000 0.000000000000 0.000000000000 -0.000000000000 -0.000000000000 0.000000000000 -0.000000000000 0.000000000000 0.000000000000 0.000000000000 -0.000000000000 -0.000000000000 -0.000000000000 0.000000000000 0.000000000000 -0.000000000000 -0.000000000000 0.000000000000 0.000000000000 0.000000000000 -0.000000000000 0.000000000000 0.000000000000 0.000000000000 0.000000000000 -0.000000000000 0.000000000000 -0.000000000000 0.000000000000 -0.000000000000 0.000000000000 0.000000000000 0.000000000000 0.000000000000 -0.000000000000 -0.000000000000 0.000000000000 0.000000000000 0.000000000000 -0.000000000000 0.000000000000 -0.000000000000 0.000000000000 0.000000000000 -0.000000000000 0.000000000000 0.000000000000 1.000000000000 0.000000000000 -0.000000000000 0.000000000000 -0.000000000000 -0.000000000000 -0.000000000000 -0.000000000000 -0.000000000000
0.000000000000 0.000000000000 0.000000000000 -0.000000000000 -0.000000000000 -0.000000000000 0.000000000000 0.000000000000 0.000000000000 -0.000000000000 0.000000000000 -0.000000000000 0.000000000000 0.000000000000 -0.000000000000 -0.000000000000 -0.000000000000 0.000000000000 -0.000000000000 -0.000000000000 0.000000000000 0.000000000000 -0.000000000000 0.000000000000 0.000000000000 0.000000000000 0.000000000000 0.000000000000 0.000000000000 0.000000000000 -0.000000000000 -0.000000000000 -0.000000000000 -0.000000000000 -0.000000000000 -0.000000000000 0.000000000000 -0.000000000000 0.000000000000 -0.000000000000 0.000000000000 -0.000000000000 -0.000000000000 -0.000000000000 -0.000000000000 0.000000000000 -0.000000000000 -0.000000000000 -0.000000000000 0.000000000000 0.000000000000 -0.000000000000 0.000000000000 -0.000000000000 0.000000000000 0.000000000000 0.000000000000 0.000000000000 -0.000000000000 -0.000000000000 -0.000000000000 -0.000000000000 -0.000000000000 -0.000000000000 0.000000000000 0.000000000000 -0.000000000000 0.000000000000 -0.000000000000 -0.000000000000 -0.000000000000 0.000000000000 1.000000000000 0.000000000000 0.000000000000 -0.000000000000 0.000000000000 -0.000000000000 -0.000000000000 -0.000000000000
0.000000000000 0.000000000000 0.000000000000 0.000000000000 0.000000000000 -0.000000000000 0.000000000000 0.000000000000 0.000000000000 0.000000000000 0.000000000000 -0.000000000000 0.000000000000 -0.000000000000 0.000000000000 0.000000000000 0.000000000000 -0.000000000000 0.000000000000 -0.000000000000 0.000000000000 -0.000000000000 -0.000000000000 -0.000000000000 0.000000000000 -0.000000000000 -0.000000000000 -0.000000000000 0.000000000000 0.000000000000 0.000000000000 -0.000000000000 -0.000000000000 0.000000000000 -0.000000000000 -0.000000000000 0.000000000000 -0.000000000000 -0.000000000000 0.000000000000 0.000000000000 -0.000000000000 -0.000000000000 0.000000000000 0.000000000000 0.000000000000 -0.000000000000 -0.000000000000 -0.000000000000 0.000000000000 0.000000000000 0.000000000000 0.000000000000 -0.000000000000 -0.000000000000 -0.000000000000 0.000000000000 0.000000000000 -0.000000000000 0.000000000000 -0.000000000000 -0.000000000000 -0.000000000000 -0.000000000000 0.000000000000 0.000000000000 -0.000000000000 -0.000000000000 0.000000000000 0.000000000000 -0.000000000000 -0.000000000000 0.000000000000 1.000000000000 0.000000000000 -0.000000000000 0.000000000000 -0.000000000000 0.000000000000 0.000000000000
0.000000000000 0.000000000000 -0.000000000000 0.000000000000 -0.000000000000 -0.000000000000 0.000000000000 0.000000000000 -0.000000000000 0.000000000000 0.000000000000 0.000000000000 0.000000000000 0.000000000000 0.000000000000 0.000000000000 0.000000000000 -0.000000000000 -0.000000000000 -0.000000000000 -0.000000000000 0.000000000000 -0.000000000000 -0.000000000000 -0.000000000000 0.000000000000 -0.000000000000 -0.000000000000 0.000000000000 0.000000000000 -0.000000000000 0.000000000000 -0.000000000000 0.000000000000 -0.000000000000 0.000000000000 0.000000000000 -0.000000000000 0.000000000000 0.000000000000 0.000000000000 0.000000000000 0.000000000000 0.000000000000 -0.000000000000 -0.000000000000 -0.000000000000 -0.000000000000 0.000000000000 -0.000000000000 -0.000000000000 0.000000000000 0.000000000000 0.000000000000 -0.000000000000 0.000000000000 -0.000000000000 -0.000000000000 -0.000000000000 0.000000000000 0.000000000000 0.000000000000 0.000000000000 -0.000000000000 -0.000000000000 0.000000000000 -0.000000000000 0.000000000000 0.000000000000 -0.000000000000 0.000000000000 0.000000000000 0.000000000000 0.000000000000 1.000000000000 -0.000000000000 -0.000000000000 -0.000000000000 0.000000000000 0.000000000000
0.000000000000 -0.000000000000 0.000000000000 -0.000000000000 -0.000000000000 0.000000000000 0.000000000000 -0.000000000000 0.000000000000 0.000000000000 -0.000000000000 0.000000000000 0.000000000000 0.000000000000 -0.000000000000 -0.000000000000 0.000000000000 0.000000000000 0.000000000000 0.000000000000 0.000000000000 0.000000000000 0.000000000000 -0.000000000000 0.000000000000 0.000000000000 -0.000000000000 -0.000000000000 0.000000000000 -0.000000000000 0.000000000000 -0.000000000000 -0.000000000000 -0.000000000000 -0.000000000000 0.000000000000 0.000000000000 0.000000000000 0.000000000000 0.000000000000 -0.000000000000 -0.000000000000 0.000000000000 -0.000000000000 -0.000000000000 0.000000000000 0.000000000000 -0.000000000000 0.000000000000 0.000000000000 -0.000000000000 -0.000000000000 0.000000000000 -0.000000000000 0.000000000000 0.000000000000 0.000000000000 -0.000000000000 0.000000000000 0.000000000000 0.000000000000 -0.000000000000 0.000000000000 -0.000000000000 0.000000000000 -0.000000000000 0.000000000000 0.000000000000 -0.000000000000 0.000000000000 0.000000000000 -0.000000000000 -0.000000000000 -0.000000000000 -0.000000000000 1.000000000000 0.000000000000 -0.000000000000 -0.000000000000 0.000000000000
0.000000000000 0.000000000000 -0.000000000000 -0.000000000000 -0.000000000000 0.000000000000 -0.000000000000 -0.000000000000 -0.000000000000 0.000000000000 -0.000000000000 -0.000000000000 -0.000000000000 -0.000000000000 0.000000000000 -0.000000000000 0.000000000000 -0.000000000000 0.000000000000 -0.000000000000 0.000000000000 0.000000000000 0.000000000000 0.000000000000 -0.000000000000 -0.000000000000 -0.000000000000 0.000000000000 -0.000000000000 0.000000000000 -0.000000000000 0.000000000000 0.000000000000 -0.000000000000 0.000000000000 0.000000000000 0.000000000000 -0.000000000000 0.000000000000 -0.000000000000 -0.000000000000 -0.000000000000 0.000000000000 -0.000000000000 -0.000000000000 0.000000000000 -0.000000000000 -0.000000000000 -0.000000000000 0.000000000000 0.000000000000 -0.000000000000 -0.000000000000 -0.000000000000 0.000000000000 0.000000000000 -0.000000000000 -0.000000000000 -0.000000000000 0.000000000000 -0.000000000000 -0.000000000000 -0.000000000000 -0.000000000000 0.000000000000 0.000000000000 -0.000000000000 0.000000000000 0.000000000000 -0.000000000000 0.000000000000 -0.000000000000 0.000000000000 0.000000000000 -0.000000000000 0.000000000000 1.000000000000 0.000000000000 0.000000000000 -0.000000000000
0.000000000000 -0.000000000000 -0.000000000000 0.000000000000 0.000000000000 -0.000000000000 -0.000000000000 -0.000000000000 -0.000000000000 0.000000000000 0.000000000000 -0.000000000000 -0.000000000000 -0.000000000000 -0.000000000000 0.000000000000 0.000000000000 0.000000000000 -0.000000000000 0.000000000000 -0.000000000000 -0.000000000000 -0.000000000000 0.000000000000 -0.000000000000 -0.000000000000 0.000000000000 -0.000000000000 -0.000000000000 -0.000000000000 0.000000000000 0.000000000000 0.000000000000 0.000000000000 0.000000000000 0.000000000000 -0.000000000000 -0.000000000000 -0.000000000000 -0.000000000000 -0.000000000000 0.000000000000 0.000000000000 0.000000000000 -0.000000000000 -0.000000000000 0.000000000000 -0.000000000000 -0.000000000000 -0.000000000000 -0.000000000000 0.000000000000 0.000000000000 0.000000000000 -0.000000000000 0.000000000000 -0.000000000000 -0.000000000000 -0.000000000000 0.000000000000 0.000000000000 0.000000000000 -0.000000000000 0.000000000000 0.000000000000 0.000000000000 -0.000000000000 0.000000000000 0.000000000000 0.000000000000 0.000000000000 -0.000000000000 -0.000000000000 -0.000000000000 -0.000000000000 -0.000000000000 0.000000000000 1.000000000000 -0.000000000000 -0.000000000000
-0.000000000000 0.000000000000 -0.000000000000 0.000000000000 -0.000000000000 -0.000000000000 0.000000000000 -0.000000000000 0.000000000000 -0.000000000000 0.000000000000 -0.000000000000 0.000000000000 -0.000000000000 -0.000000000000 -0.000000000000 -0.000000000000 0.000000000000 0.000000000000 -0.000000000000 -0.000000000000 -0.000000000000 0.000000000000 0.000000000000 -0.000000000000 -0.000000000000 0.000000000000 -0.000000000000 0.000000000000 -0.000000000000 0.000000000000 -0.000000000000 -0.000000000000 -0.000000000000 -0.000000000000 0.000000000000 0.000000000000 -0.000000000000 0.000000000000 -0.000000000000 -0.000000000000 -0.000000000000 -0.000000000000 0.000000000000 0.000000000000 -0.000000000000 -0.000000000000 -0.000000000000 0.000000000000 -0.000000000000 -0.000000000000 -0.000000000000 0.000000000000 0.000000000000 0.000000000000 -0.000000000000 0.000000000000 -0.000000000000 0.000000000000 -0.000000000000 -0.000000000000 -0.000000000000 -0.000000000000 0.000000000000 0.000000000000 -0.000000000000 0.000000000000 0.000000000000 0.000000000000 0.000000000000 -0.000000000000 -0.000000000000 -0.000000000000 0.000000000000 0.000000000000 -0.000000000000 0.000000000000 -0.000000000000 1.000000000000 0.000000000000
0.000000000000 0.000000000000 -0.000000000000 0.000000000000 -0.000000000000 -0.000000000000 -0.000000000000 -0.000000000000 0.000000000000 -0.000000000000 -0.000000000000 -0.000000000000 0.000000000000 -0.000000000000 -0.000000000000 -0.000000000000 -0.000000000000 -0.000000000000 -0.000000000000 -0.000000000000 -0.000000000000 -0.000000000000 0.000000000000 -0.000000000000 0.000000000000 0.000000000000 0.000000000000 -0.000000000000 -0.000000000000 0.000000000000 0.000000000000 -0.000000000000 0.000000000000 -0.000000000000 0.000000000000 -0.000000000000 0.000000000000 0.000000000000 -0.000000000000 0.000000000000 -0.000000000000 -0.000000000000 -0.000000000000 -0.000000000000 0.000000000000 -0.000000000000 -0.000000000000 0.000000000000 -0.000000000000 0.000000000000 -0.000000000000 -0.000000000000 0.000000000000 0.000000000000 0.000000000000 0.000000000000 0.000000000000 -0.000000000000 0.000000000000 -0.000000000000 -0.000000000000 0.000000000000 0.000000000000 0.000000000000 -0.000000000000 -0.000000000000 0.000000000000 -0.000000000000 -0.000000000000 -0.000000000000 -0.000000000000 -0.000000000000 -0.000000000000 0.000000000000 0.000000000000 0.000000000000 -0.000000000000 -0.000000000000 0.000000000000 1.000000000000

overlap check after orthonormalization
80 80
1.000000000000 0.000000000000 0.000000000000 0.000000000000 -0.000000000000 0.000000000000 0.000000000000 0.000000000000 -0.000000000000 -0.000000000000 0.000000000000 0.000000000000 0.000000000000 -0.000000000000 0.000000000000 0.000000000000 -0.000000000000 0.000000000000 -0.000000000000 0.000000000000 0.000000000000 -0.000000000000 0.000000000000 -0.000000000000 -0.000000000000 -0.000000000000 0.000000000000 -0.000000000000 0.000000000000 0.000000000000 -0.000000000000 0.000000000000 -0.000000000000 -0.000000000000 -0.000000000000 -0.000000000000 -0.000000000000 0.000000000000 0.000000000000 -0.000000000000 -0.000000000000 0.000000000000 0.000000000000 0.000000000000 0.000000000000 -0.000000000000 0.000000000000 -0.000000000000 0.000000000000 0.000000000000 -0.000000000000 -0.000000000000 0.000000000000 -0.000000000000 0.000000000000 -0.000000000000 -0.000000000000 0.000000000000 0.000000000000 -0.000000000000 -0.000000000000 0.000000000000 0.000000000000 0.000000000000 -0.000000000000 0.000000000000 0.000000000000 -0.000000000000 -0.000000000000 0.000000000000 -0.000000000000 0.000000000000 0.000000000000 0.000000000000 -0.000000000000 0.000000000000 0.000000000000 -0.000000000000 -0.000000000000 0.000000000000
0.000000000000 1.000000000000 -0.000000000000 -0.000000000000 -0.000000000000 0.000000000000 0.000000000000 -0.000000000000 0.000000000000 -0.000000000000 0.000000000000 0.000000000000 -0.000000000000 -0.000000000000 0.000000000000 -0.000000000000 0.000000000000 -0.000000000000 -0.000000000000 -0.000000000000 0.000000000000 0.000000000000 -0.000000000000 -0.000000000000 -0.000000000000 -0.000000000000 -0.000000000000 0.000000000000 -0.000000000000 0.000000000000 0.000000000000 0.000000000000 0.000000000000 -0.000000000000 0.000000000000 -0.000000000000 -0.000000000000 0.000000000000 0.000000000000 0.000000000000 0.000000000000 -0.000000000000 0.000000000000 0.000000000000 0.000000000000 0.000000000000 0.000000000000 -0.000000000000 0.000000000000 0.000000000000 -0.000000000000 -0.000000000000 -0.000000000000 0.000000000000 0.000000000000 0.000000000000 0.000000000000 0.000000000000 -0.000000000000 0.000000000000 -0.000000000000 0.000000000000 0.000000000000 -0.000000000000 0.000000000000 0.000000000000 -0.000000000000 -0.000000000000 -0.000000000000 -0.000000000000 -0.000000000000 -0.000000000000 -0.000000000000 0.000000000000 0.000000000000 -0.000000000000 0.000000000000 -0.000000000000 0.000000000000 0.000000000000
0.000000000000 -0.000000000000 1.000000000000 -0.000000000000 0.000000000000 -0.000000000000 0.000000000000 -0.000000000000 -0.000000000000 0.000000000000 -0.000000000000 0.000000000000 -0.000000000000 -0.000000000000 0.000000000000 0.000000000000 0.000000000000 -0.000000000000 0.000000000000 0.000000000000 -0.000000000000 0.000000000000 0.000000000000 -0.000000000000 -0.000000000000 0.000000000000 0.000000000000 0.000000000000 -0.000000000000 -0.000000000000 0.000000000000 0.000000000000 0.000000000000 -0.000000000000 -0.000000000000 -0.000000000000 -0.000000000000 -0.000000000000 -0.000000000000 -0.000000000000 -0.000000000000 -0.000000000000 -0.000000000000 -0.000000000000 0.000000000000 -0.000000000000 -0.000000000000 -0.000000000000 0.000000000000 -0.000000000000 -0.000000000000 -0.000000000000 -0.000000000000 0.000000000000 0.000000000000 -0.000000000000 0.000000000000 -0.000000000000 0.000000000000 -0.000000000000 -0.000000000000 0.000000000000 0.000000000000 -0.000000000000 -0.000000000000 0.000000000000 -0.000000000000 0.000000000000 -0.000000000000 -0.000000000000 -0.000000000000 -0.000000000000 0.000000000000 -0.000000000000 -0.000000000000 0.000000000000 0.000000000000 -0.000000000000 0.000000000000 0.000000000000
0.000000000000 -0.000000000000 -0.000000000000 1.000000000000 -0.000000000000 0.000000000000 -0.000000000000 -0.000000000000 -0.000000000000 -0.000000000000 0.000000000000 0.000000000000 0.000000000000 -0.000000000000 -0.000000000000 -0.000000000000 0.000000000000 -0.000000000000 -0.000000000000 0.000000000000 -0.000000000000 0.000000000000 0.000000000000 -0.000000000000 0.000000000000 0.000000000000 0.000000000000 0.000000000000 0.000000000000 -0.000000000000 -0.000000000000 0.000000000000 0.000000000000 -0.000000000000 -0.000000000000 -0.000000000000 -0.000000000000 -0.000000000000 0.000000000000 -0.000000000000 0.000000000000 -0.000000000000 -0.000000000000 -0.000000000000 0.000000000000 0.000000000000 -0.000000000000 -0.000000000000 -0.000000000000 -0.000000000000 0.000000000000 -0.000000000000 0.000000000000 0.000000000000 -0.000000000000 0.000000000000 -0.000000000000 0.000000000000 0.000000000000 -0.000000000000 0.000000000000 0.000000000000 -0.000000000000 0.000000000000 -0.000000000000 -0.000000000000 0.000000000000 0.000000000000 0.000000000000 0.000000000000 0.000000000000 0.000000000000 -0.000000000000 0.000000000000 0.000000000000 -0.000000000000 -0.000000000000 0.000000000000 0.000000000000 0.000000000000
-0.000000000000 -0.000000000000 0.000000000000 -0.000000000000 1.000000000000 0.000000000000 0.000000000000 -0.000000000000 -0.000000000000 -0.000000000000 0.000000000000 0.000000000000 -0.000000000000 0.000000000000 0.000000000000 0.000000000000 -0.000000000000 -0.000000000000 0.000000000000 -0.000000000000 0.000000000000 0.000000000000 -0.000000000000 -0.000000000000 0.000000000000 0.000000000000 -0.000000000000 -0.000000000000 -0.000000000000 0.000000000000 -0.000000000000 0.000000000000 0.000000000000 0.000000000000 0.000000000000 -0.000000000000 -0.000000000000 -0.000000000000 -0.000000000000 -0.000000000000 0.000000000000 0.000000000000 -0.000000000000 0.000000000000 0.000000000000 0.000000000000 0.000000000000 -0.000000000000 -0.000000000000 -0.000000000000 0.000000000000 -0.000000000000 -0.000000000000 -0.000000000000 0.000000000000 0.000000000000 -0.000000000000 -0.000000000000 -0.000000000000 -0.000000000000 -0.000000000000 0.000000000000 0.000000000000 0.000000000000 -0.000000000000 0.000000000000 0.000000000000 0.000000000000 0.000000000000 -0.000000000000 -0.000000000000 0.000000000000 -0.000000000000 0.000000000000 -0.000000000000 -0.000000000000 0.000000000000 0.000000000000 0.000000000000 0.000000000000
0.000000000000 0.000000000000 -0.000000000000 0.000000000000 0.000000000000 1.000000000000 0.000000000000 0.000000000000 0.000000000000 0.000000000000 0.000000000000 0.000000000000 0.000000000000 -0.000000000000 -0.000000000000 0.000000000000 -0.000000000000 0.000000000000 -0.000000000000 0.000000000000 0.000000000000 -0.000000000000 0.000000000000 0.000000000000 0.000000000000 0.000000000000 -0.000000000000 0.000000000000 -0.000000000000 -0.000000000000 0.000000000000 0.000000000000 0.000000000000 -0.000000000000 0.000000000000 -0.000000000000 0.000000000000 -0.000000000000 0.000000000000 0.000000000000 0.000000000000 0.000000000000 0.000000000000 -0.000000000000 0.000000000000 0.000000000000 0.000000000000 0.000000000000 -0.000000000000 -0.000000000000 0.000000000000 -0.000000000000 0.000000000000 -0.000000000000 0.000000000000 -0.000000000000 -0.000000000000 -0.000000000000 -0.000000000000 0.000000000000 -0.000000000000 0.000000000000 -0.000000000000 0.000000000000 -0.000000000000 -0.000000000000 -0.000000000000 -0.000000000000 -0.000000000000 -0.000000000000 0.000000000000 0.000000000000 -0.000000000000 -0.000000000000 -0.000000000000 0.000000000000 0.000000000000 0.000000000000 -0.000000000000 -0.000000000000
0.000000000000 0.000000000000 0.000000000000 -0.000000000000 0.000000000000 0.000000000000 1.000000000000 0.000000000000 -0.000000000000 0.000000000000 -0.000000000000 0.000000000000 -0.000000000000 -0.000000000000 0.000000000000 0.000000000000 -0.000000000000 -0.000000000000 -0.000000000000 -0.000000000000 -0.000000000000 0.000000000000 0.000000000000 -0.000000000000 -0.000000000000 -0.000000000000 0.000000000000 -0.000000000000 -0.000000000000 0.000000000000 0.000000000000 0.000000000000 0.000000000000 -0.000000000000 0.000000000000 0.000000000000 0.000000000000 -0.000000000000 0.000000000000 0.000000000000 -0.000000000000 -0.000000000000 0.000000000000 -0.000000000000 0.000000000000 -0.000000000000 0.000000000000 -0.000000000000 -0.000000000000 0.000000000000 0.000000000000 -0.000000000000 -0.000000000000 0.000000000000 -0.000000000000 -0.000000000000 -0.000000000000 0.000000000000 -0.000000000000 -0.000000000000 -0.000000000000 0.000000000000 -0.000000000000 0.000000000000 0.000000000000 0.000000000000 0.000000000000 -0.000000000000 -0.000000000000 0.000000000000 -0.000000000000 0.000000000000 0.000000000000 -0.000000000000 -0.000000000000 0.000000000000 0.000000000000 -0.000000000000 -0.000000000000 -0.000000000000
0.000000000000 -0.000000000000 -0.000000000000 -0.000000000000 -0.000000000000 0.000000000000 0.000000000000 1.000000000000 0.000000000000 0.000000000000 -0.000000000000 -0.000000000000 -0.000000000000 0.000000000000 0.000000000000 0.000000000000 -0.000000000000 -0.000000000000 -0.000000000000 0.000000000000 -0.000000000000 -0.000000000000 -0.000000000000 -0.000000000000 0.000000000000 0.000000000000 -0.000000000000 -0.000000000000 -0.000000000000 0.000000000000 0.000000000000 -0.000000000000 -0.000000000000 0.000000000000 -0.000000000000 -0.000000000000 0.000000000000 0.000000000000 -0.000000000000 -0.000000000000 0.000000000000 -0.000000000000 0.000000000000 0.000000000000 0.000000000000 0.000000000000 -0.000000000000 -0.000000000000 0.000000000000 -0.000000000000 -0.000000000000 0.000000000000 0.000000000000 -0.000000000000 -0.000000000000 -0.000000000000 -0.000000000000 -0.000000000000 -0.000000000000 -0.000000000000 -0.000000000000 -0.000000000000 0.000000000000 0.000000000000 -0.000000000000 -0.000000000000 0.000000000000 0.000000000000 0.000000000000 0.000000000000 -0.000000000000 -0.000000000000 -0.000000000000 -0.000000000000 0.000000000000 -0.000000000000 0.000000000000 -0.000000000000 0.000000000000 0.000000000000
-0.000000000000 0.000000000000 -0.000000000000 -0.000000000000 -0.000000000000 0.000000000000 -0.000000000000 0.000000000000 1.000000000000 -0.000000000000 0.000000000000 0.000000000000 0.000000000000 -0.000000000000 -0.000000000000 -0.000000000000 0.000000000000 0.000000000000 0.000000000000 -0.000000000000 0.000000000000 0.000000000000 -0.000000000000 -0.000000000000 0.000000000000 -0.000000000000 -0.000000000000 0.000000000000 0.000000000000 0.000000000000 0.000000000000 -0.000000000000 0.000000000000 -0.000000000000 0.000000000000 -0.000000000000 -0.000000000000 0.000000000000 -0.000000000000 -0.000000000000 -0.000000000000 0.000000000000 -0.000000000000 -0.000000000000 0.000000000000 -0.000000000000 0.000000000000 -0.000000000000 -0.000000000000 -0.000000000000 -0.000000000000 -0.000000000000 0.000000000000 -0.000000000000 0.000000000000 -0.000000000000 0.000000000000 0.000000000000 -0.000000000000 0.000000000000 -0.000000000000 0.000000000000 -0.000000000000 -0.000000000000 -0.000000000000 -0.000000000000 -0.000000000000 -0.000000000000 0.000000000000 -0.000000000000 0.000000000000 0.000000000000 -0.000000000000 0.000000000000 -0.000000000000 0.000000000000 -0.000000000000 -0.000000000000 -0.000000000000 0.000000000000
-0.000000000000 -0.000000000000 0.000000000000 -0.000000000000 -0.000000000000 0.000000000000 0.000000000000 0.000000000000 -0.000000000000 1.000000000000 0.000000000000 0.000000000000 0.000000000000 -0.000000000000 -0.000000000000 -0.000000000000 -0.000000000000 -0.000000000000 0.000000000000 0.000000000000 0.000000000000 0.000000000000 0.000000000000 -0.000000000000 0.000000000000 0.000000000000 -0.000000000000 0.000000000000 -0.000000000000 0.000000000000 0.000000000000 0.000000000000 -0.000000000000 0.000000000000 0.000000000000 -0.000000000000 0.000000000000 -0.000000000000 -0.000000000000 -0.000000000000 -0.000000000000 0.000000000000 -0.000000000000 -0.000000000000 -0.000000000000 0.000000000000 0.000000000000 -0.000000000000 0.000000000000 -0.000000000000 -0.000000000000 -0.000000000000 0.000000000000 -0.000000000000 -0.000000000000 0.000000000000 0.000000000000 0.000000000000 -0.000000000000 0.000000000000 -0.000000000000 0.000000000000 0.000000000000 -0.000000000000 -0.000000000000 -0.000000000000 -0.000000000000 0.000000000000 0.000000000000 -0.000000000000 -0.000000000000 -0.000000000000 -0.000000000000 0.000000000000 0.000000000000 0.000000000000 0.000000000000 0.000000000000 -0.000000000000 0.000000000000
0.000000000000 0.000000000000 -0.000000000000 0.000000000000 0.000000000000 0.000000000000 -0.000000000000 -0.000000000000 0.000000000000 0.000000000000 1.000000000000 -0.000000000000 -0.000000000000 0.000000000000 -0.000000000000 -0.000000000000 0.000000000000 0.000000000000 -0.000000000000 0.000000000000 0.000000000000 0.000000000000 -0.000000000000 0.000000000000 0.000000000000 -0.000000000000 0.000000000000 0.000000000000 0.000000000000 0.000000000000 -0.000000000000 0.000000000000 0.000000000000 -0.000000000000 0.000000000000 0.000000000000 -0.000000000000 0.000000000000 0.000000000000 -0.000000000000 0.000000000000 0.000000000000 0.000000000000 0.000000000000 -0.000000000000 0.000000000000 -0.000000000000 -0.000000000000 -0.000000000000 0.000000000000 -0.000000000000 -0.000000000000 0.000000000000 -0.000000000000 -0.000000000000 0.000000000000 0.000000000000 0.000000000000 -0.000000000000 -0.000000000000 0.000000000000 0.000000000000 -0.000000000000 -0.000000000000 -0.000000000000 -0.000000000000 -0.000000000000 -0.000000000000 0.000000000000 -0.000000000000 0.000000000000 0.000000000000 -0.000000000000 0.000000000000 0.000000000000 -0.000000000000 -0.000000000000 0.000000000000 0.000000000000 0.000000000000
0.000000000000 0.000000000000 0.000000000000 0.000000000000 0.000000000000 0.000000000000 0.000000000000 -0.000000000000 0.000000000000 0.000000000000 -0.000000000000 1.000000000000 -0.000000000000 0.000000000000 -0.000000000000 -0.000000000000 -0.000000000000 -0.000000000000 0.000000000000 0.000000000000 -0.000000000000 0.000000000000 0.000000000000 0.000000000000 -0.000000000000 0.000000000000 -0.000000000000 -0.000000000000 -0.000000000000 0.000000000000 -0.000000000000 -0.000000000000 -0.000000000000 0.000000000000 0.000000000000 -0.000000000000 -0.000000000000 0.000000000000 -0.000000000000 -0.000000000000 -0.000000000000 -0.000000000000 -0.000000000000 -0.000000000000 -0.000000000000 -0.000000000000 -0.000000000000 0.000000000000 0.000000000000 0.000000000000 -0.000000000000 -0.000000000000 -0.000000000000 -0.000000000000 -0.000000000000 0.000000000000 -0.000000000000 -0.000000000000 -0.000000000000 -0.000000000000 -0.000000000000 -0.000000000000 0.000000000000 -0.000000000000 -0.000000000000 -0.000000000000 -0.000000000000 -0.000000000000 0.000000000000 0.000000000000 0.000000000000 -0.000000000000 -0.000000000000 0.000000000000 -0.000000000000 -0.000000000000 -0.000000000000 -0.000000000000 -0.000000000000 -0.000000000000
0.000000000000 -0.000000000000 -0.000000000000 0.000000000000 -0.000000000000 0.000000000000 -0.000000000000 -0.000000000000 0.000000000000 0.000000000000 -0.000000000000 -0.000000000000 1.000000000000 0.000000000000 0.000000000000 -0.000000000000 -0.000000000000 0.000000000000 -0.000000000000 -0.000000000000 -0.000000000000 0.000000000000 0.000000000000 -0.000000000000 0.000000000000 -0.000000000000 -0.000000000000 0.000000000000 0.000000000000 0.000000000000 0.000000000000 0.000000000000 -0.000000000000 -0.000000000000 -0.000000000000 -0.000000000000 -0.000000000000 0.000000000000 0.000000000000 -0.000000000000 -0.000000000000 0.000000000000 -0.000000000000 -0.000000000000 0.000000000000 -0.000000000000 0.000000000000 0.000000000000 -0.000000000000 -0.000000000000 0.000000000000 -0.000000000000 0.000000000000 0.000000000000 -0.000000000000 0.000000000000 0.000000000000 -0.000000000000 0.000000000000 0.000000000000 -0.000000000000 0.000000000000 0.000000000000 0.000000000000 -0.000000000000 -0.000000000000 -0.000000000000 -0.000000000000 -0.000000000000 0.000000000000 0.000000000000 -0.000000000000 -0.000000000000 0.000000000000 -0.000000000000 -0.000000000000 -0.000000000000 -0.000000000000 -0.000000000000 -0.000000000000
-0.000000000000 -0.000000000000 -0.000000000000 -0.000000000000 0.000000000000 -0.000000000000 -0.000000000000 0.000000000000 -0.000000000000 -0.000000000000 0.000000000000 0.000000000000 0.000000000000 1.000000000000 0.000000000000 0.000000000000 0.000000000000 0.000000000000 -0.000000000000 0.000000000000 -0.000000000000 -0.000000000000 0.000000000000 0.000000000000 0.000000000000 0.000000000000 -0.000000000000 0.000000000000 -0.000000000000 0.000000000000 0.000000000000 0.000000000000 0.000000000000 -0.000000000000 0.000000000000 -0.000000000000 0.000000000000 -0.000000000000 -0.000000000000 -0.000000000000 0.000000000000 -0.000000000000 -0.000000000000 0.000000000000 0.000000000000 0.000000000000 -0.000000000000 0.000000000000 -0.000000000000 -0.000000000000 0.000000000000 -0.000000000000 -0.000000000000 -0.000000000000 0.000000000000 -0.000000000000 0.000000000000 -0.000000000000 -0.000000000000 0.000000000000 0.000000000000 -0.000000000000 -0.000000000000 -0.000000000000 0.000000000000 -0.000000000000 -0.000000000000 -0.000000000000 0.000000000000 0.000000000000 0.000000000000 -0.000000000000 -0.000000000000 -0.000000000000 0.000000000000 0.000000000000 0.000000000000 0.000000000000 -0.000000000000 0.000000000000
0.000000000000 0.000000000000 0.000000000000 -0.000000000000 0.000000000000 -0.000000000000 0.000000000000 0.000000000000 -0.000000000000 -0.000000000000 -0.000000000000 -0.000000000000 0.000000000000 0.000000000000 1.000000000000 -0.000000000000 -0.000000000000 -0.000000000000 0.000000000000 -0.000000000000 0.000000000000 0.000000000000 -0.000000000000 -0.000000000000 0.000000000000 0.000000000000 -0.000000000000 -0.000000000000 -0.000000000000 -0.000000000000 0.000000000000 0.000000000000 0.000000000000 0.000000000000 0.000000000000 -0.000000000000 -0.000000000000 0.000000000000 0.000000000000 0.000000000000 -0.000000000000 -0.000000000000 -0.000000000000 -0.000000000000 0.000000000000 -0.000000000000 -0.000000000000 0.000000000000 -0.000000000000 -0.000000000000 0.000000000000 0.000000000000 -0.000000000000 -0.000000000000 -0.000000000000 -0.000000000000 0.000000000000 -0.000000000000 -0.000000000000 0.000000000000 0.000000000000 -0.000000000000 0.000000000000 -0.000000000000 0.000000000000 -0.000000000000 0.000000000000 -0.000000000000 -0.000000000000 -0.000000000000 -0.000000000000 -0.000000000000 0.000000000000 0.000000000000 -0.000000000000 -0.000000000000 0.000000000000 -0.000000000000 -0.000000000000 0.000000000000
0.000000000000 -0.000000000000 0.000000000000 -0.000000000000 0.000000000000 0.000000000000 0.000000000000 0.000000000000 -0.000000000000 -0.000000000000 -0.000000000000 -0.000000000000 -0.000000000000 0.000000000000 -0.000000000000 1.000000000000 -0.000000000000 -0.000000000000 0.000000000000 -0.000000000000 0.000000000000 -0.000000000000 -0.000000000000 0.000000000000 0.000000000000 -0.000000000000 0.000000000000 0.000000000000 -0.000000000000 -0.000000000000 0.000000000000 -0.000000000000 0.000000000000 -0.000000000000 -0.000000000000 -0.000000000000 0.000000000000 0.000000000000 -0.000000000000 -0.000000000000 0.000000000000 -0.000000000000 0.000000000000 0.000000000000 0.000000000000 -0.000000000000 -0.000000000000 0.000000000000 0.000000000000 -0.000000000000 0.000000000000 -0.000000000000 -0.000000000000 -0.000000000000 -0.000000000000 0.000000000000 0.000000000000 -0.000000000000 -0.000000000000 0.000000000000 0.000000000000 0.000000000000 -0.000000000000 -0.000000000000 0.000000000000 -0.000000000000 -0.000000000000 -0.000000000000 -0.000000000000 0.000000000000 0.000000000000 -0.000000000000 -0.000000000000 0.000000000000 0.000000000000 -0.000000000000 -0.000000000000 -0.000000000000 0.000000000000 0.000000000000
-0.000000000000 0.000000000000 0.000000000000 0.000000000000 -0.000000000000 -0.000000000000 -0.000000000000 -0.000000000000 0.000000000000 -0.000000000000 0.000000000000 -0.000000000000 -0.000000000000 0.000000000000 -0.000000000000 -0.000000000000 1.000000000000 -0.000000000000 -0.000000000000 0.000000000000 -0.000000000000 -0.000000000000 -0.000000000000 -0.000000000000 0.000000000000 0.000000000000 0.000000000000 0.000000000000 0.000000000000 -0.000000000000 -0.000000000000 0.000000000000 -0.000000000000 -0.000000000000 -0.000000000000 0.000000000000 -0.000000000000 0.000000000000 -0.000000000000 0.000000000000 0.000000000000 -0.000000000000 -0.000000000000 0.000000000000 0.000000000000 -0.000000000000 -0.000000000000 -0.000000000000 -0.000000000000 -0.000000000000 -0.000000000000 -0.000000000000 -0.000000000000 0.000000000000 -0.000000000000 0.000000000000 0.000000000000 0.000000000000 0.000000000000 0.000000000000 -0.000000000000 0.000000000000 0.000000000000 -0.000000000000 0.000000000000 -0.000000000000 0.000000000000 -0.000000000000 -0.000000000000 0.000000000000 0.000000000000 -0.000000000000 0.000000000000 0.000000000000 0.000000000000 0.000000000000 -0.000000000000 -0.000000000000 -0.000000000000 -0.000000000000
0.000000000000 -0.000000000000 -0.000000000000 -0.000000000000 -0.000000000000 0.000000000000 -0.000000000000 -0.000000000000 0.000000000000 -0.000000000000 0.000000000000 -0.000000000000 0.000000000000 0.000000000000 -0.000000000000 -0.000000000000 -0.000000000000 1.000000000000 -0.000000000000 -0.000000000000 -0.000000000000 0.000000000000 -0.000000000000 0.000000000000 0.000000000000 -0.000000000000 -0.000000000000 -0.000000000000 0.000000000000 -0.000000000000 -0.000000000000 -0.000000000000 -0.000000000000 -0.000000000000 -0.000000000000 -0.000000000000 -0.000000000000 0.000000000000 0.000000000000 0.000000000000 0.000000000000 -0.000000000000 0.000000000000 -0.000000000000 -0.000000000000 -0.000000000000 0.000000000000 -0.000000000000 0.000000000000 0.000000000000 -0.000000000000 -0.000000000000 -0.000000000000 0.000000000000 0.000000000000 0.000000000000 -0.000000000000 -0.000000000000 -0.000000000000 -0.000000000000 0.000000000000 -0.000000000000 -0.000000000000 -0.000000000000 0.000000000000 -0.000000000000 -0.000000000000 0.000000000000 -0.000000000000 -0.000000000000 0.000000000000 0.000000000000 0.000000000000 0.000000000000 -0.000000000000 0.000000000000 -0.000000000000 -0.000000000000 0.000000000000 -0.000000000000
-0.000000000000 -0.000000000000 0.000000000000 -0.000000000000 0.000000000000 -0.000000000000 -0.000000000000 -0.000000000000 0.000000000000 0.000000000000 -0.000000000000 0.000000000000 -0.000000000000 -0.000000000000 0.000000000000 0.000000000000 -0.000000000000 -0.000000000000 1.000000000000 0.000000000000 0.000000000000 0.000000000000 0.000000000000 -0.000000000000 -0.000000000000 0.000000000000 -0.000000000000 0.000000000000 0.000000000000 -0.000000000000 -0.000000000000 -0.000000000000 -0.000000000000 0.000000000000 0.000000000000 0.000000000000 -0.000000000000 -0.000000000000 0.000000000000 -0.000000000000 -0.000000000000 -0.000000000000 0.000000000000 -0.000000000000 -0.000000000000 0.000000000000 0.000000000000 0.000000000000 -0.000000000000 0.000000000000 0.000000000000 -0.000000000000 -0.000000000000 -0.000000000000 0.000000000000 0.000000000000 0.000000000000 -0.000000000000 -0.000000000000 -0.000000000000 -0.000000000000 -0.000000000000 0.000000000000 -0.000000000000 0.000000000000 0.000000000000 0.000000000000 -0.000000000000 -0.000000000000 0.000000000000 -0.000000000000 0.000000000000 -0.000000000000 0.000000000000 -0.000000000000 0.000000000000 -0.000000000000 -0.000000000000 0.000000000000 -0.000000000000
0.000000000000 -0.000000000000 0.000000000000 0.000000000000 -0.000000000000 0.000000000000 -0.000000000000 0.000000000000 -0.000000000000 0.000000000000 0.000000000000 0.000000000000 -0.000000000000 0.000000000000 -0.000000000000 -0.000000000000 0.000000000000 -0.000000000000 0.000000000000 1.000000000000 -0.000000000000 -0.000000000000 0.000000000000 0.000000000000 0.000000000000 0.000000000000 -0.000000000000 0.000000000000 -0.000000000000 0.000000000000 0.000000000000 0.000000000000 -0.000000000000 0.000000000000 0.000000000000 0.000000000000 0.000000000000 0.000000000000 -0.000000000000 -0.000000000000 -0.000000000000 -0.000000000000 -0.000000000000 -0.000000000000 0.000000000000 0.000000000000 0.000000000000 0.000000000000 -0.000000000000 -0.000000000000 0.000000000000 -0.000000000000 -0.000000000000 -0.000000000000 -0.000000000000 -0.000000000000 0.000000000000 -0.000000000000 -0.000000000000 -0.000000000000 0.000000000000 -0.000000000000 -0.000000000000 -0.000000000000 0.000000000000 -0.000000000000 -0.000000000000 0.000000000000 -0.000000000000 -0.000000000000 -0.000000000000 0.000000000000 0.000000000000 0.000000000000 -0.000000000000 0.000000000000 0.000000000000 -0.000000000000 0.000000000000 -0.000000000000
0.000000000000 0.000000000000 -0.000000000000 -0.000000000000 0.000000000000 0.000000000000 -0.000000000000 -0.000000000000 0.000000000000 0.000000000000 0.000000000000 -0.000000000000 -0.000000000000 -0.000000000000 0.000000000000 0.000000000000 -0.000000000000 -0.000000000000 0.000000000000 -0.000000000000 1.000000000000 0.000000000000 -0.000000000000 -0.000000000000 0.000000000000 -0.000000000000 -0.000000000000 0.000000000000 0.000000000000 -0.000000000000 0.000000000000 0.000000000000 0.000000000000 0.000000000000 -0.000000000000 0.000000000000 0.000000000000 0.000000000000 0.000000000000 0.000000000000 -0.000000000000 -0.000000000000 -0.000000000000 -0.000000000000 -0.000000000000 0.000000000000 -0.000000000000 -0.000000000000 -0.000000000000 0.000000000000 -0.000000000000 -0.000000000000 -0.000000000000 -0.000000000000 -0.000000000000 -0.000000000000 0.000000000000 0.000000000000 -0.000000000000 0.000000000000 0.000000000000 0.000000000000 -0.000000000000 0.000000000000 0.000000000000 0.000000000000 0.000000000000 0.000000000000 0.000000000000 -0.000000000000 -0.000000000000 0.000000000000 0.000000000000 0.000000000000 -0.000000000000 -0.000000000000 0.000000000000 -0.000000000000 -0.000000000000 -0.000000000000
-0.000000000000 0.000000000000 0.000000000000 0.000000000000 0.000000000000 -0.000000000000 0.000000000000 -0.000000000000 0.000000000000 0.000000000000 0.000000000000 0.000000000000 0.000000000000 -0.000000000000 0.000000000000 -0.000000000000 -0.000000000000 0.000000000000 0.000000000000 -0.000000000000 0.000000000000 1.000000000000 0.000000000000 0.000000000000 0.000000000000 0.000000000000 -0.000000000000 0.000000000000 -0.000000000000 -0.000000000000 0.000000000000 -0.000000000000 0.000000000000 0.000000000000 0.000000000000 0.000000000000 -0.000000000000 -0.000000000000 0.000000000000 0.000000000000 -0.000000000000 -0.000000000000 0.000000000000 0.000000000000 -0.000000000000 0.000000000000 -0.000000000000 0.000000000000 0.000000000000 -0.000000000000 0.000000000000 0.000000000000 0.000000000000 0.000000000000 -0.000000000000 0.000000000000 -0.000000000000 -0.000000000000 0.000000000000 -0.000000000000 -0.000000000000 0.000000000000 -0.000000000000 -0.000000000000 0.000000000000 -0.000000000000 0.000000000000 0.000000000000 -0.000000000000 -0.000000000000 0.000000000000 -0.000000000000 0.000000000000 -0.000000000000 -0.000000000000 0.000000000000 0.000000000000 -0.000000000000 -0.000000000000 -0.000000000000
0.000000000000 -0.000000000000 0.000000000000 0.000000000000 -0.000000000000 0.000000000000 0.000000000000 -0.000000000000 -0.000000000000 0.000000000000 -0.000000000000 0.000000000000 0.000000000000 0.000000000000 -0.000000000000 -0.000000000000 -0.000000000000 -0.000000000000 0.000000000000 0.000000000000 -0.000000000000 0.000000000000 1.000000000000 -0.000000000000 -0.000000000000 -0.000000000000 0.000000000000 0.000000000000 0.000000000000 0.000000000000 0.000000000000 0.000000000000 0.000000000000 0.000000000000 0.000000000000 0.000000000000 0.000000000000 -0.000000000000 -0.000000000000 -0.000000000000 0.000000000000 -0.000000000000 -0.000000000000 0.000000000000 -0.000000000000 -0.000000000000 0.000000000000 -0.000000000000 -0.000000000000 0.000000000000 0.000000000000 -0.000000000000 0.000000000000 -0.000000000000 -0.000000000000 -0.000000000000 -0.000000000000 0.000000000000 -0.000000000000 0.000000000000 -0.000000000000 -0.000000000000 0.000000000000 -0.000000000000 -0.000000000000 -0.000000000000 -0.000000000000 -0.000000000000 0.000000000000 -0.000000000000 -0.000000000000 -0.000000000000 0.000000000000 0.000000000000 -0.000000000000 0.000000000000 0.000000000000 -0.000000000000 -0.000000000000 0.000000000000
-0.000000000000 -0.000000000000 -0.000000000000 -0.000000000000 -0.000000000000 0.000000000000 -0.000000000000 -0.000000000000 -0.000000000000 -0.000000000000 0.000000000000 0.000000000000 -0.000000000000 0.000000000000 -0.000000000000 0.000000000000 -0.000000000000 0.000000000000 -0.000000000000 0.000000000000 -0.000000000000 0.000000000000 -0.000000000000 1.000000000000 0.000000000000 -0.000000000000 -0.000000000000 -0.000000000000 -0.000000000000 -0.000000000000 0.000000000000 -0.000000000000 0.000000000000 -0.000000000000 0.000000000000 -0.000000000000 0.000000000000 0.000000000000 -0.000000000000 0.000000000000 -0.000000000000 -0.000000000000 -0.000000000000 -0.000000000000 0.000000000000 -0.000000000000 -0.000000000000 -0.000000000000 -0.000000000000 0.000000000000 0.000000000000 -0.000000000000 -0.000000000000 0.000000000000 -0.000000000000 0.000000000000 -0.000000000000 0.000000000000 0.000000000000 0.000000000000 -0.000000000000 0.000000000000 0.000000000000 -0.000000000000 -0.000000000000 0.000000000000 0.000000000000 0.000000000000 -0.000000000000 0.000000000000 0.000000000000 0.000000000000 0.000000000000 -0.000000000000 -0.000000000000 -0.000000000000 0.000000000000 0.000000000000 -0.000000000000 0.000000000000
-0.000000000000 -0.000000000000 -0.000000000000 0.000000000000 0.000000000000 0.000000000000 -0.000000000000 0.000000000000 0.000000000000 0.000000000000 0.000000000000 -0.000000000000 0.000000000000 0.000000000000 0.000000000000 0.000000000000 0.000000000000 0.000000000000 -0.000000000000 0.000000000000 0.000000000000 0.000000000000 -0.000000000000 0.000000000000 1.000000000000 0.000000000000 -0.000000000000 -0.000000000000 0.000000000000 0.000000000000 0.000000000000 0.000000000000 0.000000000000 -0.000000000000 0.000000000000 0.000000000000 0.000000000000 -0.000000000000 0.000000000000 -0.000000000000 0.000000000000 0.000000000000 0.000000000000 -0.000000000000 -0.000000000000 0.000000000000 -0.000000000000 0.000000000000 0.000000000000 0.000000000000 0.000000000000 0.000000000000 -0.000000000000 -0.000000000000 -0.000000000000 0.000000000000 -0.000000000000 -0.000000000000 0.000000000000 -0.000000000000 0.000000000000 -0.000000000000 0.000000000000 -0.000000000000 -0.000000000000 -0.000000000000 -0.000000000000 0.000000000000 -0.000000000000 0.000000000000 -0.000000000000 -0.000000000000 0.000000000000 0.000000000000 -0.000000000000 0.000000000000 -0.000000000000 -0.000000000000 -0.000000000000 -0.000000000000
-0.000000000000 -0.000000000000 0.000000000000 0.000000000000 0.000000000000 0.000000000000 -0.000000000000 0.000000000000 -0.000000000000 0.000000000000 -0.000000000000 0.000000000000 -0.000000000000 0.000000000000 0.000000000000 -0.000000000000 0.000000000000 -0.000000000000 0.000000000000 0.000000000000 -0.000000000000 0.000000000000 -0.000000000000 -0.000000000000 0.000000000000 1.000000000000 0.000000000000 0.000000000000 0.000000000000 0.000000000000 0.000000000000 -0.000000000000 -0.000000000000 0.000000000000 -0.000000000000 -0.000000000000 -0.000000000000 -0.000000000000 0.000000000000 0.000000000000 0.000000000000 0.000000000000 0.000000000000 0.000000000000 -0.000000000000 0.000000000000 -0.000000000000 -0.000000000000 0.000000000000 0.000000000000 0.000000000000 -0.000000000000 -0.000000000000 0.000000000000 -0.000000000000 0.000000000000 -0.000000000000 0.000000000000 0.000000000000 0.000000000000 -0.000000000000 0.000000000000 -0.000000000000 0.000000000000 -0.000000000000 -0.000000000000 -0.000000000000 0.000000000000 -0.000000000000 0.000000000000 -0.000000000000 -0.000000000000 0.000000000000 0.000000000000 0.000000000000 -0.000000000000 -0.000000000000 -0.000000000000 0.000000000000 0.000000000000
0.000000000000 -0.000000000000 0.000000000000 0.000000000000 -0.000000000000 -0.000000000000 0.000000000000 -0.000000000000 -0.000000000000 -0.000000000000 0.000000000000 -0.000000000000 -0.000000000000 -0.000000000000 -0.000000000000 0.000000000000 0.000000000000 -0.000000000000 -0.000000000000 -0.000000000000 -0.000000000000 -0.000000000000 0.000000000000 -0.000000000000 -0.000000000000 0.000000000000 1.000000000000 0.000000000000 0.000000000000 -0.000000000000 0.000000000000 0.000000000000 0.000000000000 -0.000000000000 0.000000000000 0.000000000000 0.000000000000 0.000000000000 -0.000000000000 0.000000000000 -0.000000000000 0.000000000000 0.000000000000 0.000000000000 -0.000000000000 -0.000000000000 0.000000000000 -0.000000000000 0.000000000000 -0.000000000000 0.000000000000 -0.000000000000 -0.000000000000 0.000000000000 -0.000000000000 -0.000000000000 0.000000000000 -0.000000000000 -0.000000000000 -0.000000000000 -0.000000000000 0.000000000000 0.000000000000 -0.000000000000 0.000000000000 -0.000000000000 0.000000000000 -0.000000000000 -0.000000000000 -0.000000000000 0.000000000000 0.000000000000 -0.000000000000 -0.000000000000 0.000000000000 -0.000000000000 -0.000000000000 0.000000000000 -0.000000000000 -0.000000000000
-0.000000000000 0.000000000000 0.000000000000 0.000000000000 -0.000000000000 0.000000000000 -0.000000000000 -0.000000000000 0.000000000000 0.000000000000 0.000000000000 -0.000000000000 0.000000000000 0.000000000000 -0.000000000000 0.000000000000 0.000000000000 -0.000000000000 0.000000000000 0.000000000000 0.000000000000 0.000000000000 0.000000000000 -0.000000000000 -0.000000000000 0.000000000000 0.000000000000 1.000000000000 -0.000000000000 0.000000000000 0.000000000000 0.000000000000 0.000000000000 0.000000000000 -0.000000000000 -0.000000000000 -0.000000000000 -0.000000000000 -0.000000000000 -0.000000000000 0.000000000000 0.000000000000 -0.000000000000 0.000000000000 -0.000000000000 0.000000000000 -0.000000000000 -0.000000000000 -0.000000000000 -0.000000000000 0.000000000000 0.000000000000 -0.000000000000 -0.000000000000 0.000000000000 -0.000000000000 -0.000000000000 -0.000000000000 0.000000000000 0.000000000000 -0.000000000000 0.000000000000 0.000000000000 -0.000000000000 0.000000000000 0.000000000000 0.000000000000 0.000000000000 -0.000000000000 -0.000000000000 -0.000000000000 -0.000000000000 0.000000000000 -0.000000000000 -0.000000000000 0.000000000000 0.000000000000 -0.000000000000 0.000000000000 -0.000000000000
0.000000000000 -0.000000000000 -0.000000000000 0.000000000000 -0.000000000000 -0.000000000000 -0.000000000000 -0.000000000000 0.000000000000 -0.000000000000 0.000000000000 -0.000000000000 0.000000000000 -0.000000000000 -0.000000000000 -0.000000000000 0.000000000000 0.000000000000 0.000000000000 -0.000000000000 0.000000000000 -0.000000000000 0.000000000000 -0.000000000000 0.000000000000 0.000000000000 0.000000000000 -0.000000000000 1.000000000000 0.000000000000 0.000000000000 -0.000000000000 -0.000000000000 0.000000000000 -0.000000000000 0.000000000000 -0.000000000000 -0.000000000000 0.000000000000 0.000000000000 -0.000000000000 0.000000000000 -0.000000000000 -0.000000000000 -0.000000000000 0.000000000000 -0.000000000000 -0.000000000000 -0.000000000000 -0.000000000000 -0.000000000000 0.000000000000 -0.000000000000 0.000000000000 0.000000000000 0.000000000000 0.000000000000 0.000000000000 0.000000000000 0.000000000000 0.000000000000 -0.000000000000 0.000000000000 -0.000000000000 -0.000000000000 0.000000000000 0.000000000000 -0.000000000000 0.000000000000 0.000000000000 -0.000000000000 -0.000000000000 -0.000000000000 0.000000000000 -0.000000000000 0.000000000000 0.000000000000 -0.000000000000 0.000000000000 0.000000000000
0.000000000000 0.000000000000 -0.000000000000 -0.000000000000 0.000000000000 -0.000000000000 0.000000000000 0.000000000000 0.000000000000 0.000000000000 0.000000000000 0.000000000000 0.000000000000 0.000000000000 -0.000000000000 -0.000000000000 -0.000000000000 -0.000000000000 -0.000000000000 0.000000000000 -0.000000000000 -0.000000000000 0.000000000000 -0.000000000000 0.000000000000 0.000000000000 -0.000000000000 0.000000000000 0.000000000000 1.000000000000 -0.000000000000 -0.000000000000 -0.000000000000 0.000000000000 -0.000000000000 0.000000000000 0.000000000000 -0.000000000000 -0.000000000000 -0.000000000000 0.000000000000 -0.000000000000 0.000000000000 0.000000000000 -0.000000000000 -0.000000000000 0.000000000000 -0.000000000000 -0.000000000000 -0.000000000000 0.000000000000 0.000000000000 -0.000000000000 -0.000000000000 -0.000000000000 0.000000000000 0.000000000000 0.000000000000 -0.000000000000 0.000000000000 -0.000000000000 0.000000000000 -0.000000000000 0.000000000000 -0.000000000000 0.000000000000 0.000000000000 -0.000000000000 -0.000000000000 -0.000000000000 0.000000000000 -0.000000000000 0.000000000000 -0.000000000000 -0.000000000000 -0.000000000000 0.000000000000 -0.000000000000 -0.000000000000 -0.000000000000
-0.000000000000 0.000000000000 0.000000000000 -0.000000000000 -0.000000000000 0.000000000000 0.000000000000 0.000000000000 0.000000000000 0.000000000000 -0.000000000000 -0.000000000000 0.000000000000 0.000000000000 0.000000000000 0.000000000000 -0.000000000000 -0.000000000000 -0.000000000000 0.000000000000 0.000000000000 0.000000000000 0.000000000000 0.000000000000 0.000000000000 0.000000000000 0.000000000000 0.000000000000 0.000000000000 -0.000000000000 1.000000000000 -0.000000000000 -0.000000000000 0.000000000000 -0.000000000000 -0.000000000000 0.000000000000 0.000000000000 -0.000000000000 -0.000000000000 -0.000000000000 0.000000000000 0.000000000000 0.000000000000 -0.000000000000 -0.000000000000 0.000000000000 -0.000000000000 -0.000000000000 -0.000000000000 0.000000000000 0.000000000000 -0.000000000000 -0.000000000000 -0.000000000000 0.000000000000 -0.000000000000 0.000000000000 0.000000000000 -0.000000000000 -0.000000000000 -0.000000000000 0.000000000000 0.000000000000 0.000000000000 -0.000000000000 -0.000000000000 0.000000000000 -0.000000000000 0.000000000000 0.000000000000 -0.000000000000 0.000000000000 0.000000000000 0.000000000000 -0.000000000000 0.000000000000 0.000000000000 0.000000000000 -0.000000000000
0.000000000000 0.000000000000 0.000000000000 0.000000000000 0.000000000000 0.000000000000 0.000000000000 -0.000000000000 -0.000000000000 0.000000000000 0.000000000000 -0.000000000000 0.000000000000 0.000000000000 0.000000000000 -0.000000000000 0.000000000000 -0.000000000000 -0.000000000000 0.000000000000 0.000000000000 -0.000000000000 0.000000000000 -0.000000000000 0.000000000000 -0.000000000000 0.000000000000 0.000000000000 -0.000000000000 -0.000000000000 -0.000000000000 1.000000000000 -0.000000000000 -0.000000000000 0.000000000000 -0.000000000000 -0.000000000000 -0.000000000000 0.000000000000 -0.000000000000 -0.000000000000 -0.000000000000 0.000000000000 -0.000000000000 -0.000000000000 0.000000000000 -0.000000000000 0.000000000000 0.000000000000 -0.000000000000 -0.000000000000 -0.000000000000 -0.000000000000 -0.000000000000 -0.000000000000 0.000000000000 0.000000000000 0.000000000000 0.000000000000 0.000000000000 0.000000000000 0.000000000000 0.000000000000 -0.000000000000 0.000000000000 -0.000000000000 0.000000000000 0.000000000000 0.000000000000 0.000000000000 -0.000000000000 -0.000000000000 -0.000000000000 0.000000000000 0.000000000000 0.000000000000 -0.000000000000 0.000000000000 0.000000000000 0.000000000000
-0.000000000000 0.000000000000 0.000000000000 0.000000000000 0.000000000000 0.000000000000 0.000000000000 -0.000000000000 0.000000000000 -0.000000000000 0.000000000000 -0.000000000000 -0.000000000000 0.000000000000 0.000000000000 0.000000000000 -0.000000000000 -0.000000000000 -0.000000000000 -0.000000000000 0.000000000000 0.000000000000 0.000000000000 0.000000000000 0.000000000000 -0.000000000000 0.000000000000 0.000000000000 -0.000000000000 -0.000000000000 -0.000000000000 -0.000000000000 1.000000000000 0.000000000000 -0.000000000000 0.000000000000 0.000000000000 0.000000000000 -0.000000000000 -0.000000000000 0.000000000000 0.000000000000 0.000000000000 0.000000000000 0.000000000000 0.000000000000 -0.000000000000 -0.000000000000 0.000000000000 -0.000000000000 0.000000000000 -0.000000000000 0.000000000000 -0.000000000000 0.000000000000 0.000000000000 -0.000000000000 0.000000000000 -0.000000000000 -0.000000000000 0.000000000000 0.000000000000 0.000000000000 0.000000000000 0.000000000000 -0.000000000000 0.000000000000 -0.000000000000 0.000000000000 0.000000000000 -0.000000000000 -0.000000000000 0.000000000000 0.000000000000 0.000000000000 -0.000000000000 0.000000000000 -0.000000000000 -0.000000000000 0.000000000000
-0.000000000000 -0.000000000000 -0.000000000000 -0.000000000000 0.000000000000 -0.000000000000 -0.000000000000 0.000000000000 -0.000000000000 0.000000000000 -0.000000000000 0.000000000000 -0.000000000000 -0.000000000000 0.000000000000 -0.000000000000 -0.000000000000 -0.000000000000 0.000000000000 0.000000000000 0.000000000000 0.000000000000 0.000000000000 -0.000000000000 -0.000000000000 0.000000000000 -0.000000000000 0.000000000000 0.000000000000 0.000000000000 0.000000000000 -0.000000000000 0.000000000000 1.000000000000 -0.000000000000 -0.000000000000 0.000000000000 -0.000000000000 -0.000000000000 -0.000000000000 0.000000000000 0.000000000000 0.000000000000 -0.000000000000 0.000000000000 -0.000000000000 0.000000000000 -0.000000000000 -0.000000000000 0.000000000000 0.000000000000 -0.000000000000 -0.000000000000 0.000000000000 -0.000000000000 -0.000000000000 -0.000000000000 -0.000000000000 -0.000000000000 0.000000000000 0.000000000000 -0.000000000000 0.000000000000 -0.000000000000 0.000000000000 -0.000000000000 -0.000000000000 -0.000000000000 0.000000000000 0.000000000000 0.000000000000 0.000000000000 -0.000000000000 -0.000000000000 -0.000000000000 -0.000000000000 -0.000000000000 0.000000000000 -0.000000000000 -0.000000000000
-0.000000000000 0.000000000000 -0.000000000000 -0.000000000000 0.000000000000 0.000000000000 0.000000000000 -0.000000000000 0.000000000000 0.000000000000 0.000000000000 0.000000000000 -0.000000000000 0.000000000000 0.000000000000 -0.000000000000 -0.000000000000 -0.000000000000 0.000000000000 0.000000000000 -0.000000000000 0.000000000000 0.000000000000 0.000000000000 0.000000000000 -0.000000000000 0.000000000000 -0.000000000000 -0.000000000000 -0.000000000000 -0.000000000000 0.000000000000 -0.000000000000 -0.000000000000 1.000000000000 0.000000000000 0.000000000000 0.000000000000 0.000000000000 -0.000000000000 0.000000000000 0.000000000000 -0.000000000000 -0.000000000000 0.000000000000 0.000000000000 -0.000000000000 0.000000000000 -0.000000000000 0.000000000000 0.000000000000 0.000000000000 -0.000000000000 0.000000000000 -0.000000000000 -0.000000000000 -0.000000000000 0.000000000000 0.000000000000 0.000000000000 0.000000000000 0.000000000000 0.000000000000 -0.000000000000 -0.000000000000 -0.000000000000 0.000000000000 -0.000000000000 0.000000000000 -0.000000000000 -0.000000000000 0.000000000000 0.000000000000 -0.000000000000 -0.000000000000 0.000000000000 -0.000000000000 -0.000000000000 -0.000000000000 0.000000000000
-0.000000000000 -0.000000000000 -0.000000000000 -0.000000000000 -0.000000000000 -0.000000000000 0.000000000000 -0.000000000000 -0.000000000000 -0.000000000000 0.000000000000 -0.000000000000 -0.000000000000 -0.000000000000 -0.000000000000 -0.000000000000 0.000000000000 -0.000000000000 0.000000000000 0.000000000000 0.000000000000 0.000000000000 0.000000000000 -0.000000000000 0.000000000000 -0.000000000000 0.000000000000 -0.000000000000 0.000000000000 0.000000000000 -0.000000000000 -0.000000000000 0.000000000000 -0.000000000000 0.000000000000 1.000000000000 -0.000000000000 0.000000000000 0.000000000000 -0.000000000000 -0.000000000000 -0.000000000000 0.000000000000 -0.000000000000 0.000000000000 -0.000000000000 0.000000000000 -0.000000000000 -0.000000000000 -0.000000000000 0.000000000000 0.000000000000 -0.000000000000 -0.000000000000 0.000000000000 0.000000000000 0.000000000000 -0.000000000000 -0.000000000000 -0.000000000000 0.000000000000 0.000000000000 0.000000000000 0.000000000000 -0.000000000000 0.000000000000 -0.000000000000 -0.000000000000 -0.000000000000 0.000000000000 -0.000000000000 -0.000000000000 -0.000000000000 -0.000000000000 -0.000000000000 -0.000000000000 0.000000000000 0.000000000000 -0.000000000000 -0.000000000000
-0.000000000000 -0.000000000000 -0.000000000000 -0.000000000000 -0.000000000000 0.000000000000 0.000000000000 0.000000000000 -0.000000000000 0.000000000000 -0.000000000000 -0.000000000000 -0.000000000000 0.000000000000 -0.000000000000 0.000000000000 -0.000000000000 -0.000000000000 -0.000000000000 0.000000000000 0.000000000000 -0.000000000000 0.000000000000 0.000000000000 0.000000000000 -0.000000000000 0.000000000000 -0.000000000000 -0.000000000000 0.000000000000 0.000000000000 -0.000000000000 0.000000000000 0.000000000000 0.000000000000 -0.000000000000 1.000000000000 -0.000000000000 0.000000000000 -0.000000000000 0.000000000000 0.000000000000 -0.000000000000 -0.000000000000 0.000000000000 0.000000000000 -0.000000000000 -0.000000000000 0.000000000000 0.000000000000 -0.000000000000 -0.000000000000 -0.000000000000 -0.000000000000 -0.000000000000 -0.000000000000 -0.000000000000 0.000000000000 0.000000000000 0.000000000000 0.000000000000 0.000000000000 0.000000000000 -0.000000000000 0.000000000000 0.000000000000 -0.000000000000 0.000000000000 0.000000000000 0.000000000000 -0.000000000000 -0.000000000000 0.000000000000 -0.000000000000 -0.000000000000 -0.000000000000 0.000000000000 0.000000000000 -0.000000000000 0.000000000000
0.000000000000 0.000000000000 -0.000000000000 -0.000000000000 -0.000000000000 -0.000000000000 -0.000000000000 0.000000000000 0.000000000000 -0.000000000000 0.000000000000 0.000000000000 0.000000000000 -0.000000000000 0.000000000000 0.000000000000 0.000000000000 0.000000000000 -0.000000000000 0.000000000000 0.000000000000 -0.000000000000 -0.000000000000 0.000000000000 -0.000000000000 -0.000000000000 0.000000000000 -0.000000000000 -0.000000000000 -0.000000000000 0.000000000000 -0.000000000000 0.000000000000 -0.000000000000 0.000000000000 0.000000000000 -0.000000000000 1.000000000000 0.000000000000 0.000000000000 -0.000000000000 -0.000000000000 0.000000000000 0.000000000000 -0.000000000000 -0.000000000000 0.000000000000 0.000000000000 0.000000000000 -0.000000000000 -0.000000000000 -0.000000000000 0.000000000000 -0.000000000000 0.000000000000 -0.000000000000 0.000000000000 0.000000000000 0.000000000000 -0.000000000000 0.000000000000 -0.000000000000 -0.000000000000 0.000000000000 -0.000000000000 -0.000000000000 -0.000000000000 -0.000000000000 -0.000000000000 0.000000000000 0.000000000000 0.000000000000 -0.000000000000 -0.000000000000 -0.000000000000 0.000000000000 -0.000000000000 0.000000000000 0.000000000000 0.000000000000
0.000000000000 0.000000000000 -0.000000000000 0.000000000000 -0.000000000000 0.000000000000 0.000000000000 -0.000000000000 -0.000000000000 -0.000000000000 0.000000000000 -0.000000000000 0.000000000000 -0.000000000000 0.000000000000 -0.000000000000 -0.000000000000 0.000000000000 0.000000000000 -0.000000000000 0.000000000000 0.000000000000 -0.000000000000 -0.000000000000 0.000000000000 0.000000000000 -0.000000000000 -0.000000000000 0.000000000000 -0.000000000000 -0.000000000000 0.000000000000 -0.000000000000 -0.000000000000 0.000000000000 0.000000000000 0.000000000000 0.000000000000 1.000000000000 0.000000000000 0.000000000000 -0.000000000000 0.000000000000 -0.000000000000 -0.000000000000 0.000000000000 0.000000000000 0.000000000000 -0.000000000000 0.000000000000 -0.000000000000 0.000000000000 -0.000000000000 0.000000000000 -0.000000000000 -0.000000000000 -0.000000000000 0.000000000000 0.000000000000 -0.000000000000 0.000000000000 -0.000000000000 0.000000000000 0.000000000000 0.000000000000 -0.000000000000 0.000000000000 0.000000000000 -0.000000000000 0.000000000000 0.000000000000 0.000000000000 0.000000000000 -0.000000000000 0.000000000000 -0.000000000000 0.000000000000 -0.000000000000 0.000000000000 0.000000000000
-0.000000000000 0.000000000000 -0.000000000000 -0.000000000000 -0.000000000000 0.000000000000 0.000000000000 -0.000000000000 -0.000000000000 -0.000000000000 -0.000000000000 -0.000000000000 -0.000000000000 -0.000000000000 0.000000000000 -0.000000000000 0.000000000000 0.000000000000 -0.000000000000 -0.000000000000 0.000000000000 0.000000000000 -0.000000000000 0.000000000000 -0.000000000000 0.000000000000 0.000000000000 -0.000000000000 0.000000000000 -0.000000000000 -0.000000000000 -0.000000000000 -0.000000000000 -0.000000000000 -0.000000000000 -0.000000000000 -0.000000000000 0.000000000000 0.000000000000 1.000000000000 0.000000000000 -0.000000000000 -0.000000000000 0.000000000000 -0.000000000000 0.000000000000 -0.000000000000 0.000000000000 0.000000000000 -0.000000000000 0.000000000000 -0.000000000000 0.000000000000 -0.000000000000 0.000000000000 0.000000000000 -0.000000000000 -0.000000000000 -0.000000000000 -0.000000000000 -0.000000000000 0.000000000000 -0.000000000000 0.000000000000 -0.000000000000 -0.000000000000 0.000000000000 0.000000000000 0.000000000000 0.000000000000 -0.000000000000 -0.000000000000 0.000000000000 -0.000000000000 -0.000000000000 0.000000000000 -0.000000000000 0.000000000000 0.000000000000 0.000000000000
-0.000000000000 0.000000000000 -0.000000000000 0.000000000000 0.000000000000 0.000000000000 -0.000000000000 0.000000000000 -0.000000000000 -0.000000000000 0.000000000000 -0.000000000000 -0.000000000000 0.000000000000 -0.000000000000 0.000000000000 0.000000000000 0.000000000000 -0.000000000000 -0.000000000000 -0.000000000000 -0.000000000000 0.000000000000 -0.000000000000 0.000000000000 0.000000000000 -0.000000000000 0.000000000000 -0.000000000000 0.000000000000 -0.000000000000 -0.000000000000 0.000000000000 0.000000000000 0.000000000000 -0.000000000000 0.000000000000 -0.000000000000 0.000000000000 0.000000000000 1.000000000000 -0.000000000000 0.000000000000 -0.000000000000 0.000000000000 -0.000000000000 -0.000000000000 -0.000000000000 0.000000000000 0.000000000000 0.000000000000 -0.000000000000 -0.000000000000 0.000000000000 -0.000000000000 0.000000000000 -0.000000000000 0.000000000000 0.000000000000 0.000000000000 -0.000000000000 -0.000000000000 -0.000000000000 -0.000000000000 -0.000000000000 0.000000000000 -0.000000000000 0.000000000000 -0.000000000000 0.000000000000 0.000000000000 0.000000000000 -0.000000000000 0.000000000000 0.000000000000 0.000000000000 -0.000000000000 -0.000000000000 -0.000000000000 0.000000000000
0.000000000000 -0.000000000000 -0.000000000000 -0.000000000000 0.000000000000 0.000000000000 -0.000000000000 -0.000000000000 0.000000000000 0.000000000000 0.000000000000 -0.000000000000 0.000000000000 -0.000000000000 -0.000000000000 -0.000000000000 -0.000000000000 -0.000000000000 -0.000000000000 -0.000000000000 -0.000000000000 -0.000000000000 -0.000000000000 -0.000000000000 0.000000000000 0.000000000000 0.000000000000 0.000000000000 0.000000000000 -0.000000000000 0.000000000000 -0.000000000000 0.000000000000 0.000000000000 0.000000000000 -0.000000000000 0.000000000000 -0.000000000000 -0.000000000000 -0.000000000000 -0.000000000000 1.000000000000 -0.000000000000 0.000000000000 -0.000000000000 -0.000000000000 -0.000000000000 0.000000000000 -0.000000000000 0.000000000000 0.000000000000 -0.000000000000 0.000000000000 -0.000000000000 -0.000000000000 0.000000000000 0.000000000000 -0.000000000000 0.000000000000 0.000000000000 0.000000000000 0.000000000000 -0.000000000000 0.000000000000 -0.000000000000 -0.000000000000 -0.000000000000 -0.000000000000 -0.000000000000 -0.000000000000 -0.000000000000 -0.000000000000 0.000000000000 -0.000000000000 0.000000000000 -0.000000000000 0.000000000000 -0.000000000000 0.000000000000 0.000000000000
0.000000000000 0.000000000000 -0.000000000000 -0.000000000000 -0.000000000000 0.000000000000 0.000000000000 0.000000000000 -0.000000000000 -0.000000000000 0.000000000000 -0.000000000000 -0.000000000000 -0.000000000000 -0.000000000000 0.000000000000 -0.000000000000 0.000000000000 0.000000000000 -0.000000000000 -0.000000000000 0.000000000000 -0.000000000000 -0.000000000000 0.000000000000 0.000000000000 0.000000000000 -0.000000000000 -0.000000000000 0.000000000000 0.000000000000 0.000000000000 0.000000000000 0.000000000000 -0.000000000000 0.000000000000 -0.000000000000 0.000000000000 0.000000000000 -0.000000000000 0.000000000000 -0.000000000000 1.000000000000 -0.000000000000 -0.000000000000 -0.000000000000 0.000000000000 -0.000000000000 -0.000000000000 -0.000000000000 0.000000000000 0.000000000000 -0.000000000000 0.000000000000 -0.000000000000 -0.000000000000 0.000000000000 -0.000000000000 -0.000000000000 -0.000000000000 0.000000000000 0.000000000000 0.000000000000 0.000000000000 -0.000000000000 -0.000000000000 -0.000000000000 0.000000000000 0.000000000000 0.000000000000 -0.000000000000 0.000000000000 -0.000000000000 -0.000000000000 -0.000000000000 0.000000000000 -0.000000000000 0.000000000000 -0.000000000000 -0.000000000000
0.000000000000 0.000000000000 -0.000000000000 -0.000000000000 0.000000000000 -0.000000000000 -0.000000000000 0.000000000000 -0.000000000000 -0.000000000000 0.000000000000 -0.000000000000 -0.000000000000 0.000000000000 -0.000000000000 0.000000000000 0.000000000000 -0.000000000000 -0.000000000000 -0.000000000000 -0.000000000000 0.000000000000 0.000000000000 -0.000000000000 -0.000000000000 0.000000000000 0.000000000000 0.000000000000 -0.000000000000 0.000000000000 0.000000000000 -0.000000000000 0.000000000000 -0.000000000000 -0.000000000000 -0.000000000000 -0.000000000000 0.000000000000 -0.000000000000 0.000000000000 -0.000000000000 0.000000000000 -0.000000000000 1.000000000000 -0.000000000000 -0.000000000000 0.000000000000 0.000000000000 -0.000000000000 0.000000000000 0.000000000000 0.000000000000 0.000000000000 0.000000000000 -0.000000000000 0.000000000000 0.000000000000 -0.000000000000 0.000000000000 0.000000000000 0.000000000000 0.000000000000 -0.000000000000 0.000000000000 -0.000000000000 -0.000000000000 0.000000000000 0.000000000000 -0.000000000000 0.000000000000 0.000000000000 -0.000000000000 -0.000000000000 -0.000000000000 0.000000000000 -0.000000000000 -0.000000000000 0.000000000000 -0.000000000000 0.000000000000
0.000000000000 0.000000000000 0.000000000000 0.000000000000 0.000000000000 0.000000000000 0.000000000000 0.000000000000 0.000000000000 -0.000000000000 -0.000000000000 -0.000000000000 0.000000000000 0.000000000000 0.000000000000 0.000000000000 0.000000000000 -0.000000000000 -0.000000000000 0.000000000000 -0.000000000000 -0.000000000000 -0.000000000000 0.000000000000 -0.000000000000 -0.000000000000 -0.000000000000 -0.000000000000 -0.000000000000 -0.000000000000 -0.000000000000 -0.000000000000 0.000000000000 0.000000000000 0.000000000000 0.000000000000 0.000000000000 -0.000000000000 -0.000000000000 -0.000000000000 0.000000000000 -0.000000000000 -0.000000000000 -0.000000000000 1.000000000000 0.000000000000 0.000000000000 0.000000000000 -0.000000000000 0.000000000000 -0.000000000000 -0.000000000000 0.000000000000 0.000000000000 -0.000000000000 -0.000000000000 -0.000000000000 0.000000000000 -0.000000000000 0.000000000000 -0.000000000000 -0.000000000000 -0.000000000000 0.000000000000 0.000000000000 0.000000000000 0.000000000000 -0.000000000000 0.000000000000 0.000000000000 -0.000000000000 -0.000000000000 -0.000000000000 -0.000000000000 0.000000000000 0.000000000000 -0.000000000000 0.000000000000 0.000000000000 0.000000000000
-0.000000000000 0.000000000000 -0.000000000000 0.000000000000 0.000000000000 0.000000000000 -0.000000000000 0.000000000000 -0.000000000000 0.000000000000 0.000000000000 -0.000000000000 -0.000000000000 0.000000000000 -0.000000000000 -0.000000000000 -0.000000000000 -0.000000000000 0.000000000000 0.000000000000 0.000000000000 0.000000000000 -0.000000000000 -0.000000000000 0.000000000000 0.000000000000 -0.000000000000 0.000000000000 0.000000000000 -0.000000000000 -0.000000000000 0.000000000000 0.000000000000 -0.000000000000 0.000000000000 -0.000000000000 0.000000000000 -0.000000000000 0.000000000000 0.000000000000 -0.000000000000 -0.000000000000 -0.000000000000 -0.000000000000 0.000000000000 1.000000000000 -0.000000000000 0.000000000000 0.000000000000 -0.000000000000 0.000000000000 0.000000000000 -0.000000000000 0.000000000000 -0.000000000000 -0.000000000000 -0.000000000000 -0.000000000000 0.000000000000 0.000000000000 0.000000000000 0.000000000000 0.000000000000 0.000000000000 0.000000000000 0.000000000000 -0.000000000000 0.000000000000 0.000000000000 0.000000000000 0.000000000000 0.000000000000 0.000000000000 0.000000000000 0.000000000000 0.000000000000 0.000000000000 -0.000000000000 -0.000000000000 0.000000000000
0.000000000000 0.000000000000 -0.000000000000 -0.000000000000 0.000000000000 0.000000000000 0.000000000000 -0.000000000000 0.000000000000 0.000000000000 -0.000000000000 -0.000000000000 0.000000000000 -0.000000000000 -0.000000000000 -0.000000000000 -0.000000000000 0.000000000000 0.000000000000 0.000000000000 -0.000000000000 -0.000000000000 0.000000000000 -0.000000000000 -0.000000000000 -0.000000000000 0.000000000000 -0.000000000000 -0.000000000000 0.000000000000 0.000000000000 -0.000000000000 -0.000000000000 0.000000000000 -0.000000000000 0.000000000000 -0.000000000000 0.000000000000 0.000000000000 -0.000000000000 -0.000000000000 -0.000000000000 0.000000000000 0.000000000000 0.000000000000 -0.000000000000 1.000000000000 0.000000000000 -0.000000000000 -0.000000000000 -0.000000000000 -0.000000000000 -0.000000000000 -0.000000000000 -0.000000000000 -0.000000000000 -0.000000000000 0.000000000000 0.000000000000 -0.000000000000 0.000000000000 -0.000000000000 -0.000000000000 -0.000000000000 -0.000000000000 -0.000000000000 -0.000000000000 0.000000000000 -0.000000000000 -0.000000000000 -0.000000000000 -0.000000000000 -0.000000000000 -0.000000000000 -0.000000000000 0.000000000000 -0.000000000000 0.000000000000 -0.000000000000 -0.000000000000
-0.000000000000 -0.000000000000 -0.000000000000 -0.000000000000 -0.000000000000 0.000000000000 -0.000000000000 -0.000000000000 -0.000000000000 -0.000000000000 -0.000000000000 0.000000000000 0.000000000000 0.000000000000 0.000000000000 0.000000000000 -0.000000000000 -0.000000000000 0.000000000000 0.000000000000 -0.000000000000 0.000000000000 -0.000000000000 -0.000000000000 0.000000000000 -0.000000000000 -0.000000000000 -0.000000000000 -0.000000000000 -0.000000000000 -0.000000000000 0.000000000000 -0.000000000000 -0.000000000000 0.000000000000 -0.000000000000 -0.000000000000 0.000000000000 0.000000000000 0.000000000000 -0.000000000000 0.000000000000 -0.000000000000 0.000000000000 0.000000000000 0.000000000000 0.000000000000 1.000000000000 0.000000000000 -0.000000000000 -0.000000000000 -0.000000000000 -0.000000000000 0.000000000000 -0.000000000000 0.000000000000 0.000000000000 -0.000000000000 0.000000000000 -0.000000000000 0.000000000000 0.000000000000 0.000000000000 -0.000000000000 -0.000000000000 0.000000000000 -0.000000000000 -0.000000000000 0.000000000000 -0.000000000000 0.000000000000 0.000000000000 -0.000000000000 -0.000000000000 -0.000000000000 0.000000000000 -0.000000000000 -0.000000000000 -0.000000000000 0.000000000000
0.000000000000 0.000000000000 0.000000000000 -0.000000000000 -0.000000000000 -0.000000000000 -0.000000000000 0.000000000000 -0.000000000000 0.000000000000 -0.000000000000 0.000000000000 -0.000000000000 -0.000000000000 -0.000000000000 0.000000000000 -0.000000000000 0.000000000000 -0.000000000000 -0.000000000000 -0.000000000000 0.000000000000 -0.000000000000 -0.000000000000 0.000000000000 0.000000000000 0.000000000000 -0.000000000000 -0.000000000000 -0.000000000000 -0.000000000000 0.000000000000 0.000000000000 -0.000000000000 -0.000000000000 -0.000000000000 0.000000000000 0.000000000000 -0.000000000000 0.000000000000 0.000000000000 -0.000000000000 -0.000000000000 -0.000000000000 -0.000000000000 0.000000000000 -0.000000000000 0.000000000000 1.000000000000 -0.000000000000 0.000000000000 -0.000000000000 -0.000000000000 0.000000000000 0.000000000000 0.000000000000 0.000000000000 -0.000000000000 0.000000000000 0.000000000000 -0.000000000000 0.000000000000 -0.000000000000 -0.000000000000 -0.000000000000 -0.000000000000 0.000000000000 0.000000000000 0.000000000000 -0.000000000000 0.000000000000 -0.000000000000 -0.000000000000 -0.000000000000 -0.000000000000 -0.000000000000 -0.000000000000 -0.000000000000 0.000000000000 -0.000000000000
0.000000000000 0.000000000000 -0.000000000000 -0.000000000000 -0.000000000000 -0.000000000000 0.000000000000 -0.000000000000 -0.000000000000 -0.000000000000 0.000000000000 0.000000000000 -0.000000000000 -0.000000000000 -0.000000000000 -0.000000000000 -0.000000000000 0.000000000000 0.000000000000 -0.000000000000 0.000000000000 -0.000000000000 0.000000000000 0.000000000000 0.000000000000 0.000000000000 -0.000000000000 -0.000000000000 -0.000000000000 -0.000000000000 -0.000000000000 -0.000000000000 -0.000000000000 0.000000000000 0.000000000000 -0.000000000000 0.000000000000 -0.000000000000 0.000000000000 -0.000000000000 0.000000000000 0.000000000000 -0.000000000000 0.000000000000 0.000000000000 -0.000000000000 -0.000000000000 -0.000000000000 -0.000000000000 1.000000000000 0.000000000000 0.000000000000 0.000000000000 -0.000000000000 0.000000000000 0.000000000000 0.000000000000 0.000000000000 -0.000000000000 0.000000000000 0.000000000000 -0.000000000000 0.000000000000 0.000000000000 -0.000000000000 0.000000000000 -0.000000000000 -0.000000000000 -0.000000000000 -0.000000000000 -0.000000000000 0.000000000000 0.000000000000 -0.000000000000 0.000000000000 -0.000000000000 0.000000000000 -0.000000000000 0.000000000000 -0.000000000000
-0.000000000000 -0.000000000000 -0.000000000000 0.000000000000 0.000000000000 0.000000000000 0.000000000000 -0.000000000000 -0.000000000000 -0.000000000000 -0.000000000000 -0.000000000000 0.000000000000 0.000000000000 0.000000000000 0.000000000000 -0.000000000000 -0.000000000000 0.000000000000 0.000000000000 -0.000000000000 0.000000000000 0.000000000000 0.000000000000 0.000000000000 0.000000000000 0.000000000000 0.000000000000 -0.000000000000 0.000000000000 0.000000000000 -0.000000000000 0.000000000000 0.000000000000 0.000000000000 0.000000000000 -0.000000000000 -0.000000000000 -0.000000000000 0.000000000000 0.000000000000 0.000000000000 0.000000000000 0.000000000000 -0.000000000000 0.000000000000 -0.000000000000 -0.000000000000 0.000000000000 0.000000000000 1.000000000000 -0.000000000000 -0.000000000000 -0.000000000000 0.000000000000 -0.000000000000 0.000000000000 -0.000000000000 -0.000000000000 0.000000000000 0.000000000000 0.000000000000 0.000000000000 0.000000000000 -0.000000000000 -0.000000000000 0.000000000000 -0.000000000000 0.000000000000 0.000000000000 0.000000000000 -0.000000000000 0.000000000000 -0.000000000000 -0.000000000000 0.000000000000 0.000000000000 0.000000000000 -0.000000000000 -0.000000000000
-0.000000000000 -0.000000000000 -0.000000000000 -0.000000000000 -0.000000000000 -0.000000000000 -0.000000000000 0.000000000000 -0.000000000000 -0.000000000000 -0.000000000000 -0.000000000000 -0.000000000000 -0.000000000000 0.000000000000 -0.000000000000 -0.000000000000 -0.000000000000 -0.000000000000 -0.000000000000 -0.000000000000 0.000000000000 -0.000000000000 -0.000000000000 0.000000000000 -0.000000000000 -0.000000000000 0.000000000000 0.000000000000 0.000000000000 0.000000000000 -0.000000000000 -0.000000000000 -0.000000000000 0.000000000000 0.000000000000 -0.000000000000 -0.000000000000 0.000000000000 -0.000000000000 -0.000000000000 -0.000000000000 0.000000000000 0.000000000000 -0.000000000000 0.000000000000 -0.000000000000 -0.000000000000 -0.000000000000 0.000000000000 -0.000000000000 1.000000000000 -0.000000000000 -0.000000000000 0.000000000000 0.000000000000 0.000000000000 0.000000000000 -0.000000000000 -0.000000000000 0.000000000000 -0.000000000000 0.000000000000 0.000000000000 0.000000000000 0.000000000000 -0.000000000000 0.000000000000 0.000000000000 -0.000000000000 0.000000000000 -0.000000000000 -0.000000000000 0.000000000000 0.000000000000 0.000000000000 -0.000000000000 0.000000000000 -0.000000000000 -0.000000000000
0.000000000000 -0.000000000000 -0.000000000000 0.000000000000 -0.000000000000 0.000000000000 -0.000000000000 0.000000000000 0.000000000000 0.000000000000 0.000000000000 -0.000000000000 0.000000000000 -0.000000000000 -0.000000000000 -0.000000000000 -0.000000000000 -0.000000000000 -0.000000000000 -0.000000000000 -0.000000000000 0.000000000000 0.000000000000 -0.000000000000 -0.000000000000 -0.000000000000 -0.000000000000 -0.000000000000 -0.000000000000 -0.000000000000 -0.000000000000 -0.000000000000 0.000000000000 -0.000000000000 -0.000000000000 -0.000000000000 -0.000000000000 0.000000000000 -0.000000000000 0.000000000000 -0.000000000000 0.000000000000 -0.000000000000 0.000000000000 0.000000000000 -0.000000000000 -0.000000000000 -0.000000000000 -0.000000000000 0.000000000000 -0.000000000000 -0.000000000000 1.000000000000 0.000000000000 -0.000000000000 -0.000000000000 0.000000000000 -0.000000000000 0.000000000000 0.000000000000 0.000000000000 -0.000000000000 0.000000000000 0.000000000000 -0.000000000000 0.000000000000 -0.000000000000 0.000000000000 0.000000000000 0.000000000000 -0.000000000000 -0.000000000000 -0.000000000000 0.000000000000 -0.000000000000 0.000000000000 -0.000000000000 0.000000000000 0.000000000000 0.000000000000
-0.000000000000 0.000000000000 0.000000000000 0.000000000000 -0.000000000000 -0.000000000000 0.000000000000 -0.000000000000 -0.000000000000 -0.000000000000 -0.000000000000 -0.000000000000 0.000000000000 -0.000000000000 -0.000000000000 -0.000000000000 0.000000000000 0.000000000000 -0.000000000000 -0.000000000000 -0.000000000000 0.000000000000 -0.000000000000 0.000000000000 -0.000000000000 0.000000000000 0.000000000000 -0.000000000000 0.000000000000 -0.000000000000 -0.000000000000 -0.000000000000 -0.000000000000 0.000000000000 0.000000000000 -0.000000000000 -0.000000000000 -0.000000000000 0.000000000000 -0.000000000000 0.000000000000 -0.000000000000 0.000000000000 0.000000000000 0.000000000000 0.000000000000 -0.000000000000 0.000000000000 0.000000000000 -0.000000000000 -0.000000000000 -0.000000000000 0.000000000000 1.000000000000 0.000000000000 0.000000000000 -0.000000000000 0.000000000000 0.000000000000 -0.000000000000 0.000000000000 -0.000000000000 0.000000000000 0.000000000000 -0.000000000000 0.000000000000 -0.000000000000 -0.000000000000 -0.000000000000 -0.000000000000 0.000000000000 -0.000000000000 -0.000000000000 0.000000000000 0.000000000000 -0.000000000000 -0.000000000000 -0.000000000000 0.000000000000 -0.000000000000
0.000000000000 0.000000000000 0.000000000000 -0.000000000000 0.000000000000 0.000000000000 -0.000000000000 -0.000000000000 0.000000000000 -0.000000000000 -0.000000000000 -0.000000000000 -0.000000000000 0.000000000000 -0.000000000000 -0.000000000000 -0.000000000000 0.000000000000 0.000000000000 -0.000000000000 -0.000000000000 -0.000000000000 -0.000000000000 -0.000000000000 -0.000000000000 -0.000000000000 -0.000000000000 0.000000000000 0.000000000000 -0.000000000000 -0.000000000000 -0.000000000000 0.000000000000 -0.000000000000 -0.000000000000 0.000000000000 -0.000000000000 0.000000000000 -0.000000000000 0.000000000000 -0.000000000000 -0.000000000000 -0.000000000000 -0.000000000000 -0.000000000000 -0.000000000000 -0.000000000000 -0.000000000000 0.000000000000 0.000000000000 0.000000000000 0.000000000000 -0.000000000000 0.000000000000 1.000000000000 0.000000000000 0.000000000000 -0.000000000000 -0.000000000000 0.000000000000 -0.000000000000 0.000000000000 0.000000000000 -0.000000000000 -0.000000000000 -0.000000000000 -0.000000000000 -0.000000000000 0.000000000000 -0.000000000000 0.000000000000 -0.000000000000 0.000000000000 0.000000000000 0.000000000000 -0.000000000000 0.000000000000 -0.000000000000 0.000000000000 0.000000000000
-0.000000000000 0.000000000000 -0.000000000000 0.000000000000 0.000000000000 -0.000000000000 -0.000000000000 -0.000000000000 -0.000000000000 0.000000000000 0.000000000000 0.000000000000 0.000000000000 -0.000000000000 -0.000000000000 0.000000000000 0.000000000000 0.000000000000 0.000000000000 -0.000000000000 -0.000000000000 0.000000000000 -0.000000000000 0.000000000000 0.000000000000 0.000000000000 -0.000000000000 -0.000000000000 0.000000000000 0.000000000000 0.000000000000 0.000000000000 0.000000000000 -0.000000000000 -0.000000000000 0.000000000000 -0.000000000000 -0.000000000000 -0.000000000000 0.000000000000 0.000000000000 0.000000000000 -0.000000000000 0.000000000000 -0.000000000000 -0.000000000000 -0.000000000000 0.000000000000 0.000000000000 0.000000000000 -0.000000000000 0.000000000000 -0.000000000000 0.000000000000 0.000000000000 1.000000000000 -0.000000000000 -0.000000000000 -0.000000000000 0.000000000000 0.000000000000 0.000000000000 -0.000000000000 -0.000000000000 0.000000000000 -0.000000000000 -0.000000000000 0.000000000000 0.000000000000 0.000000000000 -0.000000000000 -0.000000000000 -0.000000000000 0.000000000000 -0.000000000000 -0.000000000000 0.000000000000 0.000000000000 -0.000000000000 -0.000000000000
-0.000000000000 0.000000000000 0.000000000000 -0.000000000000 -0.000000000000 -0.000000000000 -0.000000000000 -0.000000000000 0.000000000000 0.000000000000 0.000000000000 -0.000000000000 0.000000000000 0.000000000000 0.000000000000 0.000000000000 0.000000000000 -0.000000000000 0.000000000000 0.000000000000 0.000000000000 -0.000000000000 -0.000000000000 -0.000000000000 -0.000000000000 -0.000000000000 0.000000000000 -0.000000000000 0.000000000000 0.000000000000 -0.000000000000 0.000000000000 -0.000000000000 -0.000000000000 -0.000000000000 0.000000000000 -0.000000000000 0.000000000000 -0.000000000000 -0.000000000000 -0.000000000000 0.000000000000 0.000000000000 0.000000000000 -0.000000000000 -0.000000000000 -0.000000000000 0.000000000000 0.000000000000 0.000000000000 0.000000000000 0.000000000000 0.000000000000 -0.000000000000 0.000000000000 -0.000000000000 1.000000000000 0.000000000000 0.000000000000 0.000000000000 0.000000000000 0.000000000000 0.000000000000 0.000000000000 -0.000000000000 0.000000000000 0.000000000000 -0.000000000000 0.000000000000 -0.000000000000 0.000000000000 0.000000000000 0.000000000000 -0.000000000000 0.000000000000 0.000000000000 0.000000000000 -0.000000000000 0.000000000000 0.000000000000
0.000000000000 0.000000000000 -0.000000000000 0.000000000000 -0.000000000000 -0.000000000000 0.000000000000 -0.000000000000 0.000000000000 0.000000000000 0.000000000000 -0.000000000000 -0.000000000000 -0.000000000000 -0.000000000000 -0.000000000000 0.000000000000 -0.000000000000 -0.000000000000 -0.000000000000 0.000000000000 -0.000000000000 0.000000000000 0.000000000000 -0.000000000000 0.000000000000 -0.000000000000 -0.000000000000 0.000000000000 0.000000000000 0.000000000000 0.000000000000 0.000000000000 -0.000000000000 0.000000000000 -0.000000000000 0.000000000000 0.000000000000 0.000000000000 -0.000000000000 0.000000000000 -0.000000000000 -0.000000000000 -0.000000000000 0.000000000000 -0.000000000000 0.000000000000 -0.000000000000 -0.000000000000 0.000000000000 -0.000000000000 0.000000000000 -0.000000000000 0.000000000000 -0.000000000000 -0.000000000000 0.000000000000 1.000000000000 -0.000000000000 -0.000000000000 -0.000000000000 0.000000000000 -0.000000000000 0.000000000000 -0.000000000000 -0.000000000000 0.000000000000 0.000000000000 0.000000000000 -0.000000000000 0.000000000000 0.000000000000 0.000000000000 -0.000000000000 -0.000000000000 -0.000000000000 -0.000000000000 -0.000000000000 -0.000000000000 0.000000000000
0.000000000000 -0.000000000000 0.000000000000 0.000000000000 -0.000000000000 -0.000000000000 -0.000000000000 -0.000000000000 -0.000000000000 -0.000000000000 -0.000000000000 -0.000000000000 0.000000000000 -0.000000000000 -0.000000000000 -0.000000000000 0.000000000000 -0.000000000000 -0.000000000000 -0.000000000000 -0.000000000000 0.000000000000 -0.000000000000 0.000000000000 0.000000000000 0.000000000000 -0.000000000000 0.000000000000 0.000000000000 -0.000000000000 0.000000000000 0.000000000000 -0.000000000000 -0.000000000000 0.000000000000 -0.000000000000 0.000000000000 0.000000000000 0.000000000000 -0.000000000000 0.000000000000 0.000000000000 -0.000000000000 0.000000000000 -0.000000000000 0.000000000000 0.000000000000 0.000000000000 0.000000000000 -0.000000000000 -0.000000000000 -0.000000000000 0.000000000000 0.000000000000 -0.000000000000 -0.000000000000 0.000000000000 -0.000000000000 1.000000000000 0.000000000000 0.000000000000 -0.000000000000 0.000000000000 0.000000000000 -0.000000000000 -0.000000000000 0.000000000000 0.000000000000 0.000000000000 0.000000000000 -0.000000000000 -0.000000000000 -0.000000000000 -0.000000000000 0.000000000000 0.000000000000 -0.000000000000 0.000000000000 -0.000000000000 -0.000000000000
-0.000000000000 0.000000000000 -0.000000000000 -0.000000000000 -0.000000000000 0.000000000000 -0.000000000000 -0.000000000000 0.000000000000 0.000000000000 -0.000000000000 -0.000000000000 0.000000000000 0.000000000000 0.000000000000 0.000000000000 0.000000000000 -0.000000000000 -0.000000000000 -0.000000000000 0.000000000000 -0.000000000000 0.000000000000 0.000000000000 -0.000000000000 0.000000000000 -0.000000000000 0.000000000000 0.000000000000 0.000000000000 -0.000000000000 0.000000000000 -0.000000000000 0.000000000000 0.000000000000 -0.000000000000 0.000000000000 -0.000000000000 -0.000000000000 -0.000000000000 0.000000000000 0.000000000000 -0.000000000000 0.000000000000 0.000000000000 0.000000000000 -0.000000000000 -0.000000000000 0.000000000000 0.000000000000 0.000000000000 -0.000000000000 0.000000000000 -0.000000000000 0.000000000000 0.000000000000 0.000000000000 -0.000000000000 0.000000000000 1.000000000000 0.000000000000 0.000000000000 -0.000000000000 -0.000000000000 0.000000000000 -0.000000000000 0.000000000000 0.000000000000 0.000000000000 0.000000000000 -0.000000000000 -0.000000000000 -0.000000000000 -0.000000000000 -0.000000000000 -0.000000000000 0.000000000000 0.000000000000 -0.000000000000 0.000000000000
-0.000000000000 -0.000000000000 -0.000000000000 0.000000000000 -0.000000000000 -0.000000000000 -0.000000000000 -0.000000000000 -0.000000000000 -0.000000000000 0.000000000000 -0.000000000000 -0.000000000000 0.000000000000 0.000000000000 0.000000000000 -0.000000000000 0.000000000000 -0.000000000000 0.000000000000 0.000000000000 -0.000000000000 -0.000000000000 -0.000000000000 0.000000000000 -0.000000000000 -0.000000000000 -0.000000000000 0.000000000000 -0.000000000000 -0.000000000000 0.000000000000 0.000000000000 0.000000000000 0.000000000000 0.000000000000 0.000000000000 0.000000000000 0.000000000000 -0.000000000000 -0.000000000000 0.000000000000 0.000000000000 0.000000000000 -0.000000000000 0.000000000000 0.000000000000 0.000000000000 -0.000000000000 0.000000000000 0.000000000000 0.000000000000 0.000000000000 0.000000000000 -0.000000000000 0.000000000000 0.000000000000 -0.000000000000 0.000000000000 0.000000000000 1.000000000000 -0.000000000000 -0.000000000000 0.000000000000 0.000000000000 0.000000000000 0.000000000000 -0.000000000000 0.000000000000 -0.000000000000 -0.000000000000 0.000000000000 0.000000000000 -0.000000000000 -0.000000000000 -0.000000000000 0.000000000000 0.000000000000 -0.000000000000 -0.000000000000
0.000000000000 0.000000000000 0.000000000000 0.000000000000 0.000000000000 0.000000000000 0.000000000000 -0.000000000000 0.000000000000 0.000000000000 0.000000000000 -0.000000000000 0.000000000000 -0.000000000000 -0.000000000000 0.000000000000 0.000000000000 -0.000000000000 -0.000000000000 -0.000000000000 0.000000000000 0.000000000000 -0.000000000000 0.000000000000 -0.000000000000 0.000000000000 0.000000000000 0.000000000000 -0.000000000000 0.000000000000 -0.000000000000 0.000000000000 0.000000000000 -0.000000000000 0.000000000000 0.000000000000 0.000000000000 -0.000000000000 -0.000000000000 0.000000000000 -0.000000000000 0.000000000000 0.000000000000 0.000000000000 -0.000000000000 0.000000000000 -0.000000000000 0.000000000000 0.000000000000 -0.000000000000 0.000000000000 -0.000000000000 -0.000000000000 -0.000000000000 0.000000000000 0.000000000000 0.000000000000 0.000000000000 -0.000000000000 0.000000000000 -0.000000000000 1.000000000000 0.000000000000 0.000000000000 -0.000000000000 -0.000000000000 -0.000000000000 0.000000000000 0.000000000000 -0.000000000000 0.000000000000 -0.000000000000 -0.000000000000 -0.000000000000 0.000000000000 -0.000000000000 0.000000000000 0.000000000000 -0.000000000000 0.000000000000
0.000000000000 0.000000000000 0.000000000000 -0.000000000000 0.000000000000 -0.000000000000 -0.000000000000 0.000000000000 -0.000000000000 0.000000000000 -0.000000000000 0.000000000000 0.000000000000 -0.000000000000 0.000000000000 -0.000000000000 0.000000000000 -0.000000000000 0.000000000000 -0.000000000000 -0.000000000000 -0.000000000000 0.000000000000 0.000000000000 0.000000000000 -0.000000000000 0.000000000000 0.000000000000 0.000000000000 -0.000000000000 0.000000000000 0.000000000000 0.000000000000 0.000000000000 0.000000000000 0.000000000000 0.000000000000 -0.000000000000 0.000000000000 -0.000000000000 -0.000000000000 -0.000000000000 0.000000000000 -0.000000000000 -0.000000000000 0.000000000000 -0.000000000000 0.000000000000 -0.000000000000 0.000000000000 0.000000000000 0.000000000000 0.000000000000 0.000000000000 0.000000000000 -0.000000000000 0.000000000000 -0.000000000000 0.000000000000 -0.000000000000 -0.000000000000 0.000000000000 1.000000000000 0.000000000000 0.000000000000 0.000000000000 -0.000000000000 -0.000000000000 0.000000000000 -0.000000000000 0.000000000000 0.000000000000 0.000000000000 -0.000000000000 -0.000000000000 -0.000000000000 0.000000000000 -0.000000000000 -0.000000000000 0.000000000000
0.000000000000 -0.000000000000 -0.000000000000 0.000000000000 0.000000000000 0.000000000000 0.000000000000 0.000000000000 -0.000000000000 -0.000000000000 -0.000000000000 -0.000000000000 0.000000000000 -0.000000000000 -0.000000000000 -0.000000000000 -0.000000000000 -0.000000000000 -0.000000000000 -0.000000000000 0.000000000000 -0.000000000000 -0.000000000000 -0.000000000000 -0.000000000000 0.000000000000 -0.000000000000 -0.000000000000 -0.000000000000 0.000000000000 0.000000000000 -0.000000000000 0.000000000000 -0.000000000000 -0.000000000000 0.000000000000 -0.000000000000 0.000000000000 0.000000000000 0.000000000000 -0.000000000000 0.000000000000 0.000000000000 0.000000000000 0.000000000000 0.000000000000 -0.000000000000 -0.000000000000 -0.000000000000 0.000000000000 0.000000000000 0.000000000000 0.000000000000 0.000000000000 -0.000000000000 -0.000000000000 0.000000000000 0.000000000000 0.000000000000 -0.000000000000 0.000000000000 0.000000000000 0.000000000000 1.000000000000 0.000000000000 -0.000000000000 0.000000000000 0.000000000000 -0.000000000000 0.000000000000 -0.000000000000 0.000000000000 0.000000000000 -0.000000000000 0.000000000000 -0.000000000000 -0.000000000000 0.000000000000 0.000000000000 0.000000000000
-0.000000000000 0.000000000000 -0.000000000000 -0.000000000000 -0.000000000000 -0.000000000000 0.000000000000 -0.000000000000 -0.000000000000 -0.000000000000 -0.000000000000 -0.000000000000 -0.000000000000 0.000000000000 0.000000000000 0.000000000000 0.000000000000 0.000000000000 0.000000000000 0.000000000000 0.000000000000 0.000000000000 -0.000000000000 -0.000000000000 -0.000000000000 -0.000000000000 0.000000000000 0.000000000000 -0.000000000000 -0.000000000000 0.000000000000 0.000000000000 0.000000000000 0.000000000000 -0.000000000000 -0.000000000000 0.000000000000 -0.000000000000 0.000000000000 -0.000000000000 -0.000000000000 -0.000000000000 -0.000000000000 -0.000000000000 0.000000000000 0.000000000000 -0.000000000000 -0.000000000000 -0.000000000000 -0.000000000000 -0.000000000000 0.000000000000 -0.000000000000 -0.000000000000 -0.000000000000 0.000000000000 -0.000000000000 -0.000000000000 -0.000000000000 0.000000000000 0.000000000000 -0.000000000000 0.000000000000 0.000000000000 1.000000000000 0.000000000000 -0.000000000000 0.000000000000 -0.000000000000 -0.000000000000 0.000000000000 -0.000000000000 -0.000000000000 0.000000000000 -0.000000000000 -0.000000000000 -0.000000000000 0.000000000000 -0.000000000000 -0.000000000000
0.000000000000 0.000000000000 0.000000000000 -0.000000000000 0.000000000000 -0.000000000000 0.000000000000 -0.000000000000 -0.000000000000 -0.000000000000 -0.000000000000 -0.000000000000 -0.000000000000 -0.000000000000 -0.000000000000 -0.000000000000 -0.000000000000 -0.000000000000 0.000000000000 -0.000000000000 0.000000000000 -0.000000000000 -0.000000000000 0.000000000000 -0.000000000000 -0.000000000000 -0.000000000000 0.000000000000 0.000000000000 0.000000000000 -0.000000000000 -0.000000000000 -0.000000000000 -0.000000000000 -0.000000000000 0.000000000000 0.000000000000 -0.000000000000 -0.000000000000 -0.000000000000 0.000000000000 -0.000000000000 -0.000000000000 -0.000000000000 0.000000000000 0.000000000000 -0.000000000000 0.000000000000 -0.000000000000 0.000000000000 -0.000000000000 0.000000000000 0.000000000000 0.000000000000 -0.000000000000 -0.000000000000 0.000000000000 -0.000000000000 -0.000000000000 -0.000000000000 0.000000000000 -0.000000000000 0.000000000000 -0.000000000000 0.000000000000 1.000000000000 0.000000000000 -0.000000000000 -0.000000000000 0.000000000000 0.000000000000 0.000000000000 -0.000000000000 0.000000000000 -0.000000000000 0.000000000000 0.000000000000 0.000000000000 -0.000000000000 0.000000000000
0.000000000000 -0.000000000000 -0.000000000000 0.000000000000 0.000000000000 -0.000000000000 0.000000000000 0.000000000000 -0.000000000000 -0.000000000000 -0.000000000000 -0.000000000000 -0.000000000000 -0.000000000000 0.000000000000 -0.000000000000 0.000000000000 -0.000000000000 0.000000000000 -0.000000000000 0.000000000000 0.000000000000 -0.000000000000 0.000000000000 -0.000000000000 -0.000000000000 0.000000000000 0.000000000000 0.000000000000 0.000000000000 -0.000000000000 0.000000000000 0.000000000000 -0.000000000000 0.000000000000 -0.000000000000 -0.000000000000 -0.000000000000 0.000000000000 0.000000000000 -0.000000000000 -0.000000000000 -0.000000000000 0.000000000000 0.000000000000 -0.000000000000 -0.000000000000 -0.000000000000 0.000000000000 -0.000000000000 0.000000000000 -0.000000000000 -0.000000000000 -0.000000000000 -0.000000000000 -0.000000000000 0.000000000000 0.000000000000 0.000000000000 0.000000000000 0.000000000000 -0.000000000000 -0.000000000000 0.000000000000 -0.000000000000 0.000000000000 1.000000000000 -0.000000000000 -0.000000000000 -0.000000000000 -0.000000000000 0.000000000000 -0.000000000000 0.000000000000 -0.000000000000 -0.000000000000 0.000000000000 -0.000000000000 0.000000000000 -0.000000000000
-0.000000000000 -0.000000000000 0.000000000000 0.000000000000 0.000000000000 -0.000000000000 -0.000000000000 0.000000000000 -0.000000000000 0.000000000000 -0.000000000000 -0.000000000000 -0.000000000000 -0.000000000000 -0.000000000000 -0.000000000000 -0.000000000000 0.000000000000 -0.000000000000 0.000000000000 0.000000000000 0.000000000000 -0.000000000000 0.000000000000 0.000000000000 0.000000000000 -0.000000000000 0.000000000000 -0.000000000000 -0.000000000000 0.000000000000 0.000000000000 -0.000000000000 -0.000000000000 -0.000000000000 -0.000000000000 0.000000000000 -0.000000000000 0.000000000000 0.000000000000 0.000000000000 -0.000000000000 0.000000000000 0.000000000000 -0.000000000000 0.000000000000 0.000000000000 -0.000000000000 0.000000000000 -0.000000000000 -0.000000000000 0.000000000000 0.000000000000 -0.000000000000 -0.000000000000 0.000000000000 -0.000000000000 0.000000000000 0.000000000000 0.000000000000 -0.000000000000 0.000000000000 -0.000000000000 0.000000000000 0.000000000000 -0.000000000000 -0.000000000000 1.000000000000 -0.000000000000 0.000000000000 0.000000000000 0.000000000000 0.000000000000 -0.000000000000 0.000000000000 0.000000000000 0.000000000000 -0.000000000000 0.000000000000 0.000000000000
-0.000000000000 -0.000000000000 -0.000000000000 0.000000000000 0.000000000000 -0.000000000000 -0.000000000000 0.000000000000 0.000000000000 0.000000000000 0.000000000000 0.000000000000 -0.000000000000 0.000000000000 -0.000000000000 -0.000000000000 -0.000000000000 -0.000000000000 -0.000000000000 -0.000000000000 0.000000000000 -0.000000000000 0.000000000000 -0.000000000000 -0.000000000000 -0.000000000000 -0.000000000000 -0.000000000000 0.000000000000 -0.000000000000 -0.000000000000 0.000000000000 0.000000000000 0.000000000000 0.000000000000 -0.000000000000 0.000000000000 -0.000000000000 -0.000000000000 0.000000000000 -0.000000000000 -0.000000000000 0.000000000000 -0.000000000000 0.000000000000 0.000000000000 -0.000000000000 0.000000000000 0.000000000000 -0.000000000000 0.000000000000 0.000000000000 0.000000000000 -0.000000000000 0.000000000000 0.000000000000 0.000000000000 0.000000000000 0.000000000000 0.000000000000 0.000000000000 0.000000000000 0.000000000000 -0.000000000000 -0.000000000000 -0.000000000000 -0.000000000000 -0.000000000000 1.000000000000 -0.000000000000 0.000000000000 -0.000000000000 0.000000000000 -0.000000000000 -0.000000000000 -0.000000000000 0.000000000000 0.000000000000 -0.000000000000 0.000000000000
0.000000000000 -0.000000000000 -0.000000000000 0.000000000000 -0.000000000000 -0.000000000000 0.000000000000 0.000000000000 -0.000000000000 -0.000000000000 -0.000000000000 0.000000000000 0.000000000000 0.000000000000 -0.000000000000 0.000000000000 0.000000000000 -0.000000000000 0.000000000000 -0.000000000000 -0.000000000000 -0.000000000000 -0.000000000000 0.000000000000 0.000000000000 0.000000000000 -0.000000000000 -0.000000000000 0.000000000000 -0.000000000000 0.000000000000 0.000000000000 0.000000000000 0.000000000000 -0.000000000000 0.000000000000 0.000000000000 0.000000000000 0.000000000000 0.000000000000 0.000000000000 -0.000000000000 0.000000000000 0.000000000000 0.000000000000 0.000000000000 -0.000000000000 -0.000000000000 -0.000000000000 -0.000000000000 0.000000000000 -0.000000000000 0.000000000000 -0.000000000000 -0.000000000000 0.000000000000 -0.000000000000 -0.000000000000 0.000000000000 0.000000000000 -0.000000000000 -0.000000000000 -0.000000000000 0.000000000000 -0.000000000000 0.000000000000 -0.000000000000 0.000000000000 -0.000000000000 1.000000000000 -0.000000000000 0.000000000000 0.000000000000 -0.000000000000 -0.000000000000 0.000000000000 0.000000000000 -0.000000000000 -0.000000000000 0.000000000000
-0.000000000000 -0.000000000000 -0.000000000000 0.000000000000 -0.000000000000 0.000000000000 -0.000000000000 -0.000000000000 0.000000000000 -0.000000000000 0.000000000000 0.000000000000 0.000000000000 0.000000000000 -0.000000000000 0.000000000000 0.000000000000 0.000000000000 -0.000000000000 -0.000000000000 -0.000000000000 0.000000000000 -0.000000000000 0.000000000000 -0.000000000000 -0.000000000000 0.000000000000 -0.000000000000 -0.000000000000 0.000000000000 0.000000000000 -0.000000000000 -0.000000000000 0.000000000000 -0.000000000000 -0.000000000000 -0.000000000000 0.000000000000 0.000000000000 -0.000000000000 0.000000000000 -0.000000000000 -0.000000000000 0.000000000000 -0.000000000000 0.000000000000 -0.000000000000 0.000000000000 0.000000000000 -0.000000000000 0.000000000000 0.000000000000 -0.000000000000 0.000000000000 0.000000000000 -0.000000000000 0.000000000000 0.000000000000 -0.000000000000 -0.000000000000 -0.000000000000 0.000000000000 0.000000000000 -0.000000000000 0.000000000000 0.000000000000 -0.000000000000 0.000000000000 0.000000000000 -0.000000000000 1.000000000000 -0.000000000000 0.000000000000 -0.000000000000 0.000000000000 -0.000000000000 0.000000000000 0.000000000000 0.000000000000 -0.000000000000
0.000000000000 -0.000000000000 -0.000000000000 0.000000000000 0.000000000000 0.000000000000 0.000000000000 -0.000000000000 0.000000000000 -0.000000000000 0.000000000000 -0.000000000000 -0.000000000000 -0.000000000000 -0.000000000000 -0.000000000000 -0.000000000000 0.000000000000 0.000000000000 0.000000000000 0.000000000000 -0.000000000000 -0.000000000000 0.000000000000 -0.000000000000 -0.000000000000 0.000000000000 -0.000000000000 -0.000000000000 -0.000000000000 -0.000000000000 -0.000000000000 -0.000000000000 0.000000000000 0.000000000000 -0.000000000000 -0.000000000000 0.000000000000 0.000000000000 -0.000000000000 0.000000000000 -0.000000000000 0.000000000000 -0.000000000000 -0.000000000000 0.000000000000 -0.000000000000 0.000000000000 -0.000000000000 0.000000000000 -0.000000000000 -0.000000000000 -0.000000000000 -0.000000000000 -0.000000000000 -0.000000000000 0.000000000000 0.000000000000 -0.000000000000 -0.000000000000 0.000000000000 -0.000000000000 0.000000000000 0.000000000000 -0.000000000000 0.000000000000 0.000000000000 0.000000000000 -0.000000000000 0.000000000000 -0.000000000000 1.000000000000 -0.000000000000 0.000000000000 -0.000000000000 -0.000000000000 -0.000000000000 0.000000000000 -0.000000000000 -0.000000000000
0.000000000000 -0.000000000000 0.000000000000 -0.000000000000 -0.000000000000 -0.000000000000 0.000000000000 -0.000000000000 -0.000000000000 -0.000000000000 -0.000000000000 -0.000000000000 -0.000000000000 -0.000000000000 0.000000000000 -0.000000000000 0.000000000000 0.000000000000 -0.000000000000 0.000000000000 0.000000000000 0.000000000000 0.000000000000 0.000000000000 0.000000000000 0.000000000000 -0.000000000000 0.000000000000 -0.000000000000 0.000000000000 0.000000000000 -0.000000000000 0.000000000000 -0.000000000000 0.000000000000 -0.000000000000 0.000000000000 -0.000000000000 0.000000000000 0.000000000000 -0.000000000000 0.000000000000 -0.000000000000 -0.000000000000 -0.000000000000 0.000000000000 -0.000000000000 -0.000000000000 -0.000000000000 0.000000000000 0.000000000000 -0.000000000000 -0.000000000000 -0.000000000000 0.000000000000 -0.000000000000 0.000000000000 0.000000000000 -0.000000000000 -0.000000000000 0.000000000000 -0.000000000000 0.000000000000 0.000000000000 -0.000000000000 -0.000000000000 -0.000000000000 0.000000000000 0.000000000000 0.000000000000 0.000000000000 -0.000000000000 1.000000000000 0.000000000000 0.000000000000 0.000000000000 0.000000000000 0.000000000000 -0.000000000000 -0.000000000000
0.000000000000 0.000000000000 -0.000000000000 0.000000000000 0.000000000000 -0.000000000000 -0.000000000000 -0.000000000000 0.000000000000 0.000000000000 0.000000000000 0.000000000000 0.000000000000 -0.000000000000 0.000000000000 0.000000000000 0.000000000000 0.000000000000 0.000000000000 0.000000000000 0.000000000000 -0.000000000000 0.000000000000 -0.000000000000 0.000000000000 0.000000000000 -0.000000000000 -0.000000000000 0.000000000000 -0.000000000000 0.000000000000 0.000000000000 0.000000000000 -0.000000000000 -0.000000000000 -0.000000000000 -0.000000000000 -0.000000000000 -0.000000000000 -0.000000000000 0.000000000000 -0.000000000000 -0.000000000000 -0.000000000000 -0.000000000000 0.000000000000 -0.000000000000 -0.000000000000 -0.000000000000 -0.000000000000 -0.000000000000 0.000000000000 0.000000000000 0.000000000000 0.000000000000 0.000000000000 -0.000000000000 -0.000000000000 -0.000000000000 -0.000000000000 -0.000000000000 -0.000000000000 -0.000000000000 -0.000000000000 0.000000000000 0.000000000000 0.000000000000 -0.000000000000 -0.000000000000 -0.000000000000 -0.000000000000 0.000000000000 0.000000000000 1.000000000000 0.000000000000 -0.000000000000 0.000000000000 0.000000000000 0.000000000000 0.000000000000
-0.000000000000 0.000000000000 -0.000000000000 0.000000000000 -0.000000000000 -0.000000000000 -0.000000000000 0.000000000000 -0.000000000000 0.000000000000 0.000000000000 -0.000000000000 -0.000000000000 0.000000000000 -0.000000000000 0.000000000000 0.000000000000 -0.000000000000 -0.000000000000 -0.000000000000 -0.000000000000 -0.000000000000 -0.000000000000 -0.000000000000 -0.000000000000 0.000000000000 0.000000000000 -0.000000000000 -0.000000000000 -0.000000000000 0.000000000000 0.000000000000 0.000000000000 -0.000000000000 -0.000000000000 -0.000000000000 -0.000000000000 -0.000000000000 0.000000000000 -0.000000000000 0.000000000000 0.000000000000 -0.000000000000 0.000000000000 0.000000000000 0.000000000000 -0.000000000000 -0.000000000000 -0.000000000000 0.000000000000 -0.000000000000 0.000000000000 -0.000000000000 0.000000000000 0.000000000000 -0.000000000000 0.000000000000 -0.000000000000 0.000000000000 -0.000000000000 -0.000000000000 0.000000000000 -0.000000000000 0.000000000000 -0.000000000000 -0.000000000000 -0.000000000000 0.000000000000 -0.000000000000 -0.000000000000 0.000000000000 -0.000000000000 0.000000000000 0.000000000000 1.000000000000 -0.000000000000 -0.000000000000 0.000000000000 0.000000000000 0.000000000000
0.000000000000 -0.000000000000 0.000000000000 -0.000000000000 -0.000000000000 0.000000000000 0.000000000000 -0.000000000000 0.000000000000 0.000000000000 -0.000000000000 -0.000000000000 -0.000000000000 0.000000000000 -0.000000000000 -0.000000000000 0.000000000000 0.000000000000 0.000000000000 0.000000000000 -0.000000000000 0.000000000000 0.000000000000 -0.000000000000 0.000000000000 -0.000000000000 -0.000000000000 0.000000000000 0.000000000000 -0.000000000000 -0.000000000000 0.000000000000 -0.000000000000 -0.000000000000 0.000000000000 -0.000000000000 -0.000000000000 0.000000000000 -0.000000000000 0.000000000000 0.000000000000 -0.000000000000 0.000000000000 -0.000000000000 0.000000000000 0.000000000000 0.000000000000 0.000000000000 -0.000000000000 -0.000000000000 0.000000000000 0.000000000000 0.000000000000 -0.000000000000 -0.000000000000 -0.000000000000 0.000000000000 -0.000000000000 0.000000000000 -0.000000000000 -0.000000000000 -0.000000000000 -0.000000000000 -0.000000000000 -0.000000000000 0.000000000000 -0.000000000000 0.000000000000 -0.000000000000 0.000000000000 -0.000000000000 -0.000000000000 0.000000000000 -0.000000000000 -0.000000000000 1.000000000000 -0.000000000000 -0.000000000000 0.000000000000 0.000000000000
0.000000000000 0.000000000000 0.000000000000 -0.000000000000 0.000000000000 0.000000000000 0.000000000000 0.000000000000 -0.000000000000 0.000000000000 -0.000000000000 -0.000000000000 -0.000000000000 0.000000000000 0.000000000000 -0.000000000000 -0.000000000000 -0.000000000000 -0.000000000000 0.000000000000 0.000000000000 0.000000000000 0.000000000000 0.000000000000 -0.000000000000 -0.000000000000 -0.000000000000 0.000000000000 0.000000000000 0.000000000000 0.000000000000 -0.000000000000 0.000000000000 -0.000000000000 -0.000000000000 0.000000000000 0.000000000000 -0.000000000000 0.000000000000 -0.000000000000 -0.000000000000 0.000000000000 -0.000000000000 -0.000000000000 -0.000000000000 0.000000000000 -0.000000000000 -0.000000000000 -0.000000000000 0.000000000000 0.000000000000 -0.000000000000 -0.000000000000 -0.000000000000 0.000000000000 0.000000000000 0.000000000000 -0.000000000000 -0.000000000000 0.000000000000 0.000000000000 0.000000000000 0.000000000000 -0.000000000000 -0.000000000000 0.000000000000 0.000000000000 0.000000000000 0.000000000000 0.000000000000 0.000000000000 -0.000000000000 0.000000000000 0.000000000000 -0.000000000000 -0.000000000000 1.000000000000 0.000000000000 0.000000000000 0.000000000000
-0.000000000000 -0.000000000000 -0.000000000000 0.000000000000 0.000000000000 0.000000000000 -0.000000000000 -0.000000000000 -0.000000000000 0.000000000000 0.000000000000 -0.000000000000 -0.000000000000 0.000000000000 -0.000000000000 -0.000000000000 -0.000000000000 -0.000000000000 -0.000000000000 -0.000000000000 -0.000000000000 -0.000000000000 -0.000000000000 0.000000000000 -0.000000000000 -0.000000000000 0.000000000000 -0.000000000000 -0.000000000000 -0.000000000000 0.000000000000 0.000000000000 -0.000000000000 0.000000000000 -0.000000000000 0.000000000000 0.000000000000 0.000000000000 -0.000000000000 0.000000000000 -0.000000000000 -0.000000000000 0.000000000000 0.000000000000 0.000000000000 -0.000000000000 0.000000000000 -0.000000000000 -0.000000000000 -0.000000000000 0.000000000000 0.000000000000 0.000000000000 -0.000000000000 -0.000000000000 0.000000000000 -0.000000000000 -0.000000000000 0.000000000000 0.000000000000 0.000000000000 0.000000000000 -0.000000000000 0.000000000000 0.000000000000 0.000000000000 -0.000000000000 -0.000000000000 0.000000000000 -0.000000000000 0.000000000000 0.000000000000 0.000000000000 0.000000000000 0.000000000000 -0.000000000000 0.000000000000 1.000000000000 0.000000000000 -0.000000000000
-0.000000000000 0.000000000000 0.000000000000 0.000000000000 0.000000000000 -0.000000000000 -0.000000000000 0.000000000000 -0.000000000000 -0.000000000000 0.000000000000 -0.000000000000 -0.000000000000 -0.000000000000 -0.000000000000 0.000000000000 -0.000000000000 0.000000000000 0.000000000000 0.000000000000 -0.000000000000 -0.000000000000 -0.000000000000 -0.000000000000 -0.000000000000 0.000000000000 -0.000000000000 0.000000000000 0.000000000000 -0.000000000000 0.000000000000 0.000000000000 -0.000000000000 -0.000000000000 -0.000000000000 -0.000000000000 -0.000000000000 0.000000000000 0.000000000000 0.000000000000 -0.000000000000 0.000000000000 -0.000000000000 -0.000000000000 0.000000000000 -0.000000000000 -0.000000000000 -0.000000000000 0.000000000000 0.000000000000 -0.000000000000 -0.000000000000 0.000000000000 0.000000000000 0.000000000000 -0.000000000000 0.000000000000 -0.000000000000 -0.000000000000 -0.000000000000 -0.000000000000 -0.000000000000 -0.000000000000 0.000000000000 -0.000000000000 -0.000000000000 0.000000000000 0.000000000000 -0.000000000000 -0.000000000000 0.000000000000 -0.000000000000 -0.000000000000 0.000000000000 0.000000000000 0.000000000000 0.000000000000 0.000000000000 1.000000000000 -0.000000000000
0.000000000000 0.000000000000 0.000000000000 0.000000000000 0.000000000000 -0.000000000000 -0.000000000000 0.000000000000 0.000000000000 0.000000000000 0.000000000000 -0.000000000000 -0.000000000000 0.000000000000 0.000000000000 0.000000000000 -0.000000000000 -0.000000000000 -0.000000000000 -0.000000000000 -0.000000000000 -0.000000000000 0.000000000000 0.000000000000 -0.000000000000 0.000000000000 -0.000000000000 -0.000000000000 0.000000000000 -0.000000000000 -0.000000000000 0.000000000000 0.000000000000 -0.000000000000 0.000000000000 -0.000000000000 0.000000000000 0.000000000000 0.000000000000 0.000000000000 0.000000000000 0.000000000000 -0.000000000000 0.000000000000 0.000000000000 0.000000000000 -0.000000000000 0.000000000000 -0.000000000000 -0.000000000000 -0.000000000000 -0.000000000000 0.000000000000 -0.000000000000 0.000000000000 -0.000000000000 0.000000000000 0.000000000000 -0.000000000000 0.000000000000 -0.000000000000 0.000000000000 0.000000000000 0.000000000000 -0.000000000000 0.000000000000 -0.000000000000 0.000000000000 0.000000000000 0.000000000000 -0.000000000000 -0.000000000000 -0.000000000000 0.000000000000 0.000000000000 0.000000000000 0.000000000000 -0.000000000000 -0.000000000000 1.000000000000
Orthonormalized wavefunctions used
